﻿<Ui xmlns="http://www.blizzard.com/wow/ui/" xmlns:xsi="http://www.w3.org/2001/XMLSchema-instance" xsi:schemaLocation="http://www.blizzard.com/wow/ui/
..\..\FrameXML\UI.xsd">

<Frame name="KickAlertRef" toplevel="true" parent="UIParent" 	movable="true" hidden="false">
	<Size x="10" y="10"/>

	<Anchors>
		<Anchor point="TOPRIGHT" relativePoint="CENTER">
			<Offset x="-150" y="-10"/>
		</Anchor>
	</Anchors>
	<Layers>
        <Layer level="BACKGROUND">
          <Texture name="$parent_Background" setAllPoints="true">
                        <!-- Texture has red color wit 50% alpha -->
            <Color r="1" g="0" b="0" a="0.5" />
          </Texture>
        </Layer>

    	</Layers> 

	<Scripts>
		<OnEnter>
			
		</OnEnter>
		<OnLeave>
			
		</OnLeave>
		<OnMouseDown>
			self:StartMoving();
		</OnMouseDown>
		<OnMouseUp>
			self:StopMovingOrSizing();
		</OnMouseUp>
	</Scripts>
</Frame>

<Frame name="KickAlertFrame" toplevel="true" parent="UIParent" 	movable="false" hidden="hide">
	<Size x="1" y="1"/>
	
	<GameTooltip name="MyTip" inherits="GameTooltipTemplate"/>
	
	<Layers>
        <Layer level="BACKGROUND">
          <Texture name="$parent_Background" setAllPoints="true">
                        <!-- Texture has blue color wit 50% alpha -->
            <Color r="0" g="0" b="1" a="0.5" />
          </Texture>
        </Layer>

    	</Layers> 


    	 
	<Scripts>
		<OnLoad>
			KickAlert_OnLoad(self);
		</OnLoad>
		<OnEvent>
			KickAlert_OnEvent(self, event, ...);
		</OnEvent>
		<OnUpdate>
			KickAlert_OnUpdate(self, elapsed);
		</OnUpdate>
		
		
	</Scripts>
</Frame>


</Ui>
