<Ui xmlns="http://www.blizzard.com/wow/ui/" xmlns:xsi="http://www.w3.org/2001/XMLSchema-instance" xsi:schemaLocation="http://www.blizzard.com/wow/ui/ ..\FrameXML\UI.xsd">
	<Script file="libs\LibStub\LibStub.lua"/>
	<Include file="libs\CallbackHandler-1.0\CallbackHandler-1.0.xml"/>
	<Include file="libs\AceAddon-3.0\AceAddon-3.0.xml"/>
	<Include file="libs\AceDB-3.0\AceDB-3.0.xml"/>
	<Include file="libs\AceDBOptions-3.0\AceDBOptions-3.0.xml"/>
	<Include file="libs\AceEvent-3.0\AceEvent-3.0.xml"/>
	<Include file="libs\AceHook-3.0\AceHook-3.0.xml"/>
	<Include file="Libs\AceGUI-3.0\AceGUI-3.0.xml"/>
	<Include file="libs\AceConfig-3.0\AceConfig-3.0.xml"/>
	<Include file="libs\AceTimer-3.0\AceTimer-3.0.xml"/>
	<Include file="libs\AceLocale-3.0\AceLocale-3.0.xml" />
	<Include file="libs\LibDualSpec-1.0\LibDualSpec-1.0.lua"/>
</Ui>
