<Ui xmlns="http://www.blizzard.com/wow/ui/" xmlns:xsi="http://www.w3.org/2001/XMLSchema-instance" xsi:schemaLocation="http://www.blizzard.com/wow/ui/
..\FrameXML\UI.xsd">

<Script file="AltPower.lua"/>
<Script file="Colors.lua"/>
<Script file="Sound.lua"/>
<Script file="Messages.lua"/>
<Script file="Bars.lua"/>
<Script file="BossBlock.lua"/>
<Script file="InfoBox.lua"/>
<Script file="RaidIcon.lua"/>
<Script file="Proximity.lua"/>
<Script file="Flash.lua"/>
<Script file="Emphasize.lua"/>
<Script file="Statistics.lua"/>

</Ui>

