<!-- This Source Code Form is subject to the terms of the Mozilla Public
   - License, v. 2.0. If a copy of the MPL was not distributed with this file,
   - You can obtain one at http://mozilla.org/MPL/2.0/.  -->
<Ui xmlns="http://www.blizzard.com/wow/ui/" xmlns:xsi="http://www.w3.org/2001/XMLSchema-instance" xsi:schemaLocation="http://www.blizzard.com/wow/ui/
..\FrameXML\UI.xsd">
	<!-- Default Locale first -->
	<Script file="locales\enUS.lua"/>
	<Script file="locales\deDE.lua"/>
	<Script file="locales\esES.lua"/>
	<Script file="locales\frFR.lua"/>
	<Script file="locales\koKR.lua"/>
	<Script file="locales\ptBR.lua"/>
	<Script file="locales\ruRU.lua"/>
	<Script file="locales\zhCN.lua"/>
	<Script file="locales\zhTW.lua"/>

	<Script file="FloFlyout.lua"/>

	<Frame name="FloFlyoutListener">
		<Scripts>
			<OnLoad function="FloFlyout_OnLoad" />
			<OnEvent function="FloFlyout_OnEvent" />
		</Scripts>
	</Frame>

	<CheckButton name="FloFlyoutButtonTemplate" virtual="TRUE" inherits="ActionButtonTemplate, SecureActionButtonTemplate">
		<Size x="28" y="28"/>
		<Scripts>
			<OnLoad>
				self:RegisterForDrag("LeftButton")
				_G[self:GetName().."Count"]:SetPoint("BOTTOMRIGHT", 0, 0)
				self.maxDisplayCount = 99
				_G[self:GetName().."Icon"]:SetTexCoord(4/64, 60/64, 4/64, 60/64)
			</OnLoad>
			<OnEnter function="FloFlyoutButton_SetTooltip" />
			<OnLeave>
				GameTooltip:Hide()
			</OnLeave>
			<OnDragStart function="FloFlyoutButton_OnDragStart" />
			<OnReceiveDrag function="FloFlyoutButton_OnReceiveDrag" />
			<OnMouseUp function="FloFlyoutButton_OnReceiveDrag" />
			<PreClick>
				self:SetChecked(not self:GetChecked());
			</PreClick>
		</Scripts>
		<NormalTexture/>
	</CheckButton>

	<Frame name="FloFlyoutFrameTemplate" frameStrata="DIALOG" frameLevel="10" parent="UIParent" hidden="true" virtual="TRUE">
		<Layers>
			<Layer level="BACKGROUND">
				<Texture name="$parentBackgroundEnd" inherits="ActionBarFlyoutButton-FlyoutTop" parentKey="BgEnd"/>
				<Texture name="$parentHorizontalBackground" file="Interface\Buttons\ActionBarFlyoutButton-FlyoutMidLeft" parentKey="HorizBg" horizTile="true" hidden="true">
					<Size x="32" y="37"/>
					<TexCoords left="0" right="1" top="0" bottom="0.578125"/>
				</Texture>
				<Texture name="$parentVerticalBackground" file="Interface\Buttons\ActionBarFlyoutButton-FlyoutMid" parentKey="VertBg" vertTile="true" hidden="true">
					<Size x="37" y="32"/>
					<TexCoords left="0" right="0.578125" top="0" bottom="1"/>
				</Texture>
			</Layer>
		</Layers>
		<Size>
			<AbsDimension x="44" y="44"/>
		</Size>
		<Frames>
			<CheckButton name="$parentButton1" inherits="FloFlyoutButtonTemplate" id="1" />
			<CheckButton name="$parentButton2" inherits="FloFlyoutButtonTemplate" id="2" />
			<CheckButton name="$parentButton3" inherits="FloFlyoutButtonTemplate" id="3" />
			<CheckButton name="$parentButton4" inherits="FloFlyoutButtonTemplate" id="4" />
			<CheckButton name="$parentButton5" inherits="FloFlyoutButtonTemplate" id="5" />
			<CheckButton name="$parentButton6" inherits="FloFlyoutButtonTemplate" id="6" />
			<CheckButton name="$parentButton7" inherits="FloFlyoutButtonTemplate" id="7" />
			<CheckButton name="$parentButton8" inherits="FloFlyoutButtonTemplate" id="8" />
			<CheckButton name="$parentButton9" inherits="FloFlyoutButtonTemplate" id="9" />
			<CheckButton name="$parentButton10" inherits="FloFlyoutButtonTemplate" id="10" />
		</Frames>
		<Scripts>
			<OnLoad function="SpellFlyout_OnLoad"/>
			<OnShow function="SpellFlyout_OnShow"/>
			<OnHide function="SpellFlyout_OnHide"/>
			<OnEvent function="FloFlyoutFrame_OnEvent"/>
		</Scripts>
	</Frame>

	<Frame name="FloFlyoutFrame" inherits="FloFlyoutFrameTemplate" frameStrata="DIALOG" frameLevel="10" parent="UIParent" hidden="true">
	</Frame>

	<Frame name="FloFlyoutConfigFlyoutFrame" inherits="FloFlyoutFrameTemplate" frameStrata="DIALOG" frameLevel="10" parent="UIParent" hidden="true">
	</Frame>

	<Button name="FloFlyoutConfigButtonTemplate" virtual="true">
		<Size x="103" y="44"/>
		<Anchors>
			<Anchor point="LEFT" x="2" y="0"/>
		</Anchors>
		<Layers>
			<Layer level="BACKGROUND">
				<Texture name="$parentBgTop" inherits="Char-Stat-Top" parentKey="BgTop">
					<Size x="103" y="8"/>
					<Anchors>
						<Anchor point="TOPLEFT" x="0" y="1"/>
					</Anchors>
				</Texture>
				<Texture name="$parentBgBottom" inherits="Char-Stat-Top" parentKey="BgBottom">
					<Size x="103" y="8"/>
					<Anchors>
						<Anchor point="BOTTOMLEFT" x="0" y="-4"/>
					</Anchors>
				</Texture>
				<Texture name="$parentBgMiddle" file="Interface\CharacterFrame\Char-Stat-Middle" parentKey="BgMiddle" vertTile="true">
					<Size x="103" y="8"/>
					<Anchors>
						<Anchor point="LEFT" x="1"/>
					</Anchors>
					<TexCoords left="0.00390625" right="0.66406250" top="0.00000000" bottom="1.00000000"/>
				</Texture>
			</Layer>
			<Layer level="BACKGROUND" textureSubLevel="1">
				<Texture name="$parentStripe" parentKey="Stripe">
					<Anchors>
						<Anchor point="TOPLEFT" x="1" y="0"/>
						<Anchor point="BOTTOMRIGHT" x="0" y="0"/>
					</Anchors>
				</Texture>
			</Layer>
			<Layer level="ARTWORK">
				<FontString name="$parentText" inherits="GameFontNormalLeft" parentKey="text">
					<Size x="98" y="38"/>
					<Anchors>
						<Anchor point="LEFT" x="44"/>
					</Anchors>
				</FontString>
			</Layer>
			<Layer level="OVERLAY" textureSubLevel="-1">
				<Texture name="$parentHighlightBar" parentKey="HighlightBar" file="Interface\FriendsFrame\UI-FriendsFrame-HighlightBar-Blue" alpha="0.4" alphaMode="ADD" hidden="true">
					<TexCoords left="0.2" right="0.8" top="0" bottom="1"/>
				</Texture>
			</Layer>
			<Layer level="OVERLAY">
				<Texture name="$parentSelectedBar" parentKey="SelectedBar" file="Interface\FriendsFrame\UI-FriendsFrame-HighlightBar" alpha="0.4" alphaMode="ADD" hidden="true">
					<TexCoords left="0.2" right="0.8" top="0" bottom="1"/>
				</Texture>
			</Layer>
			<Layer level="OVERLAY" textureSubLevel="1">
				<Texture name="$parentArrow" parentKey="Arrow" file="Interface\PaperDollInfoFrame\UI-GearManager-FlyoutButton" hidden="true">
					<Size>
						<AbsDimension x="38" y="16"/>
					</Size>
					<Anchors>
						<Anchor point="RIGHT"/>
					</Anchors>
					<TexCoords left="0.15625" right="0.84375" top="0" bottom="0.5"/>
				</Texture>
			</Layer>
		</Layers>
		<Frames>
			<Button name="$parentDeleteButton" parentKey="DeleteButton" hidden="true">
				<Size>
					<AbsDimension x="14" y="14"/>
				</Size>
				<Anchors>
					<Anchor point="BOTTOMRIGHT" x="-18" y="2"/>
				</Anchors>
				<Layers>
					<Layer level="ARTWORK">
						<Texture file="Interface\Buttons\UI-GroupLoot-Pass-Up" alpha="0.5" parentKey="texture"/>
					</Layer>
				</Layers>
				<Scripts>
					<OnEnter>
						self.texture:SetAlpha(1.0);
						GameTooltip:SetOwner(self, "ANCHOR_RIGHT");
						GameTooltip:SetText(DELETE);
					</OnEnter>
					<OnLeave>
						self.texture:SetAlpha(0.5);
						GameTooltip_Hide();
					</OnLeave>
					<OnMouseDown>
						self.texture:SetPoint("TOPLEFT", 1, -1);
					</OnMouseDown>
					<OnMouseUp>
						self.texture:SetPoint("TOPLEFT", 0, 0);
					</OnMouseUp>
					<OnClick>
						local dialog = StaticPopup_Show("CONFIRM_DELETE_FLO_FLYOUT", self:GetParent().name);
						if dialog then
							dialog.data = self:GetParent().name
						else
							UIErrorsFrame:AddMessage(ERR_CLIENT_LOCKED_OUT, 1.0, 0.1, 0.1, 1.0)
						end
					</OnClick>
				</Scripts>
			</Button>
			<Button name="$parentEditButton" parentKey="EditButton" hidden="true">
				<Size>
					<AbsDimension x="16" y="16"/>
				</Size>
				<Anchors>
					<Anchor point="BOTTOM" relativeTo="$parentDeleteButton" relativePoint="TOP" y="-1"/>
				</Anchors>
				<Layers>
					<Layer level="ARTWORK">
						<Texture file="Interface\WorldMap\GEAR_64GREY" alpha="0.5" parentKey="texture"/>
					</Layer>
				</Layers>
				<Scripts>
					<OnEnter>
						self.texture:SetAlpha(1.0);
						GameTooltip:SetOwner(self, "ANCHOR_RIGHT");
						GameTooltip:SetText(EQUIPMENT_SET_EDIT);
					</OnEnter>
					<OnLeave>
						self.texture:SetAlpha(0.5);
						GameTooltip_Hide();
					</OnLeave>
					<OnMouseDown>
						self.texture:SetPoint("TOPLEFT", 1, -1);
					</OnMouseDown>
					<OnMouseUp>
						self.texture:SetPoint("TOPLEFT", 0, 0);
					</OnMouseUp>
					<OnClick>
						FloFlyoutConfigButton_OnClick(self:GetParent());
						FloFlyoutConfigDialogPopup:Show();
						FloFlyoutConfigDialogPopup.isEdit = true;
						FloFlyoutConfigDialogPopup.name = self:GetParent().name;
						local itemTexture = self:GetParent().icon:GetTexture()
						itemTexture = string.upper(string.sub(itemTexture, string.len("INTERFACE\\ICONS\\") + 1));
						RecalculateFloFlyoutConfigDialogPopup(itemTexture);
					</OnClick>
				</Scripts>
			</Button>
		</Frames>
		<Scripts>
			<OnLoad>
				self:RegisterForDrag("LeftButton");
				SetClampedTextureRotation(self.BgBottom, 180);
				SetClampedTextureRotation(self.Arrow, 90);
			</OnLoad>
			<OnClick function="FloFlyoutConfigButton_OnClick" />
			<OnDragStart function="FloFlyoutConfigButton_OnDragStart" />
		</Scripts>
		<NormalTexture name="$parentIcon" parentKey="icon">
			<Size>
				<AbsDimension x="36" y="36"/>
			</Size>
			<Anchors>
				<Anchor point="LEFT">
					<Offset>
						<AbsDimension x="4" y="0"/>
					</Offset>
				</Anchor>
			</Anchors>
		</NormalTexture>
	</Button>
	
	<CheckButton name="FloFlyoutConfigPopupButtonTemplate" inherits="SimplePopupButtonTemplate" virtual="true">
		<Scripts>
			<OnLoad>
				local name = self:GetName();
				self.icon = _G[name .. "Icon"];
				self.name = _G[name .. "Name"];
			</OnLoad>
			<OnClick>
				FloFlyoutConfigPopupButton_OnClick(self, button, down);
			</OnClick>
		</Scripts>
		<NormalTexture name="$parentIcon" nonBlocking="true">
			<Size>
				<AbsDimension x="36" y="36"/>
			</Size>
			<Anchors>
				<Anchor point="CENTER">
					<Offset>
						<AbsDimension x="0" y="-1"/>
					</Offset>
				</Anchor>
			</Anchors>
		</NormalTexture>
		<HighlightTexture alphaMode="ADD" file="Interface\Buttons\ButtonHilight-Square"/>
		<CheckedTexture alphaMode="ADD" file="Interface\Buttons\CheckButtonHilight"/>
	</CheckButton>

	<Button name="FloFlyoutOpenConfig" parent="SpellBookFrame" inherits="UIPanelButtonTemplate" text="FloFlyout">
		<Size x="80" y="22"/>
		<Anchors>
			<Anchor point="RIGHT" relativePoint="LEFT" relativeTo="SpellBookFrameCloseButton" x="4" y="1" />
		</Anchors>
		<Scripts>
			<OnClick>
				if FloFlyoutConfig:IsShown() then
					-- Hide FlyoutConfig panel and collapse its space
					FloFlyoutConfig:Hide()
					SetUIPanelAttribute(SpellBookFrame, "width", GetUIPanelWidth(SpellBookFrame) - 150)
					UpdateUIPanelPositions(SpellBookFrame)
				else
					-- Show FlyoutConfig panel and make room for it
					FloFlyoutConfig:Show()
					SetUIPanelAttribute(SpellBookFrame, "width", GetUIPanelWidth(SpellBookFrame) + 150)
					UpdateUIPanelPositions(SpellBookFrame)
				end
			</OnClick>
		</Scripts>
	</Button>

	<Frame name="FloFlyoutConfig" parent="SpellBookFrame" frameStrata="MEDIUM" inherits="TranslucentFrameTemplate" hidden="true">
		<Size>
			<AbsDimension x="150" y="525"/>
		</Size>
		<Anchors>
			<Anchor point="TOPLEFT" relativePoint="TOPRIGHT" x="35" y="-15" />
			<Anchor point="BOTTOMLEFT" relativePoint="BOTTOMRIGHT" x="35" y="-5" />
		</Anchors>
		<Frames>
			<Frame name="FloFlyoutConfigInset" inherits="InsetFrameTemplate" >
				<Anchors>
					<Anchor point="TOPLEFT" x="8" y="-8"/>
					<Anchor point="BOTTOMRIGHT"  x="-8" y="8"/>
				</Anchors>
			</Frame>
			<ScrollFrame name="FloFlyoutConfigPane" inherits="HybridScrollFrameTemplate">
				<Anchors>
					<Anchor point="TOPLEFT" relativeTo="FloFlyoutConfigInset" x="4" y="-4"/>
					<Anchor point="BOTTOMRIGHT" relativeTo="FloFlyoutConfigInset" x="-27" y="2"/>
				</Anchors>
				<Frames>
					<Slider name="$parentScrollBar" inherits="HybridScrollBarTemplate" parentKey="scrollBar">
						<Anchors>
							<Anchor point="TOPLEFT" relativePoint="TOPRIGHT">
								<Offset x="4" y="-13"/>
							</Anchor>
							<Anchor point="BOTTOMLEFT" relativePoint="BOTTOMRIGHT">
								<Offset x="4" y="14"/>
							</Anchor>
						</Anchors>
					</Slider>
				</Frames>
				<Scripts>
					<OnLoad>
						self.scrollBar.doNotHide  = 1;
						self:SetFrameLevel(FloFlyoutConfigInset:GetFrameLevel()+1);
						FloFlyoutConfigPane_OnLoad(self);
					</OnLoad>
					<OnShow function="FloFlyoutConfigPane_OnShow"/>
					<OnHide function="FloFlyoutConfigPane_OnHide"/>
					<OnUpdate function="FloFlyoutConfigPane_OnUpdate"/>
				</Scripts>
			</ScrollFrame>
		</Frames>
	</Frame>

	<Frame name="FloFlyoutConfigDialogPopup" hidden="true" parent="FloFlyoutConfig">
		<Size x="297" y="206"/>
		<Anchors>
			<Anchor point="LEFT" relativePoint="RIGHT"/>
		</Anchors>
		<Layers>
			<Layer level="BACKGROUND" textureSubLevel="-8">
				<Texture name="$parentBg" parentKey="Bg">
					<Anchors>
						<Anchor point="TOPLEFT"  x="10" y="-10"/>
						<Anchor point="BOTTOMRIGHT"  x="-10" y="42"/>
					</Anchors>
					<Color r="0" g="0" b="0" a="0.65"/>
				</Texture>
			</Layer>
			<Layer level="BACKGROUND">
				<Texture name="$parentTopLeftCorner" inherits="Dialog-BorderTopLeft">
					<Anchors>
						<Anchor point="TOPLEFT">
							<Offset x="1" y="0"/>
						</Anchor>
					</Anchors>
				</Texture>
				<Texture name="$parentTopRightCorner" inherits="Dialog-BorderTopRight">
					<Anchors>
						<Anchor point="TOPRIGHT">
							<Offset x="-1" y="0"/>
						</Anchor>
					</Anchors>
				</Texture>
				<Texture name="$parentTopBorder" inherits="Dialog-BorderTop">
					<Anchors>
						<Anchor point="TOPLEFT" relativeTo="$parentTopLeftCorner" relativePoint="TOPRIGHT"  x="0" y="-1"/>
						<Anchor point="TOPRIGHT" relativeTo="$parentTopRightCorner" relativePoint="TOPLEFT"  x="0" y="-1"/>
					</Anchors>
				</Texture>
				<Texture name="$parentBottomLeftCorner" file="Interface\MacroFrame\MacroPopup-BotLeft">
					<Size x="256" y="64"/>
					<Anchors>
						<Anchor point="TOPLEFT">
							<Offset x="0" y="-164"/>
						</Anchor>
					</Anchors>
				</Texture>
				<Texture name="$parentBottomRightCorner" file="Interface\MacroFrame\MacroPopup-BotRight">
					<Size x="64" y="64"/>
					<Anchors>
						<Anchor point="TOPLEFT">
							<Offset x="256" y="-164"/>
						</Anchor>
					</Anchors>
				</Texture>
				<Texture name="$parentLeftBorder" inherits="Dialog-BorderLeft">
					<Anchors>
						<Anchor point="TOPLEFT" relativeTo="$parentTopLeftCorner" relativePoint="BOTTOMLEFT" x="1" y="0"/>
						<Anchor point="BOTTOMLEFT" relativeTo="$parentBottomLeftCorner" relativePoint="TOPLEFT" x="1" y="0"/>
					</Anchors>
				</Texture>
				<Texture name="$parentRightBorder" inherits="Dialog-BorderRight">
					<Anchors>
						<Anchor point="TOPRIGHT" relativeTo="$parentTopRightCorner" relativePoint="BOTTOMRIGHT"/>
						<Anchor point="BOTTOMRIGHT" relativeTo="$parentBottomRightCorner" relativePoint="TOPRIGHT"/>
					</Anchors>
				</Texture>
			</Layer>
			<Layer level="ARTWORK">
				<FontString inherits="GameFontHighlightSmall" text="MACRO_POPUP_CHOOSE_ICON" name="$parentChooseIconText">
					<Anchors>
						<Anchor point="TOPLEFT">
							<Offset x="24" y="-19"/>
						</Anchor>
					</Anchors>
				</FontString>					
			</Layer>
		</Layers>
		<Frames>
			<ScrollFrame name="$parentScrollFrame" inherits="FauxScrollFrameTemplate">
				<Size>
					<AbsDimension x="296" y="151"/>
				</Size>
				<Anchors>
					<Anchor point="TOPRIGHT" relativeTo="$parent" relativePoint="TOPRIGHT">
						<Offset>
							<AbsDimension x="-39" y="-17"/>
						</Offset>
					</Anchor>
				</Anchors>
				<Layers>
					<Layer level="BACKGROUND">
						<Texture file="Interface\ClassTrainerFrame\UI-ClassTrainer-ScrollBar">
							<Size x="30" y="120"/>
							<Anchors>
								<Anchor point="TOPLEFT" relativePoint="TOPRIGHT">
									<Offset x="-3" y="2"/>
								</Anchor>
							</Anchors>
							<TexCoords left="0" right="0.46875" top="0.0234375" bottom="0.9609375"/>
						</Texture>
						<Texture file="Interface\ClassTrainerFrame\UI-ClassTrainer-ScrollBar">
							<Size x="30" y="79"/>
							<Anchors>
								<Anchor point="BOTTOMLEFT" relativePoint="BOTTOMRIGHT">
									<Offset x="-3" y="-2"/>
								</Anchor>
							</Anchors>
							<TexCoords left="0.53125" right="1.0" top="0.3828125" bottom="1.0"/>
						</Texture>
					</Layer>
				</Layers>
				<Scripts>
					<OnVerticalScroll>
						FauxScrollFrame_OnVerticalScroll(self, offset, GEARSET_ICON_ROW_HEIGHT, FloFlyoutConfigDialogPopup_Update);
					</OnVerticalScroll>
				</Scripts>
			</ScrollFrame>
			<Button name="$parentCancel" inherits="UIPanelButtonTemplate" text="CANCEL">
				<Size x="78" y="22"/>
				<Anchors>
					<Anchor point="BOTTOMRIGHT">
						<Offset x="-11" y="13"/>
					</Anchor>
				</Anchors>
				<Scripts>
					<OnClick>
						FloFlyoutConfigDialogPopupCancel_OnClick(self, button, pushed);
						PlaySound("gsTitleOptionOK");
					</OnClick>
				</Scripts>
			</Button>					
			<Button name="$parentOkay" inherits="UIPanelButtonTemplate" text="OKAY">
				<Size x="78" y="22"/>
				<Anchors>
					<Anchor point="BOTTOMRIGHT" relativeTo="$parentCancel" relativePoint="BOTTOMLEFT">
						<Offset x="-2" y="0"/>
					</Anchor>
				</Anchors>
				<Scripts>
					<OnClick>
						FloFlyoutConfigDialogPopupOkay_OnClick(self, button, pushed);
						PlaySound("gsTitleOptionOK");
					</OnClick>
				</Scripts>
			</Button>
		</Frames>
		<Scripts>
			<OnLoad function="FloFlyoutConfigDialogPopup_OnLoad"/>
			<OnShow function="FloFlyoutConfigDialogPopup_OnShow"/>
			<OnHide function="FloFlyoutConfigDialogPopup_OnHide"/>
		</Scripts>				
	</Frame>

</Ui>

