<Ui xmlns="http://www.blizzard.com/wow/ui" xmlns:xsi="http://www.w3.org/2001/XMLSchema-instance">
  <!--Autogenerated by wowuides, Version=1.0.300.0, Culture=neutral, PublicKeyToken=null-->
  <Frame name="SCCNchatsound" hidden="true" movable="true">
    <!--<FrameSkin skinid="f15d4970-d66d-444e-bb2d-1ad102c87fed" frameid="f15d4971-d66d-444e-bb2d-1ad102c87fed" />-->
    <Size>
      <AbsDimension x="351" y="217" />
    </Size>
    <Anchors>
      <Anchor point="CENTER" relativeTo="UIParent">
        <Offset>
          <AbsDimension x="0" y="0" />
        </Offset>
      </Anchor>
    </Anchors>
    <Backdrop bgFile="Interface\DialogFrame\UI-DialogBox-Background" edgeFile="Interface\DialogFrame\UI-DialogBox-Border" tile="true">
      <BackgroundInsets>
        <AbsInset left="11" right="12" top="12" bottom="11" />
      </BackgroundInsets>
      <TileSize>
        <AbsValue val="32" />
      </TileSize>
      <EdgeSize>
        <AbsValue val="32" />
      </EdgeSize>
    </Backdrop>
    <Frames>
      <Button name="$parentButton1" inherits="UIPanelButtonTemplate" text="done">
        <!--<FrameSkin skinid="dcb143e1-a4ab-4e7c-b934-1efa40101d21" frameid="2d508884-59c2-4f83-ae10-27aaad48391b" />-->
        <Size>
          <AbsDimension x="82" y="26" />
        </Size>
        <Anchors>
          <Anchor point="TOPLEFT">
            <Offset>
              <AbsDimension x="254" y="-176" />
            </Offset>
          </Anchor>
        </Anchors>
        <Scripts>
          <OnClick>SCCN_CHATSOUND_SAVE();
SCCNchatsound:Hide();
SCCNConfigForm:Show();
</OnClick>
        </Scripts>
        <NormalTexture file="Interface\Buttons\UI-Panel-Button-Up">
          <TexCoords left="0" right="0.625" top="0" bottom="0.6875" />
        </NormalTexture>
        <PushedTexture file="Interface\Buttons\UI-Panel-Button-Down">
          <TexCoords left="0" right="0.625" top="0" bottom="0.6875" />
        </PushedTexture>
        <DisabledTexture file="Interface\Buttons\UI-Panel-Button-Disabled">
          <TexCoords left="0" right="0.625" top="0" bottom="0.6875" />
        </DisabledTexture>
        <HighlightTexture file="Interface\Buttons\UI-Panel-Button-Highlight" alphaMode="ADD">
          <TexCoords left="0" right="0.625" top="0" bottom="0.6875" />
        </HighlightTexture>
        <ButtonText name="$parentText">
          <FontHeight>
            <AbsValue val="10" />
          </FontHeight>
        </ButtonText>
        <NormalFont inherits="GameFontNormal" font="GameFontNormalSmall">
          <FontHeight>
            <AbsValue val="12" />
          </FontHeight>
          <Color r="1" g="0.8196079" b="0" />
          <Shadow>
            <Color r="0" g="0" b="0" />
            <Offset>
              <AbsDimension x="1" y="-1" />
            </Offset>
          </Shadow>
        </NormalFont>
        <HighlightFont inherits="GameFontHighlight" font="GameFontNormalSmall">
          <FontHeight>
            <AbsValue val="12" />
          </FontHeight>
          <Color r="1" g="1" b="1" />
          <Shadow>
            <Color r="0" g="0" b="0" />
            <Offset>
              <AbsDimension x="1" y="-1" />
            </Offset>
          </Shadow>
        </HighlightFont>
        <DisabledFont inherits="GameFontDisable" font="GameFontNormalSmall">
          <FontHeight>
            <AbsValue val="12" />
          </FontHeight>
          <Color r="0.4980392" g="0.4980392" b="0.4980392" />
          <Shadow>
            <Color r="0" g="0" b="0" />
            <Offset>
              <AbsDimension x="1" y="-1" />
            </Offset>
          </Shadow>
        </DisabledFont>
      </Button>
      <Frame name="SND_LABEL1">
        <!--<FrameSkin skinid="f15d4970-d66d-444e-bb2d-1ad102c87fed" frameid="f15d4978-d66d-444e-bb2d-1ad102c87fed" />-->
        <Size>
          <AbsDimension x="23" y="18" />
        </Size>
        <Anchors>
          <Anchor point="TOPLEFT">
            <Offset>
              <AbsDimension x="313" y="-43" />
            </Offset>
          </Anchor>
        </Anchors>
        <Layers>
          <Layer>
            <FontString name="$parentLabel" setAllPoints="true" font="GameFontNormalSmall" text="OFF" justifyH="LEFT">
              <FontHeight>
                <AbsValue val="8" />
              </FontHeight>
              <Color r="1" g="1" b="1" />
              <Shadow>
                <Color r="0" g="0" b="0" />
                <Offset>
                  <AbsDimension x="1" y="-1" />
                </Offset>
              </Shadow>
            </FontString>
          </Layer>
        </Layers>
      </Frame>
      <Slider name="SND_SLIDER1" enableMouse="true" minValue="0" maxValue="5" defaultValue="3" valueStep="1" orientation="HORIZONTAL">
        <!--<FrameSkin skinid="f15d4970-d66d-444e-bb2d-1ad102c87fed" frameid="f15d4976-d66d-444e-bb2d-1ad102c87fed" />-->
        <Size>
          <AbsDimension x="174" y="20" />
        </Size>
        <Anchors>
          <Anchor point="TOPLEFT">
            <Offset>
              <AbsDimension x="133" y="-41" />
            </Offset>
          </Anchor>
        </Anchors>
        <Backdrop bgFile="Interface\Buttons\UI-SliderBar-Background" edgeFile="Interface\Buttons\UI-SliderBar-Border" tile="true">
          <BackgroundInsets>
            <AbsInset left="3" right="3" top="6" bottom="6" />
          </BackgroundInsets>
          <TileSize>
            <AbsValue val="8" />
          </TileSize>
          <EdgeSize>
            <AbsValue val="8" />
          </EdgeSize>
        </Backdrop>
        <HitRectInsets>
          <AbsInset left="0" right="0" top="-10" bottom="-10" />
        </HitRectInsets>
        <Scripts>
          <OnValueChanged>SCCN_CHATSOUND_VALUECHANGED(1);
</OnValueChanged>
        </Scripts>
        <ThumbTexture name="$parentThumb" file="Interface\Buttons\UI-SliderBar-Button-Horizontal">
          <Size>
            <AbsDimension x="32" y="32" />
          </Size>
        </ThumbTexture>
      </Slider>
      <Frame name="SND_DIZ1">
        <!--<FrameSkin skinid="dcb143e1-a4ab-4e7c-b934-1efa40101d21" frameid="2d508885-59c2-4f83-ae10-27aaad48391b" />-->
        <Size>
          <AbsDimension x="105" y="21" />
        </Size>
        <Anchors>
          <Anchor point="TOPLEFT">
            <Offset>
              <AbsDimension x="22" y="-42" />
            </Offset>
          </Anchor>
        </Anchors>
        <Layers>
          <Layer>
            <FontString name="$parentLabel" font="GameFontNormalSmall" text="SCCN_TRANSLATE[1]" justifyH="LEFT">
              <Anchors>
                <Anchor point="TOPLEFT" />
                <Anchor point="BOTTOMRIGHT" />
              </Anchors>
              <FontHeight>
                <AbsValue val="12" />
              </FontHeight>
              <Color r="1" g="0.8196079" b="0" />
              <Shadow>
                <Color r="0" g="0" b="0" />
                <Offset>
                  <AbsDimension x="1" y="-1" />
                </Offset>
              </Shadow>
            </FontString>
          </Layer>
        </Layers>
      </Frame>
      <Frame name="$parentLabel1">
        <!--<FrameSkin skinid="dcb143e1-a4ab-4e7c-b934-1efa40101d21" frameid="2d508885-59c2-4f83-ae10-27aaad48391b" />-->
        <Size>
          <AbsDimension x="314" y="18" />
        </Size>
        <Anchors>
          <Anchor point="TOPLEFT">
            <Offset>
              <AbsDimension x="22" y="-17" />
            </Offset>
          </Anchor>
        </Anchors>
        <Layers>
          <Layer>
            <FontString name="$parentLabel" font="GameFontNormalSmall" text="ChatMOD ChatSound Config">
              <Anchors>
                <Anchor point="TOPLEFT" />
                <Anchor point="BOTTOMRIGHT" />
              </Anchors>
              <FontHeight>
                <AbsValue val="14" />
              </FontHeight>
              <Color r="1" g="0.8196079" b="0" />
              <Shadow>
                <Color r="0" g="0" b="0" />
                <Offset>
                  <AbsDimension x="1" y="-1" />
                </Offset>
              </Shadow>
            </FontString>
          </Layer>
        </Layers>
      </Frame>
      <Frame name="SND_DIZ2">
        <!--<FrameSkin skinid="dcb143e1-a4ab-4e7c-b934-1efa40101d21" frameid="2d508885-59c2-4f83-ae10-27aaad48391b" />-->
        <Size>
          <AbsDimension x="105" y="21" />
        </Size>
        <Anchors>
          <Anchor point="TOPLEFT">
            <Offset>
              <AbsDimension x="22" y="-69" />
            </Offset>
          </Anchor>
        </Anchors>
        <Layers>
          <Layer>
            <FontString name="$parentLabel" font="GameFontNormalSmall" text="SCCN_TRANSLATE[2]" justifyH="LEFT">
              <Anchors>
                <Anchor point="TOPLEFT" />
                <Anchor point="BOTTOMRIGHT" />
              </Anchors>
              <FontHeight>
                <AbsValue val="12" />
              </FontHeight>
              <Color r="1" g="0.8196079" b="0" />
              <Shadow>
                <Color r="0" g="0" b="0" />
                <Offset>
                  <AbsDimension x="1" y="-1" />
                </Offset>
              </Shadow>
            </FontString>
          </Layer>
        </Layers>
      </Frame>
      <Frame name="SND_DIZ3">
        <!--<FrameSkin skinid="dcb143e1-a4ab-4e7c-b934-1efa40101d21" frameid="2d508885-59c2-4f83-ae10-27aaad48391b" />-->
        <Size>
          <AbsDimension x="105" y="21" />
        </Size>
        <Anchors>
          <Anchor point="TOPLEFT">
            <Offset>
              <AbsDimension x="22" y="-96" />
            </Offset>
          </Anchor>
        </Anchors>
        <Layers>
          <Layer>
            <FontString name="$parentLabel" font="GameFontNormalSmall" text="SCCN_TRANSLATE[3]" justifyH="LEFT">
              <Anchors>
                <Anchor point="TOPLEFT" />
                <Anchor point="BOTTOMRIGHT" />
              </Anchors>
              <FontHeight>
                <AbsValue val="12" />
              </FontHeight>
              <Color r="1" g="0.8196079" b="0" />
              <Shadow>
                <Color r="0" g="0" b="0" />
                <Offset>
                  <AbsDimension x="1" y="-1" />
                </Offset>
              </Shadow>
            </FontString>
          </Layer>
        </Layers>
      </Frame>
      <Frame name="SND_DIZ4">
        <!--<FrameSkin skinid="dcb143e1-a4ab-4e7c-b934-1efa40101d21" frameid="2d508885-59c2-4f83-ae10-27aaad48391b" />-->
        <Size>
          <AbsDimension x="105" y="21" />
        </Size>
        <Anchors>
          <Anchor point="TOPLEFT">
            <Offset>
              <AbsDimension x="22" y="-123" />
            </Offset>
          </Anchor>
        </Anchors>
        <Layers>
          <Layer>
            <FontString name="$parentLabel" font="GameFontNormalSmall" text="SCCN_TRANSLATE[4]" justifyH="LEFT">
              <Anchors>
                <Anchor point="TOPLEFT" />
                <Anchor point="BOTTOMRIGHT" />
              </Anchors>
              <FontHeight>
                <AbsValue val="12" />
              </FontHeight>
              <Color r="1" g="0.8196079" b="0" />
              <Shadow>
                <Color r="0" g="0" b="0" />
                <Offset>
                  <AbsDimension x="1" y="-1" />
                </Offset>
              </Shadow>
            </FontString>
          </Layer>
        </Layers>
      </Frame>
      <Frame name="SND_DIZ5">
        <!--<FrameSkin skinid="dcb143e1-a4ab-4e7c-b934-1efa40101d21" frameid="2d508885-59c2-4f83-ae10-27aaad48391b" />-->
        <Size>
          <AbsDimension x="105" y="21" />
        </Size>
        <Anchors>
          <Anchor point="TOPLEFT">
            <Offset>
              <AbsDimension x="22" y="-150" />
            </Offset>
          </Anchor>
        </Anchors>
        <Layers>
          <Layer>
            <FontString name="$parentLabel" font="GameFontNormalSmall" text="SCCN_TRANSLATE[5]" justifyH="LEFT">
              <Anchors>
                <Anchor point="TOPLEFT" />
                <Anchor point="BOTTOMRIGHT" />
              </Anchors>
              <FontHeight>
                <AbsValue val="12" />
              </FontHeight>
              <Color r="1" g="0.8196079" b="0" />
              <Shadow>
                <Color r="0" g="0" b="0" />
                <Offset>
                  <AbsDimension x="1" y="-1" />
                </Offset>
              </Shadow>
            </FontString>
          </Layer>
        </Layers>
      </Frame>
      <Slider name="SND_SLIDER2" enableMouse="true" minValue="0" maxValue="5" defaultValue="0" valueStep="1" orientation="HORIZONTAL">
        <!--<FrameSkin skinid="f15d4970-d66d-444e-bb2d-1ad102c87fed" frameid="f15d4976-d66d-444e-bb2d-1ad102c87fed" />-->
        <Size>
          <AbsDimension x="174" y="20" />
        </Size>
        <Anchors>
          <Anchor point="TOPLEFT">
            <Offset>
              <AbsDimension x="133" y="-67" />
            </Offset>
          </Anchor>
        </Anchors>
        <Backdrop bgFile="Interface\Buttons\UI-SliderBar-Background" edgeFile="Interface\Buttons\UI-SliderBar-Border" tile="true">
          <BackgroundInsets>
            <AbsInset left="3" right="3" top="6" bottom="6" />
          </BackgroundInsets>
          <TileSize>
            <AbsValue val="8" />
          </TileSize>
          <EdgeSize>
            <AbsValue val="8" />
          </EdgeSize>
        </Backdrop>
        <HitRectInsets>
          <AbsInset left="0" right="0" top="-10" bottom="-10" />
        </HitRectInsets>
        <Scripts>
          <OnValueChanged>SCCN_CHATSOUND_VALUECHANGED(2);
</OnValueChanged>
        </Scripts>
        <ThumbTexture name="$parentThumb" file="Interface\Buttons\UI-SliderBar-Button-Horizontal">
          <Size>
            <AbsDimension x="32" y="32" />
          </Size>
        </ThumbTexture>
      </Slider>
      <Slider name="SND_SLIDER3" enableMouse="true" minValue="0" maxValue="5" defaultValue="0" valueStep="1" orientation="HORIZONTAL">
        <!--<FrameSkin skinid="f15d4970-d66d-444e-bb2d-1ad102c87fed" frameid="f15d4976-d66d-444e-bb2d-1ad102c87fed" />-->
        <Size>
          <AbsDimension x="174" y="20" />
        </Size>
        <Anchors>
          <Anchor point="TOPLEFT">
            <Offset>
              <AbsDimension x="133" y="-93" />
            </Offset>
          </Anchor>
        </Anchors>
        <Backdrop bgFile="Interface\Buttons\UI-SliderBar-Background" edgeFile="Interface\Buttons\UI-SliderBar-Border" tile="true">
          <BackgroundInsets>
            <AbsInset left="3" right="3" top="6" bottom="6" />
          </BackgroundInsets>
          <TileSize>
            <AbsValue val="8" />
          </TileSize>
          <EdgeSize>
            <AbsValue val="8" />
          </EdgeSize>
        </Backdrop>
        <HitRectInsets>
          <AbsInset left="0" right="0" top="-10" bottom="-10" />
        </HitRectInsets>
        <Scripts>
          <OnValueChanged>SCCN_CHATSOUND_VALUECHANGED(3);
</OnValueChanged>
        </Scripts>
        <ThumbTexture name="$parentThumb" file="Interface\Buttons\UI-SliderBar-Button-Horizontal">
          <Size>
            <AbsDimension x="32" y="32" />
          </Size>
        </ThumbTexture>
      </Slider>
      <Slider name="SND_SLIDER4" enableMouse="true" minValue="0" maxValue="5" defaultValue="0" valueStep="1" orientation="HORIZONTAL">
        <!--<FrameSkin skinid="f15d4970-d66d-444e-bb2d-1ad102c87fed" frameid="f15d4976-d66d-444e-bb2d-1ad102c87fed" />-->
        <Size>
          <AbsDimension x="174" y="20" />
        </Size>
        <Anchors>
          <Anchor point="TOPLEFT">
            <Offset>
              <AbsDimension x="133" y="-124" />
            </Offset>
          </Anchor>
        </Anchors>
        <Backdrop bgFile="Interface\Buttons\UI-SliderBar-Background" edgeFile="Interface\Buttons\UI-SliderBar-Border" tile="true">
          <BackgroundInsets>
            <AbsInset left="3" right="3" top="6" bottom="6" />
          </BackgroundInsets>
          <TileSize>
            <AbsValue val="8" />
          </TileSize>
          <EdgeSize>
            <AbsValue val="8" />
          </EdgeSize>
        </Backdrop>
        <HitRectInsets>
          <AbsInset left="0" right="0" top="-10" bottom="-10" />
        </HitRectInsets>
        <Scripts>
          <OnValueChanged>SCCN_CHATSOUND_VALUECHANGED(4);
</OnValueChanged>
        </Scripts>
        <ThumbTexture name="$parentThumb" file="Interface\Buttons\UI-SliderBar-Button-Horizontal">
          <Size>
            <AbsDimension x="32" y="32" />
          </Size>
        </ThumbTexture>
      </Slider>
      <Slider name="SND_SLIDER5" enableMouse="true" minValue="0" maxValue="5" defaultValue="0" valueStep="1" orientation="HORIZONTAL">
        <!--<FrameSkin skinid="f15d4970-d66d-444e-bb2d-1ad102c87fed" frameid="f15d4976-d66d-444e-bb2d-1ad102c87fed" />-->
        <Size>
          <AbsDimension x="174" y="20" />
        </Size>
        <Anchors>
          <Anchor point="TOPLEFT">
            <Offset>
              <AbsDimension x="133" y="-150" />
            </Offset>
          </Anchor>
        </Anchors>
        <Backdrop bgFile="Interface\Buttons\UI-SliderBar-Background" edgeFile="Interface\Buttons\UI-SliderBar-Border" tile="true">
          <BackgroundInsets>
            <AbsInset left="3" right="3" top="6" bottom="6" />
          </BackgroundInsets>
          <TileSize>
            <AbsValue val="8" />
          </TileSize>
          <EdgeSize>
            <AbsValue val="8" />
          </EdgeSize>
        </Backdrop>
        <HitRectInsets>
          <AbsInset left="0" right="0" top="-10" bottom="-10" />
        </HitRectInsets>
        <Scripts>
          <OnValueChanged>SCCN_CHATSOUND_VALUECHANGED(5);
</OnValueChanged>
        </Scripts>
        <ThumbTexture name="$parentThumb" file="Interface\Buttons\UI-SliderBar-Button-Horizontal">
          <Size>
            <AbsDimension x="32" y="32" />
          </Size>
        </ThumbTexture>
      </Slider>
      <Frame name="SND_LABEL2">
        <!--<FrameSkin skinid="f15d4970-d66d-444e-bb2d-1ad102c87fed" frameid="f15d4978-d66d-444e-bb2d-1ad102c87fed" />-->
        <Size>
          <AbsDimension x="23" y="18" />
        </Size>
        <Anchors>
          <Anchor point="TOPLEFT">
            <Offset>
              <AbsDimension x="313" y="-69" />
            </Offset>
          </Anchor>
        </Anchors>
        <Layers>
          <Layer>
            <FontString name="$parentLabel" setAllPoints="true" font="GameFontNormalSmall" text="OFF" justifyH="LEFT">
              <FontHeight>
                <AbsValue val="8" />
              </FontHeight>
              <Color r="1" g="1" b="1" />
              <Shadow>
                <Color r="0" g="0" b="0" />
                <Offset>
                  <AbsDimension x="1" y="-1" />
                </Offset>
              </Shadow>
            </FontString>
          </Layer>
        </Layers>
      </Frame>
      <Frame name="SND_LABEL3">
        <!--<FrameSkin skinid="f15d4970-d66d-444e-bb2d-1ad102c87fed" frameid="f15d4978-d66d-444e-bb2d-1ad102c87fed" />-->
        <Size>
          <AbsDimension x="23" y="18" />
        </Size>
        <Anchors>
          <Anchor point="TOPLEFT">
            <Offset>
              <AbsDimension x="313" y="-95" />
            </Offset>
          </Anchor>
        </Anchors>
        <Layers>
          <Layer>
            <FontString name="$parentLabel" setAllPoints="true" font="GameFontNormalSmall" text="OFF" justifyH="LEFT">
              <FontHeight>
                <AbsValue val="8" />
              </FontHeight>
              <Color r="1" g="1" b="1" />
              <Shadow>
                <Color r="0" g="0" b="0" />
                <Offset>
                  <AbsDimension x="1" y="-1" />
                </Offset>
              </Shadow>
            </FontString>
          </Layer>
        </Layers>
      </Frame>
      <Frame name="SND_LABEL4">
        <!--<FrameSkin skinid="f15d4970-d66d-444e-bb2d-1ad102c87fed" frameid="f15d4978-d66d-444e-bb2d-1ad102c87fed" />-->
        <Size>
          <AbsDimension x="23" y="18" />
        </Size>
        <Anchors>
          <Anchor point="TOPLEFT">
            <Offset>
              <AbsDimension x="313" y="-126" />
            </Offset>
          </Anchor>
        </Anchors>
        <Layers>
          <Layer>
            <FontString name="$parentLabel" setAllPoints="true" font="GameFontNormalSmall" text="OFF" justifyH="LEFT">
              <FontHeight>
                <AbsValue val="8" />
              </FontHeight>
              <Color r="1" g="1" b="1" />
              <Shadow>
                <Color r="0" g="0" b="0" />
                <Offset>
                  <AbsDimension x="1" y="-1" />
                </Offset>
              </Shadow>
            </FontString>
          </Layer>
        </Layers>
      </Frame>
      <Frame name="SND_LABEL5">
        <!--<FrameSkin skinid="f15d4970-d66d-444e-bb2d-1ad102c87fed" frameid="f15d4978-d66d-444e-bb2d-1ad102c87fed" />-->
        <Size>
          <AbsDimension x="23" y="18" />
        </Size>
        <Anchors>
          <Anchor point="TOPLEFT">
            <Offset>
              <AbsDimension x="313" y="-153" />
            </Offset>
          </Anchor>
        </Anchors>
        <Layers>
          <Layer>
            <FontString name="$parentLabel" setAllPoints="true" font="GameFontNormalSmall" text="OFF" justifyH="LEFT">
              <FontHeight>
                <AbsValue val="8" />
              </FontHeight>
              <Color r="1" g="1" b="1" />
              <Shadow>
                <Color r="0" g="0" b="0" />
                <Offset>
                  <AbsDimension x="1" y="-1" />
                </Offset>
              </Shadow>
            </FontString>
          </Layer>
        </Layers>
      </Frame>
    </Frames>
  </Frame>
</Ui>