<Ui xmlns="http://www.blizzard.com/wow/ui" xmlns:xsi="http://www.w3.org/2001/XMLSchema-instance">
  <!--Autogenerated by wowuides, Version=1.0.200.0, Culture=neutral, PublicKeyToken=null-->
  <Frame name="ChatMOD" movable="true">
    <!--<FrameSkin skinid="dcb143e1-a4ab-4e7c-b934-1efa40101d21" frameid="2d508883-59c2-4f83-ae10-27aaad48391b" />-->
    <Scripts>
      <OnLoad>solColorChatNicks_OnLoad();</OnLoad>
      <OnEvent>solColorChatNicks_OnEvent(event, arg1, arg2, arg3, arg4);</OnEvent>
    </Scripts>
  </Frame>
</Ui>