<?xml version="1.0" encoding="utf-8"?>
<Ui xmlns:xsi="http://www.w3.org/2001/XMLSchema-instance" xmlns="http://www.blizzard.com/wow/ui/" xsi:schemaLocation="http://www.blizzard.com/wow/ui/ ..\FrameXML\UI.xsd">
  <Include file="enUS.lua" />
  <Include file="deDE.lua" />
  <Include file="frFR.lua" />
  <Include file="esES.lua" />
  <Include file="ruRU.lua" />
  <Include file="zhCN.lua" />
  <Include file="zhTW.lua" />
  <Include file="esMX.lua" />
  <Include file="koKR.lua" />
  <Include file="ptBR.lua" />
  <Include file="itIT.lua" />
</Ui>