<?xml version="1.0" encoding="ISO-8859-1"?>
<?xml-stylesheet type="text/xsl" href="kskitems.xslt"?>
<ksk date="2009-10-28" time="21:36"><classes><c id="00" v="unkclass"/><c id="08" v="mage"/><c id="09" v="warlock"/><c id="07" v="shaman"/><c id="06" v="deathknight"/><c id="05" v="priest"/><c id="04" v="rogue"/><c id="02" v="paladin"/><c id="03" v="hunter"/><c id="11" v="druid"/><c id="01" v="warrior"/></classes><users><u id="0001" n="Cruci" c="11"/><u id="0022" n="Dashewolf" c="05"/><u id="001a" n="Terrill" c="11"/><u id="002f" n="Pyretta" c="02"/><u id="002e" n="Bigbeard" c="01"/><u id="0007" n="Thebluearrow" c="03"/><u id="003d" n="Wimblee" c="11"/><u id="Grizzlywolf" n="Grizzlywolf" c="02"/><u id="000f" n="Cellulia" c="06"/><u id="0043" n="Kaerto" c="08"/><u id="0021" n="Dracolisk" c="02"/><u id="002a" n="Yoursoul" c="09"/><u id="0016" n="Maevistin" c="05"/><u id="000d" n="Chromar" c="08"/><u id="001c" n="Cosran" c="09"/><u id="0005" n="Felalio" c="02"/><u id="0008" n="Buckslayer" c="02"/><u id="000c" n="Kiingnothing" c="06"/><u id="001e" n="Shevegas" c="08"/><u id="0023" n="Thebadwolf" c="05"/><u id="0018" n="Textbook" c="11"/><u id="002c" n="Whatever" c="01"/><u id="000b" n="Lelldorin" c="02"/><u id="002b" n="Aquria" c="04"/><u id="001b" n="Merek" c="08"/><u id="0013" n="Brunamen" c="07"/><u id="0004" n="Liconna" c="06"/><u id="0017" n="Effyinzpjake" c="11"/><u id="003c" n="Flarsoladis" c="11"/><u id="001d" n="Shortroo" c="03"/><u id="0036" n="Whisperwin" c="11"/><u id="0028" n="Bigbonez" c="03"/><u id="0040" n="Littlefoxx" c="11"/><u id="0009" n="Sorshia" c="08"/><u id="0031" n="Whamo" c="05"/><u id="0039" n="Ihateshaman" c="07"/><u id="0014" n="�xiom" c="02"/><u id="0002" n="Jedimaster" c="09"/><u id="1001" n="1001" c="00"/><u id="0006" n="Rortu" c="07"/><u id="003a" n="Bradman" c="02"/></users><quals><q id="1" v="common"/><q id="0" v="poor"/><q id="4" v="epic"/><q id="6" v="artifact"/><q id="5" v="legendary"/><q id="2" v="uncommon"/><q id="3" v="rare"/></quals><items><i id="23028" n="Hailstone Band" q="4"/><i id="23030" n="Cloak of the Scourge" q="4"/><i id="22370" n="Desecrated Belt" q="4"/><i id="22726" n="Splinter of Atiesh" q="5"/><i id="47242" n="Trophy of the Crusade" q="4"/><i id="47235" n="Gloves of the Lifeless Touch" q="4"/><i id="47193" n="Misery's End" q="4"/><i id="47149" n="Signet of the Traitor King" q="4"/><i id="47183" n="Strength of the Nerub" q="4"/><i id="45654" n="Legplates of the Wayward Protector" q="4"/><i id="45482" n="Leggings of the Lifetender" q="4"/><i id="45236" n="Unblinking Eye" q="4"/><i id="45225" n="Steelbreaker's Embrace" q="4"/><i id="45233" n="Stormrune Edge" q="4"/><i id="45170" n="Scepter of Creation" q="4"/><i id="45169" n="Totem of the Dancing Flame" q="4"/><i id="45157" n="Cindershard Ring" q="4"/><i id="45605" n="Daschal's Bite" q="4"/><i id="45146" n="Shackles of the Odalisque" q="4"/><i id="45150" n="Collar of the Wyrmhunter" q="4"/><i id="45140" n="Razorscale Shoulderguards" q="4"/><i id="49295" n="Enlarged Onyxia Hide Backpack" q="4"/><i id="49644" n="Head of Onyxia" q="4"/><i id="49484" n="Nemesis Skullcap" q="4"/><i id="49476" n="Judgement Crown" q="4"/><i id="49492" n="Eskhandar's Links" q="4"/><i id="47626" n="Plans: Sunforged Breastplate" q="4"/><i id="47108" n="Bracers of the Shieldmaiden" q="4"/><i id="47126" n="Skyweaver Robes" q="4"/><i id="47138" n="Chalice of Searing Light" q="4"/><i id="47635" n="Pattern: Bracers of Swift Death" q="4"/><i id="47083" n="Legguards of Concealed Hatred" q="4"/><i id="47089" n="Cloak of Displacement" q="4"/><i id="47071" n="Treads of the Icewalker" q="4"/><i id="47055" n="Bracers of the Autumn Willow" q="4"/><i id="47043" n="Charge of the Demon Lord" q="4"/><i id="46994" n="Talonstrike" q="4"/><i id="47623" n="Plans: Saronite Swordbreakers" q="4"/><i id="46972" n="Cord of the Tenebrous Mist" q="4"/><i id="46985" n="Boots of the Courageous" q="4"/><i id="46961" n="Boneshatter Armplates" q="4"/><i id="40512" n="Valorous Earthshatter Legguards" q="4"/><i id="42004" n="Deadly Gladiator's Felweave Trousers" q="4"/><i id="40415" n="Valorous Frostfire Gloves" q="4"/><i id="40990" n="Deadly Gladiator's Ringmail Armor" q="4"/><i id="46133" n="Conqueror's Kirin Tor Leggings" q="4"/><i id="40808" n="Furious Gladiator's Scaled Gauntlets" q="4"/><i id="46132" n="Conqueror's Kirin Tor Gauntlets" q="4"/><i id="42036" n="Furious Gladiator's Pendant of Dominance" q="4"/><i id="41144" n="Relentless Gladiator's Chain Gauntlets" q="4"/><i id="45640" n="Crown of the Wayward Vanquisher" q="4"/><i id="45469" n="Sif's Promise" q="4"/><i id="45634" n="Breastplate of the Wayward Vanquisher" q="4"/><i id="45451" n="Frozen Loop" q="4"/><i id="45038" n="Fragment of Val'anyr" q="5"/><i id="45438" n="Ring of the Faithful Servant" q="4"/><i id="45434" n="Greaves of the Rockmender" q="4"/><i id="45326" n="Platinum Band of the Aesir" q="4"/><i id="45267" n="Saronite Plated Legguards" q="4"/><i id="45275" n="Bracers of Unleashed Magic" q="4"/><i id="45261" n="Giant's Bane" q="4"/><i id="45258" n="Sandals of Rash Temperament" q="4"/><i id="45255" n="Thunderfall Totem" q="4"/><i id="45248" n="Clockwork Legplates" q="4"/><i id="45097" n="Pattern: Lightning Grounded Boots" q="4"/><i id="45116" n="Freya's Choker of Warding" q="4"/><i id="45114" n="Steamcaller's Totem" q="4"/><i id="45108" n="Mechanist's Bindings" q="4"/><i id="45513" n="Boots of the Forgotten Depths" q="4"/><i id="45503" n="Metallic Loop of the Sufferer" q="4"/><i id="45505" n="Belt of Clinging Hope" q="4"/><i id="47233" n="Archon Glaive" q="4"/><i id="47187" n="Leggings of the Deepening Void" q="4"/><i id="47195" n="Belt of the Forgotten Martyr" q="4"/><i id="47151" n="Bracers of Dark Determination" q="4"/><i id="47746" n="Helm of the Snowy Grotto" q="4"/><i id="47721" n="Sandals of the Silver Magus" q="4"/><i id="47669" n="Belt of the Winter Solstice" q="4"/><i id="47612" n="Rod of Imprisoned Souls" q="4"/><i id="47609" n="Gauntlets of Rising Anger" q="4"/><i id="49478" n="Helmet of Wrath" q="4"/><i id="49465" n="Tarnished Gutgore Ripper" q="4"/><i id="45237" n="Phaelia's Vestments of the Sprouting Seed" q="4"/><i id="45235" n="Radiant Seal" q="4"/><i id="45224" n="Drape of the Lithe" q="4"/><i id="45185" n="Flamewrought Cinch" q="4"/><i id="45167" n="Lifeforge Breastplate" q="4"/><i id="45164" n="Helm of the Furnace Master" q="4"/><i id="45544" n="Leggings of the Tortured Earth" q="4"/><i id="45142" n="Remorse" q="4"/><i id="45138" n="Drape of the Drakerider" q="4"/><i id="47121" n="Legguards of Ascension" q="4"/><i id="47081" n="Cord of Biting Cold" q="4"/><i id="47094" n="Vestments of the Shattered Fellowship" q="4"/><i id="47073" n="Bracers of the Untold Massacre" q="4"/><i id="47057" n="Legplates of Failing Light" q="4"/><i id="46997" n="Dawnbreaker Greaves" q="4"/><i id="46990" n="Belt of the Ice Burrower" q="4"/><i id="46970" n="Drape of the Untamed Predator" q="4"/><i id="46960" n="Breastplate of Cruel Intent" q="4"/><i id="41075" n="Furious Gladiator's Sabatons of Dominance" q="4"/><i id="41618" n="Relentless Gladiator's Belt of Salvation" q="4"/><i id="41138" n="Relentless Gladiator's Linked Gauntlets" q="4"/><i id="48610" n="Turalyon's Legplates of Triumph" q="4"/><i id="47780" n="Kel'Thuzad's Leggings of Triumph" q="4"/><i id="45641" n="Gauntlets of the Wayward Conqueror" q="4"/><i id="45642" n="Gauntlets of the Wayward Protector" q="4"/><i id="45493" n="Asimov's Drape" q="4"/><i id="45655" n="Legplates of the Wayward Vanquisher" q="4"/><i id="45436" n="Libram of the Resolute" q="4"/><i id="45270" n="Idol of the Crying Wind" q="4"/><i id="45260" n="Boots of Hasty Revival" q="4"/><i id="45252" n="Horologist's Wristguards" q="4"/><i id="45246" n="Golem-Shard Sticker" q="4"/><i id="41070" n="Furious Gladiator's Waistguard of Dominance" q="4"/><i id="46124" n="Conqueror's Terrorblade Gauntlets" q="4"/><i id="41971" n="Furious Gladiator's Silk Handguards" q="4"/><i id="40423" n="Valorous Plagueheart Robe" q="4"/><i id="40905" n="Deadly Gladiator's Ornamented Chestguard" q="4"/><i id="40472" n="Valorous Dreamwalker Handgrips" q="4"/><i id="40569" n="Valorous Redemption Tunic" q="4"/><i id="48226" n="VanCleef's Legplates of Triumph" q="4"/><i id="48379" n="Wrynn's Legplates of Triumph" q="4"/><i id="48212" n="Malfurion's Handgrips of Triumph" q="4"/><i id="47983" n="Velen's Gloves of Triumph" q="4"/><i id="45112" n="The Leviathan's Coil" q="4"/><i id="45107" n="Iron Riveted War Helm" q="4"/><i id="47632" n="Pattern: Lunar Eclipse Chestguard" q="4"/><i id="47234" n="Gloves of Bitter Reprisal" q="4"/><i id="47148" n="Stormpike Cleaver" q="4"/><i id="47182" n="Reign of the Unliving" q="4"/><i id="47628" n="Pattern: Ensorcelled Nerubian Breastplate" q="4"/><i id="47105" n="The Executioner's Malice" q="4"/><i id="47139" n="Wail of the Val'kyr" q="4"/><i id="47634" n="Pattern: Knightbane Carapace" q="4"/><i id="47090" n="Boots of Tremoring Earth" q="4"/><i id="47070" n="Ring of Callous Aggression" q="4"/><i id="47630" n="Pattern: Crusader's Dragonscale Breastplate" q="4"/><i id="46992" n="Flowing Vestments of Ascent" q="4"/><i id="46959" n="Band of the Violent Temperment" q="4"/><i id="46976" n="Shawl of the Refreshing Winds" q="4"/></items><lists><l id="D" n="Disenchanted"/><l id="R" n="Won Roll"/><l id="B" n="BoE assigned to ML"/><l id="A" n="Auto-assigned"/><l id="u" n="???"/><l id="09081329c386ec" n="Main Spec"/><l id="09081383ae923e" n="Tier Gear"/><l id="090813da37ce45" n="Off Spec / Alts"/></lists><history><h d="2009-10-05" t="20:48" id="47242" u="0022" w="09081383ae923e"/><h d="2009-10-05" t="20:47" id="47235" u="001a" w="09081329c386ec"/><h d="2009-10-05" t="20:46" id="47193" u="0001" w="09081329c386ec"/><h d="2009-10-05" t="20:46" id="47149" u="002f" w="09081329c386ec"/><h d="2009-10-05" t="20:46" id="47183" u="002e" w="09081329c386ec"/><h d="2009-10-01" t="22:26" id="45654" u="002e" w="090813da37ce45"/><h d="2009-10-01" t="22:26" id="45654" u="0007" w="090813da37ce45"/><h d="2009-10-01" t="22:25" id="45482" u="0022" w="D"/><h d="2009-10-01" t="21:13" id="45236" u="003d" w="09081329c386ec"/><h d="2009-10-01" t="21:12" id="45225" u="Grizzlywolf" w="09081329c386ec"/><h d="2009-10-01" t="21:12" id="45233" u="000f" w="09081329c386ec"/><h d="2009-10-01" t="20:52" id="45170" u="0043" w="09081329c386ec"/><h d="2009-10-01" t="20:51" id="45169" u="0022" w="D"/><h d="2009-10-01" t="20:51" id="45157" u="0021" w="090813da37ce45"/><h d="2009-10-01" t="20:37" id="45605" u="0022" w="D"/><h d="2009-10-01" t="20:35" id="45605" u="0022" w="D"/><h d="2009-10-01" t="20:31" id="45146" u="002a" w="09081329c386ec"/><h d="2009-10-01" t="20:31" id="45150" u="0016" w="09081329c386ec"/><h d="2009-10-01" t="20:30" id="45140" u="0022" w="D"/><h d="2009-10-01" t="20:04" id="49295" u="000d" w="R"/><h d="2009-10-01" t="20:03" id="49644" u="0022" w="09081329c386ec"/><h d="2009-10-01" t="20:03" id="49484" u="001c" w="09081329c386ec"/><h d="2009-10-01" t="20:02" id="49476" u="0005" w="09081329c386ec"/><h d="2009-10-01" t="20:02" id="49492" u="0008" w="09081329c386ec"/><h d="2009-09-30" t="20:18" id="47626" u="000c" w="R"/><h d="2009-09-30" t="20:17" id="47108" u="002e" w="090813da37ce45"/><h d="2009-09-30" t="20:17" id="47126" u="001e" w="09081329c386ec"/><h d="2009-09-30" t="20:16" id="47138" u="0023" w="09081329c386ec"/><h d="2009-09-30" t="20:16" id="47242" u="0018" w="09081383ae923e"/><h d="2009-09-30" t="20:04" id="47635" u="0001" w="B"/><h d="2009-09-30" t="20:03" id="47083" u="002c" w="090813da37ce45"/><h d="2009-09-30" t="20:03" id="47089" u="000d" w="09081329c386ec"/><h d="2009-09-30" t="20:03" id="47242" u="000b" w="09081383ae923e"/><h d="2009-09-30" t="20:02" id="47071" u="002b" w="09081329c386ec"/><h d="2009-09-30" t="19:44" id="47055" u="0001" w="09081329c386ec"/><h d="2009-09-30" t="19:44" id="47242" u="001b" w="09081383ae923e"/><h d="2009-09-30" t="19:43" id="47043" u="002e" w="09081329c386ec"/><h d="2009-09-30" t="19:43" id="46994" u="0022" w="D"/><h d="2009-09-30" t="19:31" id="47623" u="002e" w="R"/><h d="2009-09-30" t="19:30" id="46972" u="003d" w="09081329c386ec"/><h d="2009-09-30" t="19:30" id="47242" u="002f" w="09081383ae923e"/><h d="2009-09-30" t="19:30" id="46985" u="0021" w="09081329c386ec"/><h d="2009-09-30" t="19:29" id="46961" u="002e" w="09081329c386ec"/><h d="2009-09-29" t="22:23" id="40512" u="0013" w="R"/><h d="2009-09-29" t="22:22" id="42004" u="0022" w="D"/><h d="2009-09-29" t="22:22" id="40415" u="0022" w="D"/><h d="2009-09-29" t="22:22" id="40990" u="002c" w="R"/><h d="2009-09-29" t="22:19" id="46133" u="0022" w="D"/><h d="2009-09-29" t="22:18" id="40808" u="0021" w="R"/><h d="2009-09-29" t="22:18" id="46132" u="0022" w="D"/><h d="2009-09-29" t="22:18" id="42036" u="002c" w="R"/><h d="2009-09-29" t="22:09" id="41144" u="0022" w="D"/><h d="2009-09-29" t="21:57" id="45640" u="000f" w="090813da37ce45"/><h d="2009-09-29" t="21:54" id="45469" u="000f" w="09081329c386ec"/><h d="2009-09-29" t="20:58" id="45634" u="000c" w="090813da37ce45"/><h d="2009-09-29" t="20:58" id="45634" u="0004" w="090813da37ce45"/><h d="2009-09-29" t="20:57" id="45451" u="001c" w="09081329c386ec"/><h d="2009-09-29" t="20:56" id="45038" u="0017" w="A"/><h d="2009-09-29" t="20:36" id="45438" u="003c" w="09081329c386ec"/><h d="2009-09-29" t="20:35" id="45434" u="0022" w="D"/><h d="2009-09-29" t="20:35" id="45326" u="0008" w="09081329c386ec"/><h d="2009-09-29" t="20:20" id="45267" u="0004" w="090813da37ce45"/><h d="2009-09-29" t="20:20" id="45275" u="001c" w="09081329c386ec"/><h d="2009-09-29" t="20:19" id="45261" u="001d" w="09081329c386ec"/><h d="2009-09-29" t="20:03" id="45258" u="0022" w="D"/><h d="2009-09-29" t="20:02" id="45255" u="0022" w="D"/><h d="2009-09-29" t="20:02" id="45248" u="0022" w="D"/><h d="2009-09-29" t="19:47" id="45097" u="002c" w="R"/><h d="2009-09-29" t="19:46" id="45116" u="003c" w="09081329c386ec"/><h d="2009-09-29" t="19:46" id="45114" u="0022" w="D"/><h d="2009-09-29" t="19:45" id="45108" u="0022" w="D"/><h d="2009-09-29" t="19:44" id="45038" u="0017" w="A"/><h d="2009-09-28" t="22:59" id="45513" u="0022" w="D"/><h d="2009-09-28" t="22:59" id="45038" u="0017" w="A"/><h d="2009-09-28" t="22:58" id="45503" u="002c" w="09081329c386ec"/><h d="2009-09-28" t="22:58" id="45505" u="0022" w="D"/><h d="2009-09-28" t="20:44" id="47233" u="0036" w="09081329c386ec"/><h d="2009-09-28" t="20:44" id="47242" u="0028" w="09081383ae923e"/><h d="2009-09-28" t="20:43" id="47187" u="0043" w="09081329c386ec"/><h d="2009-09-28" t="20:43" id="47195" u="000b" w="09081329c386ec"/><h d="2009-09-28" t="20:42" id="47151" u="002b" w="09081329c386ec"/><h d="2009-09-26" t="20:44" id="47746" u="0040" w="R"/><h d="2009-09-26" t="20:21" id="47721" u="0040" w="R"/><h d="2009-09-26" t="19:45" id="47669" u="0040" w="R"/><h d="2009-09-26" t="19:22" id="47612" u="0009" w="R"/><h d="2009-09-26" t="19:21" id="47609" u="002e" w="R"/><h d="2009-09-24" t="20:45" id="49295" u="0007" w="R"/><h d="2009-09-24" t="20:45" id="49644" u="000d" w="R"/><h d="2009-09-24" t="20:44" id="49478" u="0022" w="D"/><h d="2009-09-24" t="20:44" id="49478" u="0022" w="D"/><h d="2009-09-24" t="20:44" id="49465" u="002b" w="09081329c386ec"/><h d="2009-09-23" t="22:51" id="45237" u="003d" w="09081329c386ec"/><h d="2009-09-23" t="22:51" id="45038" u="0017" w="A"/><h d="2009-09-23" t="22:48" id="45235" u="001a" w="09081329c386ec"/><h d="2009-09-23" t="22:47" id="45224" u="002e" w="090813da37ce45"/><h d="2009-09-23" t="22:34" id="45185" u="0022" w="D"/><h d="2009-09-23" t="22:33" id="45167" u="0017" w="B"/><h d="2009-09-23" t="22:32" id="45164" u="0022" w="D"/><h d="2009-09-23" t="22:18" id="45544" u="0022" w="D"/><h d="2009-09-23" t="22:11" id="45038" u="0017" w="A"/><h d="2009-09-23" t="22:09" id="45142" u="000c" w="090813da37ce45"/><h d="2009-09-23" t="22:06" id="45138" u="0022" w="D"/><h d="2009-09-23" t="21:41" id="47121" u="000f" w="09081329c386ec"/><h d="2009-09-23" t="21:41" id="47108" u="0008" w="09081329c386ec"/><h d="2009-09-23" t="21:40" id="47138" u="0043" w="09081329c386ec"/><h d="2009-09-23" t="21:40" id="47242" u="0018" w="09081383ae923e"/><h d="2009-09-23" t="20:47" id="47623" u="000c" w="R"/><h d="2009-09-23" t="20:46" id="47242" u="000c" w="09081383ae923e"/><h d="2009-09-23" t="20:45" id="47081" u="0031" w="09081329c386ec"/><h d="2009-09-23" t="20:45" id="47094" u="0017" w="09081329c386ec"/><h d="2009-09-23" t="20:44" id="47073" u="0022" w="D"/><h d="2009-09-23" t="20:18" id="47057" u="0005" w="09081329c386ec"/><h d="2009-09-23" t="20:18" id="47242" u="0009" w="09081383ae923e"/><h d="2009-09-23" t="20:17" id="47043" u="002b" w="09081329c386ec"/><h d="2009-09-23" t="20:16" id="46997" u="0008" w="09081329c386ec"/><h d="2009-09-23" t="19:59" id="46990" u="001b" w="D"/><h d="2009-09-23" t="19:59" id="47242" u="0043" w="09081383ae923e"/><h d="2009-09-23" t="19:58" id="46970" u="0036" w="09081329c386ec"/><h d="2009-09-23" t="19:58" id="46960" u="001b" w="D"/><h d="2009-09-22" t="22:50" id="41075" u="001d" w="R"/><h d="2009-09-22" t="22:41" id="41618" u="003d" w="R"/><h d="2009-09-22" t="22:40" id="41138" u="0039" w="R"/><h d="2009-09-22" t="22:40" id="48610" u="0014" w="09081383ae923e"/><h d="2009-09-22" t="22:39" id="47780" u="0002" w="09081383ae923e"/><h d="2009-09-22" t="21:03" id="45641" u="001c" w="09081383ae923e"/><h d="2009-09-22" t="21:03" id="45642" u="0013" w="09081383ae923e"/><h d="2009-09-22" t="21:02" id="45493" u="003d" w="09081329c386ec"/><h d="2009-09-22" t="20:29" id="45655" u="000f" w="09081383ae923e"/><h d="2009-09-21" t="21:14" id="45438" u="003d" w="09081329c386ec"/><h d="2009-09-21" t="21:14" id="45436" u="0009" w="D"/><h d="2009-09-21" t="20:57" id="45275" u="0009" w="D"/><h d="2009-09-21" t="20:56" id="45270" u="0009" w="D"/><h d="2009-09-21" t="20:55" id="45261" u="0009" w="D"/><h d="2009-09-21" t="20:55" id="45038" u="0017" w="A"/><h d="2009-09-21" t="20:33" id="45260" u="0009" w="D"/><h d="2009-09-21" t="20:32" id="45252" u="0009" w="D"/><h d="2009-09-21" t="20:32" id="45246" u="1001" w="09081329c386ec"/><h d="2009-09-21" t="20:22" id="45544" u="0009" w="D"/><h d="2009-09-21" t="20:04" id="41070" u="0006" w="R"/><h d="2009-09-21" t="20:04" id="46124" u="0009" w="D"/><h d="2009-09-21" t="20:04" id="41971" u="0009" w="R"/><h d="2009-09-21" t="20:04" id="46124" u="0009" w="D"/><h d="2009-09-21" t="19:58" id="40423" u="0009" w="D"/><h d="2009-09-21" t="19:57" id="40905" u="000b" w="R"/><h d="2009-09-21" t="19:57" id="40472" u="0009" w="D"/><h d="2009-09-21" t="19:57" id="40569" u="0009" w="D"/><h d="2009-09-21" t="19:52" id="48226" u="0009" w="D"/><h d="2009-09-21" t="19:52" id="48379" u="0009" w="D"/><h d="2009-09-21" t="19:51" id="48212" u="003d" w="090813da37ce45"/><h d="2009-09-21" t="19:51" id="47983" u="0023" w="09081383ae923e"/><h d="2009-09-17" t="22:56" id="45116" u="001b" w="D"/><h d="2009-09-17" t="22:55" id="45112" u="0036" w="090813da37ce45"/><h d="2009-09-17" t="22:54" id="45107" u="0008" w="090813da37ce45"/><h d="2009-09-17" t="22:17" id="47632" u="0001" w="B"/><h d="2009-09-17" t="22:16" id="47242" u="001b" w="09081383ae923e"/><h d="2009-09-17" t="22:16" id="47234" u="000f" w="09081329c386ec"/><h d="2009-09-17" t="22:15" id="47193" u="0017" w="09081329c386ec"/><h d="2009-09-17" t="22:14" id="47148" u="002c" w="09081329c386ec"/><h d="2009-09-17" t="22:14" id="47182" u="001b" w="09081329c386ec"/><h d="2009-09-15" t="20:45" id="47628" u="002c" w="R"/><h d="2009-09-15" t="20:44" id="47121" u="000c" w="090813da37ce45"/><h d="2009-09-15" t="20:43" id="47105" u="0014" w="09081329c386ec"/><h d="2009-09-15" t="20:42" id="47242" u="0022" w="09081383ae923e"/><h d="2009-09-15" t="20:42" id="47139" u="0023" w="09081329c386ec"/><h d="2009-09-15" t="20:17" id="47634" u="0001" w="B"/><h d="2009-09-15" t="20:15" id="47090" u="003a" w="090813da37ce45"/><h d="2009-09-15" t="20:15" id="47242" u="0006" w="09081383ae923e"/><h d="2009-09-15" t="20:14" id="47081" u="002a" w="09081329c386ec"/><h d="2009-09-15" t="20:14" id="47070" u="1001" w="09081329c386ec"/><h d="2009-09-15" t="19:52" id="47242" u="0023" w="09081383ae923e"/><h d="2009-09-15" t="19:51" id="47630" u="002c" w="R"/><h d="2009-09-15" t="19:50" id="47043" u="1001" w="09081329c386ec"/><h d="2009-09-15" t="19:50" id="47057" u="003a" w="09081329c386ec"/><h d="2009-09-15" t="19:49" id="46997" u="001b" w="D"/><h d="2009-09-15" t="19:37" id="47242" u="0036" w="09081383ae923e"/><h d="2009-09-15" t="19:36" id="46992" u="000d" w="09081329c386ec"/><h d="2009-09-15" t="19:35" id="46959" u="0007" w="090813da37ce45"/><h d="2009-09-15" t="19:35" id="46976" u="0018" w="09081329c386ec"/></history></ksk>
