<?xml version="1.0" encoding="ISO-8859-1"?>
<?xml-stylesheet type="text/xsl" href="ksklist.xslt"?>
<ksk date="2009-10-28" time="12:18"><classes><c id="08" v="mage"/><c id="09" v="warlock"/><c id="07" v="shaman"/><c id="06" v="deathknight"/><c id="05" v="priest"/><c id="04" v="rogue"/><c id="02" v="paladin"/><c id="03" v="hunter"/><c id="11" v="druid"/><c id="01" v="warrior"/></classes><users><u id="000c" n="Kiingnothing" c="06"/><u id="0042" n="Shuangxi" c="05"/><u id="0002" n="Jedimaster" c="09"/><u id="0018" n="Textbook" c="11"/><u id="0017" n="Effyinzpjake" c="11"/><u id="0006" n="Rortu" c="07"/><u id="0038" n="Spicybeef" c="07"/><u id="001b" n="Merek" c="08"/><u id="0031" n="Whamo" c="05"/><u id="000b" n="Lelldorin" c="02"/><u id="0013" n="Brunamen" c="07"/><u id="0004" n="Liconna" c="06"/><u id="0021" n="Dracolisk" c="02"/><u id="0026" n="Vowels" c="07"/><u id="0027" n="Fogdeep" c="09"/><u id="0029" n="Tsabs" c="09"/><u id="0019" n="Abeth" c="03"/><u id="0040" n="Littlefoxx" c="11"/><u id="000d" n="Chromar" c="08"/><u id="2006" n="Shawtyhealz" c="05"/><u id="000f" n="Cellulia" c="06"/><u id="0041" n="Labattlight" c="05"/><u id="001a" n="Terrill" c="11"/><u id="0023" n="Thebadwolf" c="05"/><u id="000a" n="Lauraceae" c="11"/><u id="0008" n="Buckslayer" c="02"/><u id="0005" n="Felalio" c="02"/><u id="0022" n="Dashewolf" c="05"/><u id="002a" n="Yoursoul" c="09"/><u id="0009" n="Sorshia" c="08"/><u id="003a" n="Bradman" c="02"/><u id="002b" n="Aquria" c="04"/><u id="001c" n="Cosran" c="09"/><u id="0016" n="Maevistin" c="05"/><u id="003d" n="Wimblee" c="11"/><u id="0014" n="�xiom" c="02"/><u id="0030" n="Fyreaxe" c="02"/><u id="001f" n="Saosan" c="06"/><u id="0012" n="Arafurby" c="09"/><u id="0036" n="Whisperwin" c="11"/><u id="0039" n="Ihateshaman" c="07"/><u id="0024" n="Twinstrike" c="08"/><u id="0003" n="Aebop" c="02"/><u id="001d" n="Shortroo" c="03"/><u id="0011" n="Usybiuss" c="05"/><u id="0043" n="Kaerto" c="08"/><u id="003c" n="Flarsoladis" c="11"/><u id="0020" n="Grizzlywolf" c="02"/><u id="001e" n="Shevegas" c="08"/><u id="002f" n="Pyretta" c="02"/><u id="0028" n="Bigbonez" c="03"/><u id="0001" n="Cruci" c="11"/><u id="0032" n="Maceman" c="02"/><u id="0033" n="Gorz" c="06"/><u id="0025" n="Golioth" c="03"/><u id="000e" n="Araby" c="07"/><u id="0007" n="Thebluearrow" c="03"/><u id="2004" n="Sevallis" c="07"/></users><lists><list id="09081329c386ec" n="Main Spec"><u id="000c"/><u id="0042"/><u id="0002"/><u id="0018"/><u id="0017"/><u id="0006"/><u id="0038"/><u id="001b"/><u id="0031"/><u id="000b"/><u id="0013"/><u id="0004"/><u id="0021"/><u id="0026"/><u id="0027"/><u id="0029"/><u id="0019"/><u id="0040"/><u id="000d"/><u id="2006"/><u id="000f"/><u id="0041"/><u id="001a"/><u id="0023"/><u id="000a"/><u id="0008"/><u id="0005"/><u id="0022"/><u id="002a"/><u id="0009"/><u id="003a"/><u id="002b"/><u id="001c"/><u id="0016"/><u id="003d"/><u id="0014"/><u id="0030"/><u id="001f"/><u id="0012"/><u id="0036"/><u id="0039"/><u id="0024"/><u id="0003"/><u id="001d"/><u id="0011"/><u id="0043"/><u id="003c"/><u id="0020"/><u id="001e"/><u id="002f"/><u id="0028"/><u id="0001"/></list><list id="09081383ae923e" n="Tier Gear"><u id="0017"/><u id="003d"/><u id="0001"/><u id="003a"/><u id="000d"/><u id="0042"/><u id="0041"/><u id="001e"/><u id="001d"/><u id="002a"/><u id="0029"/><u id="001a"/><u id="0036"/><u id="0026"/><u id="0027"/><u id="0021"/><u id="0023"/><u id="000a"/><u id="0008"/><u id="000f"/><u id="2006"/><u id="0004"/><u id="0019"/><u id="0040"/><u id="0005"/><u id="0002"/><u id="0039"/><u id="002b"/><u id="0013"/><u id="0006"/><u id="0031"/><u id="001c"/><u id="0043"/><u id="000c"/><u id="0003"/><u id="0028"/><u id="002f"/><u id="0009"/><u id="000b"/><u id="0030"/><u id="001b"/><u id="001f"/><u id="0011"/><u id="0016"/><u id="0018"/><u id="0014"/><u id="003c"/><u id="0012"/><u id="0024"/><u id="0022"/></list><list id="090813da37ce45" n="Off Spec / Alts"><u id="001b"/><u id="0009"/><u id="0022"/><u id="0023"/><u id="001d"/><u id="0041"/><u id="000a"/><u id="0039"/><u id="001e"/><u id="000d"/><u id="0040"/><u id="0027"/><u id="002f"/><u id="0019"/><u id="0032"/><u id="001c"/><u id="0043"/><u id="0030"/><u id="0018"/><u id="002a"/><u id="0006"/><u id="0017"/><u id="0002"/><u id="0003"/><u id="0042"/><u id="0020"/><u id="0001"/><u id="0005"/><u id="003d"/><u id="2006"/><u id="0013"/><u id="000b"/><u id="0036"/><u id="0011"/><u id="0038"/><u id="0026"/><u id="0031"/><u id="002b"/><u id="003a"/><u id="000c"/><u id="0008"/><u id="0016"/><u id="000f"/><u id="003c"/><u id="0029"/><u id="001f"/><u id="0033"/><u id="0025"/><u id="0021"/><u id="000e"/><u id="0004"/><u id="0028"/><u id="0007"/><u id="0014"/><u id="0024"/><u id="0012"/><u id="001a"/></list><list id="0910097be97a70" n="Foo"><u id="001e"/><u id="0003"/><u id="0005"/><u id="000d"/><u id="001c"/><u id="001a"/><u id="001d"/><u id="0006"/><u id="000a"/><u id="0033"/><u id="0027"/><u id="0007"/><u id="0001"/><u id="0023"/><u id="0039"/><u id="003d"/><u id="0031"/><u id="2004"/><u id="0017"/><u id="0043"/><u id="0024"/><u id="0022"/><u id="0042"/><u id="0038"/><u id="000c"/><u id="0025"/><u id="001b"/><u id="000f"/><u id="0040"/><u id="0028"/><u id="0016"/><u id="002f"/><u id="0004"/><u id="003a"/><u id="0029"/><u id="000e"/><u id="002b"/><u id="0014"/><u id="0012"/><u id="0009"/><u id="0036"/><u id="0021"/><u id="001f"/><u id="0011"/><u id="000b"/><u id="0008"/><u id="0019"/><u id="0032"/><u id="0030"/><u id="0041"/><u id="002a"/><u id="0002"/><u id="2006"/><u id="0026"/><u id="0013"/><u id="0020"/><u id="003c"/><u id="0018"/></list></lists></ksk>
