<Ui xmlns="http://www.blizzard.com/wow/ui/" xmlns:xsi="http://www.w3.org/2001/XMLSchema-instance" xsi:schemaLocation="http://www.blizzard.com/wow/ui/
C:\Projects\WoW\Bin\Interface\FrameXML\UI.xsd">
  <Script file="Locales\Locale-enUS.lua"/>
  <Script file="Locales\Locale-deDE.lua"/>
  <Script file="Locales\Locale-esES.lua"/>
  <Script file="Locales\Locale-esMX.lua"/>
  <Script file="Locales\Locale-frFR.lua"/>
  <Script file="Locales\Locale-koKR.lua"/>
  <Script file="Locales\Locale-ruRU.lua"/>
  <Script file="Locales\Locale-zhCN.lua"/>
  <Script file="Locales\Locale-zhTW.lua"/>
  <Script file="LibMagicUtil-1.0.lua"/>
  <Script file="LibSimpleBar-1.0.lua"/>
</Ui>

