<Ui xmlns="http://www.blizzard.com/wow/ui/" xmlns:xsi="http://www.w3.org/2001/XMLSchema-instance" xsi:schemaLocation="http://www.blizzard.com/wow/ui/ ..\..\FrameXML\UI.xsd">
<Frame name="ElephantFrame" parent="UIParent" enableMouse="true" movable="true" toplevel="true" hidden="true">
	<Size x="600" y="580"/>
	<Backdrop bgFile="Interface\ChatFrame\ChatFrameBackground" edgeFile="Interface\AddOns\Elephant\roth" tile="true">
		<TileSize val="16"/>
		<EdgeSize val="16"/>
		<BackgroundInsets left="5" right="5" top="5" bottom="5"/>
		<Color b="0.0" r="0.0" g="0.0" a="0.45"/>
	</Backdrop>
	<Scripts>
		<OnLoad>
			self:SetPoint("TOP",
				UIParent,
				"TOP",
				Elephant.defaultConf.position.x,
				Elephant.defaultConf.position.y)
			getglobal(self:GetName().."TitleFontString"):SetText("Elephant r" .. tonumber((string.gsub("$Revision: 235 $", "^.-(%d+).-$", "%1"))))
		</OnLoad>
		<OnShow>
			if ElephantCopyFrame then
				ElephantCopyFrame:Hide()
			end
			PlaySound("SPELLBOOKOPEN")
		</OnShow>
		<OnHide>
			PlaySound("SPELLBOOKCLOSE")
			CloseDropDownMenus()
		</OnHide>
		<OnMouseDown>
			if button == "LeftButton" or button == "RightButton" then
				ElephantFrame:StartMoving()
			end
			if button == "MiddleButton" then
				Elephant:ResetPosition()
			end
		</OnMouseDown>
		<OnMouseUp>
			ElephantFrame:StopMovingOrSizing()
		</OnMouseUp>
	</Scripts>
	<Layers>
		<Layer>
			<Texture name="$parentTitleTexture" file="Interface\BUTTONS\UI-DialogBox-Button-Up">
				<Size x="128" y="42"/>
				<Anchors>
					<Anchor point="TOP" x="0" y="12"/>
				</Anchors>
				<Gradient orientation="HORIZONTAL">
					<MinColor b="0.0" r="0.0" g="0.0"/>
					<MaxColor b="1.0" r="1.0" g="1.0"/>
				</Gradient>
			</Texture>
			<FontString name="$parentTitleFontString" inherits="GameFontNormal">
				<Anchors>
					<Anchor point="TOP" relativeTo="$parentTitleTexture" relativePoint="TOP">
						<Offset x="0" y="-8"/>
					</Anchor>
				</Anchors>
			</FontString>
		</Layer>
	</Layers>
	<Frames>
		<!-- Title -->
		<Frame name="$parentTitleOverFrame" enableMouse="true">
			<Size x="128" y="30"/>
			<Anchors>
				<Anchor point="TOP">
					<Offset x="0" y="12"/>
				</Anchor>
			</Anchors>
			<Scripts>
				<OnEnter>
					Elephant:SetTooltip(self, {
						Elephant.L['move2'][1],
						Elephant.L['move2'][2],
						{text=Elephant.L['move2'][3], r=0.2, g=1.0, b=0.2}
					})
				</OnEnter>
				<OnLeave>
					Elephant:UnsetTooltip()
				</OnLeave>
				<OnMouseDown>
					if button == "LeftButton" or button == "RightButton" then
						self:GetParent():StartMoving()
					end
					if button == "MiddleButton" then
						Elephant:ResetPosition()
					end
				</OnMouseDown>
				<OnMouseUp>
					self:GetParent():StopMovingOrSizing()
				</OnMouseUp>
			</Scripts>
		</Frame>
		<Frame name="$parentTitleInfoFrame" setAllPoints="true">
			<Layers>
				<Layer>
					<FontString name="$parentMaxLogFontString" inherits="GameFontNormalSmall">
						<Anchors>
							<Anchor point="TOPRIGHT">
								<Offset x="-60" y="-15"/>
							</Anchor>
						</Anchors>
						<Color b="1.0" r="1.0" g="1.0"/>
					</FontString>
					<FontString name="$parentTabFontString" inherits="GameFontNormalSmall">
						<Anchors>
							<Anchor point="TOPLEFT">
								<Offset x="35" y="-15"/>
							</Anchor>
						</Anchors>
						<!-- No color here, will be set during OnEnable() -->
					</FontString>
					<FontString name="$parentCurrentLineFontString" text="0 / 0" inherits="GameFontNormalSmall">
						<Anchors>
							<Anchor point="TOPLEFT">
								<Offset x="175" y="-15"/>
							</Anchor>
						</Anchors>
						<!-- No color here, will be set during OnEnable() -->
					</FontString>
				</Layer>
			</Layers>
		</Frame>
		
		<!-- Main scrolling message frame -->
		<ScrollingMessageFrame name="$parentScrollingMessageFrame" inherits="ScrollingMessageFrame" fade="false">
			<Size x="525" y="500"/>
			<Anchors>
				<Anchor point="TOPLEFT">
					<Offset x="30" y="-30"/>
				</Anchor>
			</Anchors>
			<Scripts>
				<OnLoad>
					self:SetMaxLines(Elephant.defaultConf.scrollmaxlines)
					self:EnableMouseWheel(true)
				</OnLoad>
				<OnHyperlinkClick>
					SetItemRef(link, text, button)
				</OnHyperlinkClick>
				<OnMouseWheel>
					if delta &gt; 0 then
						Elephant:Scroll(-Elephant.defaultConf.scrollmouse)
					end
					if delta &lt; 0 then
						Elephant:Scroll(Elephant.defaultConf.scrollmouse)
					end
				</OnMouseWheel>
			</Scripts>
			<FontString inherits="ChatFontNormal" justifyH="LEFT"/>
		</ScrollingMessageFrame>
		
		<!-- Buttons for scrolling -->
		<Frame name="$parentScrollingMessageTextureFrame">
			<Size x="535" y="510"/>
			<Anchors>
				<Anchor point="TOPLEFT" relativeTo="$parent" relativePoint="TOPLEFT">
					<Offset x="25" y="-28"/>
				</Anchor>
			</Anchors>
			<Backdrop bgFile="Interface\ChatFrame\ChatFrameBackground" edgeFile="Interface\Tooltips\UI-Tooltip-Border" tile="true">
				<TileSize val="16"/>
				<EdgeSize val="16"/>
				<BackgroundInsets left="5" right="5" top="5" bottom="5"/>
				<Color b="0.0" r="0.0" g="0.0" a="0.5"/>
			</Backdrop>
		</Frame>
		<Button name="$parentScrollBottomButton">
			<Size x="32" y="32"/>
			<Anchors>
				<Anchor point="BOTTOMLEFT" relativeTo="$parentScrollingMessageFrame" relativePoint="BOTTOMRIGHT">
					<Offset x="4" y="0"/>
				</Anchor>
			</Anchors>
			<Scripts>
				<OnEnter>
					Elephant:SetTooltip(self, Elephant.L['scroll']['bottom'])
				</OnEnter>
				<OnLeave>
					Elephant:UnsetTooltip()
				</OnLeave>
				<OnClick>
					PlaySound("igChatBottom")
					Elephant:ScrollBottom()
				</OnClick>
			</Scripts>
			<NormalTexture file="Interface\PaperDollInfoFrame\UI-Character-SkillsPageDown-Up"/>
			<PushedTexture file="Interface\PaperDollInfoFrame\UI-Character-SkillsPageDown-Down"/>
			<HighlightTexture file="Interface\Buttons\UI-Common-MouseHilight" alphaMode="ADD"/>
		</Button>
		<Button name="$parentScrollPageDownButton">
			<Size x="32" y="32"/>
			<Anchors>
				<Anchor point="BOTTOM" relativeTo="$parentScrollBottomButton" relativePoint="TOP">
					<Offset x="1" y="-5"/>
				</Anchor>
			</Anchors>
			<Scripts>
				<OnEnter>
					Elephant:SetTooltip(self, Elephant.L['scroll']['pagedown'])
				</OnEnter>
				<OnLeave>
					Elephant:UnsetTooltip()
				</OnLeave>
				<OnClick>
					PlaySound("igChatScrollDown")
					Elephant:Scroll(Elephant.defaultConf.scrollpage)
				</OnClick>
			</Scripts>
			<NormalTexture file="Interface\ChatFrame\UI-ChatIcon-ScrollDown-Up"/>
			<PushedTexture file="Interface\ChatFrame\UI-ChatIcon-ScrollDown-Down"/>
			<HighlightTexture file="Interface\Buttons\UI-Common-MouseHilight" alphaMode="ADD"/>
		</Button>
		<Button name="$parentScrollDownButton">
			<Size x="32" y="32"/>
			<Anchors>
				<Anchor point="BOTTOM" relativeTo="$parentScrollPageDownButton" relativePoint="TOP">
					<Offset x="0" y="-5"/>
				</Anchor>
			</Anchors>
			<Scripts>
				<OnEnter>
					Elephant:SetTooltip(self, Elephant.L['scroll']['linedown'])
				</OnEnter>
				<OnLeave>
					Elephant:UnsetTooltip()
				</OnLeave>
				<OnClick>
					PlaySound("igChatScrollDown")
					Elephant:Scroll(1)
				</OnClick>
				<OnUpdate>
					if self:GetButtonState() == "PUSHED" then
						Elephant:Scroll(1)
					end
				</OnUpdate>
			</Scripts>
			<NormalTexture file="Interface\ChatFrame\UI-ChatIcon-ScrollDown-Disabled"/>
			<PushedTexture file="Interface\ChatFrame\UI-ChatIcon-ScrollDown-Down"/>
			<HighlightTexture file="Interface\Buttons\UI-Common-MouseHilight" alphaMode="ADD"/>
		</Button>
		<Button name="$parentScrollUpButton">
			<Size x="32" y="32"/>
			<Anchors>
				<Anchor point="BOTTOM" relativeTo="$parentScrollDownButton" relativePoint="TOP">
					<Offset x="0" y="-5"/>
				</Anchor>
			</Anchors>
			<Scripts>
				<OnEnter>
					Elephant:SetTooltip(self, Elephant.L['scroll']['lineup'])
				</OnEnter>
				<OnLeave>
					Elephant:UnsetTooltip()
				</OnLeave>
				<OnClick>
					PlaySound("igChatScrollUp")
					Elephant:Scroll(-1)
				</OnClick>
				<OnUpdate>
					if self:GetButtonState() == "PUSHED" then
						Elephant:Scroll(-1)
					end
				</OnUpdate>
			</Scripts>
			<NormalTexture file="Interface\ChatFrame\UI-ChatIcon-ScrollUp-Disabled"/>
			<PushedTexture file="Interface\ChatFrame\UI-ChatIcon-ScrollUp-Down"/>
			<HighlightTexture file="Interface\Buttons\UI-Common-MouseHilight" alphaMode="ADD"/>
		</Button>
		<Button name="$parentScrollPageUpButton">
			<Size x="32" y="32"/>
			<Anchors>
				<Anchor point="BOTTOM" relativeTo="$parentScrollUpButton" relativePoint="TOP">
					<Offset x="0" y="-5"/>
				</Anchor>
			</Anchors>
			<Scripts>
				<OnEnter>
					Elephant:SetTooltip(self, Elephant.L['scroll']['pageup'])
				</OnEnter>
				<OnLeave>
					Elephant:UnsetTooltip()
				</OnLeave>
				<OnClick>
					PlaySound("igChatScrollUp")
					Elephant:Scroll(-Elephant.defaultConf.scrollpage)
				</OnClick>
			</Scripts>
			<NormalTexture file="Interface\ChatFrame\UI-ChatIcon-ScrollUp-Up"/>
			<PushedTexture file="Interface\ChatFrame\UI-ChatIcon-ScrollUp-Down"/>
			<HighlightTexture file="Interface\Buttons\UI-Common-MouseHilight" alphaMode="ADD"/>
		</Button>
		<Button name="$parentScrollTopButton">
			<Size x="32" y="32"/>
			<Anchors>
				<Anchor point="BOTTOM" relativeTo="$parentScrollPageUpButton" relativePoint="TOP">
					<Offset x="-1" y="-5"/>
				</Anchor>
			</Anchors>
			<Scripts>
				<OnEnter>
					Elephant:SetTooltip(self, Elephant.L['scroll']['top'])
				</OnEnter>
				<OnLeave>
					Elephant:UnsetTooltip()
				</OnLeave>
				<OnClick>
					PlaySound("igChatBottom")
					Elephant:ScrollTop()
				</OnClick>
			</Scripts>
			<NormalTexture file="Interface\PaperDollInfoFrame\UI-Character-SkillsPageUp-Up"/>
			<PushedTexture file="Interface\PaperDollInfoFrame\UI-Character-SkillsPageUp-Down"/>
			<HighlightTexture file="Interface\Buttons\UI-Common-MouseHilight" alphaMode="ADD"/>
		</Button>
		
		<!-- Catcher options -->
		<Button name="$parentCatchOptionsButton">
			<Size x="32" y="32"/>
			<Anchors>
				<Anchor point="TOPLEFT" relativeTo="$parentScrollingMessageFrame" relativePoint="TOPRIGHT">
					<Offset x="5" y="0"/>
				</Anchor>
			</Anchors>
			<Scripts>
				<OnEnter>
					Elephant:SetTooltip(self, {
						Elephant.L['catchers'][1],
						Elephant.L['catchers'][2],
						{text=Elephant.L['catchers'][3], r=0.2, g=1.0, b=0.2}
					})
				</OnEnter>
				<OnLeave>
					Elephant:UnsetTooltip()
				</OnLeave>
				<OnClick>
					ToggleDropDownMenu(1, nil, Elephant.dropdowns.catchOptions, self, 0, 0)
				</OnClick>
			</Scripts>
			<NormalTexture file="Interface\ChatFrame\UI-ChatIcon-Chat-Up"/>
			<PushedTexture file="Interface\ChatFrame\UI-ChatIcon-Chat-Down"/>
			<HighlightTexture file="Interface\Buttons\UI-Common-MouseHilight" alphaMode="ADD"/>
			<DisabledTexture file="Interface\ChatFrame\UI-ChatIcon-Chat-Disabled"/>
		</Button>
		
		<!-- Default tabs (whisper, party, ...) -->
    <Button name="$parentGuildTabButton">
      <Size x="23" y="23"/>
      <Anchors>
        <Anchor point="TOP" relativeTo="$parentCatchOptionsButton" relativePoint="BOTTOM">
          <Offset x="0" y="-5"/>
        </Anchor>
      </Anchors>
      <Scripts>
        <OnEnter>
          Elephant:SetTooltip(self, {
            Elephant.L['chatnames']['guild'],
            {
              text = Elephant:GetStateMsg(Elephant.dbpc.char.logs[Elephant.defaultConf.defaultindexes.guild].enabled),
              r = Elephant:GetStateColor(Elephant.dbpc.char.logs[Elephant.defaultConf.defaultindexes.guild].enabled, "r"),
              g = Elephant:GetStateColor(Elephant.dbpc.char.logs[Elephant.defaultConf.defaultindexes.guild].enabled, "g"),
              b = Elephant:GetStateColor(Elephant.dbpc.char.logs[Elephant.defaultConf.defaultindexes.guild].enabled, "b")
            },
            format(Elephant.L['nblines'], #Elephant.dbpc.char.logs[Elephant.defaultConf.defaultindexes.guild].logs)
          })
        </OnEnter>
        <OnLeave>
          Elephant:UnsetTooltip()
        </OnLeave>
        <OnClick>
          Elephant:ChangeLog(Elephant.defaultConf.defaultindexes.guild)
        </OnClick>
      </Scripts>
      <NormalTexture file="Interface\PvPRankBadges\PvPRank14"/>
      <!--<PushedTexture file="Interface\Icons\INV_Shirt_GuildTabard_01"/>-->
      <HighlightTexture file="Interface\PvPRankBadges\PvPRank14" alphaMode="ADD"/>
    </Button>
		<Button name="$parentWhisperTabButton">
			<Size x="23" y="23"/>
			<Anchors>
        <Anchor point="TOP" relativeTo="$parentGuildTabButton" relativePoint="BOTTOM"/>
      </Anchors>
			<Scripts>
				<OnEnter>
					Elephant:SetTooltip(self, {
						Elephant.L['chatnames']['whisper'],
						{
							text = Elephant:GetStateMsg(Elephant.dbpc.char.logs[Elephant.defaultConf.defaultindexes.whisper].enabled),
							r = Elephant:GetStateColor(Elephant.dbpc.char.logs[Elephant.defaultConf.defaultindexes.whisper].enabled, "r"),
							g = Elephant:GetStateColor(Elephant.dbpc.char.logs[Elephant.defaultConf.defaultindexes.whisper].enabled, "g"),
							b = Elephant:GetStateColor(Elephant.dbpc.char.logs[Elephant.defaultConf.defaultindexes.whisper].enabled, "b")
						},
						format(Elephant.L['nblines'], #Elephant.dbpc.char.logs[Elephant.defaultConf.defaultindexes.whisper].logs)
					})
				</OnEnter>
				<OnLeave>
					Elephant:UnsetTooltip()
				</OnLeave>
				<OnClick>
					Elephant:ChangeLog(Elephant.defaultConf.defaultindexes.whisper)
				</OnClick>
			</Scripts>
			<NormalTexture file="Interface\AddOns\Elephant\Icons\Whisper.tga"/>
			<!--<PushedTexture file="Interface\Icons\Ability_Stealth"/>-->
			<HighlightTexture file="Interface\AddOns\Elephant\Icons\Whisper.tga" alphaMode="ADD"/>
		</Button>
		<Button name="$parentPartyTabButton">
			<Size x="23" y="23"/>
			<Anchors>
				<Anchor point="TOP" relativeTo="$parentWhisperTabButton" relativePoint="BOTTOM"/>
			</Anchors>
			<Scripts>
				<OnEnter>
					Elephant:SetTooltip(self, {
						Elephant.L['chatnames']['party'],
						{
							text = Elephant:GetStateMsg(Elephant.dbpc.char.logs[Elephant.defaultConf.defaultindexes.party].enabled),
							r = Elephant:GetStateColor(Elephant.dbpc.char.logs[Elephant.defaultConf.defaultindexes.party].enabled, "r"),
							g = Elephant:GetStateColor(Elephant.dbpc.char.logs[Elephant.defaultConf.defaultindexes.party].enabled, "g"),
							b = Elephant:GetStateColor(Elephant.dbpc.char.logs[Elephant.defaultConf.defaultindexes.party].enabled, "b")
						},
						format(Elephant.L['nblines'], #Elephant.dbpc.char.logs[Elephant.defaultConf.defaultindexes.party].logs)
					})
				</OnEnter>
				<OnLeave>
					Elephant:UnsetTooltip()
				</OnLeave>
				<OnClick>
					Elephant:ChangeLog(Elephant.defaultConf.defaultindexes.party)
				</OnClick>
			</Scripts>
			<NormalTexture file="Interface\AddOns\Elephant\Icons\Party.tga"/>
			<!--<PushedTexture file="Interface\Icons\Spell_Holy_PrayerofSpirit"/>-->
			<HighlightTexture file="Interface\AddOns\Elephant\Icons\Party.tga" alphaMode="ADD"/>
		</Button>
    <Button name="$parentRaidTabButton">
      <Size x="23" y="23"/>
      <Anchors>
        <Anchor point="TOP" relativeTo="$parentPartyTabButton" relativePoint="BOTTOM"/>
      </Anchors>
      <Scripts>
        <OnEnter>
          Elephant:SetTooltip(self, {
            Elephant.L['chatnames']['raid'],
            {
              text = Elephant:GetStateMsg(Elephant.dbpc.char.logs[Elephant.defaultConf.defaultindexes.raid].enabled),
              r = Elephant:GetStateColor(Elephant.dbpc.char.logs[Elephant.defaultConf.defaultindexes.raid].enabled, "r"),
              g = Elephant:GetStateColor(Elephant.dbpc.char.logs[Elephant.defaultConf.defaultindexes.raid].enabled, "g"),
              b = Elephant:GetStateColor(Elephant.dbpc.char.logs[Elephant.defaultConf.defaultindexes.raid].enabled, "b")
            },
            format(Elephant.L['nblines'], #Elephant.dbpc.char.logs[Elephant.defaultConf.defaultindexes.raid].logs)
          })
        </OnEnter>
        <OnLeave>
          Elephant:UnsetTooltip()
        </OnLeave>
        <OnClick>
          Elephant:ChangeLog(Elephant.defaultConf.defaultindexes.raid)
        </OnClick>
      </Scripts>
      <NormalTexture file="Interface\AddOns\Elephant\Icons\Raid.tga"/>
      <!--<PushedTexture file="Interface\Icons\INV_Misc_Head_Dragon_01"/>-->
      <HighlightTexture file="Interface\AddOns\Elephant\Icons\Raid.tga" alphaMode="ADD"/>
    </Button>
    <Button name="$parentInstanceTabButton">
      <Size x="23" y="23"/>
      <Anchors>
        <Anchor point="TOP" relativeTo="$parentRaidTabButton" relativePoint="BOTTOM"/>
      </Anchors>
      <Scripts>
        <OnEnter>
          Elephant:SetTooltip(self, {
            Elephant.L['chatnames']['instance'],
            {
              text = Elephant:GetStateMsg(Elephant.dbpc.char.logs[Elephant.defaultConf.defaultindexes.instance].enabled),
              r = Elephant:GetStateColor(Elephant.dbpc.char.logs[Elephant.defaultConf.defaultindexes.instance].enabled, "r"),
              g = Elephant:GetStateColor(Elephant.dbpc.char.logs[Elephant.defaultConf.defaultindexes.instance].enabled, "g"),
              b = Elephant:GetStateColor(Elephant.dbpc.char.logs[Elephant.defaultConf.defaultindexes.instance].enabled, "b")
            },
            format(Elephant.L['nblines'], #Elephant.dbpc.char.logs[Elephant.defaultConf.defaultindexes.instance].logs)
          })
        </OnEnter>
        <OnLeave>
          Elephant:UnsetTooltip()
        </OnLeave>
        <OnClick>
          Elephant:ChangeLog(Elephant.defaultConf.defaultindexes.instance)
        </OnClick>
      </Scripts>
      <NormalTexture file="Interface\AddOns\Elephant\Icons\Instance.tga"/>
      <!--<PushedTexture file="Interface\Icons\INV_Shirt_GuildTabard_01"/>-->
      <HighlightTexture file="Interface\AddOns\Elephant\Icons\Instance.tga" alphaMode="ADD"/>
    </Button>
		<Button name="$parentSayTabButton">
			<Size x="23" y="23"/>
			<Anchors>
				<Anchor point="TOP" relativeTo="$parentInstanceTabButton" relativePoint="BOTTOM"/>
			</Anchors>
			<Scripts>
				<OnEnter>
					Elephant:SetTooltip(self, {
						Elephant.L['chatnames']['say'],
						{
							text = Elephant:GetStateMsg(Elephant.dbpc.char.logs[Elephant.defaultConf.defaultindexes.say].enabled),
							r = Elephant:GetStateColor(Elephant.dbpc.char.logs[Elephant.defaultConf.defaultindexes.say].enabled, "r"),
							g = Elephant:GetStateColor(Elephant.dbpc.char.logs[Elephant.defaultConf.defaultindexes.say].enabled, "g"),
							b = Elephant:GetStateColor(Elephant.dbpc.char.logs[Elephant.defaultConf.defaultindexes.say].enabled, "b")
						},
						format(Elephant.L['nblines'], #Elephant.dbpc.char.logs[Elephant.defaultConf.defaultindexes.say].logs)
					})
				</OnEnter>
				<OnLeave>
					Elephant:UnsetTooltip()
				</OnLeave>
				<OnClick>
					Elephant:ChangeLog(Elephant.defaultConf.defaultindexes.say)
				</OnClick>
			</Scripts>
			<NormalTexture file="Interface\GossipFrame\GossipGossipIcon"/>
			<!--<PushedTexture file="Interface\Icons\INV_Misc_Bomb_04"/>-->
			<HighlightTexture file="Interface\GossipFrame\GossipGossipIcon" alphaMode="ADD"/>
		</Button>
		<Button name="$parentYellTabButton">
			<Size x="23" y="23"/>
			<Anchors>
				<Anchor point="TOP" relativeTo="$parentSayTabButton" relativePoint="BOTTOM"/>
			</Anchors>
			<Scripts>
				<OnEnter>
					Elephant:SetTooltip(self, {
						Elephant.L['chatnames']['yell'],
						{
							text = Elephant:GetStateMsg(Elephant.dbpc.char.logs[Elephant.defaultConf.defaultindexes.yell].enabled),
							r = Elephant:GetStateColor(Elephant.dbpc.char.logs[Elephant.defaultConf.defaultindexes.yell].enabled, "r"),
							g = Elephant:GetStateColor(Elephant.dbpc.char.logs[Elephant.defaultConf.defaultindexes.yell].enabled, "g"),
							b = Elephant:GetStateColor(Elephant.dbpc.char.logs[Elephant.defaultConf.defaultindexes.yell].enabled, "b")
						},
						format(Elephant.L['nblines'], #Elephant.dbpc.char.logs[Elephant.defaultConf.defaultindexes.yell].logs)
					})
				</OnEnter>
				<OnLeave>
					Elephant:UnsetTooltip()
				</OnLeave>
				<OnClick>
					Elephant:ChangeLog(Elephant.defaultConf.defaultindexes.yell)
				</OnClick>
			</Scripts>
			<NormalTexture file="Interface\Buttons\UI-GuildButton-MOTD-Up"/>
			<!--<PushedTexture file="Interface\Icons\Spell_Fire_Incinerate"/>-->
			<HighlightTexture file="Interface\Buttons\UI-GuildButton-MOTD-Up" alphaMode="ADD"/>
		</Button>
		<Button name="$parentOfficerTabButton">
			<Size x="23" y="23"/>
			<Anchors>
				<Anchor point="TOP" relativeTo="$parentYellTabButton" relativePoint="BOTTOM"/>
			</Anchors>
			<Scripts>
				<OnEnter>
					Elephant:SetTooltip(self, {
						Elephant.L['chatnames']['officer'],
						{
							text = Elephant:GetStateMsg(Elephant.dbpc.char.logs[Elephant.defaultConf.defaultindexes.officer].enabled),
							r = Elephant:GetStateColor(Elephant.dbpc.char.logs[Elephant.defaultConf.defaultindexes.officer].enabled, "r"),
							g = Elephant:GetStateColor(Elephant.dbpc.char.logs[Elephant.defaultConf.defaultindexes.officer].enabled, "g"),
							b = Elephant:GetStateColor(Elephant.dbpc.char.logs[Elephant.defaultConf.defaultindexes.officer].enabled, "b")
						},
						format(Elephant.L['nblines'], #Elephant.dbpc.char.logs[Elephant.defaultConf.defaultindexes.officer].logs)
					})
				</OnEnter>
				<OnLeave>
					Elephant:UnsetTooltip()
				</OnLeave>
				<OnClick>
					Elephant:ChangeLog(Elephant.defaultConf.defaultindexes.officer)
				</OnClick>
			</Scripts>
			<NormalTexture file="Interface\PvPRankBadges\PvPRank09"/>
			<!--<PushedTexture file="Interface\Icons\Spell_Nature_EnchantArmor"/>-->
			<HighlightTexture file="Interface\PvPRankBadges\PvPRank09" alphaMode="ADD"/>
		</Button>
		
		<!-- Other chats: custom, general, misc. -->
		<Button name="$parentGeneralTabButton">
			<Size x="23" y="23"/>
			<Anchors>
				<Anchor point="TOP" relativeTo="$parentOfficerTabButton" relativePoint="BOTTOM">
          <Offset x="0" y="-25"/>
        </Anchor>
			</Anchors>
			<Scripts>
				<OnEnter>
					Elephant:SetTooltip(self, {Elephant.L['chatnames']['general']})
				</OnEnter>
				<OnLeave>
					Elephant:UnsetTooltip()
				</OnLeave>
				<OnClick>
					ToggleDropDownMenu(1, nil, Elephant.dropdowns.generalChats, self, 0, 0)
				</OnClick>
			</Scripts>
			<NormalTexture file="Interface\Cursor\Speak"/>
			<!--<PushedTexture file="Interface\Icons\Spell_Shadow_SoulGem"/>-->
			<HighlightTexture file="Interface\Cursor\Speak" alphaMode="ADD"/>
		</Button>
		<Button name="$parentMiscTabButton">
			<Size x="23" y="23"/>
			<Anchors>
				<Anchor point="TOP" relativeTo="$parentGeneralTabButton" relativePoint="BOTTOM"/>
			</Anchors>
			<Scripts>
				<OnEnter>
					Elephant:SetTooltip(self, {Elephant.L['chatnames']['misc']})
				</OnEnter>
				<OnLeave>
					Elephant:UnsetTooltip()
				</OnLeave>
				<OnClick>
					ToggleDropDownMenu(1, nil, Elephant.dropdowns.miscChats, self, 0, 0)
				</OnClick>
			</Scripts>
			<NormalTexture file="Interface\Cursor\Innkeeper"/>
			<!--<PushedTexture file="Interface\Icons\Spell_Frost_WindWalkOn"/>-->
			<HighlightTexture file="Interface\Cursor\Innkeeper" alphaMode="ADD"/>
		</Button>
    <Button name="$parentCustomTabButton">
      <Size x="23" y="23"/>
      <Anchors>
        <Anchor point="TOP" relativeTo="$parentMiscTabButton" relativePoint="BOTTOM"/>
      </Anchors>
      <Scripts>
        <OnEnter>
          Elephant:SetTooltip(self, {
            Elephant.L['chatnames']['custom'],
            Elephant.L['customchatsinfo']
          })
        </OnEnter>
        <OnLeave>
          Elephant:UnsetTooltip()
        </OnLeave>
        <OnClick>
          ToggleDropDownMenu(1, nil, Elephant.dropdowns.customChats, self, 0, 0)
        </OnClick>
      </Scripts>
      <NormalTexture file="Interface\Cursor\Interact"/>
      <!--<PushedTexture file="Interface\Icons\Trade_Engineering"/>-->
      <HighlightTexture file="Interface\Cursor\Interact" alphaMode="ADD"/>
    </Button>
		
		<!-- Action buttons: delete, enable, copy, close -->
		<Button name="$parentDeleteButton" inherits="OptionsButtonTemplate">
			<Anchors>
				<Anchor point="BOTTOMLEFT">
					<Offset x="20" y="15"/>
				</Anchor>
			</Anchors>
			<Scripts>
				<OnLoad>
					self:SetText(DELETE)
				</OnLoad>
				<OnClick>
					Elephant:DeleteCurrentLog()
					Elephant:ChangeLog(Elephant.defaultConf.defaultlogindex)
					Elephant:ShowCurrentLog()
				</OnClick>
			</Scripts>
			<ButtonText font="GameFontNormal" outline="NORMAL" justifyV="MIDDLE">
				<Color b="1.0" r="1.0" g="1.0"/>
			</ButtonText>
		</Button>
		<Button name="$parentEnableButton" inherits="OptionsButtonTemplate">
			<Anchors>
				<Anchor point="BOTTOM">
					<Offset x="0" y="15"/>
				</Anchor>
			</Anchors>
			<Scripts>
				<OnLoad>
					self:SetText(ENABLE)
				</OnLoad>
				<OnClick>
					Elephant:ToggleEnableCurrentLog()
				</OnClick>
			</Scripts>
			<ButtonText font="GameFontNormal" outline="NORMAL" justifyV="MIDDLE">
				<Color b="1.0" r="1.0" g="1.0"/>
			</ButtonText>
		</Button>
		<Button name="$parentEmptyButton" inherits="OptionsButtonTemplate">
			<Anchors>
				<Anchor point="RIGHT" relativeTo="$parentEnableButton" relativePoint="LEFT"/>
			</Anchors>
			<Scripts>
				<OnLoad>
					self:SetText(Elephant.L['Empty'])
				</OnLoad>
				<OnClick>
					StaticPopup_Show("ELEPHANT_EMPTY")
				</OnClick>
			</Scripts>
			<ButtonText font="GameFontNormal" outline="NORMAL" justifyV="MIDDLE">
				<Color b="1.0" r="1.0" g="1.0"/>
			</ButtonText>
		</Button>
		<Button name="$parentCopyButton" inherits="OptionsButtonTemplate">
			<Anchors>
				<Anchor point="LEFT" relativeTo="$parentEnableButton" relativePoint="RIGHT"/>
			</Anchors>
			<Scripts>
				<OnLoad>
					self:SetText(Elephant.L['copy'])
				</OnLoad>
				<OnClick>
					Elephant:ShowCopyWindow()
				</OnClick>
				<OnEnter>
					Elephant:SetTooltip(self, {
						Elephant.L['copy'],
						format(Elephant.L['copyinfo'], Elephant.defaultConf.copywindowmaxlines),
						" ",
						{
							text = Elephant.L['copywarn'],
							r = 1.0,
							g = 0.2,
							b = 0.2
						}
					}, "ANCHOR_TOPLEFT")
				</OnEnter>
				<OnLeave>
					Elephant:UnsetTooltip()
				</OnLeave>
			</Scripts>
			<ButtonText font="GameFontNormal" outline="NORMAL" justifyV="MIDDLE">
				<Color b="1.0" r="1.0" g="1.0"/>
			</ButtonText>
		</Button>
		<Button name="$parentCloseButton" inherits="OptionsButtonTemplate">
			<Anchors>
				<Anchor point="BOTTOMRIGHT">
					<Offset x="-15" y="15"/>
				</Anchor>
			</Anchors>
			<Scripts>
				<OnLoad>
					self:SetText(CLOSE)
				</OnLoad>
				<OnClick>
					Elephant:Toggle()
				</OnClick>
			</Scripts>
			<ButtonText font="GameFontNormal" outline="NORMAL" justifyV="MIDDLE"/>
		</Button>
	</Frames>
</Frame>
</Ui>