<Ui xmlns="http://www.blizzard.com/wow/ui/" xmlns:xsi="http://www.w3.org/2001/XMLSchema-instance" xsi:schemaLocation="http://www.blizzard.com/wow/ui/
..\FrameXML\UI.xsd">
    <Script file="QuickVendorConfig.lua"/>
    <Include file="Templates.xml"/>

    <Frame name="ExtVendor_QVConfigFrame" parent="UIParent" topLevel="true" enableMouse="true" movable="true" frameStrata="DIALOG" hidden="true">
        <Size>
            <AbsDimension x="920" y="610"/>
        </Size>
        <Anchors>
            <Anchor point="CENTER"/>
        </Anchors>
        <Backdrop bgFile="Interface\DialogFrame\UI-DialogBox-Background" edgeFile="Interface\DialogFrame\UI-DialogBox-Border" tile="true">
            <BackgroundInsets>
                <AbsInset left="11" right="11" top="12" bottom="11"/>
            </BackgroundInsets>
            <TileSize>
                <AbsValue val="32"/>
            </TileSize>
            <EdgeSize>
                <AbsValue val="32"/>
            </EdgeSize>
            <Color r="0" g="0" b="0" a="1"/>
        </Backdrop>
        <Layers>
            <Layer level="BACKGROUND">
                <Texture name="$parentDarkenBG">
                    <Anchors>
                        <Anchor point="TOPLEFT" x="10" y="-10"/>
                        <Anchor point="BOTTOMRIGHT" x="-10" y="10"/>
                    </Anchors>
                    <Color r="0" g="0" b="0" a="0.5"/>
                </Texture>
            </Layer>
            <Layer level="ARTWORK">
                <FontString name="$parentHeader" inherits="GameFontNormalHuge" justifyH="LEFT">
                    <Anchors>
                        <Anchor point="TOPLEFT" x="20" y="-20"/>
                        <Anchor point="TOPRIGHT" x="-20" y="-20"/>
                    </Anchors>
                </FontString>
                <FontString name="$parentBlacklistHeader" inherits="GameFontNormalLarge" justifyH="LEFT">
                    <Anchors>
                        <Anchor point="TOPLEFT" x="20" y="-60"/>
                        <Anchor point="TOPRIGHT" relativePoint="TOP" x="0" y="-20"/>
                    </Anchors>
                </FontString>
                <FontString name="$parentBlacklistDescription" inherits="GameFontHighlightLeft" justifyV="TOP">
                    <Anchors>
                        <Anchor point="TOPLEFT" relativeTo="$parentBlacklistHeader" relativePoint="BOTTOMLEFT" x="0" y="-2"/>
                        <Anchor point="BOTTOMRIGHT" relativeTo="$parentBlacklistHeader" relativePoint="BOTTOMRIGHT" x="0" y="-32"/>
                    </Anchors>
                </FontString>
                <FontString name="$parentWhitelistHeader" inherits="GameFontNormalLarge" justifyH="LEFT">
                    <Anchors>
                        <Anchor point="TOPLEFT" x="20" y="-330"/>
                        <Anchor point="TOPRIGHT" x="-20" y="-330"/>
                    </Anchors>
                </FontString>
                <FontString name="$parentWhitelistDescription" inherits="GameFontHighlightLeft" justifyV="TOP">
                    <Anchors>
                        <Anchor point="TOPLEFT" relativeTo="$parentWhitelistHeader" relativePoint="BOTTOMLEFT" x="0" y="-2"/>
                        <Anchor point="BOTTOMRIGHT" relativeTo="$parentWhitelistHeader" relativePoint="BOTTOMRIGHT" x="0" y="-32"/>
                    </Anchors>
                </FontString>
            </Layer>
        </Layers>
        <Frames>
            <Button name="$parentCloseButton" inherits="UIPanelCloseButton">
                <Anchors>
                    <Anchor point="TOPRIGHT" relativePoint="TOPRIGHT">
                        <Offset>
                            <AbsDimension x="-4" y="-4"/>
                        </Offset>
                    </Anchor>
                </Anchors>
                <Scripts>
                    <OnClick>
                        self:GetParent():Hide();
                    </OnClick>
                </Scripts>
            </Button>

            <Frame name="$parent_ItemDropBlacklist" inherits="ExtVendor_ItemDropTemplate">
                <Anchors>
                    <Anchor point="TOP" relativeTo="$parentBlacklistDescription" relativePoint="BOTTOM" x="0" y="0"/>
                </Anchors>
            </Frame>
            <Frame name="$parent_Blacklist" inherits="ExtVendor_ItemListTemplate">
                <Anchors>
                    <Anchor point="TOP" relativeTo="$parent_ItemDropBlacklist" relativePoint="BOTTOM" y="-25"/>
                </Anchors>
            </Frame>
            <Button name="$parent_RemoveFromBlacklistButton" inherits="UIPanelButtonTemplate">
                <Size x="150" y="25"/>
                <Anchors>
                    <Anchor point="TOPLEFT" relativeTo="$parent_Blacklist" relativePoint="BOTTOMLEFT" x="0" y="0"/>
                </Anchors>
                <Scripts>
                    <OnClick>
                        ExtVendor_QVConfig_DeleteFromBlacklist();
                    </OnClick>
                </Scripts>
            </Button>
            <Button name="$parent_ResetBlacklistButton" inherits="UIPanelButtonTemplate">
                <Size x="150" y="25"/>
                <Anchors>
                    <Anchor point="LEFT" relativeTo="$parent_RemoveFromBlacklistButton" relativePoint="RIGHT" x="0" y="0"/>
                </Anchors>
                <Scripts>
                    <OnClick>
                        StaticPopup_Show("EXTVENDOR_CONFIRM_RESET_BLACKLIST");
                    </OnClick>
                </Scripts>
            </Button>

            <Frame name="$parent_ItemDropGlobalWhitelist" inherits="ExtVendor_ItemDropTemplate">
                <Anchors>
                    <Anchor point="TOP" relativeTo="$parentWhitelistDescription" relativePoint="BOTTOM" x="-220" y="0"/>
                </Anchors>
            </Frame>
            <Frame name="$parent_GlobalWhitelist" inherits="ExtVendor_ItemListTemplate">
                <Anchors>
                    <Anchor point="TOP" relativeTo="$parent_ItemDropGlobalWhitelist" relativePoint="BOTTOM" y="-25"/>
                </Anchors>
            </Frame>
            <Button name="$parent_RemoveFromGlobalWhitelistButton" inherits="UIPanelButtonTemplate">
                <Size x="150" y="25"/>
                <Anchors>
                    <Anchor point="TOPLEFT" relativeTo="$parent_GlobalWhitelist" relativePoint="BOTTOMLEFT" x="0" y="0"/>
                </Anchors>
                <Scripts>
                    <OnClick>
                        ExtVendor_QVConfig_DeleteFromGlobalWhitelist();
                    </OnClick>
                </Scripts>
            </Button>
            <Button name="$parent_ClearGlobalWhitelistButton" inherits="UIPanelButtonTemplate">
                <Size x="150" y="25"/>
                <Anchors>
                    <Anchor point="LEFT" relativeTo="$parent_RemoveFromGlobalWhitelistButton" relativePoint="RIGHT" x="0" y="0"/>
                </Anchors>
                <Scripts>
                    <OnClick>
                        StaticPopup_Show("EXTVENDOR_CONFIRM_CLEAR_GLOBAL_WHITELIST");
                    </OnClick>
                </Scripts>
            </Button>

            <Frame name="$parent_ItemDropLocalWhitelist" inherits="ExtVendor_ItemDropTemplate">
                <Anchors>
                    <Anchor point="TOP" relativeTo="$parentWhitelistDescription" relativePoint="BOTTOM" x="220" y="0"/>
                </Anchors>
            </Frame>
            <Frame name="$parent_LocalWhitelist" inherits="ExtVendor_ItemListTemplate">
                <Anchors>
                    <Anchor point="TOP" relativeTo="$parent_ItemDropLocalWhitelist" relativePoint="BOTTOM" y="-25"/>
                </Anchors>
            </Frame>
            <Button name="$parent_RemoveFromLocalWhitelistButton" inherits="UIPanelButtonTemplate">
                <Size x="150" y="25"/>
                <Anchors>
                    <Anchor point="TOPLEFT" relativeTo="$parent_LocalWhitelist" relativePoint="BOTTOMLEFT" x="0" y="0"/>
                </Anchors>
                <Scripts>
                    <OnClick>
                        ExtVendor_QVConfig_DeleteFromLocalWhitelist();
                    </OnClick>
                </Scripts>
            </Button>
            <Button name="$parent_ClearLocalWhitelistButton" inherits="UIPanelButtonTemplate">
                <Size x="150" y="25"/>
                <Anchors>
                    <Anchor point="LEFT" relativeTo="$parent_RemoveFromLocalWhitelistButton" relativePoint="RIGHT" x="0" y="0"/>
                </Anchors>
                <Scripts>
                    <OnClick>
                        StaticPopup_Show("EXTVENDOR_CONFIRM_CLEAR_LOCAL_WHITELIST");
                    </OnClick>
                </Scripts>
            </Button>
        </Frames>
        <Scripts>
            <OnLoad>
                ExtVendor_QVConfig_OnLoad(self);
            </OnLoad>
            <OnShow>
                ExtVendor_QVConfig_OnShow();
            </OnShow>
            <OnUpdate>
                ExtVendor_QVConfig_OnUpdate(self, elapsed);
            </OnUpdate>
            <OnDragStart>
                self:StartMoving();
            </OnDragStart>
            <OnDragStop>
                self:StopMovingOrSizing();
            </OnDragStop>
        </Scripts>
    </Frame>

</Ui>
