<Ui xmlns="http://www.blizzard.com/wow/ui/" xmlns:xsi="http://www.w3.org/2001/XMLSchema-instance" xsi:schemaLocation="http://www.blizzard.com/wow/ui/
..\FrameXML\UI.xsd">

    <Button name="ExtVendor_BlacklistedItemButtonTemplate" virtual="true">
        <Size>
            <AbsDimension x="400" y="20"/>
        </Size>
        <Layers>
            <Layer level="BACKGROUND">
                <Texture name="$parentSelection" file="Interface\QuestFrame\UI-QuestLogTitleHighlight" alphaMode="ADD" hidden="true">
                    <Color r="1" g="0.8" b="0" a="0.7"/>
                </Texture>
            </Layer>
            <Layer level="ARTWORK">
                <Texture name="$parentIcon" file="Interface/Icons/INV_Misc_QuestionMark">
                    <Size>
                        <AbsDimension x="18" y="18"/>
                    </Size>
                    <Anchors>
                        <Anchor point="LEFT"/>
                    </Anchors>
                </Texture>
                <FontString name="$parentName" inherits="GameFontNormalLeft">
                    <Anchors>
                        <Anchor point="LEFT" relativeTo="$parentIcon" relativePoint="RIGHT" x="5" y="0"/>
                        <Anchor point="RIGHT"/>
                    </Anchors>
                </FontString>
            </Layer>
        </Layers>
        <Scripts>
            <OnLoad>
                self:GetHighlightTexture():SetVertexColor(.196, .388, .8);
            </OnLoad>
            <OnEnter>
                ExtVendor_QVConfig_ShowBlacklistedItemTooltip(self);
            </OnEnter>
            <OnLeave>
                GameTooltip:Hide();
            </OnLeave>
            <OnClick>
                ExtVendor_QVConfig_SelectItemListButton(self);
            </OnClick>
        </Scripts>
		<HighlightTexture file="Interface\QuestFrame\UI-QuestLogTitleHighlight" alphaMode="ADD">
			<Anchors>
				<Anchor point="TOPLEFT">	
					<Offset>
						<AbsDimension x="0" y="1"/>
					</Offset>
				</Anchor>
				<Anchor point="BOTTOMRIGHT">	
					<Offset>
						<AbsDimension x="0" y="1"/>
					</Offset>
				</Anchor>
			</Anchors>
		</HighlightTexture>
    </Button>

    <Frame name="ExtVendor_ItemDropTemplate" virtual="true">
        <Size x="430" y="37"/>
        <Layers>
            <Layer level="ARTWORK">
                <FontString name="$parentText" inherits="GameFontNormal" justifyH="LEFT">
                    <Anchors>
                        <Anchor point="TOPLEFT" x="45" y="0"/>
                        <Anchor point="BOTTOMRIGHT" x="0" y="0"/>
                    </Anchors>
                </FontString>
            </Layer>
        </Layers>
        <Frames>
            <Button name="$parentButton" inherits="ItemButtonTemplate">
                <Anchors>
                    <Anchor point="LEFT" x="2" y="0"/>
                </Anchors>
                <Scripts>
                    <OnClick>
                        ExtVendor_QVConfig_OnItemDrop(self);
                    </OnClick>
                </Scripts>
            </Button>
        </Frames>
    </Frame>

    <Frame name="ExtVendor_ItemListTemplate" virtual="true">
        <Size x="430" y="120"/>
        <Backdrop bgFile="Interface\DialogFrame\UI-DialogBox-Background" edgeFile="Interface\Tooltips\UI-Tooltip-Border" tile="true">
            <EdgeSize>
                <AbsValue val="16"/>
            </EdgeSize>
            <TileSize>
                <AbsValue val="16"/>
            </TileSize>
            <BackgroundInsets>
                <AbsInset left="5" right="5" top="5" bottom="5"/>
            </BackgroundInsets>
        </Backdrop>
        <Layers>
            <Layer level="ARTWORK">
                <FontString name="$parentText" inherits="GameFontNormalLeft">
                    <Anchors>
                        <Anchor point="TOPLEFT" relativePoint="TOPLEFT" x="0" y="15"/>
                        <Anchor point="BOTTOMRIGHT" relativePoint="TOPRIGHT" x="0" y="0"/>
                    </Anchors>
                </FontString>
            </Layer>
        </Layers>
        <Frames>
            <ScrollFrame name="$parentItemList" inherits="HybridScrollFrameTemplate">
                <Size x="413" y="100"/>
                <Anchors>
                    <Anchor point="TOPLEFT" x="10" y="-10"/>
                </Anchors>
                <Frames>
                    <Slider name="$parentScrollBar" inherits="MinimalHybridScrollBarTemplate">
                        <Anchors>
                            <Anchor point="TOPLEFT" relativePoint="TOPRIGHT" x="0" y="-16"/>
                            <Anchor point="BOTTOMLEFT" relativePoint="BOTTOMRIGHT" x="0" y="12"/>
                        </Anchors>
                    </Slider>
                </Frames>
            </ScrollFrame>
        </Frames>
    </Frame>

</Ui>
