<Ui xmlns="http://www.blizzard.com/wow/ui/" xmlns:xsi="http://www.w3.org/2001/XMLSchema-instance" xsi:schemaLocation="http://www.blizzard.com/wow/ui/
..\..\FrameXML\UI.xsd">
	<Include file="MRTSkillWindowCommon.xml"/>

	<Frame name="MRTSkillGuildFrame" toplevel="true" frameStrata="DIALOG" hidden="true" parent="MRTSkillFrame" inherits="TranslucentFrameTemplate">
		<Size>
			<AbsDimension x="200" y="218"/>
		</Size>
		<Anchors>
			<Anchor point="BOTTOMRIGHT" relativeTo="MRTSkillFrame" relativePoint="BOTTOMRIGHT" x="-5" y="22"/>
		</Anchors>
		<Layers>
			<Layer level="ARTWORK">
				<FontString name="$parentTitle" inherits="GameFontNormal" text="GUILD_CRAFTERS">
					<Anchors>
						<Anchor point="TOPLEFT" x="18" y="-18"/>
					</Anchors>
				</FontString>
			</Layer>
		</Layers>
		<Frames>
			<Button name="$parentCloseButton" inherits="UIPanelCloseButton">
				<Anchors>
					<Anchor point="TOPRIGHT">
						<Offset>
							<AbsDimension x="-4" y="-4"/>
						</Offset>
					</Anchor>
				</Anchors>
			</Button>
			<Frame name="$parentContainer">
				<Anchors>
					<Anchor point="TOPLEFT" x="14" y="-36"/>
					<Anchor point="TOPRIGHT" x="-14" y="-36"/>
					<Anchor point="BOTTOM" x="0" y="14"/>
				</Anchors>
				<Backdrop bgFile="Interface\Tooltips\UI-Tooltip-Background" edgeFile="Interface\Tooltips\UI-Tooltip-Border" tile="true">
					<EdgeSize>
						<AbsValue val="12"/>
					</EdgeSize>
					<TileSize>
						<AbsValue val="8"/>
					</TileSize>
					<BackgroundInsets>
						<AbsInset left="1" right="1" top="1" bottom="1"/>
					</BackgroundInsets>
				</Backdrop>
				<Frames>
					<ScrollFrame name="MRTSkillGuildCraftersFrame" inherits="FauxScrollFrameTemplate">
						<Anchors>
							<Anchor point="TOPLEFT">
								<Offset x="0" y="-4"/>
							</Anchor>
							<Anchor point="BOTTOMRIGHT">
								<Offset x="-26" y="4"/>
							</Anchor>
						</Anchors>
						<Layers>
							<Layer level="BACKGROUND">
								<Texture name="$parentTrack">
									<Size x="18" y="0"/>
									<Anchors>
										<Anchor point="TOPLEFT" relativePoint="TOPRIGHT" x="4" y="-2"/>
										<Anchor point="BOTTOMLEFT" relativePoint="BOTTOMRIGHT" x="4" y="2"/>
									</Anchors>
									<Color r="0" g="0" b="0" a="1"/>
								</Texture>
							</Layer>
						</Layers>
						<Scripts>
							<OnVerticalScroll>
								FauxScrollFrame_OnVerticalScroll(self, offset, MRT_GUILD_SKILL_HEIGHT, MRTSkillGuildCraftersFrame_Update);
							</OnVerticalScroll>
						</Scripts>
					</ScrollFrame>
					<Button name="MRTSkillGuildCrafter1" inherits="MRTSkillGuildCrafterButtonTemplate" id="1">
						<Anchors>
							<Anchor point="TOPLEFT" x="4" y="-4"/>
						</Anchors>
					</Button>
					<Button name="MRTSkillGuildCrafter2" inherits="MRTSkillGuildCrafterButtonTemplate" id="2">
						<Anchors>
							<Anchor point="TOPLEFT" relativeTo="MRTSkillGuildCrafter1" relativePoint="BOTTOMLEFT" x="0" y="0"/>
						</Anchors>
					</Button>
					<Button name="MRTSkillGuildCrafter3" inherits="MRTSkillGuildCrafterButtonTemplate" id="3">
						<Anchors>
							<Anchor point="TOPLEFT" relativeTo="MRTSkillGuildCrafter2" relativePoint="BOTTOMLEFT" x="0" y="0"/>
						</Anchors>
					</Button>
					<Button name="MRTSkillGuildCrafter4" inherits="MRTSkillGuildCrafterButtonTemplate" id="4">
						<Anchors>
							<Anchor point="TOPLEFT" relativeTo="MRTSkillGuildCrafter3" relativePoint="BOTTOMLEFT" x="0" y="0"/>
						</Anchors>
					</Button>
					<Button name="MRTSkillGuildCrafter5" inherits="MRTSkillGuildCrafterButtonTemplate" id="5">
						<Anchors>
							<Anchor point="TOPLEFT" relativeTo="MRTSkillGuildCrafter4" relativePoint="BOTTOMLEFT" x="0" y="0"/>
						</Anchors>
					</Button>
					<Button name="MRTSkillGuildCrafter6" inherits="MRTSkillGuildCrafterButtonTemplate" id="6">
						<Anchors>
							<Anchor point="TOPLEFT" relativeTo="MRTSkillGuildCrafter5" relativePoint="BOTTOMLEFT" x="0" y="0"/>
						</Anchors>
					</Button>
					<Button name="MRTSkillGuildCrafter7" inherits="MRTSkillGuildCrafterButtonTemplate" id="7">
						<Anchors>
							<Anchor point="TOPLEFT" relativeTo="MRTSkillGuildCrafter6" relativePoint="BOTTOMLEFT" x="0" y="0"/>
						</Anchors>
					</Button>
					<Button name="MRTSkillGuildCrafter8" inherits="MRTSkillGuildCrafterButtonTemplate" id="8">
						<Anchors>
							<Anchor point="TOPLEFT" relativeTo="MRTSkillGuildCrafter7" relativePoint="BOTTOMLEFT" x="0" y="0"/>
						</Anchors>
					</Button>
					<Button name="MRTSkillGuildCrafter9" inherits="MRTSkillGuildCrafterButtonTemplate" id="9">
						<Anchors>
							<Anchor point="TOPLEFT" relativeTo="MRTSkillGuildCrafter8" relativePoint="BOTTOMLEFT" x="0" y="0"/>
						</Anchors>
					</Button>
					<Button name="MRTSkillGuildCrafter10" inherits="MRTSkillGuildCrafterButtonTemplate" id="10">
						<Anchors>
							<Anchor point="TOPLEFT" relativeTo="MRTSkillGuildCrafter9" relativePoint="BOTTOMLEFT" x="0" y="0"/>
						</Anchors>
					</Button>
				</Frames>
				<Scripts>
					<OnLoad>
						self:SetBackdropBorderColor(TOOLTIP_DEFAULT_COLOR.r, TOOLTIP_DEFAULT_COLOR.g, TOOLTIP_DEFAULT_COLOR.b);
						self:SetBackdropColor(0.0, 0.0, 0.0, 0.9);
					</OnLoad>
				</Scripts>
			</Frame>
		</Frames>
		<Scripts>
			<OnShow function="MRTSkillGuildFrame_OnShow"/>
		</Scripts>
	</Frame>
</Ui>