<Ui xmlns="http://www.blizzard.com/wow/ui/" xmlns:xsi="http://www.w3.org/2001/XMLSchema-instance" xsi:schemaLocation="http://www.blizzard.com/wow/ui/
..\..\FrameXML\UI.xsd">	
	<Include file="MRTSkillWindowCommon.xml"/>

	<Frame name="MRTQueueTileFrameTemplate" virtual="true">
		<Size x="240" y="40"/>
		<Anchors>
			<Anchor point="TOP">
				<Offset x="0" y="12"/>
			</Anchor>
		</Anchors>
		<Layers>
			<Layer level="ARTWORK">
				<Texture name="$parentBackgroundMiddle" file="Interface\DialogFrame\UI-DialogBox-Header">
					<Size x="140" y="40"/>
					<Anchors>
						<Anchor point="TOP"/>
					</Anchors>
					<TexCoords left="0.28125" right="0.71484375" top="0.0" bottom="0.625"/>
				</Texture>
				<Texture name="$parentBackgroundLeft" file="Interface\DialogFrame\UI-DialogBox-Header">
					<Size x="14" y="40"/>
					<Anchors>
						<Anchor point="RIGHT" relativeTo="$parentBackgroundMiddle" relativePoint="LEFT"/>
					</Anchors>
					<TexCoords left="0.2265625" right="0.28125" top="0.0" bottom="0.625"/>
				</Texture>
				<Texture name="$parentBackgroundRight" file="Interface\DialogFrame\UI-DialogBox-Header">
					<Size x="14" y="40"/>
					<Anchors>
						<Anchor point="LEFT" relativeTo="$parentBackgroundMiddle" relativePoint="RIGHT"/>
					</Anchors>
					<TexCoords left="0.71484375" right="0.76953125" top="0.0" bottom="0.625"/>
				</Texture>
				<FontString name="$parentText" inherits="GameFontNormal">
					<Size x="0" y="14"/>
					<Anchors>
						<Anchor point="TOP" relativeTo="$parentBackgroundMiddle">
							<Offset x="0" y="-14"/>
						</Anchor>
					</Anchors>
				</FontString>
			</Layer>
		</Layers>
	</Frame>

	<Frame name="MRTQueueFrame" parent="MRTSkillFrame" enableMouse="true" hidden="true">
		<!-- Basics -->
		<Size>
			<AbsDimension x="320" y="380"/>
		</Size>
		<Anchors>
			<Anchor point="TOPLEFT" relativePoint="TOPRIGHT">
				<Offset>
					<AbsDimension x="-35" y="-25"/>
				</Offset>
			</Anchor>
		</Anchors>
		<Backdrop edgeFile="Interface\DialogFrame\UI-DialogBox-Border" tile="true">
			<BackgroundInsets>
				<AbsInset left="11" right="12" top="12" bottom="11"/>
			</BackgroundInsets>
			<TileSize>
				<AbsValue val="32"/>
			</TileSize>
			<EdgeSize>
				<AbsValue val="32"/>
			</EdgeSize>
		</Backdrop>
		<Layers>
			<Layer level="BACKGROUND">
				<Texture name="MRTQueueBackground">
					<Anchors>
						<Anchor point="TOPLEFT">
							<Offset x="4" y="-4"/>
						</Anchor>
						<Anchor point="BOTTOMRIGHT">
							<Offset x="-4" y="4"/>
						</Anchor>
					</Anchors>
					<Color r="0.0" g="0.0" b="0.0" a="0.8"/>
				</Texture>
			</Layer>
		</Layers>
		<Frames>
			<Frame name="$parentTitle" inherits="MRTQueueTileFrameTemplate">
				<Scripts>
					<OnLoad>
						self:SetFrameLevel(self:GetParent():GetFrameLevel() + 6);
						MRTQueueFrameTitleText:SetText("Tradeskill Queue");
					</OnLoad>
				</Scripts>
			</Frame>
			<Frame name="$parentButtonBar">
				<Size x="318" y="26"/>
				<Anchors>
					<Anchor point="BOTTOM">
						<Offset x="0" y="5"/>
					</Anchor>
				</Anchors>
				<Layers>
					<Layer level="ARTWORK">
						<Texture name="$parentButtonFillerLeft" file="Interface\Buttons\UI-Button-Borders">
							<Size x="38" y="24"/>
							<Anchors>
								<Anchor point="BOTTOMLEFT">
									<Offset x="6" y="0" />
								</Anchor>
							</Anchors>
							<TexCoords left="0.0" right="0.162" top="0.59375" bottom="1.0"/>
						</Texture>
						<Texture name="$parentButtonFillerRight" file="Interface\Buttons\UI-Button-Borders">
							<Size x="34" y="24"/>
							<Anchors>
								<Anchor point="LEFT" relativeTo="$parentButtonFillerLeft" relativePoint="RIGHT"/>
							</Anchors>
							<TexCoords left="0.867" right="1.0" top="0.59375" bottom="1.0"/>
						</Texture>
					</Layer>
					<Layer level="BORDER">
						<Texture name="$parentButtonBorder" file="Interface\Buttons\UI-Button-Borders2">
							<Size x="246" y="26"/>
							<Anchors>
								<Anchor point="RIGHT"/>
							</Anchors>
							<TexCoords left="0.0" right="0.470703125" top="0.0" bottom="0.203125"/>
						</Texture>
					</Layer>
				</Layers>
				<Frames>
					<Button name="MRTQueueStepButton" inherits="UIPanelButtonTemplate" text="CREATE">
						<Size x="80" y="22"/>
						<Anchors>
							<Anchor point="RIGHT">
								<Offset x="-4" y="0"/>
							</Anchor>
						</Anchors>
						<Scripts>
							<!--<OnEnter function="PlayerTalentFrameResetButton_OnEnter"/>
							<OnLeave function="GameTooltip_Hide"/>
							<OnClick function="PlayerTalentFrameResetButton_OnClick"/>-->
						</Scripts>
					</Button>
					<Button name="MRTQueueRemoveButton" inherits="UIPanelButtonTemplate" text="Remove">
						<Size x="80" y="22"/>
						<Anchors>
							<Anchor point="RIGHT" relativeTo="MRTQueueStepButton" relativePoint="LEFT">
								<Offset x="-80" y="0" />
							</Anchor>
						</Anchors>
						<Scripts>
							<!--<OnEnter function="PlayerTalentFrameLearnButton_OnEnter"/>
							<OnLeave function="GameTooltip_Hide"/>
							<OnClick function="PlayerTalentFrameLearnButton_OnClick"/>-->
						</Scripts>
					</Button>
				</Frames>
			</Frame>
		</Frames>
	</Frame>
</Ui>