<Ui xmlns="http://www.blizzard.com/wow/ui/" xmlns:xsi="http://www.w3.org/2001/XMLSchema-instance" xsi:schemaLocation="http://www.blizzard.com/wow/ui/
..\..\FrameXML\UI.xsd">
	<Include file="MRTSkillWindowCommon.xml"/>
	
	<Frame name="MRTSkillFrame" toplevel="true" parent="UIParent" enableMouse="true" hidden="true" inherits="ButtonFrameTemplate">
		<!-- Basics -->
		<Size>
			<AbsDimension x="650" y="532"/>
		</Size>
		<!--><Anchors>
			<Anchor point="TOPLEFT">
				<Offset>
					<AbsDimension x="0" y="-104"/>
				</Offset>
			</Anchor>
		</Anchors>-->
		<!--<HitRectInsets>
			<AbsInset left="0" right="34" top="0" bottom="75"/>
		</HitRectInsets>-->
		
		<!-- Layers -->
		<Layers>
			<Layer level="ARTWORK">
				<Texture name="$parentTabardBackground" file="Interface\GuildFrame\GuildFrame">
					<Size x="62" y="62"/>
					<Anchors>
						<Anchor point="TOPLEFT" x="-6" y="7"/>
					</Anchors>
					<TexCoords left="0.63183594" right="0.69238281" top="0.61914063" bottom="0.74023438"/>
				</Texture>
			</Layer>
			<Layer level="ARTWORK" textureSubLevel="1">
				<Texture name="$parentTabardEmblem" file="Interface\GuildFrame\GuildEmblemsLG_01">
					<Size x="64" y="64"/>
					<Anchors>
						<Anchor point="TOPLEFT" x="-8" y="9"/>
					</Anchors>
				</Texture>
			</Layer>
			<Layer level="ARTWORK" textureSubLevel="2">
				<Texture name="$parentTabardBorder" file="Interface\GuildFrame\GuildFrame">
					<Size x="61" y="60"/>
					<Anchors>
						<Anchor point="TOPLEFT" x="-6" y="7"/>
					</Anchors>
					<TexCoords left="0.63183594" right="0.69238281" top="0.74414063" bottom="0.86523438"/>
				</Texture>
			</Layer>
			<Layer level="BACKGROUND">
				<Texture name="MRTSkillFramePortrait">
				  <Size>
					<AbsDimension x="64" y="64"/>
				  </Size>
				  <Anchors>
					<Anchor point="TOPLEFT">
					  <Offset>
						<AbsDimension x="5" y="-5"/>
					  </Offset>
					</Anchor>
				  </Anchors>
				</Texture>
			</Layer>
			<Layer level="ARTWORK">
				<Texture name="$parentMoneyBg" file="Interface\MoneyFrame\UI-MoneyFrame-Border">
					<Size x="148" y="34"/>
					<Anchors>
						<Anchor point="BOTTOMLEFT"  x="5" y="-9"/>
					</Anchors>
				</Texture>
			</Layer>
			<Layer level="OVERLAY">
				<FontString name="$parentDummyString" inherits="GameFontNormal" hidden="true">
					<Anchors>
						<Anchor point="TOPLEFT">
							<Offset x="0" y="0"/>
						</Anchor>
					</Anchors>
					<Size x="0" y="0"/>
				</FontString>
				<FontString name="$parentLineInfoDummyString" inherits="GameFontHighlightSmall" hidden="true">
					<Anchors>
						<Anchor point="TOPLEFT" />
					</Anchors>
				</FontString>
			</Layer>
		</Layers>
		
		<!-- Frames -->
		<Frames>
			<!--<CheckButton name="MRTToggleQueue">
				<Size>
					<AbsDimension x="32" y="32"/>
				</Size>
				<Anchors>
					<Anchor point="TOPLEFT" relativePoint="TOPLEFT">
						<Offset>
							<AbsDimension x="132" y="-44"/>
						</Offset>
					</Anchor>
				</Anchors>
				<Layers>
					<Layer level="ARTWORK">
						<FontString name="$parentText" inherits="GameFontNormalSmall" text="MRT_QUEUE">
							<Anchors>
								<Anchor point="TOP" relativePoint="BOTTOM">
									<Offset>
										<AbsDimension x="0" y="-2"/>
									</Offset>
								</Anchor>
							</Anchors>
						</FontString>
					</Layer>
				</Layers>
				<NormalTexture file="Interface\Icons\Spell_Holy_BorrowedTime">
					<TexCoords left="0" right="1.0" top="0" bottom="1.0"/>
				</NormalTexture>
				<HighlightTexture alphaMode="ADD" file="Interface\Buttons\ButtonHilight-Square"/>
				<CheckedTexture alphaMode="ADD" file="Interface\Buttons\CheckButtonHilight"/>
				<Scripts>
					<OnEnter>
						GameTooltip:SetOwner(self, "ANCHOR_LEFT");
						if( self:GetChecked() ) then
							GameTooltip:SetText(MRT_HIDE_QUEUE, nil, nil, nil, nil, 1);
						else
							GameTooltip:SetText(MRT_SHOW_QUEUE, nil, nil, nil, nil, 1);					
						end
					</OnEnter>
					<OnLeave function="GameTooltip_Hide"/>
					<OnClick function="MRTSkillWindow_OnQueueToggle"/>
				</Scripts>
			</CheckButton>-->
			
			<Button name="$parentFilterExpandButton">
				<Size x="32" y="32"/>
				<Anchors>
					<Anchor point="TOPLEFT" x="64" y="-26"/>
				</Anchors>
				<NormalTexture urgency="5" file="Interface\Buttons\UI-SpellbookIcon-PrevPage-Up"/>
				<PushedTexture urgency="5" file="Interface\Buttons\UI-SpellbookIcon-PrevPage-Down"/>
				<DisabledTexture urgency="5" file="Interface\Buttons\UI-SpellbookIcon-PrevPage-Disabled"/>
				<HighlightTexture file="Interface\Buttons\UI-Common-MouseHilight" alphaMode="ADD"/>
				<Scripts>
					<OnClick>
						MRTSkillWindow:ToggleExpanded();
						if (GameTooltip:GetOwner() == self) then
							self:GetScript("OnEnter")(self);
						end
					</OnClick>
					<OnEnter>
						GameTooltip:SetOwner(self, "ANCHOR_RIGHT");
						if (MRTSkillWindow.isExpanded) then
							GameTooltip:SetText(HIGHLIGHT_FONT_COLOR_CODE..MRT_HIDE_FILTERS..FONT_COLOR_CODE_CLOSE);
						else
							GameTooltip:SetText(HIGHLIGHT_FONT_COLOR_CODE..MRT_SHOW_FILTERS..FONT_COLOR_CODE_CLOSE);
						end
					</OnEnter>
					<OnLeave>
						GameTooltip:Hide();
					</OnLeave>
				</Scripts>
			</Button>
						
			<Frame name="MRTSkillItemDropDown" inherits="UIDropDownMenuTemplate" id="1" hidden="true">
				<Scripts>
					<OnLoad>
						UIDropDownMenu_SetWidth(self, 140);
					</OnLoad>
				</Scripts>
			</Frame>
			
			<!-- Search Parts -->
			<EditBox name="$parentSearchBox" autoFocus="false" frameLevel="2">
				<Size>
					<AbsDimension x="164" y="20"/>
				</Size>
				<Anchors>
					<Anchor point="TOPRIGHT" relativeTo="MRTSkillFrame" relativePoint="TOPRIGHT">
						<Offset x="-12" y="-32"/>
					</Anchor>
				</Anchors>
				<Layers>
					<Layer level="BACKGROUND">
						<Texture name="$parentLeft" urgency="5" file="Interface\Common\Common-Input-Border">
							<Size>
								<AbsDimension x="8" y="20"/>
							</Size>
							<Anchors>
								<Anchor point="TOPLEFT">
									<Offset x="-5" y="0"/>
								</Anchor>
							</Anchors>
							<TexCoords left="0" right="0.0625" top="0" bottom="0.625"/>
						</Texture>
						<Texture name="$parentRight" urgency="5" file="Interface\Common\Common-Input-Border">
							<Size>
								<AbsDimension x="8" y="20"/>
							</Size>
							<Anchors>
								<Anchor point="RIGHT">
									<Offset x="0" y="0"/>
								</Anchor>
							</Anchors>
							<TexCoords left="0.9375" right="1.0" top="0" bottom="0.625"/>
						</Texture>
						<Texture name="$parentMiddle" urgency="5" file="Interface\Common\Common-Input-Border">
							<Size>
								<AbsDimension x="0" y="20"/>
							</Size>
							<Anchors>
								<Anchor point="LEFT" relativeTo="$parentLeft" relativePoint="RIGHT"/>
								<Anchor point="RIGHT" relativeTo="$parentRight" relativePoint="LEFT"/>
							</Anchors>
							<TexCoords left="0.0625" right="0.9375" top="0" bottom="0.625"/>
						</Texture>
					</Layer>
					<Layer level="OVERLAY">
						<Texture name="$parentSearchIcon" file="Interface\Common\UI-Searchbox-Icon">
							<Color r="0.7" g="0.7" b="0.7" />
							<Size>
								<AbsDimension x="14" y="14"/>
							</Size>
							<Anchors>
								<Anchor point="LEFT" y="-2"/>
							</Anchors>
						</Texture>
					</Layer>
				</Layers>
				<Frames>
					<Button name="$parentClearButton" frameLevel="3" hidden="true">
						<Size>
							<AbsDimension x="16" y="16"/>
						</Size>
						<Anchors>
							<Anchor point="TOPRIGHT" relativeTo="$parent" relativePoint="TOPRIGHT">
								<Offset>
									<AbsDimension x="-2" y="-2"/>
								</Offset>
							</Anchor>
						</Anchors>
						<HitRectInsets>
							<AbsInset left="0" right="0" top="0" bottom="0"/>
						</HitRectInsets>
						<Scripts>
							<OnClick>
								MRTSkillFrameSearchBox:SetText("");
								EditBox_ClearFocus(MRTSkillFrameSearchBox);
								self:Hide();
							</OnClick>
							<OnEnter>
								GameTooltip:SetOwner(self, "ANCHOR_RIGHT");
								GameTooltip:SetText(MRT_CLEAR_SEARCH);
							</OnEnter>
							<OnLeave function="GameTooltip_Hide"/>
						</Scripts>
						<NormalTexture file="Interface\FriendsFrame\ClearBroadcastIcon"/>
						<PushedTexture file="Interface\FriendsFrame\ClearBroadcastIcon"/>
					</Button>
				</Frames>
				<Scripts>
					<OnShow>
						self:SetText(SEARCH);
						self:SetFontObject("GameFontDisable");
						TradeSkillFrameSearchBoxSearchIcon:SetVertexColor(0.6, 0.6, 0.6);
						self:SetTextInsets(16, 0, 0, 0);
					</OnShow>
					<OnEnterPressed function="EditBox_ClearFocus"/>
					<OnEscapePressed function="EditBox_ClearFocus"/>
					<OnTextChanged function="MRTSkillWindow_OnSearchTextChange"/>
					<OnEditFocusLost>
						self:HighlightText(0, 0);
						if ( self:GetText() == "" or self:GetText() == SEARCH ) then
							self:SetText(SEARCH);
							self:SetFontObject("GameFontDisable");
							TradeSkillFrameSearchBoxSearchIcon:SetVertexColor(0.6, 0.6, 0.6);
						end
					</OnEditFocusLost>
					<OnEditFocusGained>
						self:HighlightText();
						if ( self:GetText() == SEARCH ) then
							self:SetText("");
							self:SetFontObject("ChatFontSmall");
							TradeSkillFrameSearchBoxSearchIcon:SetVertexColor(1.0, 1.0, 1.0);
						end
					</OnEditFocusGained>
				</Scripts>
				<FontString inherits="ChatFontSmall"/>
			</EditBox>
			
			<Frame name="$parentSortDropDown" inherits="UIDropDownMenuTemplate" enableMouse="true">
				<Size x="180" y="32" />
				<Anchors>
					<Anchor point="TOPRIGHT" relativeTo="$parentSearchBox" relativePoint="TOPLEFT">
						<Offset>
							<AbsDimension x="0" y="4"/>
						</Offset>
					</Anchor>
				</Anchors>
				<Scripts>
				</Scripts>
			</Frame>
			
			<!-- Header Parts -->
			<Button name="MRTSkillLinkButton">
				<Size>
					<AbsDimension x="32" y="16"/>
				</Size>
				<Anchors>
					<Anchor point="LEFT" relativeTo="MRTSkillFrameTitleText" relativePoint="RIGHT">
						<Offset>
							<AbsDimension x="5" y="0"/>
						</Offset>
					</Anchor>
				</Anchors>
				<Scripts>
					<OnClick>
						local link=GetTradeSkillListLink();
						if (not ChatEdit_InsertLink(link)) then
						    ChatEdit_ActivateChat(ChatEdit_GetLastActiveWindow());
							ChatEdit_InsertLink(link);
						end
					</OnClick>
					<OnEnter>
						GameTooltip:SetOwner(self,"ANCHOR_TOPLEFT");
						GameTooltip:SetText(LINK_TRADESKILL_TOOLTIP, nil, nil, nil, nil, 1);
						GameTooltip:Show();
					</OnEnter>
					<OnLeave function="GameTooltip_Hide"/>
				</Scripts>
				<NormalTexture file="Interface\TradeSkillFrame\UI-TradeSkill-LinkButton">
					<TexCoords left="0" right="1.0" top="0" bottom="0.5"/>
				</NormalTexture>
				<HighlightTexture file="Interface\TradeSkillFrame\UI-TradeSkill-LinkButton" alphaMode="ADD">
					<TexCoords left="0" right="1.0" top="0.5" bottom="1.0"/>
				</HighlightTexture>
			</Button>
			<Button name="MRTSkillLinkNameButton">
				<Size x="400" y="20"/>
				<Anchors>
					<Anchor point="LEFT" relativeTo="MRTSkillFrameTitleText" relativePoint="RIGHT">
						<Offset>
							<AbsDimension x="5" y="0"/>
						</Offset>
					</Anchor>
				</Anchors>
				<Layers>
					<Layer level="OVERLAY">
						<FontString name="$parentTitleText" inherits="GameFontHighlight" text="">
							<Size x="400" y="20"/>
						</FontString>
					</Layer>
				</Layers>
				<Scripts>
					<OnClick>
						PlaySound("igMainMenuOptionCheckBoxOn");
						if self.linkedName then 
							ChatFrame_SendTell(self.linkedName);
						end
					</OnClick>
				</Scripts>
			</Button>

			<!-- Filter Buttons -->
			<Frame name="MRTSkillFilterButtons">
				<Size>
					<AbsDimension x="134" y="440"/>
				</Size>
				<Anchors>
					<Anchor point="TOPLEFT">
						<Offset>
							<AbsDimension x="9" y="-65"/>
						</Offset>
					</Anchor>
				</Anchors>
				<Layers>
					<Layer level="OVERLAY">
						<!-- Vertical Bar -->
						<Texture name="MRTSkillVerticalBarTop" file="Interface\FriendsFrame\UI-ChannelFrame-VerticalBar">
							<Size>
								<AbsDimension x="12" y="128"/>
							</Size>
							<Anchors>
								<Anchor point="TOPLEFT">
									<Offset>
										<AbsDimension x="152" y="5"/>
									</Offset>
								</Anchor>
							</Anchors>
							<TexCoords left="0" right="0.1875" top="0" bottom="1.0"/>
						</Texture>
						<Texture name="MRTSkillVerticalBarMiddle" file="Interface\FriendsFrame\UI-ChannelFrame-VerticalBar">
							<Size>
								<AbsDimension x="12" y="128"/>
							</Size>
							<Anchors>
								<Anchor point="TOPLEFT" relativeTo="MRTSkillVerticalBarTop" relativePoint="BOTTOMLEFT">
									<Offset>
										<AbsDimension x="1" y="0"/>
									</Offset>
								</Anchor>
							</Anchors>
							<TexCoords left="0.421875" right="0.609375" top="0" bottom="1.0"/>
						</Texture>
						<Texture name="MRTSkillVerticalBarMiddle2" file="Interface\FriendsFrame\UI-ChannelFrame-VerticalBar">
							<Size>
								<AbsDimension x="12" y="66"/>
							</Size>
							<Anchors>
								<Anchor point="TOPLEFT" relativeTo="MRTSkillVerticalBarMiddle" relativePoint="BOTTOMLEFT">
									<Offset>
										<AbsDimension x="0" y="0"/>
									</Offset>
								</Anchor>
							</Anchors>
							<TexCoords left="0.421875" right="0.609375" top="0" bottom="1.0"/>
						</Texture>
						<Texture name="MRTSkillVerticalBarBottom" file="Interface\FriendsFrame\UI-ChannelFrame-VerticalBar">
							<Size>
								<AbsDimension x="12" y="128"/>
							</Size>
							<Anchors>
								<Anchor point="TOPLEFT" relativeTo="MRTSkillVerticalBarMiddle2" relativePoint="BOTTOMLEFT">
									<Offset>
										<AbsDimension x="-1" y="0"/>
									</Offset>
								</Anchor>
							</Anchors>
							<TexCoords left="0.8125" right="1.0" top="0" bottom="1.0"/>
						</Texture>
					</Layer>
				</Layers>
				<Frames>
			<Button name="MRTSkillFilterButton1" inherits="MRTFilterButtonTemplate" id="1">
				<Anchors>
					<Anchor point="TOPLEFT">
						<Offset x="0" y="1" />
					</Anchor>
				</Anchors>
			</Button>
			<Button name="MRTSkillFilterButton2" inherits="MRTFilterButtonTemplate" id="2">
				<Anchors>
					<Anchor point="TOPLEFT" relativeTo="MRTSkillFilterButton1" relativePoint="BOTTOMLEFT">
						<Offset>
							<AbsDimension x="0" y="0"/>
						</Offset>
					</Anchor>
				</Anchors>
			</Button>
			<Button name="MRTSkillFilterButton3" inherits="MRTFilterButtonTemplate" id="3">
				<Anchors>
					<Anchor point="TOPLEFT" relativeTo="MRTSkillFilterButton2" relativePoint="BOTTOMLEFT">
						<Offset>
							<AbsDimension x="0" y="0"/>
						</Offset>
					</Anchor>
				</Anchors>
			</Button>
			<Button name="MRTSkillFilterButton4" inherits="MRTFilterButtonTemplate" id="4">
				<Anchors>
					<Anchor point="TOPLEFT" relativeTo="MRTSkillFilterButton3" relativePoint="BOTTOMLEFT">
						<Offset>
							<AbsDimension x="0" y="0"/>
						</Offset>
					</Anchor>
				</Anchors>
			</Button>
			<Button name="MRTSkillFilterButton5" inherits="MRTFilterButtonTemplate" id="5">
				<Anchors>
					<Anchor point="TOPLEFT" relativeTo="MRTSkillFilterButton4" relativePoint="BOTTOMLEFT">
						<Offset>
							<AbsDimension x="0" y="0"/>
						</Offset>
					</Anchor>
				</Anchors>
			</Button>
			<Button name="MRTSkillFilterButton6" inherits="MRTFilterButtonTemplate" id="6">
				<Anchors>
					<Anchor point="TOPLEFT" relativeTo="MRTSkillFilterButton5" relativePoint="BOTTOMLEFT">
						<Offset>
							<AbsDimension x="0" y="0"/>
						</Offset>
					</Anchor>
				</Anchors>
			</Button>
			<Button name="MRTSkillFilterButton7" inherits="MRTFilterButtonTemplate" id="7">
				<Anchors>
					<Anchor point="TOPLEFT" relativeTo="MRTSkillFilterButton6" relativePoint="BOTTOMLEFT">
						<Offset>
							<AbsDimension x="0" y="0"/>
						</Offset>
					</Anchor>
				</Anchors>
			</Button>
			<Button name="MRTSkillFilterButton8" inherits="MRTFilterButtonTemplate" id="8">
				<Anchors>
					<Anchor point="TOPLEFT" relativeTo="MRTSkillFilterButton7" relativePoint="BOTTOMLEFT">
						<Offset>
							<AbsDimension x="0" y="0"/>
						</Offset>
					</Anchor>
				</Anchors>
			</Button>
			<Button name="MRTSkillFilterButton9" inherits="MRTFilterButtonTemplate" id="9">
				<Anchors>
					<Anchor point="TOPLEFT" relativeTo="MRTSkillFilterButton8" relativePoint="BOTTOMLEFT">
						<Offset>
							<AbsDimension x="0" y="0"/>
						</Offset>
					</Anchor>
				</Anchors>
			</Button>
			<Button name="MRTSkillFilterButton10" inherits="MRTFilterButtonTemplate" id="10">
				<Anchors>
					<Anchor point="TOPLEFT" relativeTo="MRTSkillFilterButton9" relativePoint="BOTTOMLEFT">
						<Offset>
							<AbsDimension x="0" y="0"/>
						</Offset>
					</Anchor>
				</Anchors>
			</Button>
			<Button name="MRTSkillFilterButton11" inherits="MRTFilterButtonTemplate" id="11">
				<Anchors>
					<Anchor point="TOPLEFT" relativeTo="MRTSkillFilterButton10" relativePoint="BOTTOMLEFT">
						<Offset>
							<AbsDimension x="0" y="0"/>
						</Offset>
					</Anchor>
				</Anchors>
			</Button>
			<Button name="MRTSkillFilterButton12" inherits="MRTFilterButtonTemplate" id="12">
				<Anchors>
					<Anchor point="TOPLEFT" relativeTo="MRTSkillFilterButton11" relativePoint="BOTTOMLEFT">
						<Offset>
							<AbsDimension x="0" y="0"/>
						</Offset>
					</Anchor>
				</Anchors>
			</Button>
			<Button name="MRTSkillFilterButton13" inherits="MRTFilterButtonTemplate" id="13">
				<Anchors>
					<Anchor point="TOPLEFT" relativeTo="MRTSkillFilterButton12" relativePoint="BOTTOMLEFT">
						<Offset>
							<AbsDimension x="0" y="0"/>
						</Offset>
					</Anchor>
				</Anchors>
			</Button>
			<Button name="MRTSkillFilterButton14" inherits="MRTFilterButtonTemplate" id="14">
				<Anchors>
					<Anchor point="TOPLEFT" relativeTo="MRTSkillFilterButton13" relativePoint="BOTTOMLEFT">
						<Offset>
							<AbsDimension x="0" y="0"/>
						</Offset>
					</Anchor>
				</Anchors>
			</Button>
			<Button name="MRTSkillFilterButton15" inherits="MRTFilterButtonTemplate" id="15">
				<Anchors>
					<Anchor point="TOPLEFT" relativeTo="MRTSkillFilterButton14" relativePoint="BOTTOMLEFT">
						<Offset>
							<AbsDimension x="0" y="0"/>
						</Offset>
					</Anchor>
				</Anchors>
			</Button>
			<Button name="MRTSkillFilterButton16" inherits="MRTFilterButtonTemplate" id="16">
				<Anchors>
					<Anchor point="TOPLEFT" relativeTo="MRTSkillFilterButton15" relativePoint="BOTTOMLEFT">
						<Offset>
							<AbsDimension x="0" y="0"/>
						</Offset>
					</Anchor>
				</Anchors>
			</Button>
			<Button name="MRTSkillFilterButton17" inherits="MRTFilterButtonTemplate" id="17">
				<Anchors>
					<Anchor point="TOPLEFT" relativeTo="MRTSkillFilterButton16" relativePoint="BOTTOMLEFT">
						<Offset>
							<AbsDimension x="0" y="0"/>
						</Offset>
					</Anchor>
				</Anchors>
			</Button>
			<Button name="MRTSkillFilterButton18" inherits="MRTFilterButtonTemplate" id="18">
				<Anchors>
					<Anchor point="TOPLEFT" relativeTo="MRTSkillFilterButton17" relativePoint="BOTTOMLEFT">
						<Offset>
							<AbsDimension x="0" y="0"/>
						</Offset>
					</Anchor>
				</Anchors>
			</Button>
			<Button name="MRTSkillFilterButton19" inherits="MRTFilterButtonTemplate" id="19">
				<Anchors>
					<Anchor point="TOPLEFT" relativeTo="MRTSkillFilterButton18" relativePoint="BOTTOMLEFT">
						<Offset>
							<AbsDimension x="0" y="0"/>
						</Offset>
					</Anchor>
				</Anchors>
			</Button>
			<Button name="MRTSkillFilterButton20" inherits="MRTFilterButtonTemplate" id="20">
				<Anchors>
					<Anchor point="TOPLEFT" relativeTo="MRTSkillFilterButton19" relativePoint="BOTTOMLEFT">
						<Offset>
							<AbsDimension x="0" y="0"/>
						</Offset>
					</Anchor>
				</Anchors>
			</Button>
			<Button name="MRTSkillFilterButton21" inherits="MRTFilterButtonTemplate" id="21">
				<Anchors>
					<Anchor point="TOPLEFT" relativeTo="MRTSkillFilterButton20" relativePoint="BOTTOMLEFT">
						<Offset>
							<AbsDimension x="0" y="0"/>
						</Offset>
					</Anchor>
				</Anchors>
			</Button>
			<Button name="MRTSkillFilterButton22" inherits="MRTFilterButtonTemplate" id="22">
				<Anchors>
					<Anchor point="TOPLEFT" relativeTo="MRTSkillFilterButton21" relativePoint="BOTTOMLEFT">
						<Offset>
							<AbsDimension x="0" y="0"/>
						</Offset>
					</Anchor>
				</Anchors>
			</Button>
			<ScrollFrame name="MRTSkillFilterScrollFrame" inherits="FauxScrollFrameTemplate" frameStrata="ARTWORK">
				<Size>
					<AbsDimension x="134" y="440"/>
				</Size>
				<Anchors>
					<Anchor point="TOPLEFT">

					</Anchor>
				</Anchors>
				<Layers>
					<Layer level="BACKGROUND">
						<Texture Name="$parentTopArt" file="Interface\PaperDollInfoFrame\UI-Character-ScrollBar">
							<Size>
								<AbsDimension x="31" y="256"/>
							</Size>
							<Anchors>
								<Anchor point="TOPLEFT" relativePoint="TOPRIGHT">
									<Offset>
										<AbsDimension x="-2" y="5"/>
									</Offset>
								</Anchor>
							</Anchors>
							<TexCoords left="0" right="0.484375" top="0" bottom="1.0"/>
						</Texture>
						<Texture file="Interface\PaperDollInfoFrame\UI-Character-ScrollBar">
							<Size>
								<AbsDimension x="31" y="84"/>
							</Size>
							<Anchors>
								<Anchor point="TOPLEFT" relativeTo="$parentTopArt" relativePoint="BOTTOMLEFT" />
							</Anchors>
							<TexCoords left="0" right="0.484375" top="0.65" bottom="1.0"/>
						</Texture>
						<Texture file="Interface\PaperDollInfoFrame\UI-Character-ScrollBar">
							<Size>
								<AbsDimension x="31" y="112"/>
							</Size>
							<Anchors>
								<Anchor point="BOTTOMLEFT" relativePoint="BOTTOMRIGHT">
									<Offset>
										<AbsDimension x="-2" y="-2"/>
									</Offset>
								</Anchor>
							</Anchors>
							<TexCoords left="0.515625" right="1.0" top="0" bottom="0.4140625"/>
						</Texture>
					</Layer>
				</Layers>
				<Scripts>
					<OnVerticalScroll>
						FauxScrollFrame_OnVerticalScroll(self, offset, MRTRADER_TRADE_SKILL_FILTER_HEIGHT, MRTSkillWindow_UpdateFilters);
					</OnVerticalScroll>
				</Scripts>
			</ScrollFrame>
		</Frames>
	</Frame>
			
			<!-- Skill List Buttons -->
			<Frame name="MRTSkillButtons">
				<Size>
					<AbsDimension x="443" y="440"/>
					<!--<AbsDimension x="293" y="16"/>-->
				</Size>
				<Anchors>
					<Anchor point="TOPRIGHT" relativeTo="MRTSkillFrame">
						<Offset>
							<AbsDimension x="-32" y="-65"/>
						</Offset>
					</Anchor>
				</Anchors>
				<Frames>
			
			<Frame name="MRTSkillHighlightFrame" hidden="true">
				<Size>
					<AbsDimension x="293" y="40"/>
				</Size>
				<Anchors>
					<Anchor point="TOPLEFT"/>
				</Anchors>
				<Layers>
					<Layer level="Background">
						<Texture name="MRTSkillHighlight" file="Interface\Buttons\UI-Listbox-Highlight2"/>
					</Layer>
				</Layers>
			</Frame>
			<Button name="MRTSkillButton1" inherits="MRTSkillDetailTemplate">
				<Anchors>
					<Anchor point="TOPLEFT">
						<Offset x="0" y="2" />
					</Anchor>
				</Anchors>
			</Button>
			<Button name="MRTSkillButton2" inherits="MRTSkillDetailTemplate">
				<Anchors>
					<Anchor point="TOPLEFT" relativeTo="MRTSkillButton1" relativePoint="BOTTOMLEFT">
						<Offset>
							<AbsDimension x="0" y="0"/>
						</Offset>
					</Anchor>
				</Anchors>
			</Button>
			<Button name="MRTSkillButton3" inherits="MRTSkillDetailTemplate">
				<Anchors>
					<Anchor point="TOPLEFT" relativeTo="MRTSkillButton2" relativePoint="BOTTOMLEFT">
						<Offset>
							<AbsDimension x="0" y="0"/>
						</Offset>
					</Anchor>
				</Anchors>
			</Button>
			<Button name="MRTSkillButton4" inherits="MRTSkillDetailTemplate">
				<Anchors>
					<Anchor point="TOPLEFT" relativeTo="MRTSkillButton3" relativePoint="BOTTOMLEFT">
						<Offset>
							<AbsDimension x="0" y="0"/>
						</Offset>
					</Anchor>
				</Anchors>
			</Button>
			<Button name="MRTSkillButton5" inherits="MRTSkillDetailTemplate">
				<Anchors>
					<Anchor point="TOPLEFT" relativeTo="MRTSkillButton4" relativePoint="BOTTOMLEFT">
						<Offset>
							<AbsDimension x="0" y="0"/>
						</Offset>
					</Anchor>
				</Anchors>
			</Button>
			<Button name="MRTSkillButton6" inherits="MRTSkillDetailTemplate">
				<Anchors>
					<Anchor point="TOPLEFT" relativeTo="MRTSkillButton5" relativePoint="BOTTOMLEFT">
						<Offset>
							<AbsDimension x="0" y="0"/>
						</Offset>
					</Anchor>
				</Anchors>
			</Button>
			<Button name="MRTSkillButton7" inherits="MRTSkillDetailTemplate">
				<Anchors>
					<Anchor point="TOPLEFT" relativeTo="MRTSkillButton6" relativePoint="BOTTOMLEFT">
						<Offset>
							<AbsDimension x="0" y="0"/>
						</Offset>
					</Anchor>
				</Anchors>
			</Button>
			<Button name="MRTSkillButton8" inherits="MRTSkillDetailTemplate">
				<Anchors>
					<Anchor point="TOPLEFT" relativeTo="MRTSkillButton7" relativePoint="BOTTOMLEFT">
						<Offset>
							<AbsDimension x="0" y="0"/>
						</Offset>
					</Anchor>
				</Anchors>
			</Button>
			<Button name="MRTSkillButton9" inherits="MRTSkillDetailTemplate">
				<Anchors>
					<Anchor point="TOPLEFT" relativeTo="MRTSkillButton8" relativePoint="BOTTOMLEFT">
						<Offset>
							<AbsDimension x="0" y="0"/>
						</Offset>
					</Anchor>
				</Anchors>
			</Button>
			<Button name="MRTSkillButton10" inherits="MRTSkillDetailTemplate">
				<Anchors>
					<Anchor point="TOPLEFT" relativeTo="MRTSkillButton9" relativePoint="BOTTOMLEFT">
						<Offset>
							<AbsDimension x="0" y="0"/>
						</Offset>
					</Anchor>
				</Anchors>
			</Button>

			<ScrollFrame name="MRTSkillListScrollFrame" inherits="FauxScrollFrameTemplate">
				<Size>
					<AbsDimension x="440" y="440"/>
				</Size>
				<Anchors>
					<Anchor point="TOPRIGHT">
					<!--	<Offset>
							<AbsDimension x="-33" y="-74"/>
						</Offset>-->
					</Anchor>
				</Anchors>
				<Layers>
					<Layer level="BACKGROUND">
						<Texture Name="$parentTopArt" file="Interface\PaperDollInfoFrame\UI-Character-ScrollBar">
							<Size>
								<AbsDimension x="31" y="256"/>
							</Size>
							<Anchors>
								<Anchor point="TOPLEFT" relativePoint="TOPRIGHT">
									<Offset>
										<AbsDimension x="-2" y="5"/>
									</Offset>
								</Anchor>
							</Anchors>
							<TexCoords left="0" right="0.484375" top="0" bottom="1.0"/>
						</Texture>
						<Texture file="Interface\PaperDollInfoFrame\UI-Character-ScrollBar">
							<Size>
								<AbsDimension x="31" y="84"/>
							</Size>
							<Anchors>
								<Anchor point="TOPLEFT" relativeTo="$parentTopArt" relativePoint="BOTTOMLEFT" />
							</Anchors>
							<TexCoords left="0" right="0.484375" top="0.65" bottom="1.0"/>
						</Texture>
						<Texture file="Interface\PaperDollInfoFrame\UI-Character-ScrollBar">
							<Size>
								<AbsDimension x="31" y="112"/>
							</Size>
							<Anchors>
								<Anchor point="BOTTOMLEFT" relativePoint="BOTTOMRIGHT">
									<Offset>
										<AbsDimension x="-2" y="-2"/>
									</Offset>
								</Anchor>
							</Anchors>
							<TexCoords left="0.515625" right="1.0" top="0" bottom="0.4140625"/>
						</Texture>
					</Layer>
				</Layers>
				<Scripts>
					<OnVerticalScroll>
						FauxScrollFrame_OnVerticalScroll(self, offset, MRTRADER_TRADE_SKILL_HEIGHT, MRTSkillWindow_Update);
					</OnVerticalScroll>
				</Scripts>
			</ScrollFrame>
				</Frames>
			</Frame>
			<!-- Rank Display -->
			<StatusBar name="MRTSkillRankFrame" drawLayer="BACKGROUND" minValue="0" maxValue="1" defaultValue="0" enableMouse="false">
				<Size>
					<AbsDimension x="142" y="15"/>
				</Size>
				<Anchors>
					<Anchor point="TOPLEFT" relativeTo="MRTSkillFrameMoneyBg">
						<Offset>
							<AbsDimension x="3" y="-3"/>
						</Offset>
					</Anchor>
				</Anchors>
				<Layers>
					<Layer level="ARTWORK">
						<FontString name="$parentSkillRank" inherits="GameFontHighlightSmall" justifyH="CENTER">
							<Size>
								<AbsDimension x="0" y="9"/>
							</Size>
							<Anchors>
								<Anchor point="TOP" relativeTo="MRTSkillRankFrame">
									<Offset>
										<AbsDimension x="0" y="-2"/>
									</Offset>
								</Anchor>
							</Anchors>
						</FontString>
						<!--><Texture name="$parentBorder" file="Interface\PaperDollInfoFrame\UI-Character-Skills-BarBorder">
							<Size>
								<AbsDimension x="154" y="15"/>
							</Size>
							<Anchors>
								<Anchor point="LEFT">
									<Offset>
										<AbsDimension x="-1" y="0"/>
									</Offset>
								</Anchor>
							</Anchors>
						</Texture>-->
					</Layer>
					<Layer level="BACKGROUND">
						<Texture name="$parentBackground">
							<Color r="1.0" g="1.0" b="1.0" a="0.2"/>
						</Texture>
					</Layer>
				</Layers>
				<Scripts>
					<OnLoad>
						self:RegisterEvent("SKILL_LINES_CHANGED");
					</OnLoad>
					<OnEvent function="MRTSkillWindow_UpdateHeaders"/>
				</Scripts>
				<BarTexture name="$parentBar" file="Interface\PaperDollInfoFrame\UI-Character-Skills-Bar"/>
				<BarColor r="0.25" g="0.75" b="0.75"/>
			</StatusBar>
			
			<!-- View Guild Crafters Button -->
			<Button name="MRTSkillViewCraftersButton" inherits="MagicButtonTemplate" text="GUILD_TRADE_SKILL_VIEW_CRAFTERS" hidden="true">
				<Size>
					<AbsDimension x="160" y="22"/>
				</Size>
				<Anchors>
					<Anchor point="BOTTOMRIGHT" relativeTo="MRTSkillFrame" />
				</Anchors>
				<Scripts>
					<OnClick function="MRTSkillWindowViewGuildCraftersButton_OnClick"/>
					<OnEnter>
						GameTooltip_AddNewbieTip(self, GUILD_TRADE_SKILL_VIEW_CRAFTERS, 1.0, 1.0, 1.0, NEWBIE_TOOLTIP_VIEWGUILD, 1);
					</OnEnter>
					<OnLeave function="GameTooltip_Hide"/>
				</Scripts>
			</Button>
			
			<!-- Crafting Buttons -->
			<Button name="MRTSkillCreateButton" inherits="MagicButtonTemplate" text="CREATE_PROFESSION">
				<Size>
					<AbsDimension x="80" y="22"/>
				</Size>
				<Anchors>
					<Anchor point="BOTTOMRIGHT" relativeTo="MRTSkillFrame" />
				</Anchors>
				<Frames>
					<Frame name="$parentMask" setAllPoints="true" enableMouse="true" hidden="true">
						<Scripts>
							<OnEnter>
								if (self.tooltip) then
									GameTooltip:SetOwner(self, "ANCHOR_LEFT");
									GameTooltip:SetText(self.tooltip, nil, nil, nil, nil, 1);
								end
							</OnEnter>
							<OnLeave function="GameTooltip_Hide"/>
						</Scripts>
					</Frame>
				</Frames>
				<Scripts>
					<OnClick>
						if ( (not PartialPlayTime()) and (not NoPlayTime()) ) then
							DoTradeSkill(MRTSkillWindow.selectedSkill, MRTSkillInputBox:GetNumber());
							MRTSkillInputBox:ClearFocus();
						end
					</OnClick>
				</Scripts>
			</Button>

				<Button name="MRTSkillIncrementButton">
					<Size>
						<AbsDimension x="23" y="22"/>
					</Size>
					<Anchors>
						<Anchor point="RIGHT" relativeTo="MRTSkillCreateButton" relativePoint="LEFT">
							<Offset>
								<AbsDimension x="-1" y="0"/>
							</Offset>
						</Anchor>
					</Anchors>
					<Scripts>
						<OnClick>
							MRTSkillWindow_OnIncrementClick();
							MRTSkillInputBox:ClearFocus();
						</OnClick>
					</Scripts>
					<NormalTexture file="Interface\Buttons\UI-SpellbookIcon-NextPage-Up"/>
					<PushedTexture file="Interface\Buttons\UI-SpellbookIcon-NextPage-Down"/>
					<DisabledTexture file="Interface\Buttons\UI-SpellbookIcon-NextPage-Disabled"/>
					<HighlightTexture file="Interface\Buttons\UI-Common-MouseHilight" alphaMode="ADD"/>
				</Button>
				<EditBox name="MRTSkillInputBox" letters="3" numeric="true" autoFocus="false">
						<Size>
							<AbsDimension x="30" y="20"/>
						</Size>
						<Anchors>
							<Anchor point="RIGHT" relativeTo="MRTSkillIncrementButton" relativePoint="LEFT">
								<Offset>
									<AbsDimension x="0" y="0"/>
								</Offset>
							</Anchor>
						</Anchors>
						<Layers>
							<Layer level="BACKGROUND">
								<Texture name="$parentLeft" file="Interface\Common\Common-Input-Border">
									<Size>
										<AbsDimension x="8" y="20"/>
									</Size>
									<Anchors>
										<Anchor point="TOPLEFT">
											<Offset>
												<AbsDimension x="-5" y="0"/>
											</Offset>
										</Anchor>
									</Anchors>
									<TexCoords left="0" right="0.0625" top="0" bottom="0.625"/>
								</Texture>
								<Texture name="$parentRight" file="Interface\Common\Common-Input-Border">
									<Size>
										<AbsDimension x="8" y="20"/>
									</Size>
									<Anchors>
										<Anchor point="RIGHT">
											<Offset>
												<AbsDimension x="0" y="0"/>
											</Offset>
										</Anchor>
									</Anchors>
									<TexCoords left="0.9375" right="1.0" top="0" bottom="0.625"/>
								</Texture>
								<Texture name="$parentMiddle" file="Interface\Common\Common-Input-Border">
									<Size>
										<AbsDimension x="10" y="20"/>
									</Size>
									<Anchors>
										<Anchor point="LEFT" relativeTo="$parentLeft" relativePoint="RIGHT"/>
										<Anchor point="RIGHT" relativeTo="$parentRight" relativePoint="LEFT"/>
									</Anchors>
									<TexCoords left="0.0625" right="0.9375" top="0" bottom="0.625"/>
								</Texture>
							</Layer>
						</Layers>
						<Scripts>
							<OnEnterPressed function="EditBox_ClearFocus"/>
							<OnEscapePressed function="EditBox_ClearFocus"/>
							<OnTextChanged>
								if ( self:GetText() == "0" ) then
									self:SetText("1");
								end
							</OnTextChanged> 
							<OnEditFocusLost function="EditBox_ClearHighlight"/>
							<OnEditFocusGained function="EditBox_HighlightText"/>
						</Scripts>
						<FontString inherits="ChatFontNormal"/>
					</EditBox>
			<Button name="MRTSkillDecrementButton">
					<Size>
						<AbsDimension x="23" y="22"/>
					</Size>
					<Anchors>
						<Anchor point="RIGHT" relativeTo="MRTSkillInputBox" relativePoint="LEFT">
							<Offset>
								<AbsDimension x="-3" y="0"/>
							</Offset>
						</Anchor>
					</Anchors>
					<Scripts>
						<OnClick>
							MRTSkillWindow_OnDecrementClick();
							MRTSkillInputBox:ClearFocus();
						</OnClick>
					</Scripts>
					<NormalTexture file="Interface\Buttons\UI-SpellbookIcon-PrevPage-Up"/>
					<PushedTexture file="Interface\Buttons\UI-SpellbookIcon-PrevPage-Down"/>
					<DisabledTexture file="Interface\Buttons\UI-SpellbookIcon-PrevPage-Disabled"/>
					<HighlightTexture file="Interface\Buttons\UI-Common-MouseHilight" alphaMode="ADD"/>
				</Button>
				<Button name="MRTSkillCreateAllButton" inherits="MagicButtonTemplate" text="CREATE_ALL">
						<Size>
							<AbsDimension x="80" y="22"/>
						</Size>
						<Anchors>
							<Anchor point="RIGHT" relativeTo="MRTSkillDecrementButton" relativePoint="LEFT">
								<Offset x="-2" y="0" />
							</Anchor>
						</Anchors>
						<Frames>
							<Frame name="$parentMask" setAllPoints="true" enableMouse="true" hidden="true">
								<Scripts>
									<OnEnter>
										if (self.tooltip) then
											GameTooltip:SetOwner(self, "ANCHOR_LEFT");
											GameTooltip:SetText(self.tooltip, nil, nil, nil, nil, 1);
										end
									</OnEnter>
									<OnLeave function="GameTooltip_Hide"/>
								</Scripts>
							</Frame>
						</Frames>
						<Scripts>
							<OnClick>
								if ( (not PartialPlayTime()) and (not NoPlayTime()) ) then
									MRTSkillInputBox:SetNumber(MRTSkillWindow.numAvailable);
									DoTradeSkill(MRTSkillWindow.selectedSkill, MRTSkillWindow.numAvailable);
									MRTSkillInputBox:ClearFocus();
								end
							</OnClick>
						</Scripts>
					</Button>




			<!-- New Category Frame -->
			<Frame name="MRTNewCategoryFrame" hidden="true" toplevel="true" enableKeyboard="true" enableMouse="true">
				<Size>
					<AbsDimension x="212" y="128"/>
				</Size>
				<Anchors>
					<Anchor point="CENTER" relativeTo="UIParent">
						<Offset>
							<AbsDimension x="0" y="100"/>
						</Offset>
					</Anchor>
				</Anchors>
				<Backdrop bgFile="Interface\DialogFrame\UI-DialogBox-Background" edgeFile="Interface\DialogFrame\UI-DialogBox-Border" tile="true">
					<BackgroundInsets>
						<AbsInset left="11" right="12" top="12" bottom="11"/>
					</BackgroundInsets>
					<TileSize>
						<AbsValue val="32"/>
					</TileSize>
					<EdgeSize>
						<AbsValue val="32"/>
					</EdgeSize>
				</Backdrop>
				<Layers>
					<Layer level="BORDER">
						<FontString name="$parentName" inherits="GameFontNormal" text="MRTRADER_NEW_FAVORITE_GROUP">
							<Size>
								<AbsDimension x="0" y="12"/>
							</Size>
							<Anchors>
								<Anchor point="TOP">
									<Offset>
										<AbsDimension x="-5" y="-13"/>
									</Offset>
								</Anchor>
							</Anchors>
						</FontString>
						<Texture name="$parentTitlebar" file="Interface\FriendsFrame\UI-ChannelFrame-Titlebar">
							<Size>
								<AbsDimension x="256" y="32"/>
							</Size>
							<Anchors>
								<Anchor point="TOPLEFT">
									<Offset>
										<AbsDimension x="8" y="-8"/>
									</Offset>
								</Anchor>
							</Anchors>
						</Texture>
					</Layer>
					<Layer level="OVERLAY">
						<Texture name="$parentCorner" file="Interface\DialogFrame\UI-DialogBox-Corner">
							<Size>
								<AbsDimension x="32" y="32"/>
							</Size>
							<Anchors>
								<Anchor point="TOPRIGHT">
									<Offset>
										<AbsDimension x="-6" y="-7"/>
									</Offset>
								</Anchor>
							</Anchors>
						</Texture>
					</Layer>
				</Layers>
				<Frames>
					<EditBox name="$parentCategoryName" letters="31" multiLine="false" enableMouse="true" autoFocus="true" inherits="InputBoxTemplate">
						<Size x="170" y="16"/>
						<Anchors>
							<Anchor point="TOPLEFT">
								<Offset x="23" y="-60"/>
							</Anchor>
						</Anchors>
						<Layers>
							<Layer level="BACKGROUND">
								<FontString name="$parentLabel" inherits="GameFontNormal" text="MRTRADER_NAME">
									<Anchors>
										<Anchor point="TOPLEFT">
											<Offset x="0" y="15"/>
										</Anchor>
									</Anchors>
								</FontString>
							</Layer>
						</Layers>
						<Scripts>
							<OnEnterPressed>
								if ( self:GetText() ) then
									MRTNewCategoryFrame_Okay(self);
								else
									MRTNewCategoryFrame_Cancel(self);
								end
							</OnEnterPressed>
							<OnEscapePressed function="MRTNewCategoryFrame_Cancel"/>
						</Scripts>
					</EditBox>
					<Button name="$parentDetailCloseButton" inherits="UIPanelCloseButton">
						<Anchors>
							<Anchor point="TOPRIGHT">
								<Offset x="-2" y="-3"/>
							</Anchor>
						</Anchors>
					</Button>
					<Button name="$parentOkayButton" inherits="UIPanelButtonTemplate" text="OKAY">
						<Size>
							<AbsDimension x="96" y="22"/>
						</Size>
						<Anchors>
							<Anchor point="BOTTOMLEFT">
								<Offset>
									<AbsDimension x="10" y="12"/>
								</Offset>
							</Anchor>
						</Anchors>
						<Scripts>
							<OnClick function="MRTNewCategoryFrame_Okay"/>
						</Scripts>
						<NormalFont style="GameFontNormalSmall"/>
						<HighlightFont style="GameFontHighlightSmall"/>
						<DisabledFont style="GameFontDisableSmall"/>
					</Button>
					<Button name="$parentCancelButton" inherits="UIPanelButtonTemplate" text="CANCEL">
						<Size>
							<AbsDimension x="96" y="22"/>
						</Size>
						<Anchors>
							<Anchor point="LEFT" relativeTo="$parentOkayButton" relativePoint="RIGHT">
								<Offset>
									<AbsDimension x="1" y="0"/>
								</Offset>
							</Anchor>
						</Anchors>
						<Scripts>
							<OnClick function="MRTNewCategoryFrame_Cancel"/>
						</Scripts>
						<NormalFont style="GameFontNormalSmall"/>
						<HighlightFont style="GameFontHighlightSmall"/>
						<DisabledFont style="GameFontDisableSmall"/>
					</Button>
				</Frames>
				<Scripts>
					<OnShow>
						PlaySound("UChatScrollButton");
					</OnShow>
					<OnHide>
						MRTNewCategoryFrameCategoryName:SetText("");
						PlaySound("UChatScrollButton");
					</OnHide>
				</Scripts>
			</Frame>
		</Frames>
		<Scripts>
			<OnShow>
				PlaySound("igCharacterInfoOpen");
				MRTSkillWindow_OnShow();
			</OnShow>
			<OnHide>
				MRTSkillWindow_OnHide();
				PlaySound("igCharacterInfoClose");
			</OnHide>
			<OnMouseDown>
				MRTSkillWindow_OnMouseDown();
			</OnMouseDown>
			<OnMouseUp>
				MRTSkillWindow_OnMouseUp();
			</OnMouseUp>
		</Scripts>
	</Frame>
</Ui>