<Ui xmlns="http://www.blizzard.com/wow/ui/" xmlns:xsi="http://www.w3.org/2001/XMLSchema-instance" xsi:schemaLocation="http://www.blizzard.com/wow/ui/
..\FrameXML\UI.xsd">
    <Script file="SellJunkPopup.lua"/>

    <Frame name="ExtVendor_SellJunkPopup" parent="UIParent" topLevel="true" enableMouse="true" enableKeyboard="true" frameStrata="DIALOG" hidden="true">
        <Size>
            <AbsDimension x="500" y="72"/>
        </Size>
        <Backdrop bgFile="Interface\DialogFrame\UI-DialogBox-Background" edgeFile="Interface\DialogFrame\UI-DialogBox-Border" tile="true">
            <BackgroundInsets>
                <AbsInset left="11" right="11" top="12" bottom="11"/>
            </BackgroundInsets>
            <TileSize>
                <AbsValue val="32"/>
            </TileSize>
            <EdgeSize>
                <AbsValue val="32"/>
            </EdgeSize>
            <Color r="0" g="0" b="0" a="1"/>
        </Backdrop>
        <Layers>
            <Layer level="BACKGROUND">
                <Texture name="$parentBG2">
                    <Anchors>
                        <Anchor point="TOPLEFT">
                            <Offset>
                                <AbsDimension x="11" y="-12"/>
                            </Offset>
                        </Anchor>
                        <Anchor point="BOTTOMRIGHT">
                            <Offset>
                                <AbsDimension x="-11" y="11"/>
                            </Offset>
                        </Anchor>
                    </Anchors>
                    <Color r="0" g="0" b="0" a="0.8"/>
                </Texture>
            </Layer>
            <Layer level="ARTWORK">
                <FontString name="$parentMessage"  parentKey="text" inherits="GameFontHighlight">
                    <Size>
                        <AbsDimension x="290" y="0"/>
                    </Size>
                    <Anchors>
                        <Anchor point="TOP">
                            <Offset>
                                <AbsDimension x="0" y="-25"/>
                            </Offset>
                        </Anchor>
                    </Anchors>
                </FontString>
            </Layer>
        </Layers>
        <Frames>
            <Button name="$parentYesButton" inherits="GameMenuButtonTemplate" text="YES">
                <Size>
                    <AbsDimension x="128" y="21"/>
                </Size>
                <Scripts>
                    <OnClick>
                        ExtVendor_ConfirmQuickVendor();
                        ExtVendor_SellJunkPopup:Hide();
                    </OnClick>
                </Scripts>
            </Button>
            <Button name="$parentNoButton" inherits="GameMenuButtonTemplate" text="NO">
                <Size>
                    <AbsDimension x="128" y="21"/>
                </Size>
                <Anchors>
                    <Anchor point="LEFT" relativePoint="RIGHT" relativeTo="$parentYesButton">
                        <Offset>
                            <AbsDimension x="10" y="0"/>
                        </Offset>
                    </Anchor>
                </Anchors>
                <Scripts>
                    <OnClick>
                        ExtVendor_SellJunkPopup:Hide();
                    </OnClick>
                </Scripts>
            </Button>
        </Frames>
        <Scripts>
            <OnLoad>
                ExtVendor_SellJunkPopup_OnLoad(self);
            </OnLoad>
        </Scripts>
    </Frame>

</Ui>