<Ui xmlns="http://www.blizzard.com/wow/ui/" xmlns:xsi="http://www.w3.org/2001/XMLSchema-instance" xsi:schemaLocation="http://www.blizzard.com/wow/ui/
..\FrameXML\UI.xsd">

<Script file="Jinrokh.lua"/>
<Script file="Horridon.lua"/>
<Script file="Council.lua"/>
<Script file="Tortos.lua"/>
<Script file="Megaera.lua"/>
<Script file="JiKun.lua"/>
<Script file="Durumu.lua"/>
<Script file="Primordius.lua"/>
<Script file="DarkAnimus.lua"/>
<Script file="IronQon.lua"/>
<Script file="TwinConsorts.lua"/>
<Script file="LeiShen.lua"/>
<Script file="Raden.lua"/>
<Script file="Trash.lua"/>

</Ui>

