<Ui xmlns="http://www.blizzard.com/wow/ui/" 
 xmlns:xsi="http://www.w3.org/2001/XMLSchema-instance" 
 xsi:schemaLocation="http://www.blizzard.com/wow/ui/  ..\..\FrameXML\UI.xsd">
  <Frame name="TeleporterFrame">
    <Scripts>
      <OnLoad>
        self:RegisterEvent("ADDON_LOADED");
        self:RegisterEvent("UNIT_SPELLCAST_SUCCEEDED");
        self:RegisterEvent("UNIT_INVENTORY_CHANGED");
        self:RegisterEvent("PLAYER_REGEN_DISABLED");
        self:RegisterEvent("PLAYER_REGEN_ENABLED");
        self:RegisterEvent("ZONE_CHANGED");
		self:RegisterEvent("ZONE_CHANGED_NEW_AREA");
		self:RegisterEvent("ZONE_CHANGED_INDOORS");
		Teleporter_OnLoad();
      </OnLoad>
      <OnEvent function="Teleporter_OnEvent"/>
      <OnUpdate function="Teleporter_OnUpdate"/>
    </Scripts>
  </Frame>
  <GameTooltip name="TeleporterTooltip" inherits="GameTooltipTemplate">

  </GameTooltip>
</Ui>
