<Ui>

  <Frame name="MA_OptionsFrame" parent="UIParent" frameStrata="MEDIUM" hidden="true" enableMouse="true" clampedToScreen="true">

    <Size>
      <AbsDimension x="86.5" y="100" />
    </Size>

    <Anchors>
      <Anchor point="BOTTOMLEFT" relativeTo="UIParent" />
    </Anchors>

    <Layers>
      <Layer level="ARTWORK">
        <FontString name="$parentText" font="Fonts\FRIZQT__.TTF" text="TEST" justifyH="LEFT" justifyV="TOP">
          <Color r="1" g="1" b="1" a="1" />
          <FontHeight val="12" />
          <Anchors>
            <Anchor point="TOPLEFT" relativeTo="$parent" x="10" y="-10" />
          </Anchors>
        </FontString>
      </Layer>
    </Layers>

    <Backdrop bgFile="Interface\DialogFrame\UI-DialogBox-Background" edgeFile="Interface\AddOns\MarkAssistant\Images\caith_border" tile="true">
      <BackgroundInsets>
        <AbsInset left="2" right="2" top="2" bottom="2" />
      </BackgroundInsets>
      <TileSize>
        <AbsValue val="32" />
      </TileSize>
      <EdgeSize>
        <AbsValue val="16" />
      </EdgeSize>
      <BorderColor r="1" g="1" b="1" />
    </Backdrop>

    <Frames>
      <CheckButton name="$parentCheckButton_Locked" inherits="UICheckButtonTemplate">
        <Size>
          <AbsDimension x="20" y="20" />
        </Size>
        <Anchors>
          <Anchor point="TOPLEFT" relativeTo="$parent" x="10" y="-33" />
        </Anchors>
        <Scripts>
          <OnLoad>getglobal(self:GetName().."Text"):SetText(" Locked")</OnLoad>
          <OnClick>MA_SetLocked(self);</OnClick>
        </Scripts>
      </CheckButton>
      <CheckButton name="$parentCheckButton_Tooltips" inherits="UICheckButtonTemplate">
        <Size>
          <AbsDimension x="20" y="20" />
        </Size>
        <Anchors>
          <Anchor point="TOPLEFT" relativeTo="$parent" x="10" y="-53" />
        </Anchors>
        <Scripts>
          <OnLoad>getglobal(self:GetName().."Text"):SetText(" Tooltips")</OnLoad>
          <OnClick>MA_SetTooltips(self);</OnClick>
        </Scripts>
      </CheckButton>
      <Button name="$parentCloseButton" inherits="OptionsButtonTemplate" text="Close">
        <Size>
          <AbsDimension x="50" y="20" />
        </Size>
        <Anchors>
          <Anchor point="BOTTOM" relativeTo="$parent" x="0" y="6" />
        </Anchors>
        <Scripts>
          <OnClick>MA_HideOptionsFrame();</OnClick>
        </Scripts>
      </Button>
    </Frames>

  </Frame>



  <Frame name="MA_Tooltip" parent="UIParent" frameStrata="TOOLTIP" hidden="true" enableMouse="false" clampedToScreen="true">

    <Size>
      <AbsDimension x="120" y="25" />
    </Size>

    <Anchors>
      <Anchor point="BOTTOMLEFT" relativeTo="UIParent" />
    </Anchors>

    <Layers>
      <Layer level="ARTWORK">
        <FontString name="$parentText" font="Fonts\FRIZQT__.TTF" text="TEST" justifyH="LEFT" justifyV="TOP">
          <Color r="1" g="1" b="1" a="1"/>
          <FontHeight val="12"/>
          <Anchors>
            <Anchor point="LEFT" relativeTo="$parent" x="10" y="0" />
          </Anchors>
        </FontString>
      </Layer>
    </Layers>

    <Backdrop bgFile="Interface\DialogFrame\UI-DialogBox-Background" edgeFile="Interface\AddOns\MarkAssistant\Images\caith_border" tile="true">
      <BackgroundInsets>
        <AbsInset left="2" right="2" top="2" bottom="2" />
      </BackgroundInsets>
      <TileSize>
        <AbsValue val="32" />
      </TileSize>
      <EdgeSize>
        <AbsValue val="16" />
      </EdgeSize>
      <BorderColor r="1" g="1" b="1" />
    </Backdrop>

  </Frame>

  <Frame name="MA_Form" parent="UIParent" movable="true" frameStrata="MEDIUM" enableMouse="true" clampedToScreen="true">

    <Size>
      <AbsDimension x="269" y="35" />
    </Size>

    <Anchors>
      <Anchor point="CENTER" relativeTo="UIParent">
        <Offset>
          <AbsDimension x="0" y="0" />
        </Offset>
      </Anchor>
    </Anchors>

    <Backdrop bgFile="Interface\DialogFrame\UI-DialogBox-Background" edgeFile="Interface\AddOns\MarkAssistant\Images\caith_border" tile="true">
      <BackgroundInsets>
        <AbsInset left="2" right="2" top="2" bottom="2" />
      </BackgroundInsets>
      <TileSize>
        <AbsValue val="32" />
      </TileSize>
      <EdgeSize>
        <AbsValue val="16" />
      </EdgeSize>
      <BorderColor r="1" g="1" b="1" />
    </Backdrop>

    <Frames>

      <!-- ############### BUTTONS ############### -->

      <Button name="worldMark" toplevel="true" enableMouse="true" inherits="SecureActionButtonTemplate">
        <Size>
          <AbsDimension x="25" y="25" />
        </Size>
        <Anchors>
          <Anchor point="TOPLEFT">
            <Offset>
              <AbsDimension x="5" y="-5" />
            </Offset>
          </Anchor>
        </Anchors>
        <Scripts>
          <OnLoad>
            self:RegisterForClicks("AnyDown");
            self:SetAttribute("type", "macro");
            self:SetAttribute("macrotext1", "/click CompactRaidFrameManagerDisplayFrameLeaderOptionsRaidWorldMarkerButton\n/click DropDownList1Button1");
            self:SetAttribute("macrotext2", "/click CompactRaidFrameManagerDisplayFrameLeaderOptionsRaidWorldMarkerButton\n/click DropDownList1Button2");
            self:SetAttribute("shift-macrotext1", "/click CompactRaidFrameManagerDisplayFrameLeaderOptionsRaidWorldMarkerButton\n/click DropDownList1Button3");
            self:SetAttribute("ctrl-macrotext1", "/click CompactRaidFrameManagerDisplayFrameLeaderOptionsRaidWorldMarkerButton\n/click DropDownList1Button4");
            self:SetAttribute("alt-macrotext1", "/click CompactRaidFrameManagerDisplayFrameLeaderOptionsRaidWorldMarkerButton\n/click DropDownList1Button5");
            self:SetAttribute("macrotext3", "/click CompactRaidFrameManagerDisplayFrameLeaderOptionsRaidWorldMarkerButton\n/click DropDownList1Button6");
          </OnLoad>
          <OnEnter>self:SetNormalTexture("Interface\\AddOns\\MarkAssistant\\Images\\worldmark_h");MA_ShowGameTooltip("|r|c00FFD200World Marker|r\n------------------\n|r|c00a8a8a8Clear - Middle Click|r\n|r|c0000AEFFSquare - Left Click|r\n|r|c0008CD00Triangle - Right Click|r\n|r|c00D441DFDiamond - Shift Click|r\n|r|c00F14F33Cross - Ctrl-Click|r\n|r|c00D6C74AStar - Alt-Click|r");</OnEnter>
          <OnLeave>self:SetNormalTexture("Interface\\AddOns\\MarkAssistant\\Images\\worldmark");MA_HideGameTooltip();</OnLeave>
        </Scripts>
        <NormalTexture file="Interface\AddOns\MarkAssistant\Images\worldmark" />
      </Button>

      <Button name="markStar" toplevel="true" enableMouse="true">
        <Size>
          <AbsDimension x="20" y="20" />
        </Size>
        <Anchors>
          <Anchor point="TOPLEFT">
            <Offset>
              <AbsDimension x="33" y="-7" />
            </Offset>
          </Anchor>
        </Anchors>
        <Scripts>
          <OnMouseDown>if button == "RightButton" then MA_ShowOptionsFrame(); end;</OnMouseDown>
          <OnClick>MA_MarkTarget(1);</OnClick>
          <OnEnter>self:SetNormalTexture("Interface\\AddOns\\MarkAssistant\\Images\\markStar_h");MA_ShowGameTooltip("|r|c00FFD200Raid Marker|r: |r|c00D6C74AStar|r\n------------------\nClass Use\n|r|c00FFF569     Rogue: Sap (out of combat)\n         (beasts, humanoids, demons, dragonkin)|r\nOptimal Use\n|r|c00FFF569     Rogue: Sap (out of combat)\n         (beasts, humanoids, demons, dragonkin)|r\n|r|c00F58CBA     Paladin: Repentance\n         (humanoids, undead, dragonkin, giants, demons)|r");</OnEnter>
          <OnLeave>self:SetNormalTexture("Interface\\AddOns\\MarkAssistant\\Images\\markStar");MA_HideGameTooltip();</OnLeave>
        </Scripts>
        <NormalTexture file="Interface\AddOns\MarkAssistant\Images\markStar" />
      </Button>

      <Button name="markCircle" toplevel="true" enableMouse="true">
        <Size>
          <AbsDimension x="20" y="20" />
        </Size>
        <Anchors>
          <Anchor point="TOPLEFT">
            <Offset>
              <AbsDimension x="59" y="-7" />
            </Offset>
          </Anchor>
        </Anchors>
        <Scripts>
          <OnMouseDown>if button == "RightButton" then MA_ShowOptionsFrame(); end;</OnMouseDown>
          <OnClick>MA_MarkTarget(2);</OnClick>
          <OnEnter>self:SetNormalTexture("Interface\\AddOns\\MarkAssistant\\Images\\markCircle_h");MA_ShowGameTooltip("|r|c00FFD200Raid Marker|r: |r|c00E67008Circle|r\n------------------\nClass Use\n|r|c00FF7D0A     Druid: Hibernate (beasts, dragonkin)|r\nOptimal Use\n|r|c00FFFFFF     Priest: Shackle Undead (undead)\n     Priest: Mind Control (humanoids)|r\n|r|c00ce2626     Third Target (kill third)|r");</OnEnter>
          <OnLeave>self:SetNormalTexture("Interface\\AddOns\\MarkAssistant\\Images\\markCircle");MA_HideGameTooltip();</OnLeave>
        </Scripts>
        <NormalTexture file="Interface\AddOns\MarkAssistant\Images\markCircle" />
      </Button>

      <Button name="markDiamond" toplevel="true" enableMouse="true">
        <Size>
          <AbsDimension x="20" y="20" />
        </Size>
        <Anchors>
          <Anchor point="TOPLEFT">
            <Offset>
              <AbsDimension x="85" y="-7" />
            </Offset>
          </Anchor>
        </Anchors>
        <Scripts>
          <OnMouseDown>if button == "RightButton" then MA_ShowOptionsFrame(); end;</OnMouseDown>
          <OnClick>MA_MarkTarget(3);</OnClick>
          <OnEnter>self:SetNormalTexture("Interface\\AddOns\\MarkAssistant\\Images\\markDiamond_h");MA_ShowGameTooltip("|r|c00FFD200Raid Marker|r: |r|c00D441DFDiamond|r\n------------------\nClass Use\n|r|c009482C9     Warlock: Seduce (succubus)(humanoids)\n     Warlock: Banish (demons, elementals)\n     Warlock: Enslave (demons)\n     Warlock: Fear (glyphed)(all)|r\nOptimal Use\n|r|c009482C9     Warlock: Banish (demons, elementals)\n     Warlock: Fear (glyphed)(all)|r\n|r|c0000FF96     Monk: Paralysis (all)|r");</OnEnter>
          <OnLeave>self:SetNormalTexture("Interface\\AddOns\\MarkAssistant\\Images\\markDiamond");MA_HideGameTooltip();</OnLeave>
        </Scripts>
        <NormalTexture file="Interface\AddOns\MarkAssistant\Images\markDiamond" />
      </Button>

      <Button name="markTriangle" toplevel="true" enableMouse="true">
        <Size>
          <AbsDimension x="20" y="20" />
        </Size>
        <Anchors>
          <Anchor point="TOPLEFT">
            <Offset>
              <AbsDimension x="111" y="-7" />
            </Offset>
          </Anchor>
        </Anchors>
        <Scripts>
          <OnMouseDown>if button == "RightButton" then MA_ShowOptionsFrame(); end;</OnMouseDown>
          <OnClick>MA_MarkTarget(4);</OnClick>
          <OnEnter>self:SetNormalTexture("Interface\\AddOns\\MarkAssistant\\Images\\markTriangle_h");MA_ShowGameTooltip("|r|c00FFD200Raid Marker|r: |r|c0008CD00Triangle|r\n------------------\nClass Use\n|r|c00ABD473     Hunter: Freezing Trap (+Trap Launcher)(all)\n     Hunter: Wyvern Sting (all)|r\n|r|c0000FF96     Monk: Paralysis (all)|r\nOptimal Use\n|r|c000070DE     Shaman: Hex (beasts, humanoids)|r\n|r|c00FF7D0A     Druid: Hibernate (beasts, dragonkin)|r");</OnEnter>
          <OnLeave>self:SetNormalTexture("Interface\\AddOns\\MarkAssistant\\Images\\markTriangle");MA_HideGameTooltip();</OnLeave>
        </Scripts>
        <NormalTexture file="Interface\AddOns\MarkAssistant\Images\markTriangle" />
      </Button>

      <Button name="markMoon" toplevel="true" enableMouse="true">
        <Size>
          <AbsDimension x="20" y="20" />
        </Size>
        <Anchors>
          <Anchor point="TOPLEFT">
            <Offset>
              <AbsDimension x="137" y="-7" />
            </Offset>
          </Anchor>
        </Anchors>
        <Scripts>
          <OnMouseDown>if button == "RightButton" then MA_ShowOptionsFrame(); end;</OnMouseDown>
          <OnClick>MA_MarkTarget(5);</OnClick>
          <OnEnter>self:SetNormalTexture("Interface\\AddOns\\MarkAssistant\\Images\\markMoon_h");MA_ShowGameTooltip("|r|c00FFD200Raid Marker|r: |r|c0094BCD1Moon|r\n------------------\nClass Use\n|r|c0069CCF0     Mage: Polymorph (beasts, humanoids)\n     Mage: Ring of Frost (all)|r\nOptimal Use\n|r|c0069CCF0     Mage: Polymorph (beasts, humanoids)|r");</OnEnter>
          <OnLeave>self:SetNormalTexture("Interface\\AddOns\\MarkAssistant\\Images\\markMoon");MA_HideGameTooltip();</OnLeave>
        </Scripts>
        <NormalTexture file="Interface\AddOns\MarkAssistant\Images\markMoon" />
      </Button>

      <Button name="markSquare" toplevel="true" enableMouse="true">
        <Size>
          <AbsDimension x="20" y="20" />
        </Size>
        <Anchors>
          <Anchor point="TOPLEFT">
            <Offset>
              <AbsDimension x="163" y="-7" />
            </Offset>
          </Anchor>
        </Anchors>
        <Scripts>
          <OnMouseDown>if button == "RightButton" then MA_ShowOptionsFrame(); end;</OnMouseDown>
          <OnClick>MA_MarkTarget(6);</OnClick>
          <OnEnter>self:SetNormalTexture("Interface\\AddOns\\MarkAssistant\\Images\\markSquare_h");MA_ShowGameTooltip("|r|c00FFD200Raid Marker|r: |r|c0000AEFFSquare|r\n------------------\nClass Use\n|r|c000070DE     Shaman: Hex (beasts, humanoids)\n     Shaman: Bind Elemental (elemental)|r\nOptimal Use\n|r|c00ABD473     Hunter: Freezing Trap (+Trap Launcher)(all)|r");</OnEnter>
          <OnLeave>self:SetNormalTexture("Interface\\AddOns\\MarkAssistant\\Images\\markSquare");MA_HideGameTooltip();</OnLeave>
        </Scripts>
        <NormalTexture file="Interface\AddOns\MarkAssistant\Images\markSquare" />
      </Button>

      <Button name="markCross" toplevel="true" enableMouse="true">
        <Size>
          <AbsDimension x="20" y="20" />
        </Size>
        <Anchors>
          <Anchor point="TOPLEFT">
            <Offset>
              <AbsDimension x="189" y="-7" />
            </Offset>
          </Anchor>
        </Anchors>
        <Scripts>
          <OnMouseDown>if button == "RightButton" then MA_ShowOptionsFrame(); end;</OnMouseDown>
          <OnClick>MA_MarkTarget(7);</OnClick>
          <OnEnter>self:SetNormalTexture("Interface\\AddOns\\MarkAssistant\\Images\\markCross_h");MA_ShowGameTooltip("|r|c00FFD200Raid Marker|r: |r|c00F14F33Cross|r\n------------------\nOptimal Use\n|r|c00ce2626     Second Target (kill second)|r");</OnEnter>
          <OnLeave>self:SetNormalTexture("Interface\\AddOns\\MarkAssistant\\Images\\markCross");MA_HideGameTooltip();</OnLeave>
        </Scripts>
        <NormalTexture file="Interface\AddOns\MarkAssistant\Images\markCross" />
      </Button>

      <Button name="markSkull" toplevel="true" enableMouse="true">
        <Size>
          <AbsDimension x="20" y="20" />
        </Size>
        <Anchors>
          <Anchor point="TOPLEFT">
            <Offset>
              <AbsDimension x="215" y="-7" />
            </Offset>
          </Anchor>
        </Anchors>
        <Scripts>
          <OnMouseDown>if button == "RightButton" then MA_ShowOptionsFrame(); end;</OnMouseDown>
          <OnClick>MA_MarkTarget(8);</OnClick>
          <OnEnter>self:SetNormalTexture("Interface\\AddOns\\MarkAssistant\\Images\\markSkull_h");MA_ShowGameTooltip("|r|c00FFD200Raid Marker|r: |r|c00DECFB5Skull|r\n------------------\nOptimal Use\n|r|c00ce2626     Main Target (kill first)|r");</OnEnter>
          <OnLeave>self:SetNormalTexture("Interface\\AddOns\\MarkAssistant\\Images\\markSkull");MA_HideGameTooltip();</OnLeave>
        </Scripts>
        <NormalTexture file="Interface\AddOns\MarkAssistant\Images\markSkull" />
      </Button>

      <Button name="readyCheck" toplevel="true" enableMouse="true" inherits="SecureActionButtonTemplate">
        <Size>
          <AbsDimension x="20" y="20" />
        </Size>
        <Anchors>
          <Anchor point="TOPLEFT">
            <Offset>
              <AbsDimension x="241" y="-7" />
            </Offset>
          </Anchor>
        </Anchors>
        <Scripts>
	  <OnLoad>
            self:RegisterForClicks("AnyDown");
            self:SetAttribute("type", "macro");
            self:SetAttribute("macrotext1", "/run DoReadyCheck()");
            self:SetAttribute("macrotext2", "/run InitiateRolePoll()");
	  </OnLoad>
          <OnEnter>self:SetNormalTexture("Interface\\AddOns\\MarkAssistant\\Images\\readyCheck_h");MA_ShowGameTooltip("|r|c00FFD200Ready Check|r - Left Click|r\n|r|c00FFD200Role Check|r - Right Click");</OnEnter>
          <OnLeave>self:SetNormalTexture("Interface\\AddOns\\MarkAssistant\\Images\\readyCheck");MA_HideGameTooltip();</OnLeave>
        </Scripts>
        <NormalTexture file="Interface\AddOns\MarkAssistant\Images\readyCheck" />
      </Button>

    </Frames>

    <Scripts>
      <OnMouseDown>if button == "RightButton" then MA_ShowOptionsFrame(); end;</OnMouseDown>
      <OnLoad>self:RegisterForDrag("LeftButton");MA_OnLoad();</OnLoad>
      <OnDragStart>if MA_Locked == false then self:StartMoving();MA_HideOptionsFrame(); end</OnDragStart>
      <OnDragStop>if MA_Locked == false then self:StopMovingOrSizing(); end</OnDragStop>
    </Scripts>

  </Frame>

</Ui>