<!--
$Id: AccountantButton.xml 69 2012-09-26 09:54:33Z arith $
-->
<Ui xmlns="http://www.blizzard.com/wow/ui/" xmlns:xsi="http://www.w3.org/2001/XMLSchema-instance" xsi:schemaLocation="http://www.blizzard.com/wow/ui/ C:\Projects\WoW\Bin\Interface\FrameXML\UI.xsd">
	<Script file="AccountantButton.lua"/>
	<Frame name="AccountantButtonFrame" parent="Minimap" enableMouse="true" hidden="false" frameStrata="LOW">
		<Size>
			<AbsDimension x="32" y="32"/>
		</Size>
		<Anchors>
			<Anchor point="TOPLEFT" relativeTo="Minimap" relativePoint="RIGHT">
				<Offset>
					<AbsDimension x="2" y="0"/>
				</Offset>
			</Anchor>
		</Anchors>
		<Frames>
			<Button name="AccountantButton">
				<Size>
					<AbsDimension x="32" y="32"/>
				</Size>
				<Anchors>
					<Anchor point="TOPLEFT">
						<Offset>
							<AbsDimension x="0" y="0"/>
						</Offset>
					</Anchor>
				</Anchors>
				<NormalTexture file="Interface\AddOns\Accountant_Classic\Images\AccountantButton-Up"/>
				<PushedTexture file="Interface\AddOns\Accountant_Classic\Images\AccountantButton-Down"/>
				<HighlightTexture alphaMode="ADD" file="Interface\Minimap\UI-Minimap-ZoomButton-Highlight"/>
				<Scripts>
					<OnEnter>
						AccountantButton_OnEnter(self);
					</OnEnter>
					<OnClick>
						AccountantButton_OnClick();
					</OnClick>
					<OnMouseUp>
						if (button == "RightButton") then
							AccountantOptions_Toggle();
						end
					</OnMouseUp>
				</Scripts>
			</Button>
		</Frames>
	</Frame>
</Ui>
