<Bindings>
	<Binding name="CLICK DArc_Focus:LeftButton" header="DARC_H_TARGETING">
    -- /click DArc_Focus
	</Binding>
	<Binding name="CLICK DArc_SwapFocus:LeftButton">
    -- /click DArc_SwapFocus
	</Binding>
  <Binding name="CLICK DArc_Assist:LeftButton">
    -- /click DArc_Assist
	</Binding>
	<Binding name="CLICK DArc_PetAttack:LeftButton">
    -- /click DArc_PetAttack
	</Binding>
	<Binding name="SPELL Fishing">
    -- use Survey
	</Binding>
  <Binding name="DARC_SMART_DISMOUNT" header="DARC_H_MOUNTING">
    if IsMounted() then
      Dismount()
      return
    elseif UnitInVehicle("player") then
      VehicleExit()
      return
    end
  </Binding>
</Bindings>
