<Ui xmlns="http://www.blizzard.com/wow/ui/">
	<Script file="_NPCScan.lua"/>
	<Script file="AckisRecipeList.lua"/>
	<Script file="ACP.lua"/>
	<Script file="AtlasLoot.lua"/>
	<Script file="Auctionator.lua"/>
	<Script file="BattlePetBreedID.lua"/>
	<Script file="BindPad.lua"/>
	<Script file="BugSack.lua"/>
	<Script file="Clique.lua"/>
	<Script file="DBM.lua"/>
	<Script file="Doom_CooldownPulse.lua"/>
	<Script file="EasyMail.lua"/>
	<Script file="ExtVendor.lua"/>
	<Script file="Factionizer.lua"/>
	<Script file="FlightMap.lua"/>
	<Script file="Gatherer.lua"/>
	<Script file="LightHeaded.lua"/>
	<Script file="MacroToolkit.lua"/>
	<Script file="Overachiever.lua"/>
	<Script file="PetJournal_QuickFilter.lua"/>
	<Script file="PetJournalEnhanced.lua"/>
	<Script file="PetTracker.lua"/>
	<Script file="PlateBuffs.lua"/>
	<Script file="Postal.lua"/>
	<Script file="RCLootCouncil.lua"/>
	<Script file="Recount.lua"/>
	<Script file="SilverDragon.lua"/>
	<Script file="Skada.lua"/>
	<Script file="Spy.lua"/>
	<Script file="TrinketMenu.lua"/>
	<Script file="WeakAuras.lua"/>
</Ui>
