<Ui xmlns:xsi="http://www.w3.org/2001/XMLSchema-instance" xmlns:xsd="http://www.w3.org/2001/XMLSchema" xmlns="http://www.blizzard.com/wow/ui/">
<!--Ace3-->
<!--@no-lib-strip@-->
	<Script file="Libs\Ace3\LibStub\LibStub.lua" />
	<Include file="Libs\Ace3\CallbackHandler-1.0\CallbackHandler-1.0.xml" />
	<Include file="Libs\Ace3\AceLocale-3.0\AceLocale-3.0.xml" />
	<Include file="Libs\Ace3\AceAddon-3.0\AceAddon-3.0.xml" />
	<Include file="Libs\Ace3\AceEvent-3.0\AceEvent-3.0.xml" />
	<Include file="Libs\Ace3\AceTimer-3.0\AceTimer-3.0.xml" />
	<Include file="Libs\Ace3\AceBucket-3.0\AceBucket-3.0.xml" />
	<Include file="Libs\Ace3\AceHook-3.0\AceHook-3.0.xml" />
	<Include file="Libs\Ace3\AceDB-3.0\AceDB-3.0.xml" />
	<Include file="Libs\Ace3\AceDBOptions-3.0\AceDBOptions-3.0.xml" />
	<Include file="Libs\Ace3\AceConsole-3.0\AceConsole-3.0.xml" />
	<Include file="Libs\Ace3\AceGUI-3.0\AceGUI-3.0.xml" />
	<Include file="Libs\Ace3\AceConfig-3.0\AceConfig-3.0.xml" />
	<Include file="Libs\Ace3\AceComm-3.0\AceComm-3.0.xml" />
	<Include file="Libs\Ace3\AceTab-3.0\AceTab-3.0.xml" />
	<Include file="Libs\Ace3\AceSerializer-3.0\AceSerializer-3.0.xml" />
<!--@end-no-lib-strip@-->
<!--Ace3-->
</Ui>