<Ui xmlns="http://www.blizzard.com/wow/ui/" xmlns:xsi="http://www.w3.org/2001/XMLSchema-instance" xsi:schemaLocation="http://www.blizzard.com/wow/ui/
..\FrameXML\UI.xsd">
	<Script file="AlternateButtonTemplate.lua"/>
	<CheckButton name="AlternateButtonTemplate" inherits="SecureActionButtonTemplate, ActionButtonTemplate" virtual="true">
		<Scripts>
			<OnLoad>
				ABTMethods_OnLoad(self);
			</OnLoad>
			<PreClick>
				ABTMethods_PreClick(self);
			</PreClick>
			<PostClick>
				ABTMethods_PostClick(self);
				ABTMethods_UpdateChecked(self);
			</PostClick>
			<OnReceiveDrag>
				ABTMethods_OnReceiveDrag(self);
			</OnReceiveDrag>
			<OnDragStart>
				ABTMethods_OnDragStart(self);
			</OnDragStart>
			<OnEnter>
				ABTMethods_UpdateTooltip(self);
			</OnEnter>
			<OnLeave>
				GameTooltip:Hide();
			</OnLeave>
			<OnUpdate>
				ABTMethods_OnUpdate(self, elapsed);
			</OnUpdate>
		</Scripts>
		<Attributes>
			<Attribute name="type" value="none"/>
			<Attribute name="spell" value=""/>
			<Attribute name="item" value=""/>
			<Attribute name="macro" value=""/>
			<Attribute name="saveentries" value=""/> --This gets set to the global table you want buttons saved to
			<Attribute name="savesettings" value=""/> --This is used with the above attribute to save buttons between sessions
		</Attributes>
	</CheckButton>
</Ui>
	