<Ui xmlns="http://www.blizzard.com/wow/ui/" xmlns:xsi="http://www.w3.org/2001/XMLSchema-instance" xsi:schemaLocation="http://www.blizzard.com/wow/ui/ C:\Projects\WoW\Bin\Interface\FrameXML\UI.xsd">
	
	<Frame name="QHOPTIONSMAINTEMPLATE" virtual="true">
		<Layers>
			<Layer level="OVERLAY">
				<FontString name="$parentLabel1" inherits="BossEmoteNormalHuge">
					<Anchors>
						<Anchor point="TOP" relativePoint="TOP">
							<Offset>
								<AbsDimension x="0" y="-20"/>
							</Offset>
						</Anchor>
					</Anchors>
				</FontString>
				<FontString name="$parentLabel2" inherits="BossEmoteNormalHuge">
					<Anchors>
						<Anchor point="TOP" relativePoint="TOP">
							<Offset>
								<AbsDimension x="0" y="-45"/>
							</Offset>
						</Anchor>
					</Anchors>
				</FontString>
				<FontString name="$parentLabel3" inherits="GameFontNormal">
					<Anchors>
						<Anchor point="TOP" relativePoint="TOP">
							<Offset>
								<AbsDimension x="0" y="-85"/>
							</Offset>
						</Anchor>
					</Anchors>
				</FontString>
				<FontString name="$parentLabel4" inherits="GameFontNormal">
					<Anchors>
						<Anchor point="TOP" relativePoint="TOP">
							<Offset>
								<AbsDimension x="0" y="-100"/>
							</Offset>
						</Anchor>
					</Anchors>
				</FontString>
				<FontString name="$parentLabel5" inherits="GameFontNormalSmallLeft" text="QH_LOCALE_DESCRIPTION">
					<Anchors>
						<Anchor point="TOP" relativePoint="TOP">
							<Offset>
								<AbsDimension x="0" y="-165"/>
							</Offset>
						</Anchor>
					</Anchors>
				</FontString>
			</Layer>
		</Layers>
		<Scripts>
			<OnShow>
				QHOptions:SetupOptions();
			</OnShow>
		</Scripts>
	</Frame>
	
	<Frame name="QHOPTIONSPROFILESTEMPLATE" virtual="true">
		<Frames>
			<Frame name="$parent_Profile" inherits="QHDROPDOWNTEMPLATE">
				<Anchors>
					<Anchor point="TOPLEFT" relativePoint="TOPLEFT">
						<Offset>
							<AbsDimension x="5" y="-183"/>
						</Offset>
					</Anchor>
				</Anchors>
				<Scripts>
					<OnLoad>
						UIDropDownMenu_SetWidth(self, 160);
					</OnLoad>
				</Scripts>
			</Frame>
			<CheckButton name="$parent_SpecSwap" inherits="QHCHECKBUTTONTEMPLATE">
				<Anchors>
					<Anchor point="TOPLEFT" relativePoint="TOPLEFT">
						<Offset>
							<AbsDimension x="20" y="-300"/>
						</Offset>
					</Anchor>
				</Anchors>
			</CheckButton>
			<Frame name="$parent_Spec1" inherits="QHDROPDOWNTEMPLATE">
				<Anchors>
					<Anchor point="TOPLEFT" relativePoint="TOPLEFT">
						<Offset>
							<AbsDimension x="5" y="-333"/>
						</Offset>
					</Anchor>
				</Anchors>
				<Scripts>
					<OnLoad>
						UIDropDownMenu_SetWidth(self, 160);
					</OnLoad>
				</Scripts>
			</Frame>
			<Frame name="$parent_Spec2" inherits="QHDROPDOWNTEMPLATE">
				<Anchors>
					<Anchor point="TOPLEFT" relativePoint="TOPLEFT">
						<Offset>
							<AbsDimension x="5" y="-383"/>
						</Offset>
					</Anchor>
				</Anchors>
				<Scripts>
					<OnLoad>
						UIDropDownMenu_SetWidth(self, 160);
					</OnLoad>
				</Scripts>
			</Frame>
			<Button name="$parent_Load" inherits="OptionsButtonTemplate" text="QH_LOCALE_LOAD">
				<Anchors>
					<Anchor point="TOPLEFT" relativePoint="TOPLEFT">
						<Offset>
							<AbsDimension x="210" y="-185" /> 
						</Offset>
					</Anchor>
				</Anchors>
  			</Button>
  			<Button name="$parent_Delete" inherits="OptionsButtonTemplate" text="QH_LOCALE_DELETE">
				<Anchors>
					<Anchor point="TOPLEFT" relativePoint="TOPLEFT">
						<Offset>
							<AbsDimension x="310" y="-185" /> 
						</Offset>
					</Anchor>
				</Anchors>
  			</Button>
			<EditBox name="$parent_SaveAs" inherits="QHEDITBOXTEMPLATE">
				<Size>
					<AbsDimension x="170" y="10"/>
				</Size>
				<Anchors>
					<Anchor point="TOPLEFT" relativePoint="TOPLEFT">
						<Offset>
							<AbsDimension x="28" y="-125"/>
						</Offset>
					</Anchor>
				</Anchors>
			</EditBox>
			<Button name="$parent_Save" inherits="OptionsButtonTemplate" text="QH_LOCALE_SAVE">
				<Anchors>
					<Anchor point="TOPLEFT" relativePoint="TOPLEFT">
						<Offset>
							<AbsDimension x="210" y="-120" /> 
						</Offset>
					</Anchor>
				</Anchors>
  			</Button>
		</Frames>
		<Layers>
			<Layer level="OVERLAY">
				<FontString name="$parentLabel" inherits="GameFontNormal">
					<Anchors>
						<Anchor point="TOP" relativePoint="TOP">
							<Offset>
								<AbsDimension x="0" y="-20"/>
							</Offset>
						</Anchor>
					</Anchors>
				</FontString>
				<FontString name="$parentChanges" inherits="GameFontNormal" text="QH_LOCALE_CHANGES">
					<Anchors>
						<Anchor point="TOP" relativePoint="TOP">
							<Offset>
								<AbsDimension x="0" y="-35"/>
							</Offset>
						</Anchor>
					</Anchors>
				</FontString>
				<FontString name="$parentLoadLabel" inherits="GameFontNormal" text="QH_LOCALE_LOADLABEL">
					<Anchors>
						<Anchor point="TOPLEFT" relativePoint="TOPLEFT">
							<Offset>
								<AbsDimension x="25" y="-160"/>
							</Offset>
						</Anchor>
					</Anchors>
				</FontString>
				<FontString name="$parentSaveLabel" inherits="GameFontNormal" text="QH_LOCALE_SAVELABEL">
					<Anchors>
						<Anchor point="TOPLEFT" relativePoint="TOPLEFT">
							<Offset>
								<AbsDimension x="25" y="-100"/>
							</Offset>
						</Anchor>
					</Anchors>
				</FontString>
				<FontString name="$parentSpec1Label" inherits="GameFontNormal" text="QH_LOCALE_SPEC1LABEL">
					<Anchors>
						<Anchor point="TOPLEFT" relativePoint="TOPLEFT">
							<Offset>
								<AbsDimension x="210" y="-340"/>
							</Offset>
						</Anchor>
					</Anchors>
				</FontString>
				<FontString name="$parentSpec2Label" inherits="GameFontNormal" text="QH_LOCALE_SPEC2LABEL">
					<Anchors>
						<Anchor point="TOPLEFT" relativePoint="TOPLEFT">
							<Offset>
								<AbsDimension x="210" y="-390"/>
							</Offset>
						</Anchor>
					</Anchors>
				</FontString>
				<FontString name="$parentLabel2" inherits="GameFontNormal" text="QH_LOCALE_SPECLABEL">
					<Anchors>
						<Anchor point="TOP" relativePoint="TOP">
							<Offset>
								<AbsDimension x="0" y="-280"/>
							</Offset>
						</Anchor>
					</Anchors>
				</FontString>
			</Layer>
		</Layers>
		<Scripts>
			<OnShow>
				QHOptions:SetupOptions();
			</OnShow>
		</Scripts>
	</Frame>
	
	<Frame name="QHOPTIONSGENERALTEMPLATE" virtual="true">
		<Frames>
			<CheckButton name="$parent_BarValues" inherits="QHCHECKBUTTONTEMPLATE">
				<Anchors>
					<Anchor point="TOPLEFT" relativePoint="TOPLEFT">
						<Offset>
							<AbsDimension x="20" y="-60"/>
						</Offset>
					</Anchor>
				</Anchors>
			</CheckButton>
			<CheckButton name="$parent_RangeCheck" inherits="QHCHECKBUTTONTEMPLATE">
				<Anchors>
					<Anchor point="TOPLEFT" relativePoint="TOPLEFT">
						<Offset>
							<AbsDimension x="20" y="-85"/>
						</Offset>
					</Anchor>
				</Anchors>
			</CheckButton>
			<CheckButton name="$parent_BarBackground" inherits="QHCHECKBUTTONTEMPLATE">
				<Anchors>
					<Anchor point="TOPLEFT" relativePoint="TOPLEFT">
						<Offset>
							<AbsDimension x="20" y="-110"/>
						</Offset>
					</Anchor>
				</Anchors>
			</CheckButton>
			<CheckButton name="$parent_AlwaysShowSpark" inherits="QHCHECKBUTTONTEMPLATE">
				<Anchors>
					<Anchor point="TOPLEFT" relativePoint="TOPLEFT">
						<Offset>
							<AbsDimension x="20" y="-135"/>
						</Offset>
					</Anchor>
				</Anchors>
			</CheckButton>
			<CheckButton name="$parent_DisableTargetAdjust" inherits="QHCHECKBUTTONTEMPLATE">
				<Anchors>
					<Anchor point="TOPLEFT" relativePoint="TOPLEFT">
						<Offset>
							<AbsDimension x="20" y="-160"/>
						</Offset>
					</Anchor>
				</Anchors>
			</CheckButton>
		</Frames>
		<Layers>
			<Layer level="OVERLAY">
				<FontString name="$parentLabel" inherits="GameFontNormal">
					<Anchors>
						<Anchor point="TOP" relativePoint="TOP">
							<Offset>
								<AbsDimension x="0" y="-20"/>
							</Offset>
						</Anchor>
					</Anchors>
				</FontString>
				<FontString name="$parentChanges" inherits="GameFontNormal" text="QH_LOCALE_CHANGES">
					<Anchors>
						<Anchor point="TOP" relativePoint="TOP">
							<Offset>
								<AbsDimension x="0" y="-35"/>
							</Offset>
						</Anchor>
					</Anchors>
				</FontString>
			</Layer>
		</Layers>
		<Scripts>
			<OnShow>
				QHOptions:SetupOptions();
			</OnShow>
		</Scripts>
	</Frame>
	
	<Frame name="QHOPTIONSRAIDFRAMETEMPLATE" virtual="true">
			<Frames>
				<CheckButton name="$parent_RaidFrames" inherits="QHCHECKBUTTONTEMPLATE">
					<Anchors>
						<Anchor point="TOPLEFT" relativePoint="TOPLEFT">
							<Offset>
								<AbsDimension x="20" y="-60"/>
							</Offset>
						</Anchor>
					</Anchors>
				</CheckButton>
				<CheckButton name="$parent_HideParty" inherits="QHCHECKBUTTONTEMPLATE">
					<Anchors>
						<Anchor point="TOPLEFT" relativePoint="TOPLEFT">
							<Offset>
								<AbsDimension x="20" y="-85"/>
							</Offset>
						</Anchor>
					</Anchors>
				</CheckButton>
				<CheckButton name="$parent_RaidBackground" inherits="QHCHECKBUTTONTEMPLATE">
					<Anchors>
						<Anchor point="TOPLEFT" relativePoint="TOPLEFT">
							<Offset>
								<AbsDimension x="20" y="-110"/>
							</Offset>
						</Anchor>
					</Anchors>
				</CheckButton>
				<CheckButton name="$parent_HideDefaultRaidFrame" inherits="QHCHECKBUTTONTEMPLATE">
					<Anchors>
						<Anchor point="TOPLEFT" relativePoint="TOPLEFT">
							<Offset>
								<AbsDimension x="20" y="-135"/>
							</Offset>
						</Anchor>
					</Anchors>
				</CheckButton>
				<CheckButton name="$parent_ShowRoleIcon" inherits="QHCHECKBUTTONTEMPLATE">
					<Anchors>
						<Anchor point="TOPLEFT" relativePoint="TOPLEFT">
							<Offset>
								<AbsDimension x="20" y="-160"/>
							</Offset>
						</Anchor>
					</Anchors>
				</CheckButton>
				<Frame name="$parent_RaidSort" inherits="QHDROPDOWNTEMPLATE">
					<Anchors>
						<Anchor point="TOPLEFT" relativePoint="TOPLEFT">
							<Offset>
								<AbsDimension x="5" y="-385"/>
							</Offset>
						</Anchor>
					</Anchors>
				</Frame>
				<CheckButton name="$parent_RaidGroup8" inherits="QHCHECKBUTTONTEMPLATE">
					<Anchors>
						<Anchor point="TOPLEFT" relativePoint="TOPLEFT">
							<Offset>
								<AbsDimension x="320" y="-325"/>
							</Offset>
						</Anchor>
					</Anchors>
				</CheckButton>
				<CheckButton name="$parent_RaidGroup7" inherits="QHCHECKBUTTONTEMPLATE">
					<Anchors>
						<Anchor point="TOPLEFT" relativePoint="TOPLEFT">
							<Offset>
								<AbsDimension x="320" y="-300"/>
							</Offset>
						</Anchor>
					</Anchors>
				</CheckButton>
				<CheckButton name="$parent_RaidGroup6" inherits="QHCHECKBUTTONTEMPLATE">
					<Anchors>
						<Anchor point="TOPLEFT" relativePoint="TOPLEFT">
							<Offset>
								<AbsDimension x="220" y="-325"/>
							</Offset>
						</Anchor>
					</Anchors>
				</CheckButton>
				<CheckButton name="$parent_RaidGroup5" inherits="QHCHECKBUTTONTEMPLATE">
					<Anchors>
						<Anchor point="TOPLEFT" relativePoint="TOPLEFT">
							<Offset>
								<AbsDimension x="220" y="-300"/>
							</Offset>
						</Anchor>
					</Anchors>
				</CheckButton>
				<CheckButton name="$parent_RaidGroup4" inherits="QHCHECKBUTTONTEMPLATE">
					<Anchors>
						<Anchor point="TOPLEFT" relativePoint="TOPLEFT">
							<Offset>
								<AbsDimension x="120" y="-325"/>
							</Offset>
						</Anchor>
					</Anchors>
				</CheckButton>
				<CheckButton name="$parent_RaidGroup3" inherits="QHCHECKBUTTONTEMPLATE">
					<Anchors>
						<Anchor point="TOPLEFT" relativePoint="TOPLEFT">
							<Offset>
								<AbsDimension x="120" y="-300"/>
							</Offset>
						</Anchor>
					</Anchors>
				</CheckButton>
				<CheckButton name="$parent_RaidGroup2" inherits="QHCHECKBUTTONTEMPLATE">
					<Anchors>
						<Anchor point="TOPLEFT" relativePoint="TOPLEFT">
							<Offset>
								<AbsDimension x="20" y="-325"/>
							</Offset>
						</Anchor>
					</Anchors>
				</CheckButton>
				<CheckButton name="$parent_RaidGroup1" inherits="QHCHECKBUTTONTEMPLATE">
					<Anchors>
						<Anchor point="TOPLEFT" relativePoint="TOPLEFT">
							<Offset>
								<AbsDimension x="20" y="-300"/>
							</Offset>
						</Anchor>
					</Anchors>
				</CheckButton>
				<CheckButton name="$parent_DynamicGroups" inherits="QHCHECKBUTTONTEMPLATE">
					<Anchors>
						<Anchor point="TOPLEFT" relativePoint="TOPLEFT">
							<Offset>
								<AbsDimension x="20" y="-260"/>
							</Offset>
						</Anchor>
					</Anchors>
				</CheckButton>
				<Slider name="$parent_RaidRows" inherits="QHSLIDERTEMPLATE">
					<Size>
						<AbsDimension x="100" y="16"/>
					</Size>
					<Anchors>
						<Anchor point="TOPLEFT" relativePoint="TOPLEFT">
							<Offset>
								<AbsDimension x="165" y="-390"/>
							</Offset>
						</Anchor>
					</Anchors>
				</Slider>
				<Slider name="$parent_RaidBackgroundTransparency" inherits="QHSLIDERTEMPLATE">
					<Size>
						<AbsDimension x="125" y="16"/>
					</Size>
					<Anchors>
						<Anchor point="TOPLEFT" relativePoint="TOPLEFT">
							<Offset>
								<AbsDimension x="275" y="-390"/>
							</Offset>
						</Anchor>
					</Anchors>
				</Slider>
			</Frames>
			<Layers>
				<Layer level="OVERLAY">
					<FontString name="$parentLabel" inherits="GameFontNormal">
						<Anchors>
							<Anchor point="TOP" relativePoint="TOP">
								<Offset>
									<AbsDimension x="0" y="-20"/>
								</Offset>
							</Anchor>
						</Anchors>
					</FontString>
					<FontString name="$parentChanges" inherits="GameFontNormal" text="QH_LOCALE_CHANGES">
						<Anchors>
							<Anchor point="TOP" relativePoint="TOP">
								<Offset>
									<AbsDimension x="0" y="-35"/>
								</Offset>
							</Anchor>
						</Anchors>
					</FontString>
				</Layer>
			</Layers>
			<Scripts>
				<OnShow>
					QHOptions:SetupOptions();
				</OnShow>
			</Scripts>
	</Frame>
	
	<Frame name="QHOPTIONSDECURSETEMPLATE" virtual="true">
		<Frames>
			<CheckButton name="$parent_ShowDebuffs" inherits="QHCHECKBUTTONTEMPLATE">
				<Anchors>
					<Anchor point="TOPLEFT" relativePoint="TOPLEFT">
						<Offset>
							<AbsDimension x="20" y="-55"/>
						</Offset>
					</Anchor>
				</Anchors>
			</CheckButton>
			<EditBox name="$parent_Left" inherits="QHEDITBOXTEMPLATE">
				<Anchors>
					<Anchor point="TOPLEFT" relativePoint="TOPLEFT">
						<Offset>
							<AbsDimension x="20" y="-100"/>
						</Offset>
					</Anchor>
				</Anchors>
			</EditBox>
			<EditBox name="$parent_Middle" inherits="QHEDITBOXTEMPLATE">
				<Anchors>
					<Anchor point="TOPLEFT" relativePoint="TOPLEFT">
						<Offset>
							<AbsDimension x="155" y="-100"/>
						</Offset>
					</Anchor>
				</Anchors>
			</EditBox>
			<EditBox name="$parent_Right" inherits="QHEDITBOXTEMPLATE">
				<Anchors>
					<Anchor point="TOPLEFT" relativePoint="TOPLEFT">
						<Offset>
							<AbsDimension x="290" y="-100"/>
						</Offset>
					</Anchor>
				</Anchors>
			</EditBox>
			<CheckButton name="$parent_ShowWarnings" inherits="QHCHECKBUTTONTEMPLATE">
				<Anchors>
					<Anchor point="TOPLEFT" relativePoint="TOPLEFT">
						<Offset>
							<AbsDimension x="20" y="-150"/>
						</Offset>
					</Anchor>
				</Anchors>
			</CheckButton>
			<CheckButton name="$parent_FlashWarnings" inherits="QHCHECKBUTTONTEMPLATE">
				<Anchors>
					<Anchor point="TOPLEFT" relativePoint="TOPLEFT">
						<Offset>
							<AbsDimension x="20" y="-170"/>
						</Offset>
					</Anchor>
				</Anchors>
			</CheckButton>
			<CheckButton name="$parent_ShowStandard" inherits="QHCHECKBUTTONTEMPLATE">
				<Anchors>
					<Anchor point="TOPLEFT" relativePoint="TOPLEFT">
						<Offset>
							<AbsDimension x="20" y="-190"/>
						</Offset>
					</Anchor>
				</Anchors>
			</CheckButton>
			<CheckButton name="$parent_ShowThreat" inherits="QHCHECKBUTTONTEMPLATE">
				<Anchors>
					<Anchor point="TOPLEFT" relativePoint="TOPLEFT">
						<Offset>
							<AbsDimension x="20" y="-210"/>
						</Offset>
					</Anchor>
				</Anchors>
			</CheckButton>
			<Frame name="$parent_Warnings" inherits="QHSCROLLABLEBOXTEMPLATE">
				<Size>
					<AbsDimension x="335" y="150"/>
				</Size>
				<Anchors>
					<Anchor point="TOPLEFT" relativePoint="TOPLEFT">
						<Offset>
							<AbsDimension x="25" y="-260"/>
						</Offset>
					</Anchor>
				</Anchors>
			</Frame>
		</Frames>
		<Layers>
			<Layer level="OVERLAY">
				<FontString name="$parentLabel" inherits="GameFontNormal">
					<Anchors>
						<Anchor point="TOP" relativePoint="TOP">
							<Offset>
								<AbsDimension x="0" y="-20"/>
							</Offset>
						</Anchor>
					</Anchors>
				</FontString>
				<FontString name="$parentChanges" inherits="GameFontNormal" text="QH_LOCALE_CHANGES">
					<Anchors>
						<Anchor point="TOP" relativePoint="TOP">
							<Offset>
								<AbsDimension x="0" y="-35"/>
							</Offset>
						</Anchor>
					</Anchors>
				</FontString>
				<FontString name="$parentLabel2" inherits="GameFontNormal">
					<Anchors>
						<Anchor point="TOP" relativePoint="TOP">
							<Offset>
								<AbsDimension x="0" y="-135"/>
							</Offset>
						</Anchor>
					</Anchors>
				</FontString>
			</Layer>
		</Layers>
		<Scripts>
			<OnShow>
				QHOptions:SetupOptions();
			</OnShow>
		</Scripts>
	</Frame>
	
	<Frame name="QHOPTIONSBUFFTEMPLATE" virtual="true">
		<Frames>
			<CheckButton name="$parent_ShowBuffs" inherits="QHCHECKBUTTONTEMPLATE">
				<Anchors>
					<Anchor point="TOPLEFT" relativePoint="TOPLEFT">
						<Offset>
							<AbsDimension x="20" y="-60"/>
						</Offset>
					</Anchor>
				</Anchors>
			</CheckButton>
			<EditBox name="$parent_BuffList" inherits="QHEDITBOXTEMPLATE">
				<Size>
					<AbsDimension x="375" y="10"/>
				</Size>
				<Anchors>
					<Anchor point="TOPLEFT" relativePoint="TOPLEFT">
						<Offset>
							<AbsDimension x="20" y="-110"/>
						</Offset>
					</Anchor>
				</Anchors>
			</EditBox>
		</Frames>
		<Layers>
			<Layer level="OVERLAY">
				<FontString name="$parentLabel" inherits="GameFontNormal">
					<Anchors>
						<Anchor point="TOP" relativePoint="TOP">
							<Offset>
								<AbsDimension x="0" y="-20"/>
							</Offset>
						</Anchor>
					</Anchors>
				</FontString>
				<FontString name="$parentChanges" inherits="GameFontNormal" text="QH_LOCALE_CHANGES">
					<Anchors>
						<Anchor point="TOP" relativePoint="TOP">
							<Offset>
								<AbsDimension x="0" y="-35"/>
							</Offset>
						</Anchor>
					</Anchors>
				</FontString>
			</Layer>
		</Layers>
		<Scripts>
			<OnShow>
				QHOptions:SetupOptions();
			</OnShow>
		</Scripts>
	</Frame>
	
	<Frame name="QHOPTIONSBARTEMPLATE" virtual="true">
		<Frames>
			<Slider name="$parent_Width" inherits="QHSLIDERTEMPLATE">
				<Anchors>
					<Anchor point="TOPLEFT" relativePoint="TOPLEFT">
						<Offset>
							<AbsDimension x="20" y="-395"/>
						</Offset>
					</Anchor>
				</Anchors>
			</Slider>
			<Slider name="$parent_Height" inherits="QHSLIDERTEMPLATE">
				<Anchors>
					<Anchor point="TOPLEFT" relativePoint="TOPLEFT">
						<Offset>
							<AbsDimension x="215" y="-395"/>
						</Offset>
					</Anchor>
				</Anchors>
			</Slider>
			<EditBox name="$parent_Left" inherits="QHEDITBOXTEMPLATE">
				<Anchors>
					<Anchor point="TOPLEFT" relativePoint="TOPLEFT">
						<Offset>
							<AbsDimension x="20" y="-90"/>
						</Offset>
					</Anchor>
				</Anchors>
			</EditBox>
			<EditBox name="$parent_LeftShift" inherits="QHEDITBOXTEMPLATE">
				<Anchors>
					<Anchor point="TOPLEFT" relativePoint="TOPLEFT">
						<Offset>
							<AbsDimension x="20" y="-125"/>
						</Offset>
					</Anchor>
				</Anchors>
			</EditBox>
			<EditBox name="$parent_LeftCtrl" inherits="QHEDITBOXTEMPLATE">
				<Anchors>
					<Anchor point="TOPLEFT" relativePoint="TOPLEFT">
						<Offset>
							<AbsDimension x="20" y="-160"/>
						</Offset>
					</Anchor>
				</Anchors>
			</EditBox>
			<EditBox name="$parent_LeftAlt" inherits="QHEDITBOXTEMPLATE">
				<Anchors>
					<Anchor point="TOPLEFT" relativePoint="TOPLEFT">
						<Offset>
							<AbsDimension x="20" y="-195"/>
						</Offset>
					</Anchor>
				</Anchors>
			</EditBox>
			<EditBox name="$parent_Middle" inherits="QHEDITBOXTEMPLATE">
				<Anchors>
					<Anchor point="TOPLEFT" relativePoint="TOPLEFT">
						<Offset>
							<AbsDimension x="155" y="-90"/>
						</Offset>
					</Anchor>
				</Anchors>
			</EditBox>
			<EditBox name="$parent_MiddleShift" inherits="QHEDITBOXTEMPLATE">
				<Anchors>
					<Anchor point="TOPLEFT" relativePoint="TOPLEFT">
						<Offset>
							<AbsDimension x="155" y="-125"/>
						</Offset>
					</Anchor>
				</Anchors>
			</EditBox>
			<EditBox name="$parent_MiddleCtrl" inherits="QHEDITBOXTEMPLATE">
				<Anchors>
					<Anchor point="TOPLEFT" relativePoint="TOPLEFT">
						<Offset>
							<AbsDimension x="155" y="-160"/>
						</Offset>
					</Anchor>
				</Anchors>
			</EditBox>
			<EditBox name="$parent_MiddleAlt" inherits="QHEDITBOXTEMPLATE">
				<Anchors>
					<Anchor point="TOPLEFT" relativePoint="TOPLEFT">
						<Offset>
							<AbsDimension x="155" y="-195"/>
						</Offset>
					</Anchor>
				</Anchors>
			</EditBox>
			<EditBox name="$parent_Right" inherits="QHEDITBOXTEMPLATE">
				<Anchors>
					<Anchor point="TOPLEFT" relativePoint="TOPLEFT">
						<Offset>
							<AbsDimension x="290" y="-90"/>
						</Offset>
					</Anchor>
				</Anchors>
			</EditBox>
			<EditBox name="$parent_RightShift" inherits="QHEDITBOXTEMPLATE">
				<Anchors>
					<Anchor point="TOPLEFT" relativePoint="TOPLEFT">
						<Offset>
							<AbsDimension x="290" y="-125"/>
						</Offset>
					</Anchor>
				</Anchors>
			</EditBox>
			<EditBox name="$parent_RightCtrl" inherits="QHEDITBOXTEMPLATE">
				<Anchors>
					<Anchor point="TOPLEFT" relativePoint="TOPLEFT">
						<Offset>
							<AbsDimension x="290" y="-160"/>
						</Offset>
					</Anchor>
				</Anchors>
			</EditBox>
			<EditBox name="$parent_RightAlt" inherits="QHEDITBOXTEMPLATE">
				<Anchors>
					<Anchor point="TOPLEFT" relativePoint="TOPLEFT">
						<Offset>
							<AbsDimension x="290" y="-195"/>
						</Offset>
					</Anchor>
				</Anchors>
			</EditBox>
			<EditBox name="$parent_Button4" inherits="QHEDITBOXTEMPLATE">
				<Anchors>
					<Anchor point="TOPLEFT" relativePoint="TOPLEFT">
						<Offset>
							<AbsDimension x="90" y="-240"/>
						</Offset>
					</Anchor>
				</Anchors>
			</EditBox>
			<EditBox name="$parent_Button4Shift" inherits="QHEDITBOXTEMPLATE">
				<Anchors>
					<Anchor point="TOPLEFT" relativePoint="TOPLEFT">
						<Offset>
							<AbsDimension x="90" y="-275"/>
						</Offset>
					</Anchor>
				</Anchors>
			</EditBox>
			<EditBox name="$parent_Button4Ctrl" inherits="QHEDITBOXTEMPLATE">
				<Anchors>
					<Anchor point="TOPLEFT" relativePoint="TOPLEFT">
						<Offset>
							<AbsDimension x="90" y="-310"/>
						</Offset>
					</Anchor>
				</Anchors>
			</EditBox>
			<EditBox name="$parent_Button4Alt" inherits="QHEDITBOXTEMPLATE">
				<Anchors>
					<Anchor point="TOPLEFT" relativePoint="TOPLEFT">
						<Offset>
							<AbsDimension x="90" y="-345"/>
						</Offset>
					</Anchor>
				</Anchors>
			</EditBox>
			<EditBox name="$parent_Button5" inherits="QHEDITBOXTEMPLATE">
				<Anchors>
					<Anchor point="TOPLEFT" relativePoint="TOPLEFT">
						<Offset>
							<AbsDimension x="225" y="-240"/>
						</Offset>
					</Anchor>
				</Anchors>
			</EditBox>
			<EditBox name="$parent_Button5Shift" inherits="QHEDITBOXTEMPLATE">
				<Anchors>
					<Anchor point="TOPLEFT" relativePoint="TOPLEFT">
						<Offset>
							<AbsDimension x="225" y="-275"/>
						</Offset>
					</Anchor>
				</Anchors>
			</EditBox>
			<EditBox name="$parent_Button5Ctrl" inherits="QHEDITBOXTEMPLATE">
				<Anchors>
					<Anchor point="TOPLEFT" relativePoint="TOPLEFT">
						<Offset>
							<AbsDimension x="225" y="-310"/>
						</Offset>
					</Anchor>
				</Anchors>
			</EditBox>
			<EditBox name="$parent_Button5Alt" inherits="QHEDITBOXTEMPLATE">
				<Anchors>
					<Anchor point="TOPLEFT" relativePoint="TOPLEFT">
						<Offset>
							<AbsDimension x="225" y="-345"/>
						</Offset>
					</Anchor>
				</Anchors>
			</EditBox>
		</Frames>
		<Layers>
			<Layer level="OVERLAY">
				<FontString name="$parentLabel" inherits="GameFontNormal">
					<Anchors>
						<Anchor point="TOP" relativePoint="TOP">
							<Offset>
								<AbsDimension x="0" y="-20"/>
							</Offset>
						</Anchor>
					</Anchors>
				</FontString>
				<FontString name="$parentChanges" inherits="GameFontNormal" text="QH_LOCALE_CHANGES">
					<Anchors>
						<Anchor point="TOP" relativePoint="TOP">
							<Offset>
								<AbsDimension x="0" y="-35"/>
							</Offset>
						</Anchor>
					</Anchors>
				</FontString>
			</Layer>
		</Layers>
		<Scripts>
			<OnShow>
				QHOptions:SetupOptions();
			</OnShow>
		</Scripts>
	</Frame>
	
	<Slider name="QHSLIDERTEMPLATE" virtual="true" inherits="OptionsSliderTemplate">
		<Size>
			<AbsDimension x="175" y="16"/>
		</Size>
		<Scripts>
			<OnLoad>
				getglobal(self:GetName().."High"):SetText("");
				getglobal(self:GetName().."Low"):SetText("");
			</OnLoad>
			<OnValueChanged>
				local sliderMin, sliderMax = self:GetMinMaxValues();
				QHOptions:SetSlider(self, nil, self.label, sliderMin, sliderMax, self:GetValueStep(), self:GetValue());
			</OnValueChanged>
		</Scripts>
	</Slider>
	
	<Frame name="QHSCROLLABLEBOXTEMPLATE" virtual="true">
		<Size>
			<AbsDimension x="100" y="100"/>
		</Size>
		<Anchor point="TOPLEFT">
			<Offset>
				<AbsDimension x="0" y="0"/>
			</Offset>
		</Anchor>
		<Layers>
			<Layer level="OVERLAY">
				<FontString name="$parent_ScrollFrame_EditBoxText" inherits="GameFontNormal">
					<Anchors>
						<Anchor point="BOTTOMLEFT" relativePoint="TOPLEFT">
							<Offset>
								<AbsDimension x="-5" y="10"/>
							</Offset>
						</Anchor>
					</Anchors>
				</FontString>
			</Layer>
		</Layers>
		<Frames>
			<ScrollFrame name="$parent_ScrollFrame" inherits="UIPanelScrollFrameTemplate">
				<Anchors>
					<Anchor point="TOPLEFT">
						<Offset>
							<AbsDimension x="0" y="0"/>
						</Offset>
					</Anchor>
					<Anchor point="BOTTOMRIGHT">
						<Offset>
							<AbsDimension x="10" y="0"/>
						</Offset>
					</Anchor>
				</Anchors>
				<ScrollChild>
					<EditBox name="$parent_EditBox" letters="7500" multiLine="true" enableMouse="true" autoFocus="false">
						<Anchors>
							<Anchor point="TOPLEFT">
								<Offset>
									<AbsDimension x="0" y="0"/>
								</Offset>
							</Anchor>
						</Anchors>
						<FontString inherits="GameFontHighlightSmall"/>
						<Scripts>
							<OnUpdate>
								self:SetWidth(self:GetParent():GetParent():GetWidth());
								self:SetHeight(self:GetParent():GetParent():GetHeight());
							</OnUpdate>
							<OnEscapePressed>
								EditBox_ClearFocus(self);
							</OnEscapePressed>
							<OnEditFocusLost>
								EditBox_ClearHighlight(self);
							</OnEditFocusLost>
							<OnEditFocusGained>
								EditBox_HighlightText(self);
							</OnEditFocusGained>
							<OnTextChanged> 
								local scrollBar = getglobal(self:GetParent():GetName().."ScrollBar");
								self:GetParent():UpdateScrollChildRect();
								local min; local max; min, max = scrollBar:GetMinMaxValues(); 
								if (max > 0 and (self.max ~= max)) then
									self.max = max;
									scrollBar:SetValue(max); 
								end
							</OnTextChanged>
						</Scripts>
					</EditBox>
				</ScrollChild>
			</ScrollFrame>
			<Frame name="$parent_TextBackground" enableMouse="false" hidden="false">
				<Anchors>
					<Anchor point="TOPLEFT">
						<Offset>
							<AbsDimension x="-10" y="7"/>
						</Offset>
					</Anchor>
					<Anchor point="BOTTOMRIGHT">
						<Offset>
							<AbsDimension x="10" y="-7"/>
						</Offset>
					</Anchor>
				</Anchors>
				<Backdrop bgFile="Interface\Tooltips\UI-Tooltip-Background" edgeFile="Interface\Tooltips\UI-Tooltip-Border" tile="true">
					<EdgeSize>
						<AbsValue val="16"/>
					</EdgeSize>
					<TileSize>
						<AbsValue val="16"/>
					</TileSize>
					<BackgroundInsets>
						<AbsInset left="5" right="5" top="5" bottom="5"/>
					</BackgroundInsets>
				</Backdrop>
				<Scripts>
					<OnLoad>
						self:SetBackdropColor(0.0, 0.0, 0.0, 1.0);
					</OnLoad>
				</Scripts>
			</Frame>
		</Frames>
	</Frame>

	<EditBox name="QHEDITBOXTEMPLATE" virtual="true" autoFocus="false">
		<Size>
			<AbsDimension x="110" y="10"/>
		</Size>
		<Layers>
			<Layer level="OVERLAY">
				<FontString name="$parentText" inherits="GameFontNormal">
					<Anchors>
						<Anchor point="BOTTOMLEFT" relativePoint="TOPLEFT">
							<Offset>
								<AbsDimension x="-5" y="5"/>
							</Offset>
						</Anchor>
					</Anchors>
				</FontString>
			</Layer>
			<Layer level="BACKGROUND">
				<Texture name="$parentLeft" file="Interface\Common\Common-Input-Border">
					<Size>
						<AbsDimension x="8" y="20"/>
					</Size>
					<Anchors>
						<Anchor point="LEFT">
							<Offset>
								<AbsDimension x="-5" y="0"/>
							</Offset>
						</Anchor>
					</Anchors>
					<TexCoords left="0" right="0.0625" top="0" bottom="0.625"/>
				</Texture>
				<Texture name="$parentRight" file="Interface\Common\Common-Input-Border">
					<Size>
						<AbsDimension x="8" y="20"/>
					</Size>
					<Anchors>
						<Anchor point="RIGHT">
							<Offset>
								<AbsDimension x="0" y="0"/>
							</Offset>
						</Anchor>
					</Anchors>
					<TexCoords left="0.9375" right="1.0" top="0" bottom="0.625"/>
				</Texture>
				<Texture name="$parentMiddle" file="Interface\Common\Common-Input-Border">
					<Size>
						<AbsDimension x="10" y="20"/>
					</Size>
					<Anchors>
						<Anchor point="LEFT" relativeTo="$parentLeft" relativePoint="RIGHT"/>
						<Anchor point="RIGHT" relativeTo="$parentRight" relativePoint="LEFT"/>
					</Anchors>
					<TexCoords left="0.0625" right="0.9375" top="0" bottom="0.625"/>
				</Texture>
			</Layer>
		</Layers>
		<FontString inherits="GameFontHighlightSmall"/>
		<Scripts>
			<OnEscapePressed>
				EditBox_ClearFocus(self);
			</OnEscapePressed>
			<OnEditFocusLost>
				EditBox_ClearHighlight(self);
			</OnEditFocusLost>
			<OnEditFocusGained>
				EditBox_HighlightText(self);
			</OnEditFocusGained>
		</Scripts>
	</EditBox>
	
	<CheckButton name="QHCHECKBUTTONTEMPLATE" virtual="true" inherits="OptionsCheckButtonTemplate">
		<Size>
			<AbsDimension x="25" y="25"/>
		</Size>
		<Layers>
			<Layer level="OVERLAY">
				<FontString name="$parentText" inherits="GameFontNormal">
					<Anchors>
						<Anchor point="LEFT" relativePoint="RIGHT">
							<Offset>
								<AbsDimension x="5" y="0"/>
							</Offset>
						</Anchor>
					</Anchors>
				</FontString>
			</Layer>
		</Layers>
	</CheckButton>
	
	<Frame name="QHDROPDOWNTEMPLATE" virtual="true" inherits="UIDropDownMenuTemplate" enableMouse="true">
		<Layers>
			<Layer level="OVERLAY">
				<FontString name="$parentLabel" inherits="GameFontNormalSmall">
					<Anchors>
						<Anchor point="BOTTOMLEFT" relativePoint="TOPLEFT">
							<Offset>
								<AbsDimension x="20" y="0"/>
							</Offset>
						</Anchor>
					</Anchors>
				</FontString>
			</Layer>
		</Layers>
	</Frame>
	
	<Frame name="QHBACKGROUNDTEMPLATE" virtual="true" frameStrata="BACKGROUND" topLevel="true">
		<Layers>
			<Layer level="BACKGROUND">
				<Texture name="$parentTexture">
					<Color r="0" g="0" b="0" a="0.0"/>
				</Texture>
			</Layer>
		</Layers>
	</Frame>
	
	<Frame name="QHRAIDTEMPLATE" inherits="SecureHandlerStateTemplate" protected="true" virtual="true" frameStrata="BACKGROUND" topLevel="true">
		<Frames>
			<Frame name="$parent_Frame">
				<Layers>
					<Layer level="OVERLAY">
						<FontString name="$parentDebug" inherits="GameFontNormalSmall">
							<Anchors>
								<Anchor point="BOTTOMLEFT" relativePoint="TOPLEFT">
									<Offset>
										<AbsDimension x="0" y="0"/>
									</Offset>
								</Anchor>
							</Anchors>
						</FontString>
					</Layer>
				</Layers>
			</Frame>
		</Frames>
	</Frame>
	
	<Frame name="QHUNITTEMPLATE" inherits="SecureHandlerStateTemplate" protected="true" virtual="true" frameStrata="LOW" topLevel="true">
		<Anchor point="TOPLEFT">
			<Offset>
				<AbsDimension x="-100" y="-100"/>
			</Offset>
		</Anchor>
		<Frames>
			<Frame name="$parent_WarningBar" frameStrata="BACKGROUND" inherits="QHICONTEMPLATE"/>
			<Frame name="$parent_Name" inherits="QHNAMEPLATETEMPLATE"/>
			<Frame name="$parent_Decurse" inherits="QHBUTTONTEMPLATE"/>
			<Frame name="$parent_DamageBar" inherits="QHBARTEMPLATE"/>
			<Frame name="$parent_Buff" frameStrata="LOW" topLevel="true"/>
		</Frames>
	</Frame>
	
	<Frame name="QHNAMEPLATETEMPLATE" virtual="true" frameStrata="LOW" topLevel="true">
		<Frames>
			<Button name="$parent_Button" inherits="SecureUnitButtonTemplate">
				<Anchors>
					<Anchor point="CENTER" relativePoint="CENTER">
						<Offset>
							<AbsDimension x="0" y="0"/>
						</Offset>
					</Anchor>
				</Anchors>
			</Button>
			<Frame name="$parent_DropDown" inherits="UIDropDownMenuTemplate" hidden="true">
				<Size>
					<AbsDimension x="10" y="10"/>
				</Size>
				<Anchors>
					<Anchor point="TOP">
						<Offset>
							<AbsDimension x="10" y="-60"/>
						</Offset>
					</Anchor>
				</Anchors>
			</Frame>
			<Frame name="$parent_Plate">
				<Anchors>
					<Anchor point="CENTER" relativePoint="CENTER">
						<Offset>
							<AbsDimension x="0" y="0"/>
						</Offset>
					</Anchor>
				</Anchors>
				<Layers>
					<Layer level="OVERLAY">
						<Texture name="$parentTexture" file="" alphaMode="BLEND">
							<Anchors>
								<Anchor point="CENTER" relativePoint="CENTER">
									<Offset>
										<AbsDimension x="0" y="0"/>
									</Offset>
								</Anchor>
							</Anchors>
						</Texture>
						<FontString name="$parentLabel" inherits="GameFontHighlightSmall" text="">
							<Anchors>
								<Anchor point="CENTER" relativePoint="CENTER">
									<Offset>
										<AbsDimension x="0" y="0"/>
									</Offset>
								</Anchor>
							</Anchors>
						</FontString>
						<Texture name="$parentIconLeft">
							<Anchors>
								<Anchor point="RIGHT" relativePoint="LEFT">
									<Offset>
										<AbsDimension x="0" y="0"/>
									</Offset>
								</Anchor>
							</Anchors>
						</Texture>
						<Texture name="$parentIconRight">
							<Anchors>
								<Anchor point="LEFT" relativePoint="RIGHT">
									<Offset>
										<AbsDimension x="0" y="0"/>
									</Offset>
								</Anchor>
							</Anchors>
						</Texture>
					</Layer>
				</Layers>
			</Frame>
		</Frames>
	</Frame>
	
	<Frame name="QHBUTTONTEMPLATE" virtual="true" frameStrata="LOW" topLevel="true">
		<Frames>
			<Button name="$parent_Button" inherits="SecureActionButtonTemplate">
				<Anchors>
					<Anchor point="CENTER" relativePoint="CENTER">
						<Offset>
							<AbsDimension x="0" y="0"/>
						</Offset>
					</Anchor>
				</Anchors>
			</Button>
			<Frame name="$parent_Icon">
				<Anchors>
					<Anchor point="CENTER" relativePoint="CENTER">
						<Offset>
							<AbsDimension x="0" y="0"/>
						</Offset>
					</Anchor>
				</Anchors>
				<Layers>
					<Layer level="OVERLAY">
						<Texture name="$parentTexture" file="" alphaMode="BLEND">
							<Anchors>
								<Anchor point="CENTER" relativePoint="CENTER">
									<Offset>
										<AbsDimension x="0" y="0"/>
									</Offset>
								</Anchor>
							</Anchors>
						</Texture>
						<FontString name="$parentLabel" inherits="GameFontHighlightSmall" text="">
							<Anchors>
								<Anchor point="CENTER" relativePoint="CENTER">
									<Offset>
										<AbsDimension x="0" y="0"/>
									</Offset>
								</Anchor>
							</Anchors>
						</FontString>
					</Layer>
				</Layers>
			</Frame>
		</Frames>
	</Frame>
	
	<Frame name="QHICONTEMPLATE" virtual="true" frameStrata="LOW">
		<Frames>
			<Frame name="$parent_Icon">
				<Anchors>
					<Anchor point="CENTER" relativePoint="CENTER">
						<Offset>
							<AbsDimension x="0" y="0"/>
						</Offset>
					</Anchor>
				</Anchors>
				<Layers>
					<Layer level="BACKGROUND">
						<Texture name="$parentBackground">
							<Color r="0" g="0" b="0" a="0.3"/>
						</Texture>
					</Layer>
					<Layer level="OVERLAY">
						<Texture name="$parentTexture" file="" alphaMode="BLEND">
							<Anchors>
								<Anchor point="CENTER" relativePoint="CENTER">
									<Offset>
										<AbsDimension x="0" y="0"/>
									</Offset>
								</Anchor>
							</Anchors>
						</Texture>
						<FontString name="$parentLabel" inherits="GameFontHighlightSmall" text="">
							<Anchors>
								<Anchor point="CENTER" relativePoint="CENTER">
									<Offset>
										<AbsDimension x="0" y="0"/>
									</Offset>
								</Anchor>
							</Anchors>
						</FontString>
					</Layer>
				</Layers>
			</Frame>
		</Frames>
	</Frame>

	<Frame name="QHBARTEMPLATE" virtual="true" frameStrata="LOW">
		<Frames>
			<Button name="$parent_Button" frameLevel="10" inherits="SecureActionButtonTemplate">
				<Anchors>
					<Anchor point="CENTER" relativePoint="CENTER">
						<Offset>
							<AbsDimension x="0" y="0"/>
						</Offset>
					</Anchor>
				</Anchors>
			</Button>
			<StatusBar name="$parent_BarFront" frameLevel="2">
				<Anchors>
					<Anchor point="CENTER" relativePoint="CENTER">
						<Offset>
							<AbsDimension x="0" y="0"/>
						</Offset>
					</Anchor>
				</Anchors>
				<Layers>
					<Layer level="OVERLAY">
						<Texture name="$parentSpark" file="Interface\AddOns\QuickHeal\textures\Spark.blp" alphaMode="ADD" frameLevel="3">
							<Anchors>
								<Anchor point="CENTER">
									<Offset>
										<AbsDimension x="0" y="0"/>
									</Offset>
								</Anchor>
							</Anchors>
						</Texture>
						<FontString name="$parentLabelLeft" inherits="GameFontHighlightSmall" text="">
							<Anchors>
								<Anchor point="LEFT" relativePoint="LEFT">
									<Offset>
										<AbsDimension x="0" y="0"/>
									</Offset>
								</Anchor>
							</Anchors>
						</FontString>
						<FontString name="$parentLabelRight" inherits="GameFontHighlightSmall" text="">
							<Anchors>
								<Anchor point="RIGHT" relativePoint="RIGHT">
									<Offset>
										<AbsDimension x="0" y="0"/>
									</Offset>
								</Anchor>
							</Anchors>
						</FontString>
						<FontString name="$parentName" inherits="GameFontHighlightSmall" text="">
							<Anchors>
								<Anchor point="RIGHT" relativePoint="RIGHT">
									<Offset>
										<AbsDimension x="-1" y="0.5"/>
									</Offset>
								</Anchor>
							</Anchors>
						</FontString>
						<Texture name="$parentIcon1">
							<Anchors>
								<Anchor point="RIGHT" relativePoint="LEFT">
									<Offset>
										<AbsDimension x="0" y="0"/>
									</Offset>
								</Anchor>
							</Anchors>
						</Texture>
						<Texture name="$parentIcon2">
							<Anchors>
								<Anchor point="LEFT" relativePoint="RIGHT">
									<Offset>
										<AbsDimension x="0" y="0"/>
									</Offset>
								</Anchor>
							</Anchors>
						</Texture>
					</Layer>
				</Layers>
				<BarTexture name="$parentTexture" file="Interface\AddOns\QuickHeal\textures\default.tga"/>
				<BarColor r="1.0" g="0.7" b="0.0"/>
				<Scripts>
					<OnLoad>
						self:SetMinMaxValues(0,1);
					</OnLoad>
				</Scripts>
			</StatusBar>
			<StatusBar name="$parent_BarBack" frameLevel="1">
				<Anchors>
					<Anchor point="CENTER" relativePoint="CENTER">
						<Offset>
							<AbsDimension x="0" y="0"/>
						</Offset>
					</Anchor>
				</Anchors>
				<Layers>
					<Layer level="BACKGROUND">
						<Texture name="$parentBackground">
							<Color r="0" g="0" b="0" a="0.3"/>
						</Texture>
					</Layer>
					<Layer level="OVERLAY">
						<FontString name="$parentName" inherits="GameFontHighlightSmall" text="">
							<Anchors>
								<Anchor point="RIGHT" relativePoint="RIGHT">
									<Offset>
										<AbsDimension x="-1" y="0.5"/>
									</Offset>
								</Anchor>
							</Anchors>
						</FontString>
						<Texture name="$parentIcon1">
							<Anchors>
								<Anchor point="RIGHT" relativePoint="LEFT">
									<Offset>
										<AbsDimension x="0" y="0"/>
									</Offset>
								</Anchor>
							</Anchors>
						</Texture>
						<Texture name="$parentIcon2">
							<Anchors>
								<Anchor point="LEFT" relativePoint="RIGHT">
									<Offset>
										<AbsDimension x="0" y="0"/>
									</Offset>
								</Anchor>
							</Anchors>
						</Texture>
					</Layer>
				</Layers>
				<BarTexture name="$parentTexture" file="Interface\AddOns\QuickHeal\textures\default.tga"/>
				<BarColor r="1.0" g="0.7" b="0.0"/>
				<Scripts>
					<OnLoad>
						self:SetMinMaxValues(0,1);
					</OnLoad>
				</Scripts>
			</StatusBar>
		</Frames>
	</Frame>
</Ui>