﻿<Ui xmlns="http://www.blizzard.com/wow/ui/" xmlns:xsi="http://www.w3.org/2001/XMLSchema-instance" xsi:schemaLocation="http://www.blizzard.com/wow/ui/
 http://wowprogramming.com/FrameXML/UI.xsd">
  <Script file="libs\LibStub\LibStub.lua"/>
  <Script file="libs\LibDeformat-3.0\LibDeformat-3.0.lua"/>
  <Script file="libs\LibST\core.lua"/>
  <Script file="libs\CallbackHandler-1.0\CallbackHandler-1.0.lua"/>
  <Script file="libs\LibDataBroker-1.1\LibDataBroker-1.1.lua"/>
  <Script file="libs\LibDBIcon-1.0\LibDBIcon-1.0.lua"/>
  <Include file="libs\LibBabble-Boss-3.0\lib.xml"/>
  <Include file="libs\LibBabble-Inventory-3.0\lib.xml"/>
  <Include file="libs\LibBabble-Zone-3.0\lib.xml"/>
  <Include file="libs\LibDialog-1.0\lib.xml"/>
  <Script file="libs\LibEPGP-GPCalculator-1.0\LibEPGP-GPCalculator-1.0.lua"/>
</Ui>
