<Ui xmlns="http://www.blizzard.com/wow/ui/" xmlns:xsi="http://www.w3.org/2001/XMLSchema-instance" xsi:schemaLocation="http://www.blizzard.com/wow/ui/
..\FrameXML\UI.xsd">

	<Script file="LibStub\LibStub.lua"/>	
	<Script file="AceAddon-3.0\AceAddon-3.0.lua"/>
	<Script file="CallbackHandler-1.0\CallbackHandler-1.0.lua"/>
	<Script file="LibMapData-1.0\library.lua"/>
	<Script file="AceDB-3.0\AceDB-3.0.lua"/>
	<Script file="libdatabroker-1-1\LibDataBroker-1.1.lua"/>	
	<Script file="LibDBIcon-1.0\LibDBIcon-1.0.lua"/>	
	<Include file="AceGUI-3.0\AceGUI-3.0.xml"/>
	<Script file="UTF8\utf8data.lua"/>
	<Script file="UTF8\utf8.lua"/>
	<Include file="LibStatLogic-1.2\lib.xml"/>
	<Include file="LibTipHooker-1.1\lib.xml"/>
</Ui>
