<Ui xmlns="http://www.blizzard.com/wow/ui/" xmlns:xsi="http://www.w3.org/2001/XMLSchema-instance" xsi:schemaLocation="http://www.blizzard.com/wow/ui/
..\FrameXML\UI.xsd">
	<Script file="WoWVid.lua"/>
	<Frame name="WoWVidFrame" frameStrata="DIALOG" movable="true" resizable="true" hidden="false" enableMouse="true" parent="UIParent">
		<Scripts>
			<OnLoad>
				WoWVid_OnLoad(self);
				self:SetFrameLevel(2);
			</OnLoad>
			<OnEvent>
				WoWVid_OnEvent(self, event, ...);
			</OnEvent>
			<OnDragStart>
				WoWVid_OnDragStart(self);
			</OnDragStart>
			<OnDragStop>
				WoWVidFrame:StopMovingOrSizing();
			</OnDragStop>
			<OnMouseUp>
				WoWVidFrame:StopMovingOrSizing();
			</OnMouseUp>
			<OnUpdate>
				WoWVid_OnUpdate(self, elapsed);
			</OnUpdate>
		</Scripts>
		<Size>
			<AbsDimension x="345" y="260"/>
		</Size>
		<Anchors>
			<Anchor point="TOPLEFT">
				<Offset>
					<absDimension x="0" y="-50" />
				</Offset>
			</Anchor>
		</Anchors>
		<Layers>
			<Layer level="BACKGROUND">
				<Texture name="WoWVidBackground">
					<Color r="1" g="1" b="1" a="1"/>
				</Texture>
			</Layer>
		</Layers>
		<Frames>
			<Button name="WoWVidResizeBottomRight">
				<Size>
					<AbsDimension x="10" y="10"/>
				</Size>
				<Anchors>
					<Anchor point="BOTTOMRIGHT" relativeTo="$parent">
						<Offset>
							<AbsDimension x="5" y="-5"/>
						</Offset>
					</Anchor>
				</Anchors>
				<Layers>
					<Layer level="ARTWORK">
						<Texture name="$parentTexture" file="Interface\AddOns\WoWVid\Images\DragButton"/>
					</Layer>
				</Layers>
				<Scripts>
					<OnLoad>
						self:SetFrameLevel(self:GetFrameLevel()-1);
					</OnLoad>
					<OnMouseDown>
						WoWVid_ResizeBtnDragStart(self, button);
					</OnMouseDown>
					<OnMouseUp>
						WoWVid_ResizeBtnDragStop(self, button);
					</OnMouseUp> 
				</Scripts>
			</Button>
		</Frames>
	</Frame>
</Ui>
