<Ui xmlns="http://www.blizzard.com/wow/ui/" xmlns:xsi="http://www.w3.org/2001/XMLSchema-instance" xsi:schemaLocation="http://www.blizzard.com/wow/ui/
..\FrameXML\UI.xsd">
	<Script file="WoWVid_Options.lua"/>
	<Frame name="WoWVidOptionsFrame" toplevel="true" frameStrata="DIALOG" movable="true" enableMouse="true" hidden="true" parent="UIParent">
		<Size>
			<AbsDimension x="420" y="325"/>
		</Size>
		<Anchors>
			<Anchor point="CENTER"/>
		</Anchors>
		<Backdrop bgFile="Interface\Tooltips\UI-Tooltip-Background" edgeFile="Interface\Tooltips\UI-Tooltip-Border" tile="true">
			<BackgroundInsets>
				<AbsInset left="11" right="12" top="12" bottom="11"/>
			</BackgroundInsets>
			<TileSize>
				<AbsValue val="10"/>
			</TileSize>
			<EdgeSize>
				<AbsValue val="10"/>
			</EdgeSize>
			<BackgroundInsets>
				<AbsInset left="5" right="5" top="5" bottom="5"/>
			</BackgroundInsets>
		</Backdrop>
		<TitleRegion>
			<Size x="120" y="24"/>
  		<Anchors>
  			<Anchor point="TOP">
  				<Offset>
  					<AbsDimension x="0" y="0"/>
  				</Offset>
  			</Anchor>
  		</Anchors>
		</TitleRegion>
		<Layers>
			<Layer level="ARTWORK">
				<Texture name="WoWVidOptionsFrameHeader" file="Interface\DialogFrame\UI-DialogBox-Header">
					<Size>
						<AbsDimension x="256" y="64"/>
					</Size>
					<Anchors>
						<Anchor point="TOP">
							<Offset>
								<AbsDimension x="0" y="17"/>
							</Offset>
						</Anchor>
					</Anchors>
				</Texture>
				<FontString inherits="GameFontNormal" text="WOWVID_OPTIONS_TITLE">
					<Anchors>
						<Anchor point="TOP" relativeTo="WoWVidOptionsFrameHeader">
							<Offset>
								<AbsDimension x="0" y="-14"/>
							</Offset>
						</Anchor>
					</Anchors>
				</FontString>
			</Layer>
		</Layers>
		<Frames>
			<CheckButton name="WoWVidOptionsFrameToggleButton" inherits="OptionsCheckButtonTemplate">
				<Anchors>
					<Anchor point="TOPLEFT">
						<Offset>
							<AbsDimension x="10" y="-40"/>
						</Offset>
					</Anchor>
				</Anchors>
				<Scripts>
					<OnLoad>
						_G[self:GetName().."Text"]:SetText("Show/Hide WoWVid");
					</OnLoad>
					<OnClick>
						WoWVidShow_Toggle();
					</OnClick>
				</Scripts>
			</CheckButton>
			<CheckButton name="WoWVidOptionsButtonToggleButton" inherits="OptionsCheckButtonTemplate">
				<Anchors>
					<Anchor point="TOPLEFT">
						<Offset>
							<AbsDimension x="10" y="-70"/>
						</Offset>
					</Anchor>
				</Anchors>
				<Scripts>
					<OnLoad>
						_G[self:GetName().."Text"]:SetText("Show/Hide Minimap Button");
					</OnLoad>
					<OnClick>
						WoWVidButtonShow_Toggle();
					</OnClick>
				</Scripts>
			</CheckButton>
			<EditBox name="WoWVidOptionsFrameAddPresetEditBox" inherits="InputBoxTemplate" autoFocus="false" letters="20" historyLines="0">
				<Size x="110" y="20"/>
				<Anchors>
					<Anchor point="TOPRIGHT">
						<Offset x="-35" y="-40"/>
					</Anchor>
				</Anchors>
				<Layers>
					<Layer level="ARTWORK">
						<FontString inherits="GameFontNormal" text="WOWVID_INPUT_PRESET">
							<Anchors>
								<Anchor point="RIGHT" relativePoint="LEFT" x="-6" y="-2"/>
							</Anchors>
						</FontString>
					</Layer>
				</Layers>
				<Scripts>
					<OnEnterPressed function="WoWVidOptionsFrameAddPresetEditBox_OnEnterPressed"/>
					<OnEscapePressed function="WoWVidOptionsFrameAddPresetEditBox_OnEscapePressed"/>
					<OnEnter>
						GameTooltip:SetOwner(self,"ANCHOR_TOP")
						GameTooltip:SetWidth(150)
						GameTooltip:AddLine("Type a name and press &lt;Enter&gt; to store the current values as a new preset.",NORMAL_FONT_COLOR.r,NORMAL_FONT_COLOR.g,NORMAL_FONT_COLOR.b,true)
						GameTooltip:AddLine("Typing an existing name updates the preset with the current values.",NORMAL_FONT_COLOR.r,NORMAL_FONT_COLOR.g,NORMAL_FONT_COLOR.b,true)
						GameTooltip:Show()
					</OnEnter>
					<OnLeave>
						GameTooltip_Hide()
					</OnLeave>
				</Scripts>
			</EditBox>		
			<Frame name="WoWVidOptionsFramePresetsDropdown" inherits="UIDropDownMenuTemplate">
				<Anchors>
					<Anchor point="TOPRIGHT">
						<Offset>
							<AbsDimension x="-20" y="-68"/>
						</Offset>
					</Anchor>
				</Anchors>
				<Layers>
					<Layer level="ARTWORK">
						<FontString inherits="GameFontNormal" text="WOWVID_PRESETS">
							<Anchors>
								<Anchor point="RIGHT" relativePoint="LEFT" x="18" y="1"/>
							</Anchors>
						</FontString>
					</Layer>
				</Layers>
				<Scripts>
					<OnLoad function="WoWVidPresetsDropdown_OnLoad"/>
				</Scripts>
			</Frame>	
			<Button name="WoWVidOptionsFramePresetRemoveButton">
				<Size>
					<AbsDimension x="20" y="20"/>
				</Size>
				<Anchors>
					<Anchor point="TOPRIGHT">
						<Offset>
							<AbsDimension x="-10" y="-73"/>
						</Offset>
					</Anchor>
				</Anchors>
				<Scripts>
					<OnClick>
						WoWVidOptionsFrameDeletePreset_OnClick(self, button)
					</OnClick>
					<OnEnter>
						GameTooltip:SetOwner(self,"ANCHOR_RIGHT")
						GameTooltip:AddLine("Deletes the selected preset!",RED_FONT_COLOR.r,RED_FONT_COLOR.g,RED_FONT_COLOR.b,true)
						GameTooltip:AddLine("&lt;Default&gt; preset cannot be deleted.",NORMAL_FONT_COLOR.r,NORMAL_FONT_COLOR.g,NORMAL_FONT_COLOR.b,true)
						GameTooltip:Show()
					</OnEnter>
					<OnLeave>
						GameTooltip_Hide()
					</OnLeave>
				</Scripts>
				<NormalTexture file="Interface\Buttons\UI-MinusButton-Disabled">
					<Size>
						<AbsDimension x="20" y="20"/>
					</Size>
					<Anchors>
						<Anchor point="CENTER">
							<Offset>
								<AbsDimension x="0" y="0"/>
							</Offset>
						</Anchor>
					</Anchors>
				</NormalTexture>
				<HighlightTexture file="Interface\Buttons\UI-MinusButton-Up">
					<Size>
						<AbsDimension x="20" y="20"/>
					</Size>
					<Anchors>
						<Anchor point="CENTER">
							<Offset>
								<AbsDimension x="0" y="0"/>
							</Offset>
						</Anchor>
					</Anchors>
				</HighlightTexture>
				<PushedTexture file="Interface\Buttons\UI-MinusButton-Down">
					<Size>
						<AbsDimension x="20" y="20"/>
					</Size>
					<Anchors>
						<Anchor point="CENTER">
							<Offset>
								<AbsDimension x="0" y="0"/>
							</Offset>
						</Anchor>
					</Anchors>
				</PushedTexture>
			</Button>		
			<Slider name="SliderPos" inherits="OptionsSliderTemplate">
				<Size>
					<AbsDimension x="400" y="16"/>
				</Size>
				<Anchors>
					<Anchor point="BOTTOM">
						<Offset>
							<AbsDimension x="0" y="180"/>
						</Offset>
					</Anchor>
				</Anchors>
				<Scripts>
					<OnLoad>
						_G[self:GetName().."Text"]:SetText("Minimap Button Position : "..SliderPos:GetValue());
						_G[self:GetName().."High"]:SetText("360");
						_G[self:GetName().."Low"]:SetText("0");
						SliderPos:SetMinMaxValues(0,360);
						SliderPos:SetValueStep(1);
					</OnLoad>
					<OnValueChanged>
						WoWVid.Pos = SliderPos:GetValue();
						_G[self:GetName().."Text"]:SetText("Minimap Button Position : "..WoWVid.Pos);
						WoWVid_Button_UpdatePosition();
					</OnValueChanged>
				</Scripts>
			</Slider>
			<Slider name="SliderRed" inherits="OptionsSliderTemplate">
				<Size>
					<AbsDimension x="400" y="16"/>
				</Size>
				<Anchors>
					<Anchor point="BOTTOM">
						<Offset>
							<AbsDimension x="0" y="140"/>
						</Offset>
					</Anchor>
				</Anchors>
				<Scripts>
					<OnLoad>
						_G[self:GetName().."Text"]:SetText("Red : "..SliderRed:GetValue());
						_G[self:GetName().."High"]:SetText("255");
						_G[self:GetName().."Low"]:SetText("0");
						SliderRed:SetMinMaxValues(0,255);
						SliderRed:SetValueStep(1);
					</OnLoad>
					<OnValueChanged>
						WoWVid.Red = SliderRed:GetValue();
						_G[self:GetName().."Text"]:SetText("Red : "..WoWVid.Red);
						WoWVid_OnUpdate();
					</OnValueChanged>
				</Scripts>
			</Slider>
			<Slider name="SliderGreen" inherits="OptionsSliderTemplate">
				<Size>
					<AbsDimension x="400" y="16"/>
				</Size>
				<Anchors>
					<Anchor point="BOTTOM">
						<Offset>
							<AbsDimension x="0" y="100"/>
						</Offset>
					</Anchor>
				</Anchors>
				<Scripts>
					<OnLoad>
						_G[self:GetName().."Text"]:SetText("Green : "..SliderGreen:GetValue());
						_G[self:GetName().."High"]:SetText("255");
						_G[self:GetName().."Low"]:SetText("0");
						SliderGreen:SetMinMaxValues(0,255);
						SliderGreen:SetValueStep(1);
					</OnLoad>
					<OnValueChanged>
						WoWVid.Green = SliderGreen:GetValue();
						_G[self:GetName().."Text"]:SetText("Green : "..WoWVid.Green);
						WoWVid_OnUpdate();
					</OnValueChanged>
				</Scripts>
			</Slider>
			<Slider name="SliderBlue" inherits="OptionsSliderTemplate">
				<Size>
					<AbsDimension x="400" y="16"/>
				</Size>
				<Anchors>
					<Anchor point="BOTTOM">
						<Offset>
							<AbsDimension x="0" y="60"/>
						</Offset>
					</Anchor>
				</Anchors>
				<Scripts>
					<OnLoad>
						_G[self:GetName().."Text"]:SetText("Blue : "..SliderBlue:GetValue());
						_G[self:GetName().."High"]:SetText("255");
						_G[self:GetName().."Low"]:SetText("0");
						SliderBlue:SetMinMaxValues(0,255);
						SliderBlue:SetValueStep(1);
					</OnLoad>
					<OnValueChanged>
						WoWVid.Blue = SliderBlue:GetValue();
						_G[self:GetName().."Text"]:SetText("Blue : "..WoWVid.Blue);
						WoWVid_OnUpdate();
					</OnValueChanged>
				</Scripts>
			</Slider>
			<Button name="WoWVidOptionsFrameReset" inherits="OptionsButtonTemplate" text="Reset">
				<Size>
					<AbsDimension x="75" y="25"/>
				</Size>
				<Anchors>
					<Anchor point="BOTTOMRIGHT" relativeTo="WoWVidOptionsFrame" relativePoint="BOTTOM">
						<Offset>
							<AbsDimension x="-25" y="20"/>
						</Offset>
					</Anchor>
				</Anchors>
				<Scripts>
					<OnClick>
						WoWVidOptions_Reset();
					</OnClick>
				</Scripts>
			</Button>
			<Button name="WoWVidOptionsFrameDone" inherits="OptionsButtonTemplate" text="Done">
				<Size>
					<AbsDimension x="75" y="25"/>
				</Size>
				<Anchors>
					<Anchor point="BOTTOMLEFT" relativeTo="WoWVidOptionsFrame" relativePoint="BOTTOM">
						<Offset>
							<AbsDimension x="25" y="20"/>
						</Offset>
					</Anchor>
				</Anchors>
				<Scripts>
					<OnClick>
						WoWVidOptions_Toggle();
					</OnClick>
				</Scripts>
			</Button>
		</Frames>
		<Scripts>
			<OnLoad>
				WoWVidOptionsFrame_OnLoad();
			</OnLoad>
			<OnShow>
				WoWVidOptionsFrame_OnShow();
			</OnShow>
		</Scripts>
	</Frame>
</Ui>