<Ui xmlns="http://www.blizzard.com/wow/ui/" xmlns:xsi="http://www.w3.org/2001/XMLSchema-instance" xsi:schemaLocation="http://www.blizzard.com/wow/ui/
C:\Projects\WoW\Bin\Interface\FrameXML\UI.xsd">
	<Script file="WoWVid_Button.lua"/>
	<CheckButton name="WoWVid_Button" parent="MinimapBackdrop" toplevel="true">
		<Size>
			<AbsDimension x="30" y="30"/>
		</Size>
		<Anchors>
			<Anchor point="TOPLEFT" relativeTo="Minimap" relativePoint="RIGHT">
				<Offset>
					<AbsDimension x="2" y="0"/>
				</Offset>
			</Anchor>
		</Anchors>
		<Scripts>
			<OnLoad>
				self:RegisterEvent("VARIABLES_LOADED");
			</OnLoad>
			<OnEvent>
				WoWVid_Button_Init();
				WoWVid_Button_UpdatePosition();
			</OnEvent>
			<OnMouseUp>
				WoWVid_ButtonOnClick(self, button);
			</OnMouseUp>
			<OnEnter>
				WoWVid_ButtonOnEnter(self);
			</OnEnter>
			<OnLeave>
				GameTooltip:Hide();
			</OnLeave>
		</Scripts>
		<NormalTexture file="Interface\AddOns\WoWVid\Images\wvunlocked.tga"/>
		<CheckedTexture file="Interface\AddOns\WoWVid\Images\wvlocked.tga"/>
		<HighlightTexture file="Interface\AddOns\WoWVid\Images\wvhighlight.tga" alphaMode="ADD"/>
	</CheckButton>
</Ui>