<Ui xmlns="http://www.blizzard.com/wow/ui/" xmlns:xsi="http://www.w3.org/2001/XMLSchema-instance" xsi:schemaLocation="http://www.blizzard.com/wow/ui/">
  <Script file="BaudManifest.lua"/>

  <Frame name="BaudManifestOptionsDropDown" inherits="UIDropDownMenuTemplate" hidden="true">
    <Scripts>
      <OnLoad>
        BaudManifestOptionsDropDown_OnLoad(self);
      </OnLoad>
    </Scripts>
  </Frame>

  <Button name="BaudManifestBlizTemplate" hidden="true" setAllPoints="true" virtual="true">
    <NormalTexture/>
    <PushedTexture/>
    <HighlightTexture/>
    <Scripts>
      <OnLoad>
        self:RegisterForClicks("LeftButtonUp","RightButtonUp");
        self:RegisterForDrag("LeftButton");
      </OnLoad>
      <OnDragStart>
        BaudManifestItemEntry_OnDragStart(self:GetParent());
      </OnDragStart>
      <OnEnter>
        BaudManifestItemEntry_OnEnter(self:GetParent(), true);
      </OnEnter>
      <OnLeave>
        BaudManifestItemEntry_OnLeave();
      </OnLeave>
      <OnEvent/>
      <OnReceiveDrag/>
      <OnShow/>
      <OnHide/>
    </Scripts>
  </Button>

  <Button name="BaudManifestItemEntryTemplate" hidden="true" virtual="true">
    <Size><AbsDimension y="16"/></Size>
    <!--Anchors>
      <Anchor point="LEFT"/>
      <Anchor point="RIGHT"/>
    </Anchors-->
    <Layers>
      <Layer level="BACKGROUND">
        <Texture name="$parentTexture" file="Interface\Icons\INV_Misc_QuestionMark">
          <Size><AbsDimension x="16" y="16"/></Size>
          <Anchors><Anchor point="LEFT"/></Anchors>
        </Texture>
        <FontString name="$parentText" inherits="GameFontNormal" justifyH="LEFT">
          <Anchors>
            <Anchor point="LEFT" relativeTo="$parentTexture" relativePoint="RIGHT">
              <Offset><AbsDimension x="3"/></Offset>
            </Anchor>
            <Anchor point="RIGHT"/>
          </Anchors>
        </FontString>
      </Layer>
    </Layers>
    <NormalTexture file="Interface\Buttons\UI-PlusButton-Up">
      <Size><AbsDimension x="16" y="16"/></Size>
      <Anchors><Anchor point="LEFT"/></Anchors>
    </NormalTexture>
    <PushedTexture file="Interface\Buttons\UI-MinusButton-Down">
      <Size><AbsDimension x="16" y="16"/></Size>
      <Anchors><Anchor point="LEFT"/></Anchors>
    </PushedTexture>
    <HighlightTexture name="$parentHighlight" file="Interface\Buttons\UI-PlusButton-Hilight" alphaMode="ADD">
      <Size><AbsDimension x="16" y="16"/></Size>
      <Anchors><Anchor point="LEFT"/></Anchors>
    </HighlightTexture>
    <Frames>
      <Cooldown name="$parentCooldown" inherits="CooldownFrameTemplate">
        <Anchors>
          <Anchor point="TOPLEFT" relativeTo="$parentTexture"/>
          <Anchor point="BOTTOMRIGHT" relativeTo="$parentTexture"/>
        </Anchors>
      </Cooldown>
      <Button name="$parentBlizItem" inherits="ContainerFrameItemButtonTemplate,BaudManifestBlizTemplate"/>
      <Button name="$parentBlizInv" inherits="PaperDollItemSlotButtonTemplate,BaudManifestBlizTemplate"/>
    </Frames>
    <Scripts>
      <OnLoad>
        BaudManifestItemEntry_OnLoad(self);
      </OnLoad>
      <OnClick>
        BaudManifestItemEntry_OnClick(self, button);
      </OnClick>
      <OnDragStart>
        BaudManifestItemEntry_OnDragStart(self);
      </OnDragStart>
      <OnEnter>
        BaudManifestItemEntry_OnEnter(self, true);
      </OnEnter>
      <OnLeave>
        BaudManifestItemEntry_OnLeave();
      </OnLeave>
      <OnHide/>
    </Scripts>
  </Button>

  <EditBox name="BaudManifestCategoryEditBox" letters="40" autoFocus="true" parent="UIParent" hidden="true">
    <Size><AbsDimension y="16"/></Size>
    <FontString inherits="GameFontNormal"/>
    <Scripts>
      <OnEditFocusLost>
        BaudManifestCategoryEditBox_OnEditFocusLost(self);
      </OnEditFocusLost>
      <OnEscapePressed>
        self:Hide();
      </OnEscapePressed>
      <OnEnterPressed>
        self:ClearFocus();
      </OnEnterPressed>
    </Scripts>
  </EditBox>

  <CheckButton name="BaudManifestBagsButtonTemplate" virtual="true">
    <Size><AbsDimension x="24" y="24"/></Size>
    <NormalTexture file="Interface\Buttons\UI-SpellbookIcon-PrevPage-Up"/>
    <PushedTexture file="Interface\Buttons\UI-SpellbookIcon-PrevPage-Down"/>
    <CheckedTexture file="Interface\Buttons\UI-SpellbookIcon-PrevPage-Down"/>
    <HighlightTexture file="Interface\Buttons\UI-Common-MouseHilight" alphaMode="ADD"/>
    <Scripts>
      <OnClick>
        BaudManifestBagsButton_OnClick(self);
      </OnClick>
    </Scripts>
  </CheckButton>

  <Button name="BaudManifestResizeTemplate" virtual="true">
    <Size><AbsDimension x="8" y="8"/></Size>
    <Scripts>
      <OnLoad>
        BaudManifestResize_OnLoad(self);
      </OnLoad>
    </Scripts>
  </Button>

  <Button name="BaudManifestResizeableTemplate" virtual="true">
    <ResizeBounds>
      <minResize>
        <AbsDimension x="200" y="200"/>
      </minResize>
      <maxResize>
        <AbsDimension x="500" y="800"/>
      </maxResize>
    </ResizeBounds>
    <Frames>
      <Frame name="$parentResize" setAllPoints="true">
        <Frames>
          <Button name="$parentTopLeft" inherits="BaudManifestResizeTemplate">
            <Anchors><Anchor point="TOPLEFT"/></Anchors>
          </Button>
          <Button name="$parentTopRight"  inherits="BaudManifestResizeTemplate">
            <Anchors><Anchor point="TOPRIGHT"/></Anchors>
          </Button>
          <Button name="$parentBottomLeft"  inherits="BaudManifestResizeTemplate">
            <Anchors><Anchor point="BOTTOMLEFT"/></Anchors>
          </Button>
          <Button name="$parentBottomRight" inherits="BaudManifestResizeTemplate">
            <Anchors><Anchor point="BOTTOMRIGHT"/></Anchors>
          </Button>
          <Button name="$parentTop"  inherits="BaudManifestResizeTemplate">
            <Anchors>
              <Anchor point="TOPLEFT" relativeTo="$parentTopLeft" relativePoint="TOPRIGHT"/>
              <Anchor point="RIGHT" relativeTo="$parentTopRight" relativePoint="LEFT"/>
            </Anchors>
          </Button>
          <Button name="$parentBottom" inherits="BaudManifestResizeTemplate">
            <Anchors>
              <Anchor point="BOTTOMLEFT" relativeTo="$parentBottomLeft" relativePoint="BOTTOMRIGHT"/>
              <Anchor point="RIGHT" relativeTo="$parentBottomRight" relativePoint="LEFT"/>
            </Anchors>
          </Button>
          <Button name="$parentLeft" inherits="BaudManifestResizeTemplate">
            <Anchors>
              <Anchor point="TOPLEFT" relativeTo="$parentTopLeft" relativePoint="BOTTOMLEFT"/>
              <Anchor point="BOTTOM" relativeTo="$parentBottomLeft" relativePoint="TOP"/>
            </Anchors>
          </Button>
          <Button name="$parentRight" inherits="BaudManifestResizeTemplate">
            <Anchors>
              <Anchor point="TOPRIGHT" relativeTo="$parentTopRight" relativePoint="BOTTOMRIGHT"/>
              <Anchor point="BOTTOM" relativeTo="$parentBottomRight" relativePoint="TOP"/>
            </Anchors>
          </Button>
        </Frames>
      </Frame>
    </Frames>
  </Button>

  <Button name="BaudManifestDisplayTemplate" hidden="true" frameStrata="MEDIUM" virtual="true">
    <Size><AbsDimension x="250" y="417"/></Size>
    <Layers>
      <Layer level="ARTWORK">
        <FontString name="$parentText" inherits="GameFontNormal" justifyH="LEFT" text="Manifest">
          <Size><AbsDimension y="12"/></Size>
        </FontString>
        <FontString name="$parentNoEntries" inherits="GameFontNormal" text="Nothing to Display"/>
        <Texture name="$parentDivider" file="Interface\Tooltips\UI-Tooltip-Border">
          <Size><AbsDimension y="16"/></Size>
          <Anchors>
            <Anchor point="TOPLEFT">
              <Offset><AbsDimension x="5" y="-25"/></Offset>
            </Anchor>
            <Anchor point="RIGHT">
              <Offset><AbsDimension x="-5"/></Offset>
            </Anchor>
          </Anchors>
        </Texture>
      </Layer>
    </Layers>
    <Frames>
      <Button name="$parentCloseButton" inherits="UIPanelCloseButton">
        <Anchors><Anchor point="TOPRIGHT"/></Anchors>
        <HitRectInsets>
          <AbsInset left="0" right="5" top="5" bottom="0"/>
        </HitRectInsets>
        <Scripts>
          <OnClick>
            self:GetParent():Hide();
          </OnClick>
        </Scripts>
      </Button>

      <Button name="$parentOptionsButton">
        <Size><AbsDimension x="24" y="24"/></Size>
        <Anchors>
          <Anchor point="TOPRIGHT" relativeTo="$parentCloseButton" relativePoint="TOPLEFT">
            <Offset><AbsDimension x="5" y="-5"/></Offset>
          </Anchor>
        </Anchors>
        <NormalTexture file="Interface\Buttons\UI-ScrollBar-ScrollDownButton-Up"/>
        <PushedTexture file="Interface\Buttons\UI-ScrollBar-ScrollDownButton-Down"/>
        <HighlightTexture file="Interface\Buttons\UI-ScrollBar-ScrollDownButton-Highlight" alphaMode="ADD"/>
        <Scripts>
          <OnClick>
            BaudManifestOptionsButton_OnClick(self);
          </OnClick>
        </Scripts>
      </Button>

      <EditBox name="$parentFilterEditBox" inherits="InputBoxTemplate" letters="40" autoFocus="false">
        <Size><AbsDimension y="16"/></Size>
        <Anchors>
          <Anchor point="BOTTOM">
            <Offset><AbsDimension y="10"/></Offset>
          </Anchor>
          <Anchor point="LEFT">
            <Offset><AbsDimension x="65"/></Offset>
          </Anchor>
          <Anchor point="RIGHT">
            <Offset><AbsDimension x="-10"/></Offset>
          </Anchor>
        </Anchors>
        <Layers>
          <Layer level="ARTWORK">
            <FontString name="$parentText" inherits="GameFontNormal" justifyH="RIGHT" text="Find:">
              <Anchors>
                <Anchor point="BOTTOMRIGHT" relativePoint="BOTTOMLEFT">
                  <Offset><AbsDimension x="-7" y="2"/></Offset>
                </Anchor>
              </Anchors>
            </FontString>
          </Layer>
        </Layers>
        <Scripts>
          <OnLoad>
            _G[self:GetName().."Text"]:SetPoint("LEFT",self:GetParent());  --Scaling display fix
          </OnLoad>
          <OnEscapePressed>
            self:ClearFocus();
          </OnEscapePressed>
          <OnTextChanged>
            BaudManifestFilterEditBox_OnTextChanged(self);
          </OnTextChanged>
        </Scripts>
      </EditBox>

      <Button name="$parentResetButton">
        <Size><AbsDimension x="32" y="32"/></Size>
        <Anchors>
          <Anchor point="RIGHT" relativeTo="$parentFilterEditBox" relativePoint="LEFT">
            <Offset>
              <AbsDimension x="-30"/>
            </Offset>
          </Anchor>
        </Anchors>
        <HitRectInsets>
          <AbsInset left="9" right="7" top="7" bottom="10"/>
        </HitRectInsets>
        <Scripts>
          <OnEnter>
            GameTooltip:SetOwner(self, "ANCHOR_TOPRIGHT");
            GameTooltip:AddLine("Reset Filters / Sort");
            GameTooltip:Show();
          </OnEnter>
          <OnLeave>
            GameTooltip:Hide();
          </OnLeave>
          <OnClick>
            BaudManifestResetButton_OnClick(self:GetParent());
          </OnClick>
        </Scripts>
        <NormalTexture file="Interface\Buttons\CancelButton-Up"/>
        <PushedTexture file="Interface\Buttons\CancelButton-Down"/>
        <DisabledTexture file="Interface\Buttons\CancelButton-Down"/>
        <HighlightTexture file="Interface\Buttons\CancelButton-Highlight" alphaMode="ADD"/>
      </Button>

      <Frame name="$parentSortDropDown" inherits="UIDropDownMenuTemplate" enableMouse="true">
        <Anchors>
          <Anchor point="LEFT"/>
          <Anchor point="BOTTOM" relativeTo="$parentFilterEditBox" relativePoint="TOP">
            <Offset><AbsDimension y="2"/></Offset>
          </Anchor>
          <Anchor point="RIGHT" relativePoint="CENTER">
            <Offset><AbsDimension x="15"/></Offset>
          </Anchor>
        </Anchors>
      </Frame>

      <Frame name="$parentFilterDropDown" inherits="UIDropDownMenuTemplate" enableMouse="true">
        <Anchors>
          <Anchor point="RIGHT"/>
          <Anchor point="BOTTOM" relativeTo="$parentFilterEditBox" relativePoint="TOP">
            <Offset><AbsDimension y="2"/></Offset>
          </Anchor>
          <Anchor point="LEFT" relativePoint="CENTER">
            <Offset><AbsDimension x="-15"/></Offset>
          </Anchor>
        </Anchors>
      </Frame>

      <ScrollFrame name="$parentScrollBar" inherits="FauxScrollFrameTemplate">
        <Anchors>
          <Anchor point="TOPLEFT">
            <Offset><AbsDimension x="10" y="-33"/></Offset>
          </Anchor>
          <Anchor point="RIGHT">
            <Offset><AbsDimension x="-32"/></Offset>
          </Anchor>
          <Anchor point="BOTTOM" relativeTo="$parentFilterDropDown" relativePoint="TOP">
            <Offset><AbsDimension y="3"/></Offset>
          </Anchor>
        </Anchors>
        <Layers>
          <Layer level="ARTWORK">
            <Texture name="$parentUpArrow" file="Interface\Buttons\UI-SortArrow">
              <Size><AbsDimension x="14.4" y="12.8"/></Size>
              <Anchors>
                <Anchor point="TOP">
                  <Offset><AbsDimension y="-1.6"/></Offset>
                </Anchor>
              </Anchors>
              <TexCoords left="0" right="0.5625" top="1" bottom="0"/>
            </Texture>
            <Texture name="$parentDownArrow" file="Interface\Buttons\UI-SortArrow">
              <Size><AbsDimension x="14.4" y="12.8"/></Size>
              <TexCoords left="0" right="0.5625" top="0" bottom="1"/>
            </Texture>
          </Layer>
        </Layers>
        <Scripts>
          <OnVerticalScroll>
            BaudManifestScrollBar_OnVerticalScroll(self, offset);
          </OnVerticalScroll>
          <OnMouseWheel>
            BaudManifestScrollBar_OnMouseWheel(self, delta);
          </OnMouseWheel>
        </Scripts>
      </ScrollFrame>

      <Button name="$parentClickBlock" hidden="true">
        <Anchors>
          <Anchor point="TOPLEFT" relativeTo="$parentScrollBar"/>
          <Anchor point="BOTTOMRIGHT" relativeTo="$parentScrollBar"/>
        </Anchors>
        <Scripts>
          <OnLoad>
            self:RegisterForClicks("LeftButtonUp","RightButtonUp");
          </OnLoad>
          <OnClick>
            BaudManifestDisplay_OnClick(self:GetParent(), button);
          </OnClick>
          <OnReceiveDrag>
            BaudManifestDisplay_OnClick(self:GetParent(), nil);
          </OnReceiveDrag>
          <OnEnter>
            BaudManifestDisplay_OnEnter(self:GetParent());
          </OnEnter>
          <OnLeave>
            BaudManifestDisplay_OnLeave();
          </OnLeave>
        </Scripts>
      </Button>
    </Frames>
    <Scripts>
      <OnLoad>
        BaudManifestDisplay_OnLoad(self);
      </OnLoad>
      <OnShow>
        BaudManifestDisplay_OnShow(self);
      </OnShow>
      <OnHide>
        BaudManifestDisplay_OnHide(self);
      </OnHide>
      <OnClick>
        BaudManifestDisplay_OnClick(self, button);
      </OnClick>
      <OnReceiveDrag>
        BaudManifestDisplay_OnClick(self, nil);
      </OnReceiveDrag>
      <OnDragStart>
        BaudManifestDisplay_OnDragStart(self);
      </OnDragStart>
      <OnDragStop>
        BaudManifestDisplay_OnDragStop(self);
      </OnDragStop>
      <OnEnter>
        BaudManifestDisplay_OnEnter(self);
      </OnEnter>
      <OnLeave>
        BaudManifestDisplay_OnLeave(self);
      </OnLeave>
      <OnSizeChanged>
        BaudManifestDisplay_OnSizeChanged(self);
      </OnSizeChanged>
    </Scripts>
  </Button>

  <Button name="BaudManifestDisplay1" inherits="BaudManifestDisplayTemplate,BaudManifestResizeableTemplate" resizable="true" toplevel="true" movable="true" parent="UIParent" id="1">
    <Anchors>
      <Anchor point="LEFT" relativePoint="CENTER">
        <Offset><AbsDimension x="10"/></Offset>
      </Anchor>
    </Anchors>
    <Frames>
      <Frame name="$parentMoneyFrame" inherits="SmallMoneyFrameTemplate">
        <Size><AbsDimension x="206" y="14"/></Size>
        <Anchors>
          <Anchor point="BOTTOMRIGHT">
            <Offset><AbsDimension x="3" y="7"/></Offset>
          </Anchor>
        </Anchors>
      </Frame>
    </Frames>
  </Button>

  <Button name="BaudManifestDisplay2" inherits="BaudManifestDisplayTemplate,BaudManifestResizeableTemplate" resizable="true" toplevel="true" movable="true" parent="UIParent" id="2">
    <Anchors>
      <Anchor point="RIGHT" relativePoint="CENTER">
        <Offset><AbsDimension x="-10"/></Offset>
      </Anchor>
    </Anchors>
  </Button>

  <Frame name="BaudManifestDragCount" frameStrata="TOOLTIP" hidden="true">
    <Size><AbsDimension x="24" y="12"/></Size>
    <Layers>
      <Layer level="ARTWORK">
        <FontString name="$parentText" font="Fonts\ARIALN.TTF" outline="THICK" virtual="true" monochrome="true" justifyH="CENTER">
          <Size><AbsDimension y="10"/></Size>
          <Anchors>
            <Anchor point="CENTER">
              <!--Offset><AbsDimension x="-3"/></Offset-->
            </Anchor>
          </Anchors>
          <FontHeight><AbsValue val="10"/></FontHeight>
          <Color r="1.0" g="1.0" b="1.0"/>
        </FontString>
      </Layer>
    </Layers>
    <Scripts>
      <OnLoad>
        self:SetScript("OnUpdate", BaudManifestDragCount_OnUpdate);
      </OnLoad>
    </Scripts>
  </Frame>

  <Frame name="BaudManifestVirtualDrag" frameStrata="TOOLTIP" hidden="true">
    <Size><AbsDimension x="24" y="24"/></Size>
    <Layers>
      <Layer level="ARTWORK">
        <Texture name="$parentIcon" setAllPoints="true"/>
      </Layer>
    </Layers>
    <Frames>
      <Button name="$parentClickBlock" frameStrata="BACKGROUND">
        <Anchors>
          <Anchor point="TOPLEFT" relativeTo="UIParent"/>
          <Anchor point="BOTTOMRIGHT" relativeTo="UIParent"/>
        </Anchors>
        <Scripts>
          <OnLoad>
            self:SetFrameLevel(1);
            self:RegisterForClicks("LEFTBUTTONUP","RIGHTBUTTONUP");
          </OnLoad>
          <OnClick>
            BaudManifestVirtualDragClickBlock_OnClick(button);
          </OnClick>
        </Scripts>
      </Button>
    </Frames>
    <Scripts>
      <OnLoad>
        self:SetScript("OnUpdate", BaudManifestVirtualDrag_OnUpdate);
      </OnLoad>
    </Scripts>
  </Frame>

  <Frame name="BaudManifestDropLine" hidden="true">
    <Size><AbsDimension x="1" y="3"/></Size>
    <Layers>
      <Layer level="BACKGROUND">
        <Texture name="$parentTexture" file="Interface\Buttons\UI-Listbox-Highlight2" setAllPoints="true" alphaMode="ADD"/>
      </Layer>
    </Layers>
    <Scripts>
      <OnLoad>
        _G[self:GetName().."Texture"]:SetVertexColor(1,1,0,0.5);
      </OnLoad>
    </Scripts>
  </Frame>

  <Frame name="BaudManifestItemHighlight" hidden="true">
    <Layers>
      <Layer level="BACKGROUND">
        <Texture name="$parentTexture" file="Interface\Buttons\UI-Listbox-Highlight2" setAllPoints="true" alphaMode="ADD">
          <color r="1" g="1" b="0" a="0.4"/>
        </Texture>
      </Layer>
    </Layers>
    <Frames>
      <Button name="BaudManifestItemPropsButton">
        <Size x="10.5" y="12"/><!--Original size was 7x8-->
        <Anchors>
          <Anchor point="RIGHT"/>
        </Anchors>
        <Layers>
          <Layer level="BACKGROUND">
            <Texture name="$parentShadow" file="Interface/FriendsFrame/UI-FriendsFrame-Note" setAllPoints="true">
              <Color r="0" g="0" b="0"/>
              <Anchors>
                <Anchor point="TOPLEFT">
                  <Offset x="1" y="-1"/>
                </Anchor>
                <Anchor point="BOTTOMRIGHT">
                  <Offset x="1" y="-1"/>
                </Anchor>
              </Anchors>
            </Texture>
          </Layer>
          <Layer level="ARTWORK">
            <Texture name="$parentIcon" file="Interface/FriendsFrame/UI-FriendsFrame-Note" setAllPoints="true"/>
          </Layer>
        </Layers>
        <Scripts>
          <OnEnter>
            BaudManifestProperties_OnEnter(self);
          </OnEnter>
          <OnLeave>
            BaudManifestItemEntry_OnLeave();
          </OnLeave>
          <OnClick>
            BaudManifestProperties_OnClick(self);
          </OnClick>
        </Scripts>
        <HighlightTexture file="Interface\QuestFrame\UI-QuestTitleHighlight" alphaMode="ADD">
          <Anchors>
            <Anchor point="TOPLEFT">
              <Offset x="-1.5"/>
            </Anchor>
            <Anchor point="BOTTOMRIGHT">
              <Offset x="-1.5"/>
            </Anchor>
          </Anchors>
        </HighlightTexture>
      </Button>
    </Frames>
  </Frame>

  <Frame name="BaudManifestTooltipIcon" frameStrata="TOOLTIP" hidden="true">
    <Size><AbsDimension x="37" y="37"/></Size>
    <Anchors>
      <Anchor point="TOPRIGHT" relativeTo="GameTooltip" relativePoint="TOPLEFT"/>
    </Anchors>
    <Layers>
      <Layer level="ARTWORK">
        <Texture name="$parentTexture" setAllPoints="true"/>
      </Layer>
    </Layers>
    <Frames>
      <Cooldown name="$parentCooldown" inherits="CooldownFrameTemplate" setAllPoints="true"/>
    </Frames>
  </Frame>

  <Button name="BaudManifestCharacterEntryTemplate" virtual="true">
    <Size><AbsDimension y="16"/></Size>
    <Anchors>
      <Anchor point="LEFT">
        <Offset><AbsDimension x="10"/></Offset>
      </Anchor>
      <Anchor point="RIGHT">
        <Offset><AbsDimension x="-10"/></Offset>
      </Anchor>
    </Anchors>
    <Layers>
      <Layer level="ARTWORK">
        <Texture name="$parentTexture">
          <Size><AbsDimension x="16" y="16"/></Size>
          <Anchors><Anchor point="LEFT"/></Anchors>
        </Texture>
        <FontString name="$parentText" inherits="GameFontNormal" justifyH="LEFT">
          <Anchors>
            <Anchor point="LEFT" relativeTo="$parentTexture" relativePoint="RIGHT">
              <Offset><AbsDimension x="3"/></Offset>
            </Anchor>
            <Anchor point="RIGHT"/>
          </Anchors>
        </FontString>
      </Layer>
    </Layers>
    <Scripts>
      <OnClick>
        BaudManifestCharacterEntry_OnClick(self);
      </OnClick>
    </Scripts>
  </Button>

  <Button name="BaudManifestCharacters" toplevel="true" frameStrata="MEDIUM" movable="true" parent="UIParent" hidden="true">
    <Size><AbsDimension x="700" y="500"/></Size>
    <Anchors><Anchor point="CENTER"/></Anchors>
    <Backdrop bgFile="Interface\DialogFrame\UI-DialogBox-Background" edgeFile="Interface\DialogFrame\UI-DialogBox-Border" tile="true">
      <BackgroundInsets>
        <AbsInset left="11" right="12" top="12" bottom="11"/>
      </BackgroundInsets>
      <TileSize><AbsValue val="32"/></TileSize>
      <EdgeSize><AbsValue val="32"/></EdgeSize>
    </Backdrop>
    <Layers>
      <Layer level="ARTWORK">
        <Texture name="$parentHeader" file="Interface\DialogFrame\UI-DialogBox-Header">
          <Size><AbsDimension x="300" y="64"/></Size>
          <Anchors>
            <Anchor point="TOP">
              <Offset><AbsDimension y="12"/></Offset>
            </Anchor>
          </Anchors>
        </Texture>
        <FontString inherits="GameFontNormal" text="Character Manifests">
          <Anchors>
            <Anchor point="TOP" relativeTo="$parentHeader">
              <Offset><AbsDimension y="-14"/></Offset>
            </Anchor>
          </Anchors>
        </FontString>
      </Layer>
    </Layers>
    <Frames>
      <Frame name="$parentScrollBox">
        <Size><AbsDimension x="120" /></Size>
        <Anchors>
          <Anchor point="TOPRIGHT">
            <Offset><AbsDimension x="-40" y="-40"/></Offset>
          </Anchor>
          <Anchor point="BOTTOM">
            <Offset><AbsDimension y="50"/></Offset>
          </Anchor>
        </Anchors>
        <Backdrop edgeFile="Interface\Tooltips\UI-Tooltip-Border" tile="true">
          <EdgeSize><AbsValue val="16"/></EdgeSize>
          <BackgroundInsets>
            <AbsInset left="5" right="5" top="5" bottom="5"/>
          </BackgroundInsets>
        </Backdrop>
        <Frames>
          <Frame name="$parentHighlight" hidden="true">
            <Size><AbsDimension y="16"/></Size>
            <Anchors>
              <Anchor point="LEFT">
                <Offset><AbsDimension x="8"/></Offset>
              </Anchor>
              <Anchor point="RIGHT">
                <Offset><AbsDimension x="-8"/></Offset>
              </Anchor>
            </Anchors>
            <Layers>
              <Layer level="BACKGROUND">
                <Texture name="$parentTexture" file="Interface\Buttons\UI-Listbox-Highlight2">
                  <color r="0.5" g="0.5" b="0"/>
                </Texture>
              </Layer>
            </Layers>
          </Frame>
        </Frames>
        <Scripts>
          <OnLoad>
            self:SetBackdropBorderColor(0.4, 0.4, 0.4);
          </OnLoad>
        </Scripts>
      </Frame>
      <Frame>
        <Anchors>
          <Anchor point="TOPLEFT">
            <Offset><AbsDimension x="20" y="-30"/></Offset>
          </Anchor>
          <Anchor point="BOTTOM">
            <Offset><AbsDimension y="20"/></Offset>
          </Anchor>
          <Anchor point="RIGHT" relativeTo="$parentScrollBox" relativePoint="LEFT">
            <Offset><AbsDimension x="-20"/></Offset>
          </Anchor>
        </Anchors>
        <Frames>
          <Button name="BaudManifestDisplay3" inherits="BaudManifestDisplayTemplate" id="3">
            <Anchors>
              <Anchor point="LEFT" relativePoint="CENTER">
                <Offset><AbsDimension x="10"/></Offset>
              </Anchor>
              <Anchor point="TOPRIGHT"/>
              <Anchor point="BOTTOM"/>
            </Anchors>
            <Frames>
              <Frame name="$parentMoneyFrame" inherits="SmallMoneyFrameTemplate" hidden="false">
                <Size><AbsDimension x="206" y="14"/></Size>
                <Anchors>
                  <Anchor point="BOTTOMRIGHT">
                    <Offset><AbsDimension x="3" y="7"/></Offset>
                  </Anchor>
                </Anchors>
                <Scripts>
                  <OnLoad>
                    SmallMoneyFrame_OnLoad(self);
                    MoneyFrame_SetType(self, "STATIC");
                  </OnLoad>
                  <OnEnter>
                    BaudManifestDisplayMoney_OnEnter(self);
                  </OnEnter>
                  <OnLeave>
                    BaudManifestDisplayMoney_OnLeave();
                  </OnLeave>
                </Scripts>
              </Frame>
            </Frames>
          </Button>
          <Button name="BaudManifestDisplay4" inherits="BaudManifestDisplayTemplate" id="4">
            <Anchors>
              <Anchor point="RIGHT" relativePoint="CENTER">
                <Offset><AbsDimension x="-10"/></Offset>
              </Anchor>
              <Anchor point="TOPLEFT"/>
              <Anchor point="BOTTOM"/>
            </Anchors>
          </Button>
        </Frames>
      </Frame>
      <Button name="$parentClose" inherits="GameMenuButtonTemplate" text="CLOSE">
        <Size><AbsDimension x="100" y="21"/></Size>
        <Anchors>
          <Anchor point="BOTTOMRIGHT">
            <Offset><AbsDimension x="-16" y="16"/></Offset>
          </Anchor>
        </Anchors>
        <Scripts>
          <OnClick>
            PlaySound("gsTitleOptionExit");
            self:GetParent():Hide();
          </OnClick>
        </Scripts>
      </Button>
    </Frames>
    <Scripts>
      <OnLoad>
        BaudManifestCharacters_OnLoad(self);
      </OnLoad>
      <OnClick>
        BaudManifestGenericClick(button);
      </OnClick>
      <OnShow>
        BaudManifestCharacters_OnShow(self);
      </OnShow>
      <OnDragStart>
        self:StartMoving();
      </OnDragStart>
      <OnDragStop>
        self:StopMovingOrSizing();
        self:SetUserPlaced(false);
      </OnDragStop>
    </Scripts>
  </Button>

  <Button name="BaudManifestOptions">
    <Frames>
      <Button name="$parentResetPositions" inherits="GameMenuButtonTemplate" text="Reset Positions">
        <Size><AbsDimension x="100" y="21"/></Size>
        <Anchors>
          <Anchor point="BOTTOMLEFT">
            <Offset><AbsDimension x="16" y="16"/></Offset>
          </Anchor>
        </Anchors>
        <Scripts>
          <OnClick>
            PlaySound("gsTitleOptionExit");
            BaudManifestResetPositons();
          </OnClick>
        </Scripts>
      </Button>
      <Slider name="$parentScaleSlider" minValue="50" maxValue="200" valueStep="1" inherits="OptionsSliderTemplate">
        <Anchors>
          <Anchor point="BOTTOMRIGHT">
            <Offset><AbsDimension x="-30" y="50"/></Offset>
          </Anchor>
        </Anchors>
        <Scripts>
          <OnValueChanged>
            BaudManifestScaleSlider_OnValueChanged(self);
          </OnValueChanged>
        </Scripts>
      </Slider>
    </Frames>
    <Scripts>
      <OnLoad>
        BaudManifestOptions_OnLoad(self);
      </OnLoad>
    </Scripts>
  </Button>

  <Frame name="BaudManifestProperties" parent="UIParent" movable="true" toplevel="true" hidden="true">
    <Size><AbsDimension x="300" y="270"/></Size>
    <Anchors><Anchor point="CENTER"/></Anchors>
    <Backdrop bgFile="Interface\DialogFrame\UI-DialogBox-Background" edgeFile="Interface\DialogFrame\UI-DialogBox-Border" tile="true">
      <BackgroundInsets>
        <AbsInset left="11" right="12" top="12" bottom="11"/>
      </BackgroundInsets>
      <TileSize><AbsValue val="32"/></TileSize>
      <EdgeSize><AbsValue val="32"/></EdgeSize>
    </Backdrop>
    <Layers>
      <Layer level="ARTWORK">
        <Texture name="$parentHeader" file="Interface\DialogFrame\UI-DialogBox-Header">
          <Size><AbsDimension x="300" y="64"/></Size>
          <Anchors>
            <Anchor point="TOP">
              <Offset><AbsDimension x="0" y="12"/></Offset>
            </Anchor>
          </Anchors>
        </Texture>
        <FontString inherits="GameFontNormal" text="Properties">
          <Anchors>
            <Anchor point="TOP" relativeTo="$parentHeader">
              <Offset><AbsDimension x="0" y="-14"/></Offset>
            </Anchor>
          </Anchors>
        </FontString>
        <Texture name="$parentIcon">
          <Size><AbsDimension x="37" y="37"/></Size>
          <Anchors>
            <Anchor point="TOPLEFT">
              <Offset><AbsDimension x="30" y="-30"/></Offset>
            </Anchor>
          </Anchors>
        </Texture>
        <FontString name="$parentName" justifyH="LEFT" inherits="GameFontNormal">
          <Anchors>
            <Anchor point="BOTTOMLEFT" relativeTo="$parentIcon" relativePoint="RIGHT">
              <Offset><AbsDimension x="6" y="1"/></Offset>
            </Anchor>
            <Anchor point="RIGHT">
              <Offset><AbsDimension x="-10"/></Offset>
            </Anchor>
          </Anchors>
        </FontString>
        <FontString name="$parentItemID" inherits="GameFontHighlightSmall">
          <Anchors>
            <Anchor point="TOPLEFT" relativeTo="$parentName" relativePoint="BOTTOMLEFT">
              <Offset><AbsDimension y="-2"/></Offset>
            </Anchor>
          </Anchors>
          <Color r="0.5" g="0.5" b="0.5"/>
        </FontString>
      </Layer>
    </Layers>
    <Frames>
      <Frame name="$parentRestock">
        <Size><AbsDimension y="115"/></Size>
        <Anchors>
          <Anchor point="BOTTOMLEFT">
            <Offset>
              <AbsDimension x="25" y="45"/>
            </Offset>
          </Anchor>
          <Anchor point="RIGHT">
            <Offset>
              <AbsDimension x="-25"/>
            </Offset>
          </Anchor>
        </Anchors>
        <Backdrop edgeFile="Interface\Tooltips\UI-Tooltip-Border" tile="true">
          <EdgeSize><AbsValue val="16"/></EdgeSize>
          <BackgroundInsets>
            <AbsInset left="5" right="5" top="5" bottom="5"/>
          </BackgroundInsets>
        </Backdrop>
      </Frame>
      <Button name="$parentOkay" inherits="GameMenuButtonTemplate" text="OKAY">
        <Size><AbsDimension x="100" y="21"/></Size>
        <Anchors>
          <Anchor point="BOTTOMRIGHT">
            <Offset><AbsDimension x="-16" y="16"/></Offset>
          </Anchor>
        </Anchors>
        <Scripts>
          <OnClick>
            PlaySound("gsTitleOptionOK");
            self:GetParent():Hide();
          </OnClick>
        </Scripts>
      </Button>
    </Frames>
    <Scripts>
      <OnLoad>
        BaudManifestProperties_OnLoad(self)
      </OnLoad>
      <OnShow>
        self:ClearAllPoints();
        self:SetPoint("CENTER");
      </OnShow>
      <OnDragStart>
        self:StartMoving();
      </OnDragStart>
      <OnDragStop>
        self:StopMovingOrSizing();
        self:SetUserPlaced(false);
      </OnDragStop>
    </Scripts>
  </Frame>

  <Frame name="BaudManifestFrame">
    <Scripts>
      <OnLoad>
        BaudManifest_OnLoad(self);
      </OnLoad>
    </Scripts>
  </Frame>
</Ui>