<Bindings>
  <Binding name="DARC_MARK_MOUSEOVER_STAR" header="DARC_RAID_TARGETING">
    if ( UnitExists( "mouseover" ) ) then
      SetRaidTarget( "mouseover", 1 );
    elseif ( UnitExists( "target" ) ) then
      SetRaidTarget( "target",    1 );
    end
  </Binding>
  <Binding name="DARC_MARK_MOUSEOVER_CIRCLE">
    if ( UnitExists( "mouseover" ) ) then
      SetRaidTarget( "mouseover", 2 );
    elseif ( UnitExists( "target" ) ) then
      SetRaidTarget( "target",    2 );
    end
  </Binding>
  <Binding name="DARC_MARK_MOUSEOVER_DIAMOND">
    if ( UnitExists( "mouseover" ) ) then
      SetRaidTarget( "mouseover", 3 );
    elseif ( UnitExists( "target" ) ) then
      SetRaidTarget( "target",    3 );
    end
  </Binding>
  <Binding name="DARC_MARK_MOUSEOVER_TRIANGLE">
    if ( UnitExists( "mouseover" ) ) then
      SetRaidTarget( "mouseover", 4 );
    elseif ( UnitExists( "target" ) ) then
      SetRaidTarget( "target",    4 );
    end
  </Binding>
  <Binding name="DARC_MARK_MOUSEOVER_MOON">
    if ( UnitExists( "mouseover" ) ) then
      SetRaidTarget( "mouseover", 5 );
    elseif ( UnitExists( "target" ) ) then
      SetRaidTarget( "target",    5 );
    end
  </Binding>
  <Binding name="DARC_MARK_MOUSEOVER_SQUARE">
    if ( UnitExists( "mouseover" ) ) then
      SetRaidTarget( "mouseover", 6 );
    elseif ( UnitExists( "target" ) ) then
      SetRaidTarget( "target",    6 );
    end
  </Binding>
  <Binding name="DARC_MARK_MOUSEOVER_CROSS">
    if ( UnitExists( "mouseover" ) ) then
      SetRaidTarget( "mouseover", 7 );
    elseif ( UnitExists( "target" ) ) then
      SetRaidTarget( "target",    7 );
    end
  </Binding>
  <Binding name="DARC_MARK_MOUSEOVER_SKULL">
    if ( UnitExists( "mouseover" ) ) then
      SetRaidTarget( "mouseover", 8 );
    elseif ( UnitExists( "target" ) ) then
      SetRaidTarget( "target",    8 );
    end
  </Binding>
  <Binding name="DARC_MARK_MOUSEOVER_CLEAR">
    if ( UnitExists( "mouseover" ) ) then
      SetRaidTarget( "mouseover", 0 );
    elseif ( UnitExists( "target" ) ) then
      SetRaidTarget( "target",    0 );
    end
  </Binding>
 	<Binding name="CLICK DArc_Marker1:LeftButton" header="DARC_MARKERS">
    -- /click DArc_Marker1
	</Binding>
 	<Binding name="CLICK DArc_Marker2:LeftButton">
    -- /click DArc_Marker2
	</Binding>
 	<Binding name="CLICK DArc_Marker3:LeftButton">
    -- /click DArc_Marker3
	</Binding>
 	<Binding name="CLICK DArc_Marker4:LeftButton">
    -- /click DArc_Marker4
	</Binding>
 	<Binding name="CLICK DArc_Marker5:LeftButton">
    -- /click DArc_Marker5
	</Binding>
 	<Binding name="CLICK DArc_MarkerClear:LeftButton">
    -- /click DArc_MarkerClear
	</Binding>
</Bindings>
