<Bindings>
	<Binding name="Toggle MA window" header="MOVEANYTHING">
		MovAny:ToggleGUI()
	</Binding>
	<Binding name="Move frame - Safe">
		MovAny:SafeMoveFrameAtCursor()
	</Binding>
	<Binding name="Edit frame - Safe">
		MovAny:SafeMAFEFrameAtCursor()
	</Binding>
	<Binding name="Hide frame - Safe">
		MovAny:SafeHideFrameAtCursor()
	</Binding>
	<Binding name="Reset frame - Safe">
		MovAny:SafeResetFrameAtCursor()
	</Binding>
	<Binding name="Move frame - Exact">
		MovAny:MoveFrameAtCursor()
	</Binding>
	<Binding name="Edit frame - Exact">
		MovAny:MAFEFrameAtCursor()
	</Binding>
	<Binding name="Hide frame - Exact">
		MovAny:HideFrameAtCursor()
	</Binding>
	<Binding name="Reset frame - Exact">
		MovAny:ResetFrameAtCursor()
	</Binding>
	<Binding name="Synchronize all elements">
		MovAny:SyncAllFrames()
	</Binding>
	<Binding name="Show frame info">
		MovAny:DebugFrameAtCursor()
	</Binding>
</Bindings>