<Ui xmlns="http://www.blizzard.com/wow/ui" xmlns:xsi="http://www.w3.org/2001/XMLSchema-instance">
	<!--Autogenerated by wowuides, Version=1.0.300.0, Culture=neutral, PublicKeyToken=null-->
	<Script file="EriksShoppingList.lua"/>
	<Script file="Shortcuts.lua"/>
	<Script file="Slashcommands.lua"/>
	<Frame name="ESL_ShortcutTemplate" virtual="true">
		<Size>
			<AbsDimension x="44" y="64"/>
		</Size>
		<Frames>
			<Button name="$parentFillBtn" FrameStrata="HIGH">
				<Size>
					<AbsDimension x="32" y="32"/>
				</Size>
				<Anchors>
					<Anchor point="TOP" x="0" y="4" />
				</Anchors>		
				<Scripts>
					<OnClick function="ESL_FillShortcut" />
				</Scripts>
				<NormalTexture urgency="5" file="Interface\ChatFrame\UI-ChatIcon-ScrollDown-Up"/>
				<PushedTexture file="Interface\ChatFrame\UI-ChatIcon-ScrollDown-Down"/>
				<DisabledTexture file="Interface\ChatFrame\UI-ChatIcon-ScrollDown-Disabled"/>
				<HighlightTexture file="Interface\Buttons\UI-Common-MouseHilight" alphaMode="ADD"/>
			</Button>

			<Button name="$parentSlot" FrameStrata="LOW">
				<Anchors>
					<Anchor point="TOP" x="0" y="-24" />
				</Anchors>	
				<Scripts>
					<OnClick function="ESL_ClickShortcut" />
					<OnEnter function="ESL_SetShortcutTooltip" />
					<OnLeave>
						GameTooltip:Hide();
						ResetCursor();
					</OnLeave>					
				</Scripts>
				<Size>
					<AbsDimension x="37" y="37"/>
				</Size>
				<Layers>
					<Layer level="OVERLAY">
						<Texture name="$parentIconTexture"/>
					</Layer>
				</Layers>
				<NormalTexture name="$parentNormalTexture" urgency="5" file="Interface\Buttons\UI-EmptySlot">
					<Size>
						<AbsDimension x="64" y="64"/>
					</Size>
					<Anchors>
						<Anchor point="CENTER">
							<Offset>
								<AbsDimension x="0" y="-1"/>
							</Offset>
						</Anchor>
					</Anchors>
				</NormalTexture>
				<PushedTexture file="Interface\Buttons\UI-EmptySlot-White"/>
				<HighlightTexture file="Interface\Buttons\ButtonHilight-Square" alphaMode="ADD"/>
			</Button>			
		</Frames>
	</Frame>	
  	<Button name="ESL_ItemTemplate" inherits="QuestItemTemplate, SecureActionButtonTemplate" virtual="true">
		<Scripts>
			<OnClick function="ESL_ClickReagent" />
			<OnEnter function="ESL_SetGameToolTip" />
			<OnLeave>
				GameTooltip:Hide();
				ResetCursor();
			</OnLeave>
		</Scripts>
		<Frames>
			<Button name="$parent_TradeskillButton" inherits="SecureActionButtonTemplate" text="#">
				<Anchors>
					<Anchor point="RIGHT" relativePoint="LEFT" x="-4" y="0" />
				</Anchors>
				<Attributes>
					<Attribute name="type" value="spell" />
					<Attribute name="spell" value="" />
				</Attributes>
				<Size>
					<AbsDimension x="18" y="18"/>
				</Size>
				<NormalTexture name="$parentNormal" urgency="5" file="Interface\Buttons\UI-Panel-ExpandButton-Up"/>
				<HighlightTexture urgency="5" file="Interface\Buttons\UI-Panel-MinimizeButton-Highlight" alphaMode="ADD"/>
				<Layers>
					<Layer level="OVERLAY">
						<Texture urgency="5" file="Interface\MINIMAP\MiniMap-TrackingBorder">
							<Anchors>
								<Anchor point="CENTER" x="1" y="-2" />
							</Anchors>
							<Size>
								<AbsDimension x="32" y="32"/>
							</Size>
							<TexCoords left="0" right="0.65625" top="0.0" bottom="0.65625"/>
						</Texture>
					</Layer>
				</Layers>
			</Button>
		</Frames>
	</Button>
	<Button name="ESL_ShowButton" inherits="OptionsButtonTemplate" text="List All >" virtual="true">
		<Scripts>
			<OnClick function="ESL_ListButtonClicked" />
		</Scripts>
	</Button>
	<Frame name="ESL_Frame_minimized" hidden="true" parent="UIParent" movable="true">
		<Scripts>
			<OnDragStart>
				self:StartMoving()
			</OnDragStart>
			<OnDragStop>
				self:StopMovingOrSizing()
			</OnDragStop>	
			<OnHide>
				self:StopMovingOrSizing()
			</OnHide>
			<OnLoad>
				self:RegisterForDrag("LeftButton");			
			</OnLoad>
		</Scripts>
		<Size>
			<AbsDimension x="180" y="32"/>
		</Size>		
		<Anchors>
			<Anchor point="CENTER" relativeTo="UIParent" x="0" y="0" />
		</Anchors>
				
		<Layers>
			<Layer level="BACKGROUND">
				<Texture urgency="5" file="Interface\TIMEMANAGER\TimerBackground">
					<Size>
						<AbsDimension x="32" y="30"/>
					</Size>
					<Anchors>
						<Anchor point="TOPLEFT"/>
					</Anchors>
					<TexCoords left="0" right="0.25" top="0.0" bottom="0.46875"/>
				</Texture>		
				<Texture urgency="5" file="Interface\TIMEMANAGER\TimerBackground">
					<Size>
						<AbsDimension x="16" y="34"/>
					</Size>
					<Anchors>
						<Anchor point="TOPRIGHT"/>
					</Anchors>
					<TexCoords left="0" right="0.125" top="0.46875" bottom="1.0"/>
				</Texture>	
				<Texture urgency="5" file="Interface\TIMEMANAGER\TimerBackground">
					<Size>
						<AbsDimension x="32" y="32"/>
					</Size>
					<Anchors>
						<Anchor point="TOPRIGHT" x="-16" y="0"/>
					</Anchors>
					<TexCoords left="0.5703125" right="0.8203125" top="0" bottom="0.5"/>
				</Texture>	
				<Texture urgency="5" file="Interface\TIMEMANAGER\TimerBackground">
					<Anchors>
						<Anchor point="TOPLEFT" x="32" y="0"/>
						<Anchor point="BOTTOMRIGHT" x="-48" y="0"/>
					</Anchors>				
					<TexCoords left="0.25" right="0.5703125" top="0" bottom="0.5"/>
				</Texture>	
			</Layer>
			<Layer level="OVERLAY">
				<FontString name="ESL_AddonNameMin" inherits="GameFontNormal" text="Erik's ShoppingList" justifyH="LEFT" >
					<Size>
						<AbsDimension x="126" y="20" />
					</Size>
					<Anchors>
						<Anchor point="TOPLEFT" x="16" y="-3" />
					</Anchors>
				</FontString>
			</Layer>
		</Layers>
		<Frames>
			<Frame name="$parentIconFrame" >
				<Anchors>
					<Anchor point="TOPLEFT" x="-26" y="6"/>
				</Anchors>
				<Size>
					<AbsDimension x="39" y="39"/>
				</Size>
				<Layers>
					<Layer level="BACKGROUND">
						<Texture name="$parentTexture">
							<Size>
								<AbsDimension x="39" y="39"/>
							</Size>
							
						</Texture>
					</Layer>
				</Layers>
				<Scripts>
					<OnEnter function="ESL_SetGameToolTip" />
					<OnLeave>
						GameTooltip:Hide();
						ResetCursor();
					</OnLeave>
				</Scripts>	
			</Frame>
			<Button name="$parentCollapseButtonDown">
				<Anchors>
					<Anchor point="TOPRIGHT" x="-2" y="2" />
				</Anchors>
				<Size>
					<AbsDimension x="32" y="32"/>
				</Size>
				<Scripts>
					<OnClick function="ESL_OnToggleMinimize" />
				</Scripts>
				<NormalTexture urgency="5" file="Interface\Buttons\UI-Panel-ExpandButton-Up"/>
				<PushedTexture file="Interface\Buttons\UI-Panel-ExpandButton-Down"/>
				<HighlightTexture urgency="5" file="Interface\Buttons\UI-Panel-MinimizeButton-Highlight" alphaMode="ADD"/>
			</Button>
		</Frames>
	</Frame>	
	<Frame name="ESL_Frame" hidden="true" parent="UIParent" movable="true">
		<Scripts>
			<OnDragStart>
				ESL_Frame:StartMoving()
			</OnDragStart>
			<OnDragStop>
				ESL_Frame:StopMovingOrSizing()
			</OnDragStop>
			<OnHide>
				ESL_Frame:StopMovingOrSizing()
			</OnHide>
		</Scripts>
		<Size>
			<AbsDimension x="272" y="400" />
		</Size>
		<Anchors>
			<Anchor point="CENTER" relativeTo="UIParent">
				<Offset>
					<AbsDimension x="0" y="0" />
				</Offset>
			</Anchor>
		</Anchors>
		<Layers>
			<Layer level="BACKGROUND">
				<Texture urgency="5" file="Interface\ClassTrainerFrame\UI-ClassTrainer-TopLeft">
					<Size>
						<AbsDimension x="224" y="256"/>
					</Size>
					<Anchors>
						<Anchor point="TOPLEFT"/>
					</Anchors>
					<TexCoords left="0" right="0.875" top="0.0" bottom="1.0"/>
				</Texture>		
				<Texture urgency="5" file="Interface\ClassTrainerFrame\UI-ClassTrainer-TopRight">
					<Size>
						<AbsDimension x="48" y="256"/>
					</Size>
					<Anchors>
						<Anchor point="TOPRIGHT"/>
					</Anchors>
					<TexCoords left="0.375" right="0.75" top="0.0" bottom="1.0"/>
				</Texture>
				<Texture urgency="5" file="Interface\PaperDollInfoFrame\SkillFrame-BotLeft">
					<Size>
						<AbsDimension x="256" y="184"/>
					</Size>
					<Anchors>
						<Anchor point="BOTTOMLEFT"/>
					</Anchors>
					<TexCoords left="0.0" right="1.0" top="0.0" bottom="0.71875"/>
				</Texture>
				<Texture urgency="5" file="Interface\PaperDollInfoFrame\SkillFrame-BotRight">
					<Size>
						<AbsDimension x="16" y="184"/>
					</Size>
					<Anchors>
						<Anchor point="BOTTOMRIGHT"/>
					</Anchors>
					<TexCoords left="0.625" right="0.75" top="0.0" bottom="0.71875"/>
				</Texture>
			</Layer>
			<Layer level="LOW">
				<Texture urgency="5" file="Interface\PaperDollInfoFrame\SkillFrame-BotRight">
					<Size>
						<AbsDimension x="5" y="23"/>
					</Size>
					<Anchors>
						<Anchor point="BOTTOMRIGHT" x="-11" y="10" />
					</Anchors>
					<TexCoords left="0" right="0.0390625" top="0.59065625" bottom="0.6875"/>
				</Texture>
			</Layer>
			<Layer level="OVERLAY">
				<Texture name="ESL_Icon" file="Interface\Addons\EriksShoppingList\ESL_icon" >
				<!--Texture name="ESL_Icon" file="Interface\Addons\Arh\img\con1024_1" -->
					<Size>
						<AbsDimension x="60" y="60"/>
					</Size>
					<Anchors>
						<Anchor point="TOPLEFT" x="8" y="-6"/>
					</Anchors>
				</Texture>
				<FontString name="ESL_AddonName" inherits="GameFontNormal" text="Erik's ShoppingList" justifyH="CENTER" >
					<Size>
						<AbsDimension x="168" y="20" />
					</Size>
					<Anchors>
						<Anchor point="TOPLEFT" x="56" y="-14" />
					</Anchors>
				</FontString>
				<Texture urgency="5" file="Interface\ClassTrainerFrame\UI-ClassTrainer-TopRight">
					<Size>
						<AbsDimension x="32" y="35"/>
					</Size>
					<Anchors>
						<Anchor point="TOPRIGHT" x="-22" y="0"/>
					</Anchors>
					<TexCoords left="0.5" right="0.75" top="0.0" bottom="0.13671875"/>
				</Texture>
				<FontString name="ESL_AllProfsLabel" inherits="GameFontNormalSmall" text="All known Professions">
					<Anchors>
						<Anchor point="TOPRIGHT" x="-60" y="-74" />
					</Anchors>
				</FontString>
				<FontString name="ESL_VersionLabel" inherits="GameFontNormalSmall" text="v2.3.2">
					<Anchors>
						<Anchor point="TOPLEFT" x="20" y="-74" />
					</Anchors>
				</FontString>
			</Layer>
		</Layers>
		<Frames>
			<Button name="$parentDoneButton" inherits="UIPanelCloseButton">
				<Anchors>
					<Anchor point="TOPRIGHT" x="3" y="-8" />
				</Anchors>
			</Button>
			<Button name="$parentCollapseButtonUp">
				<Anchors>
					<Anchor point="TOPRIGHT" x="-20" y="-8" />
				</Anchors>
				<Size>
					<AbsDimension x="32" y="32"/>
				</Size>
				<Scripts>
					<OnClick function="ESL_OnToggleMinimize" />
				</Scripts>
				<NormalTexture urgency="5" file="Interface\Buttons\UI-Panel-CollapseButton-Up"/>
				<PushedTexture file="Interface\Buttons\UI-Panel-CollapseButton-Down"/>
				<HighlightTexture urgency="5" file="Interface\Buttons\UI-Panel-MinimizeButton-Highlight" alphaMode="ADD"/>
			</Button>
			<Button name="ESL_tradeskillbutton" inherits="OptionsButtonTemplate, SecureActionButtonTemplate" text="Show Profession" >
				<Anchors>
					<Anchor point="TOPRIGHT" x="-30" y="-42" />
				</Anchors>
				<Size>
					<AbsDimension x="140" y="24"/>
				</Size>
				<Attributes>
					<Attribute name="type" value="spell" />
					<Attribute name="spell" value="" />
				</Attributes>
			</Button>
			<CheckButton name="ESL_CheckButton" inherits="OptionsCheckButtonTemplate" checked="false">
				<Anchors>
					<Anchor point="TOPRIGHT" x="-30" y="-66" />
				</Anchors>
				<Scripts>
					<OnClick function="ESL_UpdateCompleteList" />
				</Scripts>
			</CheckButton>
			<ScrollFrame name="ESL_ScrollFrame" inherits="UIPanelScrollFrameTemplate">
				<Anchors>
					<Anchor point="TOPLEFT" x="20" y="-97" />
					<Anchor point="BOTTOMRIGHT" x="-34" y="32" />
				</Anchors>
				<Layers>
					<Layer level="BACKGROUND">
						<Texture name="$parentTop" urgency="5" file="Interface\ClassTrainerFrame\UI-ClassTrainer-ScrollBar">
							<Size>
								<AbsDimension x="30" y="123"/>
							</Size>
							<Anchors>
								<Anchor point="TOPLEFT" relativePoint="TOPRIGHT" x="-2" y="5"/>
							</Anchors>
							<TexCoords left="0" right="0.46875" top="0" bottom="0.9609375"/>
						</Texture>
						<Texture name="$parentBottom" urgency="5" file="Interface\ClassTrainerFrame\UI-ClassTrainer-ScrollBar">
							<Size>
								<AbsDimension x="30" y="123"/>
							</Size>
							<Anchors>
								<Anchor point="BOTTOMLEFT" relativePoint="BOTTOMRIGHT" x="-2" y="-1"/>
							</Anchors>
							<TexCoords left="0.53125" right="1.0" top="0.03125" bottom="1.0"/>
						</Texture>
						<Texture name="$parentMiddle" file="Interface\ClassTrainerFrame\UI-ClassTrainer-ScrollBar">
							<Anchors>
								<Anchor point="TOPLEFT" relativeTo="$parentTop" relativePoint="BOTTOMLEFT"/>
								<Anchor point="BOTTOMRIGHT" relativeTo="$parentBottom" relativePoint="TOPRIGHT"/>
							</Anchors>
							<TexCoords left="0" right="0.46875" top="0.18" bottom="0.9609375"/>
						</Texture>
					</Layer>
				</Layers>
				<ScrollChild>
					<Frame name="ESL_ScrollChildFrame">
						<Size>
							<AbsDimension x="250" y="512"/>
						</Size>
						<!--Backdrop bgFile="Interface\FrameGeneral\UI-Background-Marble" tile="true">
							<TileSize>
								<AbsValue val="512" />
							</TileSize>
						</Backdrop-->
						<Frames>
							<Button name="ESL_Reagent0" inherits="ESL_ItemTemplate">
								<Anchors>
									<Anchor point="TOPLEFT" x="8" y="-8" />
								</Anchors>
							</Button>
						</Frames>
					</Frame>
				</ScrollChild>
			</ScrollFrame>
			<Frame name="ESL_Shortcuts">
				<Anchors>
					<Anchor point="TOPLEFT" relativePoint="BOTTOMLEFT" x="30" y="29" />
				</Anchors>
				<Size>
					<AbsDimension x="220" y="64"/>
				</Size>
				<Frames>
					<Frame name="ESL_Shortcut1" id="1" inherits="ESL_ShortcutTemplate">
						<Anchors>
							<Anchor point="TOPLEFT" />
						</Anchors>
					</Frame>
					<Frame name="ESL_Shortcut2" id="2" inherits="ESL_ShortcutTemplate">
						<Anchors>
							<Anchor point="LEFT" relativeTo="ESL_Shortcut1" relativePoint="RIGHT" />
						</Anchors>
					</Frame>
					<Frame name="ESL_Shortcut3" id="3" inherits="ESL_ShortcutTemplate">
						<Anchors>
							<Anchor point="LEFT" relativeTo="ESL_Shortcut2" relativePoint="RIGHT" />
						</Anchors>
					</Frame>
					<Frame name="ESL_Shortcut4" id="4" inherits="ESL_ShortcutTemplate">
						<Anchors>
							<Anchor point="LEFT" relativeTo="ESL_Shortcut3" relativePoint="RIGHT" />
						</Anchors>
					</Frame>
					<Frame name="ESL_Shortcut5" id="5" inherits="ESL_ShortcutTemplate">
						<Anchors>
							<Anchor point="LEFT" relativeTo="ESL_Shortcut4" relativePoint="RIGHT" />
						</Anchors>
					</Frame>
				</Frames>
			</Frame>
		</Frames>
		<Scripts>
			<OnLoad function="ESL_OnLoad" />
			<OnEvent function="ESL_Event" />
		</Scripts>
	</Frame>
</Ui>