<Ui xmlns="http://www.blizzard.com/wow/ui/" xmlns:xsi="http://www.w3.org/2001/XMLSchema-instance" xsi:schemaLocation="http://www.blizzard.com/wow/ui/
..\FrameXML\UI.xsd">

  <Script file="localization.en.lua"/>
  <Script file="TitanGathered.lua"/>
  
	<Frame parent="UIParent">
		<Frames>
			<Button name="TitanPanelGatheredButton" inherits="TitanPanelComboTemplate" frameStrata="FULLSCREEN" toplevel="true">
				<Scripts>
					<OnLoad>
						TitanGathered.Button_OnLoad(self);
						TitanPanelButton_OnLoad(self);
					</OnLoad>
					<OnEvent>
						TitanGathered.Button_OnEvent(self, event, ...);
					</OnEvent>
				</Scripts>
			</Button>
		</Frames>
	</Frame>

	<GameTooltip name="TitanGatheredTooltip" inherits="GameTooltipTemplate" parent="UIParent" hidden="true">
		<Layers>
			<Layer level="ARTWORK">
				<FontString name="$parentTextLeft1" inherits="GameFontNormal" hidden="true"/>
				<FontString name="$parentTextRight1" inherits="GameFontNormal" hidden="true"/>
			</Layer>
		</Layers>
	</GameTooltip>

  <Frame name="TiatPanelOre" parent="GameTooltip" hidden="false">
  	<Scripts>
	  	<OnLoad>

	  	</OnLoad>
  		<OnShow>
        	TitanGatheredShowTooltip(self);
      </OnShow>
  		<OnHide>

  		</OnHide>
		<OnEvent>
			
		</OnEvent>
    </Scripts>
 </Frame>
	
	

</Ui>
