﻿<Ui xmlns:xsi="http://www.w3.org/2001/XMLSchema-instance" xmlns:xsd="http://www.w3.org/2001/XMLSchema" xmlns="http://www.blizzard.com/wow/ui/">
  <Script file="HWM_Options.lua" />
  <Frame name="HWM_OptionsFrame" inherits="">
    <Size>
      <AbsDimension x="385" y="409" />
    </Size>
    <Frames>
      <CheckButton name="HWM_OptionsFrame_HideDetail" inherits="UICheckButtonTemplate" text="CheckButton1">
        <Anchors>
          <Anchor point="TOPLEFT">
            <Offset x="31" y="-33" />
          </Anchor>
        </Anchors>
      </CheckButton>
    </Frames>
    <Layers>
      <Layer>
        <FontString name="HWM_OptionsFrame_AboutHeaderLabel" inherits="GameFontNormal" text="Have We Met?" justifyH="LEFT">
          <Size>
            <AbsDimension x="225" y="20" />
          </Size>
          <Anchors>
            <Anchor point="TOPLEFT">
              <Offset x="97" y="-3" />
            </Anchor>
          </Anchors>
        </FontString>
      </Layer>
      <Layer level="OVERLAY">
        <FontString name="HWM_OptionsFrame_hidedetaillabel" inherits="GameFontNormal" text="Hide detail in tooltip (Shift will show)." justifyH="LEFT">
          <Size>
            <AbsDimension x="450" y="20" />
          </Size>
          <Anchors>
            <Anchor point="TOPLEFT">
              <Offset x="69" y="-39" />
            </Anchor>
          </Anchors>
          <Color r="0.5" g="1" b="1" />
        </FontString>
      </Layer>
    </Layers>
    <Scripts>
      <OnLoad>HWM_OptionsFrame_OnLoad(self);</OnLoad>
    </Scripts>
  </Frame>
</Ui>