<Ui xsi:schemaLocation="http://www.blizzard.com/wow/ui/ ..\FrameXML\UI.xsd">
	<!-- Embedded libraries -->
	<!--@no-lib-strip@-->
	<Script file="Libs\LibStub\LibStub.lua"/>
	<Include file="Libs\CallbackHandler-1.0\CallbackHandler-1.0.xml"/>
	<Include file="Libs\AceAddon-3.0\AceAddon-3.0.xml"/>
	<Include file="Libs\AceEvent-3.0\AceEvent-3.0.xml"/>
	<Include file="Libs\AceLocale-3.0\AceLocale-3.0.xml"/>
	<Include file="Libs\AceGUI-3.0\AceGUI-3.0.xml"/>
	<Include file="Libs\AceConsole-3.0\AceConsole-3.0.xml"/>
	<Include file="Libs\AceConfig-3.0\AceConfig-3.0.xml"/>
	<Include file="Libs\AceDB-3.0\AceDB-3.0.xml"/>
	<Include file="Libs\AceTimer-3.0\AceTimer-3.0.xml"/>
	<Script file="Libs\LibDataBroker\LibDataBroker-1.1.lua"/>
	<Script file="Libs\LibDBIcon-1.0\LibDBIcon-1.0.lua"/>
	<Script file="Libs\LibInspect\LibInspect.lua"/>
	<Script file="Libs\LibItemUpgradeInfo-1.0\core.lua"/>
	<!--@end-no-lib-strip@-->
</Ui>