<Ui xsi:schemaLocation="http://www.blizzard.com/wow/ui/ ..\FrameXML\UI.xsd">
    <Script file="Locals\enUS.lua" />
    
    <Script file="Locals\ptBR.lua" />
    <Script file="Locals\frFR.lua" />
    <Script file="Locals\deDE.lua" />
    <Script file="Locals\itIT.lua" />
    <Script file="Locals\koKR.lua" />
    <Script file="Locals\esMX.lua" />
    <Script file="Locals\ruRU.lua" />
    <Script file="Locals\zhCN.lua" />
    <Script file="Locals\esES.lua" />
    <Script file="Locals\zhTW.lua" />
    
    <Script file="settings.lua" />
    <Script file="SimpleILevel.lua" />
    <Script file="misc.lua" />
</Ui>
