<Ui xmlns="http://www.blizzard.com/wow/ui/" xmlns:xsi="http://www.w3.org/2001/XMLSchema-instance" xsi:schemaLocation="http://www.blizzard.com/wow/ui/
..\FrameXML\UI.xsd">

<Script file="base.lua"/>

<Include file="autotrack\module.xml"/>
<Include file="blizzard\module.xml"/>
<!--<Include file="details\module.xml"/>-->
<!--<Include file="fubar\module.xml"/>-->
<Include file="givers\module.xml"/>
<Include file="sink\module.xml"/>
<Include file="sounds\module.xml"/>
<Include file="spam\module.xml"/>
<Include file="ldb\module.xml"/>

</Ui>
