<Bindings>
	<Binding name="CLICK FlareUPSecureClearAll:LeftButton" header="FLAREUPWORLDMARKERS">
		-- clear all
	</Binding>
	<Binding name="CLICK FlareUPSecureWM1:LeftButton">
		-- set marker 1
	</Binding>
	<Binding name="CLICK FlareUPSecureWM1:RightButton">
		-- clear marker 1
	</Binding>	
	<Binding name="CLICK FlareUPSecureWM2:LeftButton">
		-- set marker 2
	</Binding>
	<Binding name="CLICK FlareUPSecureWM2:RightButton">
		-- clear marker 2
	</Binding>
	<Binding name="CLICK FlareUPSecureWM3:LeftButton">
		-- set marker 3
	</Binding>
	<Binding name="CLICK FlareUPSecureWM3:RightButton">
		-- clear marker 3
	</Binding>
	<Binding name="CLICK FlareUPSecureWM4:LeftButton">
		-- set marker 4
	</Binding>
	<Binding name="CLICK FlareUPSecureWM4:RightButton">
		-- clear marker 4
	</Binding>
	<Binding name="CLICK FlareUPSecureWM5:LeftButton">
		-- set marker 5
	</Binding>
	<Binding name="CLICK FlareUPSecureWM5:RightButton">
		-- clear marker 5
	</Binding>	
</Bindings>