﻿<Ui xmlns="http://www.blizzard.com/wow/ui" xmlns:xsi="http://www.w3.org/2001/XMLSchema-instance">
	<Script file="MacroForm.lua" />
	<Frame name="MacroForm" frameStrata="MEDIUM" toplevel="true"
		enableMouse="true" movable="true" parent="UIParent">
		<Size>
			<AbsDimension x="400" y="490" />
		</Size>
		<Anchors>
			<Anchor point="CENTER" relativeTo="UIParent">
				<Offset>
					<AbsDimension x="0" y="0" />
				</Offset>
			</Anchor>
		</Anchors>
		<Backdrop bgFile="Interface\DialogFrame\UI-DialogBox-Background"
			edgeFile="Interface\DialogFrame\UI-DialogBox-Border" tile="true">
			<BackgroundInsets>
				<AbsInset left="11" right="12" top="12" bottom="11" />
			</BackgroundInsets>
			<TileSize>
				<AbsValue val="32" />
			</TileSize>
			<EdgeSize>
				<AbsValue val="32" />
			</EdgeSize>
		</Backdrop>
		<Layers>
			<Layer>
				<Texture name="$parentTitleBorder" file="Interface\DialogFrame\UI-DialogBox-Header">
					<Size>
						<AbsDimension x="160" y="32" />
					</Size>
					<Anchors>
						<Anchor point="TOP">
							<Offset>
								<AbsDimension x="0" y="5" />
							</Offset>
						</Anchor>
					</Anchors>
					<TexCoords left="0.2" right="0.8" top="0" bottom="0.6" />
				</Texture>
				<FontString name="$parentTitleString" font="Fonts\FRIZQT__.TTF"
					text="Macro editor">
					<Size>
						<AbsDimension x="140" y="0" />
					</Size>
					<Anchors>
						<Anchor point="TOP">
							<Offset>
								<AbsDimension x="0" y="-4" />
							</Offset>
						</Anchor>
					</Anchors>
					<FontHeight>
						<AbsValue val="12" />
					</FontHeight>
					<Color r="1" g="0.8196079" b="0" />
					<Shadow>
						<Color r="0" g="0" b="0" />
						<Offset>
							<AbsDimension x="1" y="-1" />
						</Offset>
					</Shadow>
				</FontString>
			</Layer>
		</Layers>
		<Frames>
			<Frame name="$parentOneLine" hidden="false">
				<Anchors>
					<Anchor point="TOPLEFT" />
					<Anchor point="BOTTOMRIGHT" />
				</Anchors>
				<Frames>
					<!-- SELF PANEL -->
					<Frame name="$parentSelfPanel">
						<Size>
							<AbsDimension x="320" y="150" />
						</Size>
						<Anchors>
							<Anchor point="TOPLEFT">
								<Offset>
									<AbsDimension x="37" y="-197" />
								</Offset>
							</Anchor>
						</Anchors>
						<Backdrop bgFile="Interface\Tooltips\UI-Tooltip-Background"
							edgeFile="Interface\Tooltips\UI-Tooltip-Border" tile="true">
							<BackgroundInsets>
								<AbsInset left="5" right="5" top="5" bottom="5" />
							</BackgroundInsets>
							<TileSize>
								<AbsValue val="16" />
							</TileSize>
							<EdgeSize>
								<AbsValue val="16" />
							</EdgeSize>
						</Backdrop>
						<Frames>
							<!-- SELF LABEL -->
							<Frame name="$parentLabelSelf">
								<Size>
									<AbsDimension x="119" y="18" />
								</Size>
								<Anchors>
									<Anchor point="TOPLEFT">
										<Offset>
											<AbsDimension x="100" y="0" />
										</Offset>
									</Anchor>
								</Anchors>
								<Layers>
									<Layer>
										<FontString name="$parentLabel" font="Fonts\FRIZQT__.TTF"
											text="Player status info">
											<Anchors>
												<Anchor point="TOPLEFT" />
												<Anchor point="BOTTOMRIGHT" />
											</Anchors>
											<FontHeight>
												<AbsValue val="12" />
											</FontHeight>
											<Color r="1" g="0.8196079" b="0" />
											<Shadow>
												<Color r="0" g="0" b="0" />
												<Offset>
													<AbsDimension x="1" y="-1" />
												</Offset>
											</Shadow>
										</FontString>
									</Layer>
								</Layers>
							</Frame>

							<!-- STANCE DROP DOWN -->
							<Button name="$parentComboStance" inherits="UIDropDownMenuTemplate">
								<Layers>
									<Layer level="BACKGROUND">
										<FontString name="$parentLabel" inherits="GameFontNormalSmall"
											text="Stance">
											<Anchors>
												<Anchor point="BOTTOMLEFT" relativePoint="TOPLEFT">
													<Offset>
														<AbsDimension x="21" y="0" />
													</Offset>
												</Anchor>
											</Anchors>
										</FontString>
									</Layer>
								</Layers>
								<Size>
									<AbsDimension x="157" y="32" />
								</Size>
								<Anchors>
									<Anchor point="TOPLEFT">
										<Offset>
											<AbsDimension x="5" y="-28" />
										</Offset>
									</Anchor>
								</Anchors>
								<Scripts>
									<OnShow>
										MacroForm_StanceDropdown_OnShow();
							</OnShow>
								</Scripts>
							</Button>

							<!-- Combat dropdown -->
							<Button name="$parentComboCombat" inherits="UIDropDownMenuTemplate">
								<Layers>
									<Layer level="BACKGROUND">
										<FontString name="$parentLabel" inherits="GameFontNormalSmall"
											text="Combat">
											<Anchors>
												<Anchor point="BOTTOMLEFT" relativePoint="TOPLEFT">
													<Offset>
														<AbsDimension x="21" y="0" />
													</Offset>
												</Anchor>
											</Anchors>
										</FontString>
									</Layer>
								</Layers>
								<Size>
									<AbsDimension x="150" y="32" />
								</Size>
								<Anchors>
									<Anchor point="TOPLEFT" relativeTo="$parentComboStance"
										relativePoint="TOPRIGHT">
										<Offset>
											<AbsDimension x="2" y="0" />
										</Offset>
									</Anchor>
								</Anchors>
								<Scripts>
									<OnShow>
										MacroForm_ComboCombat_OnShow();
							</OnShow>
								</Scripts>
							</Button>

							<!-- Stealth dropdown -->
							<Button name="$parentComboStealth" inherits="UIDropDownMenuTemplate">
								<Layers>
									<Layer level="BACKGROUND">
										<FontString name="$parentLabel" inherits="GameFontNormalSmall"
											text="Stealth">
											<Anchors>
												<Anchor point="BOTTOMLEFT" relativePoint="TOPLEFT">
													<Offset>
														<AbsDimension x="21" y="0" />
													</Offset>
												</Anchor>
											</Anchors>
										</FontString>
									</Layer>
								</Layers>
								<Size>
									<AbsDimension x="157" y="32" />
								</Size>
								<Anchors>
									<Anchor point="TOPLEFT" relativeTo="$parentComboStance"
										relativePoint="BOTTOMLEFT">
										<Offset>
											<AbsDimension x="0" y="-5" />
										</Offset>
									</Anchor>
								</Anchors>
								<Scripts>
									<OnShow>
										MacroForm_StealthDropdown_OnShow();
							</OnShow>
								</Scripts>
							</Button>

							<!-- Channeling dropdown -->
							<Button name="$parentComboChanneling" inherits="UIDropDownMenuTemplate">
								<Layers>
									<Layer level="BACKGROUND">
										<FontString name="$parentLabel" inherits="GameFontNormalSmall"
											text="Channeling">
											<Anchors>
												<Anchor point="BOTTOMLEFT" relativePoint="TOPLEFT">
													<Offset>
														<AbsDimension x="21" y="0" />
													</Offset>
												</Anchor>
											</Anchors>
										</FontString>
									</Layer>
								</Layers>
								<Size>
									<AbsDimension x="157" y="32" />
								</Size>
								<Anchors>
									<Anchor point="TOPLEFT" relativeTo="$parentComboCombat"
										relativePoint="BOTTOMLEFT">
										<Offset>
											<AbsDimension x="0" y="-5" />
										</Offset>
									</Anchor>
								</Anchors>
								<Scripts>
									<OnShow>
										MacroForm_ChannelingDropdown_OnShow()
							</OnShow>
								</Scripts>
							</Button>

							<!-- Channeling Label
							<Frame name="$parentLabelChanneling">
								<Size>
									<AbsDimension x="100" y="18" />
								</Size>
								<Anchors>
									<Anchor point="TOPLEFT" relativeTo="$parentComboStealth"
										relativePoint="TOPRIGHT">
										<Offset>
											<AbsDimension x="2" y="-1" />
										</Offset>
									</Anchor>
								</Anchors>
								<Layers>
									<Layer>
										<FontString name="$parentLabel" font="Fonts\FRIZQT__.TTF"
											text="Channeling" justifyH="LEFT">
											<Anchors>
												<Anchor point="TOPLEFT" />
												<Anchor point="BOTTOMRIGHT" />
											</Anchors>
											<FontHeight>
												<AbsValue val="12" />
											</FontHeight>
											<Color r="1" g="0.8196079" b="0" />
											<Shadow>
												<Color r="0" g="0" b="0" />
												<Offset>
													<AbsDimension x="1" y="-1" />
												</Offset>
											</Shadow>
										</FontString>
									</Layer>
								</Layers>
							</Frame>
							-->
							<!-- Channeling checkbox
							<CheckButton name="$parentCheckChanneling">
								<Size>
									<AbsDimension x="32" y="32" />
								</Size>
								<Anchors>
									<Anchor point="TOPLEFT" relativeTo="$parentComboStealth"
										relativePoint="TOPRIGHT">
										<Offset>
											<AbsDimension x="70" y="1" />
										</Offset>
									</Anchor>
								</Anchors>
								<Layers>
									<Layer>
										<FontString name="$parentText" font="Fonts\FRIZQT__.TTF"
											text=" ">
											<Anchors>
												<Anchor point="LEFT" relativePoint="RIGHT">
													<Offset>
														<AbsDimension x="-2" y="0" />
													</Offset>
												</Anchor>
											</Anchors>
											<FontHeight>
												<AbsValue val="10" />
											</FontHeight>
											<Color r="1" g="0.8196079" b="0" />
											<Shadow>
												<Color r="0" g="0" b="0" />
												<Offset>
													<AbsDimension x="1" y="-1" />
												</Offset>
											</Shadow>
										</FontString>
									</Layer>
								</Layers>
								<NormalTexture file="Interface\Buttons\UI-CheckBox-Up" />
								<PushedTexture file="Interface\Buttons\UI-CheckBox-Down" />
								<HighlightTexture file="Interface\Buttons\UI-CheckBox-Highlight"
									alphaMode="ADD" />
								<CheckedTexture file="Interface\Buttons\UI-CheckBox-Check" />
								<DisabledCheckedTexture
									file="Interface\Buttons\UI-CheckBox-Check-Disabled" />
							</CheckButton>
							-->
							<!-- Channeling spellbutton -->
							<Button name="$parentButtonChanneling" text="Spell"
								inherits="OptionsButtonTemplate">
								<Size>
									<AbsDimension x="32" y="32" />
								</Size>
								<Anchors>
									<Anchor point="TOP" relativeTo="$parentComboChanneling"
										relativePoint="BOTTOM">
										<Offset>
											<AbsDimension x="0" y="-5" />
										</Offset>
									</Anchor>
								</Anchors>
								<Scripts>
									<OnReceiveDrag>
										MacroForm_OnChannelingDragStop();
									</OnReceiveDrag>
									<OnClick>
										MacroForm_ResetChannelingTexture(self);
							</OnClick>
								</Scripts>
								<ButtonText name="$parentText">
									<FontHeight>
										<AbsValue val="10" />
									</FontHeight>
								</ButtonText>
								<NormalFont inherits="GameFontNormal" font="Fonts\FRIZQT__.TTF">
									<FontHeight>
										<AbsValue val="12" />
									</FontHeight>
									<Color r="1" g="0.8196079" b="0" />
									<Shadow>
										<Color r="0" g="0" b="0" />
										<Offset>
											<AbsDimension x="1" y="-1" />
										</Offset>
									</Shadow>
								</NormalFont>
							</Button>
						</Frames>
					</Frame>

					<!-- TARGET PANEL -->
					<Frame name="$parentTargetPanel">
						<Size>
							<AbsDimension x="320" y="100" />
						</Size>
						<Anchors>
							<Anchor point="TOPLEFT">
								<Offset>
									<AbsDimension x="37" y="-97" />
								</Offset>
							</Anchor>
						</Anchors>
						<Backdrop bgFile="Interface\Tooltips\UI-Tooltip-Background"
							edgeFile="Interface\Tooltips\UI-Tooltip-Border" tile="true">
							<BackgroundInsets>
								<AbsInset left="5" right="5" top="5" bottom="5" />
							</BackgroundInsets>
							<TileSize>
								<AbsValue val="16" />
							</TileSize>
							<EdgeSize>
								<AbsValue val="16" />
							</EdgeSize>
						</Backdrop>
						<Frames>
							<Frame name="$parentLabelTarget">
								<Size>
									<AbsDimension x="119" y="18" />
								</Size>
								<Anchors>
									<Anchor point="TOPLEFT">
										<Offset>
											<AbsDimension x="100" y="0" />
										</Offset>
									</Anchor>
								</Anchors>
								<Layers>
									<Layer>
										<FontString name="$parentLabel" font="Fonts\FRIZQT__.TTF"
											text="Target info">
											<Anchors>
												<Anchor point="TOPLEFT" />
												<Anchor point="BOTTOMRIGHT" />
											</Anchors>
											<FontHeight>
												<AbsValue val="12" />
											</FontHeight>
											<Color r="1" g="0.8196079" b="0" />
											<Shadow>
												<Color r="0" g="0" b="0" />
												<Offset>
													<AbsDimension x="1" y="-1" />
												</Offset>
											</Shadow>
										</FontString>
									</Layer>
								</Layers>
							</Frame>

							<Button name="$parentComboTarget" inherits="UIDropDownMenuTemplate">
								<Layers>
									<Layer level="BACKGROUND">
										<FontString name="$parentLabel" inherits="GameFontNormalSmall"
											text="Target">
											<Anchors>
												<Anchor point="BOTTOMLEFT" relativePoint="TOPLEFT">
													<Offset>
														<AbsDimension x="21" y="0" />
													</Offset>
												</Anchor>
											</Anchors>
										</FontString>
									</Layer>
								</Layers>
								<Size>
									<AbsDimension x="157" y="32" />
								</Size>
								<Anchors>
									<Anchor point="TOPLEFT">
										<Offset>
											<AbsDimension x="5" y="-20" />
										</Offset>
									</Anchor>
								</Anchors>
								<Scripts>
									<OnShow>
										MacroForm_TargetDropDown_OnShow();
							</OnShow>
								</Scripts>
							</Button>

							<Button name="$parentComboAgression" inherits="UIDropDownMenuTemplate">
								<Layers>
									<Layer level="BACKGROUND">
										<FontString name="$parentLabel" inherits="GameFontNormalSmall"
											text="Agression">
											<Anchors>
												<Anchor point="BOTTOMLEFT" relativePoint="TOPLEFT">
													<Offset>
														<AbsDimension x="21" y="0" />
													</Offset>
												</Anchor>
											</Anchors>
										</FontString>
									</Layer>
								</Layers>
								<Size>
									<AbsDimension x="150" y="32" />
								</Size>
								<Anchors>
									<Anchor point="TOPLEFT">
										<Offset>
											<AbsDimension x="5" y="-65" />
										</Offset>
									</Anchor>
								</Anchors>
								<Scripts>
									<OnShow>
										MacroForm_AgressionDropDown_OnShow();
							</OnShow>
								</Scripts>
							</Button>

							<Button name="$parentComboDead" inherits="UIDropDownMenuTemplate">
								<Layers>
									<Layer level="BACKGROUND">
										<FontString name="$parentLabel" inherits="GameFontNormalSmall"
											text="Dead">
											<Anchors>
												<Anchor point="BOTTOMLEFT" relativePoint="TOPLEFT">
													<Offset>
														<AbsDimension x="21" y="0" />
													</Offset>
												</Anchor>
											</Anchors>
										</FontString>
									</Layer>
								</Layers>
								<Size>
									<AbsDimension x="150" y="32" />
								</Size>
								<Anchors>
									<Anchor point="TOPLEFT" relativeTo="$parentComboAgression"
										relativePoint="TOPRIGHT">
										<Offset>
											<AbsDimension x="7" y="0" />
										</Offset>
									</Anchor>
								</Anchors>
								<Scripts>
									<OnShow>
										MacroForm_Dead_OnShow();
							</OnShow>
								</Scripts>
							</Button>

							<CheckButton name="$parentCheckExists">
								<Size>
									<AbsDimension x="32" y="32" />
								</Size>
								<Anchors>
									<Anchor point="TOPLEFT">
										<Offset>
											<AbsDimension x="178" y="-15" />
										</Offset>
									</Anchor>
								</Anchors>
								<Layers>
									<Layer>
										<FontString name="$parentText" font="Fonts\FRIZQT__.TTF"
											text="Exists">
											<Anchors>
												<Anchor point="LEFT" relativePoint="RIGHT">
													<Offset>
														<AbsDimension x="-2" y="0" />
													</Offset>
												</Anchor>
											</Anchors>
											<FontHeight>
												<AbsValue val="10" />
											</FontHeight>
											<Color r="1" g="0.8196079" b="0" />
											<Shadow>
												<Color r="0" g="0" b="0" />
												<Offset>
													<AbsDimension x="1" y="-1" />
												</Offset>
											</Shadow>
										</FontString>
									</Layer>
								</Layers>
								<NormalTexture file="Interface\Buttons\UI-CheckBox-Up" />
								<PushedTexture file="Interface\Buttons\UI-CheckBox-Down" />
								<HighlightTexture file="Interface\Buttons\UI-CheckBox-Highlight"
									alphaMode="ADD" />
								<CheckedTexture file="Interface\Buttons\UI-CheckBox-Check" />
								<DisabledCheckedTexture
									file="Interface\Buttons\UI-CheckBox-Check-Disabled" />
							</CheckButton>
						</Frames>
					</Frame>

					<CheckButton name="$parentCheckShift">
						<Size>
							<AbsDimension x="32" y="32" />
						</Size>
						<Anchors>
							<Anchor point="TOPLEFT">
								<Offset>
									<AbsDimension x="282" y="-70" />
								</Offset>
							</Anchor>
						</Anchors>
						<Layers>
							<Layer>
								<FontString name="$parentText" font="Fonts\FRIZQT__.TTF"
									text="Shift">
									<Anchors>
										<Anchor point="LEFT" relativePoint="RIGHT">
											<Offset>
												<AbsDimension x="-2" y="0" />
											</Offset>
										</Anchor>
									</Anchors>
									<FontHeight>
										<AbsValue val="10" />
									</FontHeight>
									<Color r="1" g="0.8196079" b="0" />
									<Shadow>
										<Color r="0" g="0" b="0" />
										<Offset>
											<AbsDimension x="1" y="-1" />
										</Offset>
									</Shadow>
								</FontString>
							</Layer>
						</Layers>
						<NormalTexture file="Interface\Buttons\UI-CheckBox-Up" />
						<PushedTexture file="Interface\Buttons\UI-CheckBox-Down" />
						<HighlightTexture file="Interface\Buttons\UI-CheckBox-Highlight"
							alphaMode="ADD" />
						<CheckedTexture file="Interface\Buttons\UI-CheckBox-Check" />
						<DisabledCheckedTexture
							file="Interface\Buttons\UI-CheckBox-Check-Disabled" />
					</CheckButton>
					<CheckButton name="$parentCheckALT">
						<Size>
							<AbsDimension x="32" y="32" />
						</Size>
						<Anchors>
							<Anchor point="TOPLEFT">
								<Offset>
									<AbsDimension x="170" y="-70" />
								</Offset>
							</Anchor>
						</Anchors>
						<Layers>
							<Layer>
								<FontString name="$parentText" font="Fonts\FRIZQT__.TTF"
									text="ALT">
									<Anchors>
										<Anchor point="LEFT" relativePoint="RIGHT">
											<Offset>
												<AbsDimension x="-2" y="0" />
											</Offset>
										</Anchor>
									</Anchors>
									<FontHeight>
										<AbsValue val="10" />
									</FontHeight>
									<Color r="1" g="0.8196079" b="0" />
									<Shadow>
										<Color r="0" g="0" b="0" />
										<Offset>
											<AbsDimension x="1" y="-1" />
										</Offset>
									</Shadow>
								</FontString>
							</Layer>
						</Layers>
						<NormalTexture file="Interface\Buttons\UI-CheckBox-Up" />
						<PushedTexture file="Interface\Buttons\UI-CheckBox-Down" />
						<HighlightTexture file="Interface\Buttons\UI-CheckBox-Highlight"
							alphaMode="ADD" />
						<CheckedTexture file="Interface\Buttons\UI-CheckBox-Check" />
						<DisabledCheckedTexture
							file="Interface\Buttons\UI-CheckBox-Check-Disabled" />
					</CheckButton>
					<CheckButton name="$parentCheckCTRL">
						<Size>
							<AbsDimension x="32" y="32" />
						</Size>
						<Anchors>
							<Anchor point="TOPLEFT">
								<Offset>
									<AbsDimension x="54" y="-70" />
								</Offset>
							</Anchor>
						</Anchors>
						<Layers>
							<Layer>
								<FontString name="$parentText" font="Fonts\FRIZQT__.TTF"
									text="CTRL">
									<Anchors>
										<Anchor point="LEFT" relativePoint="RIGHT">
											<Offset>
												<AbsDimension x="-2" y="0" />
											</Offset>
										</Anchor>
									</Anchors>
									<FontHeight>
										<AbsValue val="10" />
									</FontHeight>
									<Color r="1" g="0.8196079" b="0" />
									<Shadow>
										<Color r="0" g="0" b="0" />
										<Offset>
											<AbsDimension x="1" y="-1" />
										</Offset>
									</Shadow>
								</FontString>
							</Layer>
						</Layers>
						<NormalTexture file="Interface\Buttons\UI-CheckBox-Up" />
						<PushedTexture file="Interface\Buttons\UI-CheckBox-Down" />
						<HighlightTexture file="Interface\Buttons\UI-CheckBox-Highlight"
							alphaMode="ADD" />
						<CheckedTexture file="Interface\Buttons\UI-CheckBox-Check" />
						<DisabledCheckedTexture
							file="Interface\Buttons\UI-CheckBox-Check-Disabled" />
					</CheckButton>
					<Frame name="$parentLabel1">
						<Size>
							<AbsDimension x="286" y="18" />
						</Size>
						<Anchors>
							<Anchor point="TOPLEFT">
								<Offset>
									<AbsDimension x="54" y="-55" />
								</Offset>
							</Anchor>
						</Anchors>
						<Layers>
							<Layer>
								<FontString name="$parentLabel" font="Fonts\FRIZQT__.TTF"
									text="Modifiers">
									<Anchors>
										<Anchor point="TOPLEFT" />
										<Anchor point="BOTTOMRIGHT" />
									</Anchors>
									<FontHeight>
										<AbsValue val="12" />
									</FontHeight>
									<Color r="1" g="0.8196079" b="0" />
									<Shadow>
										<Color r="0" g="0" b="0" />
										<Offset>
											<AbsDimension x="1" y="-1" />
										</Offset>
									</Shadow>
								</FontString>
							</Layer>
						</Layers>
					</Frame>
				</Frames>
			</Frame>
			<Frame name="$parentSequence" hidden="true">
				<Anchors>
					<Anchor point="TOPLEFT" relativeTo="$parentOneLine" />
					<Anchor point="BOTTOMRIGHT" relativeTo="$parentOneLine" />
				</Anchors>
				<Frames>
					<Frame name="$parentCondition">
						<Size>
							<AbsDimension x="320" y="150" />
						</Size>
						<Anchors>
							<Anchor point="TOPLEFT">
								<Offset>
									<AbsDimension x="37" y="-197" />
								</Offset>
							</Anchor>
						</Anchors>
						<Backdrop bgFile="Interface\Tooltips\UI-Tooltip-Background"
							edgeFile="Interface\Tooltips\UI-Tooltip-Border" tile="true">
							<BackgroundInsets>
								<AbsInset left="5" right="5" top="5" bottom="5" />
							</BackgroundInsets>
							<TileSize>
								<AbsValue val="16" />
							</TileSize>
							<EdgeSize>
								<AbsValue val="16" />
							</EdgeSize>
						</Backdrop>
						<Frames>
							<Frame name="$parentLabelCondition">
								<Size>
									<AbsDimension x="119" y="18" />
								</Size>
								<Anchors>
									<Anchor point="TOPLEFT">
										<Offset>
											<AbsDimension x="100" y="0" />
										</Offset>
									</Anchor>
								</Anchors>
								<Layers>
									<Layer>
										<FontString name="$parentLabel" font="Fonts\FRIZQT__.TTF"
											text="Condition">
											<Anchors>
												<Anchor point="TOPLEFT" />
												<Anchor point="BOTTOMRIGHT" />
											</Anchors>
											<FontHeight>
												<AbsValue val="12" />
											</FontHeight>
											<Color r="1" g="0.8196079" b="0" />
											<Shadow>
												<Color r="0" g="0" b="0" />
												<Offset>
													<AbsDimension x="1" y="-1" />
												</Offset>
											</Shadow>
										</FontString>
									</Layer>
								</Layers>
							</Frame>
							<Button name="$parentComboTarget" inherits="UIDropDownMenuTemplate">
								<Layers>
									<Layer level="BACKGROUND">
										<FontString name="$parentLabel" inherits="GameFontNormalSmall"
											text="Target">
											<Anchors>
												<Anchor point="BOTTOMLEFT" relativePoint="TOPLEFT">
													<Offset>
														<AbsDimension x="21" y="0" />
													</Offset>
												</Anchor>
											</Anchors>
										</FontString>
									</Layer>
								</Layers>
								<Size>
									<AbsDimension x="157" y="32" />
								</Size>
								<Anchors>
									<Anchor point="TOPLEFT">
										<Offset>
											<AbsDimension x="5" y="-20" />
										</Offset>
									</Anchor>
								</Anchors>
								<Scripts>
									<OnShow>
										MacroForm_SequenceTargetDropDown_OnShow();
									</OnShow>
								</Scripts>
							</Button>
							<Button name="$parentComboAgression" inherits="UIDropDownMenuTemplate">
								<Layers>
									<Layer level="BACKGROUND">
										<FontString name="$parentLabel" inherits="GameFontNormalSmall"
											text="Agression">
											<Anchors>
												<Anchor point="BOTTOMLEFT" relativePoint="TOPLEFT">
													<Offset>
														<AbsDimension x="21" y="0" />
													</Offset>
												</Anchor>
											</Anchors>
										</FontString>
									</Layer>
								</Layers>
								<Size>
									<AbsDimension x="150" y="32" />
								</Size>
								<Anchors>
									<Anchor point="TOPLEFT">
										<Offset>
											<AbsDimension x="5" y="-65" />
										</Offset>
									</Anchor>
								</Anchors>
								<Scripts>
									<OnShow>
										MacroForm_SequenceAgressionDropDown_OnShow();
							</OnShow>
								</Scripts>
							</Button>
							<Button name="$parentComboDead" inherits="UIDropDownMenuTemplate">
								<Layers>
									<Layer level="BACKGROUND">
										<FontString name="$parentLabel" inherits="GameFontNormalSmall"
											text="Dead">
											<Anchors>
												<Anchor point="BOTTOMLEFT" relativePoint="TOPLEFT">
													<Offset>
														<AbsDimension x="21" y="0" />
													</Offset>
												</Anchor>
											</Anchors>
										</FontString>
									</Layer>
								</Layers>
								<Size>
									<AbsDimension x="150" y="32" />
								</Size>
								<Anchors>
									<Anchor point="TOPLEFT" relativeTo="$parentComboAgression"
										relativePoint="TOPRIGHT">
										<Offset>
											<AbsDimension x="7" y="0" />
										</Offset>
									</Anchor>
								</Anchors>
								<Scripts>
									<OnShow>
										MacroForm_SequenceDead_OnShow();
							</OnShow>
								</Scripts>
							</Button>

						</Frames>
					</Frame>
					<Frame name="$parentReset">
						<Size>
							<AbsDimension x="320" y="100" />
						</Size>
						<Anchors>
							<Anchor point="TOPLEFT">
								<Offset>
									<AbsDimension x="37" y="-97" />
								</Offset>
							</Anchor>
						</Anchors>
						<Backdrop bgFile="Interface\Tooltips\UI-Tooltip-Background"
							edgeFile="Interface\Tooltips\UI-Tooltip-Border" tile="true">
							<BackgroundInsets>
								<AbsInset left="5" right="5" top="5" bottom="5" />
							</BackgroundInsets>
							<TileSize>
								<AbsValue val="16" />
							</TileSize>
							<EdgeSize>
								<AbsValue val="16" />
							</EdgeSize>
						</Backdrop>
						<Frames>
							<Frame name="$parentLabelReset">
								<Size>
									<AbsDimension x="119" y="18" />
								</Size>
								<Anchors>
									<Anchor point="TOPLEFT">
										<Offset>
											<AbsDimension x="100" y="0" />
										</Offset>
									</Anchor>
								</Anchors>
								<Layers>
									<Layer>
										<FontString name="$parentLabel" font="Fonts\FRIZQT__.TTF"
											text="Reset">
											<Anchors>
												<Anchor point="TOPLEFT" />
												<Anchor point="BOTTOMRIGHT" />
											</Anchors>
											<FontHeight>
												<AbsValue val="12" />
											</FontHeight>
											<Color r="1" g="0.8196079" b="0" />
											<Shadow>
												<Color r="0" g="0" b="0" />
												<Offset>
													<AbsDimension x="1" y="-1" />
												</Offset>
											</Shadow>
										</FontString>
									</Layer>
								</Layers>
							</Frame>
							<CheckButton name="$parentTarget">
								<Size>
									<AbsDimension x="32" y="32" />
								</Size>
								<Anchors>
									<Anchor point="TOPLEFT">
										<Offset>
											<AbsDimension x="10" y="-10" />
										</Offset>
									</Anchor>
								</Anchors>
								<Layers>
									<Layer>
										<FontString name="$parentText" font="Fonts\FRIZQT__.TTF"
											text="Target">
											<Anchors>
												<Anchor point="LEFT" relativePoint="RIGHT">
													<Offset>
														<AbsDimension x="-2" y="0" />
													</Offset>
												</Anchor>
											</Anchors>
											<FontHeight>
												<AbsValue val="10" />
											</FontHeight>
											<Color r="1" g="0.8196079" b="0" />
											<Shadow>
												<Color r="0" g="0" b="0" />
												<Offset>
													<AbsDimension x="1" y="-1" />
												</Offset>
											</Shadow>
										</FontString>
									</Layer>
								</Layers>
								<NormalTexture file="Interface\Buttons\UI-CheckBox-Up" />
								<PushedTexture file="Interface\Buttons\UI-CheckBox-Down" />
								<HighlightTexture file="Interface\Buttons\UI-CheckBox-Highlight"
									alphaMode="ADD" />
								<CheckedTexture file="Interface\Buttons\UI-CheckBox-Check" />
								<DisabledCheckedTexture
									file="Interface\Buttons\UI-CheckBox-Check-Disabled" />
							</CheckButton>
							<CheckButton name="$parentCombat">
								<Size>
									<AbsDimension x="32" y="32" />
								</Size>
								<Anchors>
									<Anchor point="TOPLEFT" relativeTo="$parentTarget"
										relativePoint="BOTTOMLEFT">
										<Offset>
											<AbsDimension x="0" y="-2" />
										</Offset>
									</Anchor>
								</Anchors>
								<Layers>
									<Layer>
										<FontString name="$parentText" font="Fonts\FRIZQT__.TTF"
											text="Combat">
											<Anchors>
												<Anchor point="LEFT" relativePoint="RIGHT">
													<Offset>
														<AbsDimension x="-2" y="0" />
													</Offset>
												</Anchor>
											</Anchors>
											<FontHeight>
												<AbsValue val="10" />
											</FontHeight>
											<Color r="1" g="0.8196079" b="0" />
											<Shadow>
												<Color r="0" g="0" b="0" />
												<Offset>
													<AbsDimension x="1" y="-1" />
												</Offset>
											</Shadow>
										</FontString>
									</Layer>
								</Layers>
								<NormalTexture file="Interface\Buttons\UI-CheckBox-Up" />
								<PushedTexture file="Interface\Buttons\UI-CheckBox-Down" />
								<HighlightTexture file="Interface\Buttons\UI-CheckBox-Highlight"
									alphaMode="ADD" />
								<CheckedTexture file="Interface\Buttons\UI-CheckBox-Check" />
								<DisabledCheckedTexture
									file="Interface\Buttons\UI-CheckBox-Check-Disabled" />
							</CheckButton>
							<CheckButton name="$parentAlt">
								<Size>
									<AbsDimension x="32" y="32" />
								</Size>
								<Anchors>
									<Anchor point="TOPLEFT" relativeTo="$parentTarget"
										relativePoint="TOPRIGHT">
										<Offset>
											<AbsDimension x="50" y="0" />
										</Offset>
									</Anchor>
								</Anchors>
								<Layers>
									<Layer>
										<FontString name="$parentText" font="Fonts\FRIZQT__.TTF"
											text="Alt">
											<Anchors>
												<Anchor point="LEFT" relativePoint="RIGHT">
													<Offset>
														<AbsDimension x="-2" y="0" />
													</Offset>
												</Anchor>
											</Anchors>
											<FontHeight>
												<AbsValue val="10" />
											</FontHeight>
											<Color r="1" g="0.8196079" b="0" />
											<Shadow>
												<Color r="0" g="0" b="0" />
												<Offset>
													<AbsDimension x="1" y="-1" />
												</Offset>
											</Shadow>
										</FontString>
									</Layer>
								</Layers>
								<NormalTexture file="Interface\Buttons\UI-CheckBox-Up" />
								<PushedTexture file="Interface\Buttons\UI-CheckBox-Down" />
								<HighlightTexture file="Interface\Buttons\UI-CheckBox-Highlight"
									alphaMode="ADD" />
								<CheckedTexture file="Interface\Buttons\UI-CheckBox-Check" />
								<DisabledCheckedTexture
									file="Interface\Buttons\UI-CheckBox-Check-Disabled" />
							</CheckButton>
							<CheckButton name="$parentShift">
								<Size>
									<AbsDimension x="32" y="32" />
								</Size>
								<Anchors>
									<Anchor point="TOPLEFT" relativeTo="$parentAlt"
										relativePoint="BOTTOMLEFT">
										<Offset>
											<AbsDimension x="0" y="-2" />
										</Offset>
									</Anchor>
								</Anchors>
								<Layers>
									<Layer>
										<FontString name="$parentText" font="Fonts\FRIZQT__.TTF"
											text="Shift">
											<Anchors>
												<Anchor point="LEFT" relativePoint="RIGHT">
													<Offset>
														<AbsDimension x="-2" y="0" />
													</Offset>
												</Anchor>
											</Anchors>
											<FontHeight>
												<AbsValue val="10" />
											</FontHeight>
											<Color r="1" g="0.8196079" b="0" />
											<Shadow>
												<Color r="0" g="0" b="0" />
												<Offset>
													<AbsDimension x="1" y="-1" />
												</Offset>
											</Shadow>
										</FontString>
									</Layer>
								</Layers>
								<NormalTexture file="Interface\Buttons\UI-CheckBox-Up" />
								<PushedTexture file="Interface\Buttons\UI-CheckBox-Down" />
								<HighlightTexture file="Interface\Buttons\UI-CheckBox-Highlight"
									alphaMode="ADD" />
								<CheckedTexture file="Interface\Buttons\UI-CheckBox-Check" />
								<DisabledCheckedTexture
									file="Interface\Buttons\UI-CheckBox-Check-Disabled" />
							</CheckButton>
							<CheckButton name="$parentCtrl">
								<Size>
									<AbsDimension x="32" y="32" />
								</Size>
								<Anchors>
									<Anchor point="TOPLEFT" relativeTo="$parentAlt"
										relativePoint="TOPRIGHT">
										<Offset>
											<AbsDimension x="50" y="0" />
										</Offset>
									</Anchor>
								</Anchors>
								<Layers>
									<Layer>
										<FontString name="$parentText" font="Fonts\FRIZQT__.TTF"
											text="Ctrl">
											<Anchors>
												<Anchor point="LEFT" relativePoint="RIGHT">
													<Offset>
														<AbsDimension x="-2" y="0" />
													</Offset>
												</Anchor>
											</Anchors>
											<FontHeight>
												<AbsValue val="10" />
											</FontHeight>
											<Color r="1" g="0.8196079" b="0" />
											<Shadow>
												<Color r="0" g="0" b="0" />
												<Offset>
													<AbsDimension x="1" y="-1" />
												</Offset>
											</Shadow>
										</FontString>
									</Layer>
								</Layers>
								<NormalTexture file="Interface\Buttons\UI-CheckBox-Up" />
								<PushedTexture file="Interface\Buttons\UI-CheckBox-Down" />
								<HighlightTexture file="Interface\Buttons\UI-CheckBox-Highlight"
									alphaMode="ADD" />
								<CheckedTexture file="Interface\Buttons\UI-CheckBox-Check" />
								<DisabledCheckedTexture
									file="Interface\Buttons\UI-CheckBox-Check-Disabled" />
							</CheckButton>
							<EditBox name="$parentSeconds" letters="3">
								<Size>
									<AbsDimension x="25" y="32" />
								</Size>
								<Anchors>
									<Anchor point="TOPLEFT" relativeTo="$parentCtrl"
										relativePoint="BOTTOMLEFT">
										<Offset>
											<AbsDimension x="0" y="-2"></AbsDimension>
										</Offset>
									</Anchor>
								</Anchors>
								<Layers>
									<Layer level="BACKGROUND">
										<Texture file="Interface\ChatFrame\UI-ChatInputBorder-Left">
											<Size>
												<AbsDimension x="23" y="32"></AbsDimension>
											</Size>
											<Anchors>
												<Anchor point="LEFT">
													<Offset>
														<AbsDimension x="-10" y="0"></AbsDimension>
													</Offset>
												</Anchor>
											</Anchors>
											<TexCoords left="0" right="0.2" top="0" bottom="1.0"></TexCoords>
										</Texture>
										<Texture file="Interface\ChatFrame\UI-ChatInputBorder-Right">
											<Size>
												<AbsDimension x="22" y="32"></AbsDimension>
											</Size>
											<Anchors>
												<Anchor point="RIGHT">
													<Offset>
														<AbsDimension x="10" y="0"></AbsDimension>
													</Offset>
												</Anchor>
											</Anchors>
											<TexCoords left="0.7" right="1.0" top="0" bottom="1.0"></TexCoords>
										</Texture>
									</Layer>
									<Layer>
										<FontString name="$parentText" font="Fonts\FRIZQT__.TTF"
											text="Seconds">
											<Anchors>
												<Anchor point="LEFT" relativePoint="RIGHT">
													<Offset>
														<AbsDimension x="12" y="0" />
													</Offset>
												</Anchor>
											</Anchors>
											<FontHeight>
												<AbsValue val="10" />
											</FontHeight>
											<Color r="1" g="0.8196079" b="0" />
											<Shadow>
												<Color r="0" g="0" b="0" />
												<Offset>
													<AbsDimension x="1" y="-1" />
												</Offset>
											</Shadow>
										</FontString>
									</Layer>
								</Layers>
								<Scripts>
									<OnLoad>
										self:SetAutoFocus(false);
									</OnLoad>
								</Scripts>
								<FontString inherits="ChatFontNormal"></FontString>
							</EditBox>
						</Frames>
					</Frame>
				</Frames>
			</Frame>
			<Button name="$parentButtonSpell" text="Spell" inherits="OptionsButtonTemplate">
				<Size>
					<AbsDimension x="32" y="32" />
				</Size>
				<Anchors>
					<Anchor point="TOPLEFT">
						<Offset>
							<AbsDimension x="50" y="-28" />
						</Offset>
					</Anchor>
				</Anchors>
				<Scripts>
					<OnReceiveDrag>
						MacroForm_OnSpellDragStop();
					</OnReceiveDrag>
					<OnClick>
						MacroForm_ResetSpellTexture(self);
					</OnClick>
				</Scripts>
				<ButtonText name="$parentText">
					<FontHeight>
						<AbsValue val="10" />
					</FontHeight>
				</ButtonText>
				<NormalFont inherits="GameFontNormal" font="Fonts\FRIZQT__.TTF">
					<FontHeight>
						<AbsValue val="12" />
					</FontHeight>
					<Color r="1" g="0.8196079" b="0" />
					<Shadow>
						<Color r="0" g="0" b="0" />
						<Offset>
							<AbsDimension x="1" y="-1" />
						</Offset>
					</Shadow>
				</NormalFont>
			</Button>
			<Button name="$parentButtonClear" text="Clear" inherits="OptionsButtonTemplate">
				<Size>
					<AbsDimension x="100" y="22" />
				</Size>
				<Anchors>
					<Anchor point="TOPLEFT">
						<Offset>
							<AbsDimension x="156" y="-426" />
						</Offset>
					</Anchor>
				</Anchors>
				<Scripts>
					<OnClick>MacroForm_OnClear(self)</OnClick>
				</Scripts>
			</Button>
			<Button name="$parentButtonAdd" text="Add" inherits="OptionsButtonTemplate">
				<Size>
					<AbsDimension x="100" y="22" />
				</Size>
				<Anchors>
					<Anchor point="TOPLEFT">
						<Offset>
							<AbsDimension x="36" y="-426" />
						</Offset>
					</Anchor>
				</Anchors>
				<Scripts>
					<OnClick>MacroForm_OnAdd(self)</OnClick>
				</Scripts>
			</Button>
			<Button name="$parentButtonMakeGeneral" text="Create General" inherits="OptionsButtonTemplate">
				<Size>
					<AbsDimension x="100" y="22" />
				</Size>
				<Anchors>
					<Anchor point="TOPLEFT" relativeTo="$parentButtonAdd" relativePoint="BOTTOMLEFT">
						<Offset>
							<AbsDimension x="0" y="-5" />
						</Offset>
					</Anchor>
				</Anchors>
				<Scripts>
					<OnClick>MacroForm_OnMakeGeneral(self)</OnClick>
				</Scripts>
			</Button>
			<Button name="$parentButtonClose" text="Close" inherits="OptionsButtonTemplate">
				<Size>
					<AbsDimension x="100" y="22" />
				</Size>
				<Anchors>
					<Anchor point="TOPLEFT">
						<Offset>
							<AbsDimension x="262" y="-426" />
						</Offset>
					</Anchor>
				</Anchors>
				<Scripts>
					<OnClick>MacroForm_OnClose(self)</OnClick>
				</Scripts>
			</Button>
			<Button name="$parentButtonMakeCharacter" text="Create Character specific" inherits="OptionsButtonTemplate">
				<Size>
					<AbsDimension x="200" y="22" />
				</Size>
				<Anchors>
					<Anchor point="TOPRIGHT" relativeTo="$parentButtonClose" relativePoint="BOTTOMRIGHT">
						<Offset>
							<AbsDimension x="0" y="-5" />
						</Offset>
					</Anchor>
				</Anchors>
				<Scripts>
					<OnClick>MacroForm_OnMakeCharacter(self)</OnClick>
				</Scripts>
			</Button>
			<ScrollFrame name="$parentMacroEditBox" inherits="UIPanelScrollFrameTemplate">
				<Size>
					<AbsDimension x="328" y="56" />
				</Size>
				<Anchors>
					<Anchor point="TOPLEFT">
						<Offset>
							<AbsDimension x="24" y="-364" />
						</Offset>
					</Anchor>
				</Anchors>
				<ScrollChild>
					<EditBox name="$parentEdit" enableMouse="true" multiLine="true">
						<Size>
							<AbsDimension x="328" y="76" />
						</Size>
						<Scripts>
							<OnTextChanged>
								local scrollBar =
								getglobal(self:GetParent():GetName().."ScrollBar")
								self:GetParent():UpdateScrollChildRect()
								local min,max =
								scrollBar:GetMinMaxValues()
								if (max > 0 and (self.max ~= max))
								then
								self.max = max
								scrollBar:SetValue(max)
								end
								MacroForm_Parse()
							</OnTextChanged>
							<OnEscapePressed>
								self:ClearFocus()
							</OnEscapePressed>
							<OnLoad>
								self:SetAutoFocus(false)
							</OnLoad>
						</Scripts>
						<FontString font="Fonts\ARIALN.TTF">
							<FontHeight>
								<AbsValue val="14" />
							</FontHeight>
							<Color r="1" g="1" b="1" />
							<Shadow>
								<Color r="0" g="0" b="0" />
								<Offset>
									<AbsDimension x="1" y="-1" />
								</Offset>
							</Shadow>
						</FontString>
					</EditBox>
				</ScrollChild>
			</ScrollFrame>
			<Button name="$parentButtonOneLine" text="OneLine"
				inherits="OptionsButtonTemplate">
				<Size>
					<AbsDimension x="100" y="22" />
				</Size>
				<Anchors>
					<Anchor point="TOPLEFT" relativeTo="$parent" relativePoint="TOPLEFT">
						<Offset>
							<AbsDimension x="120" y="-30" />
						</Offset>
					</Anchor>
				</Anchors>
				<Scripts>
					<OnClick>
						if(MacroFormSequence:IsShown()) then
						MacroFormMacroEditBoxEdit:SetText("");
						end
						MacroFormSequence:Hide();
						MacroFormOneLine:Show();
					</OnClick>
				</Scripts>
			</Button>
			<Button name="$parentButtonSequence" text="Sequence"
				inherits="OptionsButtonTemplate">
				<Size>
					<AbsDimension x="100" y="22" />
				</Size>
				<Anchors>
					<Anchor point="TOPLEFT" relativeTo="$parentButtonOneLine"
						relativePoint="TOPRIGHT">
						<Offset>
							<AbsDimension x="5" y="0" />
						</Offset>
					</Anchor>
				</Anchors>
				<Scripts>
					<OnClick>
						if(MacroFormOneLine:IsShown()) then
						MacroFormMacroEditBoxEdit:SetText("");
						end
						MacroFormSequence:Show();
						MacroFormOneLine:Hide();
					</OnClick>
				</Scripts>
			</Button>

		</Frames>
		<Scripts>
			<OnLoad>MacroForm_OnLoad(self)</OnLoad>
			<OnMouseDown>self:StartMoving();</OnMouseDown>
			<OnMouseUp>
				self:StopMovingOrSizing()
				MacroForm_SavePosition(self);
			</OnMouseUp>
			<OnEscapePressed>
				self:Hide();
			</OnEscapePressed>
			<OnEvent>MacroForm_OnEvent();</OnEvent>
		</Scripts>
	</Frame>
</Ui>