<Ui xmlns="http://www.blizzard.com/wow/ui/" xmlns:xsi="http://www.w3.org/2001/XMLSchema-instance" xsi:schemaLocation="http://www.blizzard.com/wow/ui/ 
..\FrameXML\UI.xsd">
  <GameTooltip name="TitanTreasuryTooltip" inherits="GameTooltipTemplate" parent="UIParent" hidden="true" />
  <Frame parent="UIParent">
    <Frames>
      <Button name="TitanPanelTreasuryButton" inherits="TitanPanelComboTemplate" frameStrata="FULLSCREEN" toplevel="true">
        <Scripts>
          <OnLoad>
               TitanPanelTreasuryButton_OnLoad( self );
               TitanPanelButton_OnLoad( self );
					</OnLoad>
          <OnShow>
               TitanPanelButton_OnShow( self );
                    </OnShow>
          <OnEvent>
               TitanPanelTreasuryButton_OnEvent( self, event, ... );
					</OnEvent>
          <OnEnter>
               TitanPanelTreasuryButton_OnEnter( self );
               TitanPanelButton_OnEnter( self );
                    </OnEnter>
          <OnLeave>
               TitanPanelTreasuryButton_OnLeave( self );
               TitanPanelButton_OnLeave( self );
                    </OnLeave>
          <OnClick>
               TitanPanelTreasuryButton_OnClick( self, button );
               TitanPanelButton_OnClick( self, button );
					</OnClick>
        </Scripts>
      </Button>
    </Frames>
  </Frame>
</Ui>