<Ui xmlns="http://www.blizzard.com/wow/ui/" xmlns:xsi="http://www.w3.org/2001/XMLSchema-instance" xsi:schemaLocation="http://www.blizzard.com/wow/ui/">
	<Script file="PoMTracker.lua"/>

	<Frame name="PoMTracker_GeneralScripts" hidden="true">
		<Scripts>
			<OnEvent>PoMTracker:OnEvent(self, event, ...)</OnEvent>
			<OnLoad>PoMTracker:OnLoad(self)</OnLoad>
		</Scripts>
	</Frame> 
	
	<Frame name="pomtracker" virtual="true" parent="UIParent">
		<Anchors>
			<Anchor point="CENTER" />
		</Anchors>
	</Frame>

	<Frame name="pomtracker1" inherits="pomtracker" movable="true" enableMouse="true" hidden="true">
		<Size>
			<AbsDimension x="160" y="26"/>
		</Size>

		<Layers>
			<Layer level="ARTWORK">
				<FontString name="$parent_Text" inherits="GameFontNormal" text="PoM Tracker 3.34">
					<Anchors>
						<Anchor point="CENTER" relativePoint="CENTER">
							<Offset>
								<AbsDimension x="0" y="0"/>
							</Offset>
						</Anchor>
					</Anchors>
				</FontString>
			</Layer>
		</Layers>
		<Scripts>
			<OnMouseDown> self:StartMoving();  </OnMouseDown>
			<OnMouseUp>  self:StopMovingOrSizing(); </OnMouseUp>
			<OnDragStop> self:StopMovingOrSizing(); </OnDragStop>
		</Scripts> 
	</Frame>

	<Frame name="pomtracker2" inherits="pomtracker" hidden="true">
		<Size>
			<AbsDimension x="160" y="26"/>
		</Size>
		<Anchors>
			<Anchor point="TOP" relativePoint="BOTTOM" relativeTo="pomtracker1">
				<Offset>
					<AbsDimension x="0" y="8"/>
				</Offset>
			</Anchor>
		</Anchors>
		<Backdrop bgFile="Interface\Tooltips\UI-Tooltip-Background" tile="true">
			<TileSize>
				<AbsValue val="16"/>
			</TileSize>
			<BackgroundInsets>
				<AbsInset left="5" right="5" top="5" bottom="5"/>
			</BackgroundInsets>
		</Backdrop>
		<Layers>
			<Layer level="ARTWORK">
				<FontString name="$parent_Text" inherits="GameFontNormal" font="Fonts\FRIZQT__.TTF" text="No Target">
					 <FontHeight val="12"/>
					<Anchors>
						<Anchor point="CENTER" relativePoint="CENTER">
							<Offset>
								<AbsDimension x="0" y="0"/>
							</Offset>
						</Anchor>
					</Anchors>
					<Color r="1" g="1" b="1" a="1" />
				</FontString>
			</Layer>
		</Layers>
		<Scripts>
			<OnLoad>
				self:SetBackdropColor(TOOLTIP_DEFAULT_BACKGROUND_COLOR.r, TOOLTIP_DEFAULT_BACKGROUND_COLOR.g, TOOLTIP_DEFAULT_BACKGROUND_COLOR.b, 0.5);
			</OnLoad>
		</Scripts> 
	</Frame>

	<Frame name="pomtrackerstatus" inherits="pomtracker" hidden="true">
		<Frames>
			<StatusBar name="$parentBar" inherits="TextStatusBar">
				<Size>
					<AbsDimension x="150" y="4"/>
				</Size>
				<Anchors>
					<Anchor point="TOP" relativeTo="pomtracker2" relativePoint="Bottom">
						<Offset>
							<AbsDimension x="0" y="5"/>
						</Offset>
					</Anchor>
				</Anchors>
				<Scripts>
					<OnLoad>
						self:SetMinMaxValues(0, 100);
						self:SetValue(0);
					</OnLoad>
					<OnUpdate>PoMTracker:timerstart()</OnUpdate>
				</Scripts>
				<BarTexture file="Interface\TargetingFrame\UI-StatusBar"/>
				<BarColor r="1.0" g="0.1" b="0.1"/>
			</StatusBar>
		</Frames>
	</Frame>

	<Frame name="pomtracker3" inherits="pomtracker" hidden="true">
		<Size>
			<AbsDimension x="160" y="8"/>
		</Size>
		<Anchors>
			<Anchor point="TOP" relativePoint="BOTTOM" relativeTo="pomtrackerstatusBar">
				<Offset>
					<AbsDimension x="0" y="-5"/>
				</Offset>
			</Anchor>
		</Anchors>

		<Layers>
			<Layer level="ARTWORK">
				<FontString name="$parent_Text" inherits="GameFontHighlightSmall"  text="Amount Healed: 0">
					<Anchors>
						<Anchor point="CENTER" relativePoint="CENTER">
							<Offset>
								<AbsDimension x="0" y="0"/>
							</Offset>
						</Anchor>
					</Anchors>
				</FontString>
			</Layer>
		</Layers>
		<frames>
			<Button name="$parent_Button1" inherits="UIPanelButtonTemplate" text="+" id="20">
				<Size>
					<AbsDimension x="18" y="15"/>
				</Size>
					<Anchors>
						<Anchor point="RIGHT" relativePoint="LEFT" relativeTo="pomtracker3_Text">
							<Offset>
								<AbsDimension x="-1" y="0"/>
							</Offset>
						</Anchor>
					</Anchors>
				<Scripts>
					<OnClick>PoMTracker:clearheal()</OnClick>
				</Scripts>
			</Button>
		</frames>
	</Frame>
<Frame name="PoMTracker_Options" hidden="true" toplevel="true" virtual="true" frameStrata="DIALOG" parent="UIParent">
		<Size>
			<AbsDimension x="225" y="215"/>
		</Size>
		<Anchors>
			<Anchor point="CENTER" />
		</Anchors>
        <Backdrop bgFile="Interface\Tooltips\UI-Tooltip-Background" edgeFile="Interface\Tooltips\UI-Tooltip-Border" tile="true">
			<EdgeSize>
				<AbsValue val="16"/>
			</EdgeSize>
			<TileSize>
				<AbsValue val="16"/>
			</TileSize>
			<BackgroundInsets>
				<AbsInset left="5" right="5" top="5" bottom="5"/>
			</BackgroundInsets>
        </Backdrop>
	</Frame>
	
	<Frame name="PoMOptionFrame" inherits="PoMTracker_Options" movable="true" enableMouse="true">
	
		<Layers>
			<Layer level="ARTWORK">
                <FontString name="$parent_Text" inherits="GameFontNormal" text="PoM Tracker 3.34 Options">
                    <Anchors><Anchor point="TOPLEFT" relativeTo="PoMOptionFrame">
					 <Offset>
                            <AbsDimension x="12" y="-12"/>
                        </Offset>
						</Anchor>
					</Anchors>
                </FontString>
			</Layer>
		</Layers> 
	<Frames>
		    <Button name="$parent_CloseButton" inherits="UIPanelCloseButton">
                <Anchors>
                    <Anchor point="TOPRIGHT">
                        <Offset>
                            <AbsDimension x="-3" y="-4"/>
                        </Offset>
                    </Anchor>
                </Anchors>
            </Button>
			
			<CheckButton name="$parent_CheckButton1" inherits="UICheckButtonTemplate" id="11" text="Hello">
                <Size>
                    <AbsDimension x="20" y="20"/>
                </Size>
                <Anchors>
                    <Anchor point="TOPLEFT" relativeTo="$parent_Text">
                        <Offset>
                            <AbsDimension x="10" y="-20"/>
                        </Offset>
                    </Anchor>
                </Anchors>      
                <Scripts>
                    <OnLoad>_G[self:GetName().."Text"]:SetText("Lock Position");</OnLoad>
					<OnClick>PoMTracker:OptionsMenu();</OnClick>
                </Scripts>
            </CheckButton>
			
			<CheckButton name="$parent_CheckButton2" inherits="UICheckButtonTemplate" id="12" text="Hello">
                <Size>
                    <AbsDimension x="20" y="20"/>
                </Size>
                <Anchors>
                    <Anchor point="TOPLEFT" relativeTo="$parent_CheckButton1">
                        <Offset>
                            <AbsDimension x="0" y="-20"/>
                        </Offset>
                    </Anchor>
                </Anchors>      
                <Scripts>
                    <OnLoad>
                        _G[self:GetName().."Text"]:SetText("Fade when not active");
                    </OnLoad>
					<OnClick>PoMTracker:OptionsMenu();</OnClick>
                </Scripts>
            </CheckButton>
			
			<CheckButton name="$parent_CheckButton3" inherits="UICheckButtonTemplate" id="13" text="Hello">
                <Size>
                    <AbsDimension x="20" y="20"/>
                </Size>
                <Anchors>
                    <Anchor point="TOPLEFT" relativeTo="$parent_CheckButton2">
                        <Offset>
                            <AbsDimension x="0" y="-20"/>
                        </Offset>
                    </Anchor>
                </Anchors>      
                <Scripts>
                    <OnLoad>
                        _G[self:GetName().."Text"]:SetText("Enable Sound");
                    </OnLoad>
					<OnClick>PoMTracker:OptionsMenu();</OnClick>
                </Scripts>
            </CheckButton>
			<CheckButton name="$parent_CheckButton4" inherits="UICheckButtonTemplate" id="14" text="Hello">
                <Size>
                    <AbsDimension x="20" y="20"/>
                </Size>
                <Anchors>
                    <Anchor point="TOPLEFT" relativeTo="$parent_CheckButton3">
                        <Offset>
                            <AbsDimension x="0" y="-20"/>
                        </Offset>
                    </Anchor>
                </Anchors>      
                <Scripts>
                    <OnLoad>
                        _G[self:GetName().."Text"]:SetText("Reset Healing each cast");
                    </OnLoad>
					<OnClick>PoMTracker:OptionsMenu();</OnClick>
                </Scripts>
            </CheckButton>
			<CheckButton name="$parent_CheckButton5" inherits="UICheckButtonTemplate" id="14" text="Hello">
                <Size>
                    <AbsDimension x="20" y="20"/>
                </Size>
                <Anchors>
                    <Anchor point="TOPLEFT" relativeTo="$parent_CheckButton4">
                        <Offset>
                            <AbsDimension x="0" y="-20"/>
                        </Offset>
                    </Anchor>
                </Anchors>      
                <Scripts>
                    <OnLoad>
                        _G[self:GetName().."Text"]:SetText("Enable Healing Totals");
                    </OnLoad>
					<OnClick>PoMTracker:OptionsMenu();</OnClick>
                </Scripts>
            </CheckButton>
			
			<CheckButton name="$parent_CheckButton6" inherits="UICheckButtonTemplate" id="14" text="Hello">
                <Size>
                    <AbsDimension x="20" y="20"/>
                </Size>
                <Anchors>
                    <Anchor point="TOPLEFT" relativeTo="$parent_CheckButton5">
                        <Offset>
                            <AbsDimension x="0" y="-20"/>
                        </Offset>
                    </Anchor>
                </Anchors>      
                <Scripts>
                    <OnLoad>
                        _G[self:GetName().."Text"]:SetText("Hide on Shadowform");
                    </OnLoad>
					<OnClick>PoMTracker:OptionsMenu();</OnClick>
                </Scripts>
            </CheckButton>
			
			<Slider name="$parent_Scale" inherits="OptionsSliderTemplate" minValue="1" maxValue="20" defaultValue="10" orientation="HORIZONTAL">
				<Size>
					<AbsDimension x="200" y="16"/>
				</Size>

				<Anchors>
					<Anchor point="TOPLEFT" relativeTo="$parent_CheckButton6">
						<Offset>
							<AbsDimension x="-10" y="-40"/>
						</Offset>
					</Anchor>
				</Anchors>
				<Scripts>
				<OnLoad>
					getglobal(self:GetName().."High"):SetText("Big");
					getglobal(self:GetName().."Low"):SetText("Small");
					getglobal(self:GetName().."Text"):SetText("Scale");
				</OnLoad>
				<OnValueChanged>
					PoMTracker:OptionsMenuScale(self);
				</OnValueChanged>
			</Scripts>
			</Slider>
			
		</Frames>
		    <Scripts>
				<OnShow>PoMTracker:OptionFrame_OnShow();</OnShow>
				<OnMouseDown> self:StartMoving();  </OnMouseDown>
				<OnMouseUp>  self:StopMovingOrSizing(); </OnMouseUp>
				<OnDragStop> self:StopMovingOrSizing(); </OnDragStop>
            </Scripts>
		
	</Frame>

</Ui>