<Ui xmlns="http://www.blizzard.com/wow/ui/" xmlns:xsi="http://www.w3.org/2001/XMLSchema-instance" xsi:schemaLocation="http://www.blizzard.com/wow/ui/">
	<Button name="HoloFriends_HighTabButtonTemplate" virtual="true">
		<Size><AbsDimension x="10" y="32"/></Size>
		<Layers>
			<Layer level="BACKGROUND">
				<Texture name="$parentLeft" file="Interface\PaperDollInfoFrame\UI-Character-ActiveTab">
					<Size><AbsDimension x="20" y="35"/></Size>
					<Anchors><Anchor point="TOPLEFT">
						<Offset><AbsDimension x="0" y="0"/></Offset>
					</Anchor></Anchors>
					<TexCoords left="0" right="0.15625" top="0" bottom="0.546875"/>
				</Texture>
				<Texture name="$parentMiddle" file="Interface\PaperDollInfoFrame\UI-Character-ActiveTab">
					<Size><AbsDimension x="88" y="35"/></Size>
					<Anchors><Anchor point="LEFT" relativeTo="$parentLeft" relativePoint="RIGHT"/></Anchors>
					<TexCoords left="0.15625" right="0.84375" top="0" bottom="0.546875"/>
				</Texture>
				<Texture name="$parentRight" file="Interface\PaperDollInfoFrame\UI-Character-ActiveTab">
					<Size><AbsDimension x="20" y="35"/></Size>
					<Anchors><Anchor point="LEFT" relativeTo="$parentMiddle" relativePoint="RIGHT"/></Anchors>
					<TexCoords left="0.84375" right="1.0" top="0" bottom="0.546875"/>
				</Texture>
			</Layer>
		</Layers>
		<Scripts>
			<OnShow>
				PanelTemplates_TabResize(self, 0, nil, 36, 88);
			</OnShow>
		</Scripts>
		<ButtonText name="$parentText">
			<Size><AbsDimension x="0" y="10"/></Size>
			<Anchors><Anchor point="CENTER">
				<Offset><AbsDimension x="0" y="-3"/></Offset>
			</Anchor></Anchors>
		</ButtonText>
		<DisabledFont style="GameFontHighlightSmall"/>
	</Button>
	<Button name="HoloFriends_LowTabButtonTemplate" virtual="true">
		<Size><AbsDimension x="10" y="32"/></Size>
		<Layers>
			<Layer level="BACKGROUND">
				<Texture name="$parentLeft" file="Interface\PaperDollInfoFrame\UI-Character-InActiveTab">
					<Size><AbsDimension x="20" y="32"/></Size>
					<Anchors><Anchor point="TOPLEFT">
						<Offset><AbsDimension x="0" y="-1"/></Offset>
					</Anchor></Anchors>
					<TexCoords left="0" right="0.15625" top="0" bottom="1.0"/>
				</Texture>
				<Texture name="$parentMiddle" file="Interface\PaperDollInfoFrame\UI-Character-InActiveTab">
					<Size><AbsDimension x="88" y="32"/></Size>
					<Anchors><Anchor point="LEFT" relativeTo="$parentLeft" relativePoint="RIGHT"/></Anchors>
					<TexCoords left="0.15625" right="0.84375" top="0" bottom="1.0"/>
				</Texture>
				<Texture name="$parentRight" file="Interface\PaperDollInfoFrame\UI-Character-InActiveTab">
					<Size><AbsDimension x="20" y="32"/></Size>
					<Anchors><Anchor point="LEFT" relativeTo="$parentMiddle" relativePoint="RIGHT"/></Anchors>
					<TexCoords left="0.84375" right="1.0" top="0" bottom="1.0"/>
				</Texture>
			</Layer>
		</Layers>
		<Scripts>
			<OnShow>
				PanelTemplates_TabResize(self, 0, nil, 36, 88);
			</OnShow>
			<OnClick>
				ToggleFriendsFrame(self:GetID());
			</OnClick>
		</Scripts>
		<ButtonText name="$parentText">
			<Size><AbsDimension x="0" y="10"/></Size>
			<Anchors><Anchor point="CENTER">
				<Offset><AbsDimension x="0" y="2"/></Offset>
			</Anchor></Anchors>
		</ButtonText>
		<NormalFont style="GameFontNormalSmall"/>
		<HighlightFont style="GameFontHighlightSmall"/>
		<HighlightTexture name="$parentHighlightTexture" file="Interface\PaperDollInfoFrame\UI-Character-Tab-RealHighlight" alphaMode="ADD">
			<Anchors>
				<Anchor point="TOPLEFT">
					<Offset><AbsDimension x="3" y="5"/></Offset>
				</Anchor>
				<Anchor point="BOTTOMRIGHT">
					<Offset><AbsDimension x="-3" y="0"/></Offset>
				</Anchor>
			</Anchors>
		</HighlightTexture>
	</Button>
	<CheckButton name="HoloFriendsList_CheckButtonTemplate" virtual="true">
		<Size><AbsDimension x="16" y="16"/></Size>
		<Anchors><Anchor point="TOPLEFT">
			<Offset><AbsDimension x="20" y="0"/></Offset>
		</Anchor></Anchors>
		<Scripts>
			<OnClick>
				if ( self:GetParent():GetParent():GetName() == "HoloFriendsFrame" ) then
					HoloFriends_CheckBox_OnClick(self);
				else
					HoloIgnore_CheckBox_OnClick(self);
				end
			</OnClick>
		</Scripts>
		<NormalTexture file="Interface\Buttons\UI-CheckBox-Up"/>
		<PushedTexture file="Interface\Buttons\UI-CheckBox-Down"/>
		<HighlightTexture file="Interface\Buttons\UI-CheckBox-Highlight" alphaMode="ADD"/>
		<CheckedTexture file="Interface\Buttons\UI-CheckBox-Check"/>
		<DisabledCheckedTexture file="Interface\Buttons\UI-CheckBox-Check-Disabled"/>
	</CheckButton>
	<Button name="HoloFriendsList_NameButtonTemplate" movable="true" virtual="true">
		<Size><AbsDimension x="295" y="16"/></Size>
		<Layers>
			<Layer level="BORDER">
				<Texture name="$parentWaitIcon" file="Interface\MiniMap\POIIcons">
					<Size><AbsDimension x="16" y="16"/></Size>
					<Anchors><Anchor point="TOPLEFT">
						<Offset><AbsDimension x="4" y="0"/></Offset>
					</Anchor></Anchors>
					<TexCoords left="0.5" right="0.571428" top="0" bottom="0.035714"/>
				</Texture>
				<Texture name="$parentClassIcon" file="Interface\Glues\CharacterCreate\UI-CharacterCreate-Classes">
					<Size><AbsDimension x="16" y="16"/></Size>
					<Anchors><Anchor point="TOPLEFT">
						<Offset><AbsDimension x="36" y="0"/></Offset>
					</Anchor></Anchors>
				</Texture>
				<FontString name="$parentName" inherits="GameFontNormal" justifyH="LEFT">
					<Size><AbsDimension x="240" y="14"/></Size>
					<Anchors><Anchor point="LEFT" relativeTo="$parentClassIcon" relativePoint="RIGHT">
						<Offset><AbsDimension x="3" y="0"/></Offset>
					</Anchor></Anchors>
				</FontString>
				<FontString name="$parentNameRemove" inherits="GameFontNormal" justifyH="LEFT">
					<Size><AbsDimension x="237" y="14"/></Size>
					<Anchors><Anchor point="LEFT" relativeTo="$parentName" relativePoint="LEFT">
						<Offset><AbsDimension x="3" y="5"/></Offset>
					</Anchor></Anchors>
				</FontString>
			</Layer>
		</Layers>
		<Frames>
			<CheckButton name="$parentServer" inherits="HoloFriendsList_CheckButtonTemplate"/>
		</Frames>
		<Scripts>
			<OnLoad>
				self:RegisterForClicks("LeftButtonUp", "MiddleButtonUp", "RightButtonUp");
				self:RegisterForDrag("LeftButton");
				if ( self:GetParent():GetName() == "HoloIgnoreFrame" ) then
					getglobal(self:GetName().."ClassIcon"):SetWidth(1);
					getglobal(self:GetName().."ClassIcon"):Hide();
					getglobal(self:GetName().."Name"):SetWidth(253);
					getglobal(self:GetName().."NameRemove"):SetWidth(250);
				end
				self:Hide();
			</OnLoad>
			<OnEnter>
				if ( self:GetParent():GetName() == "HoloFriendsFrame" ) then
					HoloFriends_NameButton_SetTooltip(self);
				else
					HoloIgnore_NameButton_SetTooltip(self);
				end
			</OnEnter>
			<OnDragStart>
				if ( self:GetParent():GetName() == "HoloFriendsFrame" ) then
					HoloFriends_NameButton_OnDragStart(self);
				else
					HoloIgnore_NameButton_OnDragStart(self);
				end
			</OnDragStart>
			<OnDragStop>
				if ( self:GetParent():GetName() == "HoloFriendsFrame" ) then
					HoloFriends_NameButton_OnDragStop();
				else
					HoloIgnore_NameButton_OnDragStop();
				end
			</OnDragStop>
			<OnClick>
				if ( self:GetParent():GetName() == "HoloFriendsFrame" ) then
					HoloFriends_NameButton_OnClick(self, button);
				else
					HoloIgnore_NameButton_OnClick(self, button);
				end
				PlaySound("igMainMenuOptionCheckBoxOn");
			</OnClick>
			<OnLeave> GameTooltip:Hide(); </OnLeave>
		</Scripts>
		<NormalTexture name="$parentTexture" file="Interface\Buttons\UI-MinusButton-UP">
			<Size><AbsDimension x="16" y="16"/></Size>
			<Anchors><Anchor point="LEFT">
				<Offset><AbsDimension x="3" y="0"/></Offset>
			</Anchor></Anchors>
		</NormalTexture>
		<HighlightTexture name="$parentHighlight" file="Interface\QuestFrame\UI-QuestTitleHighlight" alphaMode="ADD"/>
	</Button>
	<Frame name="HoloFriends_FrameTemplate" setAllPoints="true" toplevel="true" movable="true" enableMouse="true" hidden="true" virtual="true">
		<Size><AbsDimension x="338" y="424"/></Size>
		<Anchors>
			<Anchor point="TOPLEFT" relativeTo="FriendsFrame" relativePoint="TOPLEFT"/>
		</Anchors>
		<Layers>
			<Layer level="ARTWORK">
				<Texture name="$parentTopLeft" file="Interface\PaperDollInfoFrame\UI-Character-General-TopLeft">
					<Size><AbsDimension x="256" y="256"/></Size>
					<Anchors><Anchor point="TOPLEFT">
						<Offset><AbsDimension x="-13" y="13"/></Offset>
					</Anchor></Anchors>
				</Texture>
				<Texture name="$parentTopRight" file="Interface\PaperDollInfoFrame\UI-Character-General-TopRight">
					<Size><AbsDimension x="129" y="256"/></Size>
					<Anchors><Anchor point="TOPLEFT" relativeTo="$parentTopLeft" relativePoint="TOPRIGHT"/></Anchors>
				</Texture>
				<Texture name="$parentBottomLeft" file="Interface\FriendsFrame\UI-FriendsFrame-BotLeft">
					<Size><AbsDimension x="256" y="256"/></Size>
					<Anchors><Anchor point="TOPLEFT" relativeTo="$parentTopLeft" relativePoint="BOTTOMLEFT"/></Anchors>
				</Texture>
				<Texture name="$parentBottomRight" file="Interface\FriendsFrame\UI-FriendsFrame-BotRight">
					<Size><AbsDimension x="129" y="256"/></Size>
					<Anchors><Anchor point="TOPRIGHT" relativeTo="$parentTopRight" relativePoint="BOTTOMRIGHT"/></Anchors>
				</Texture>
				<Texture name="$parentIcon" file="Interface\FriendsFrame\Battlenet-Portrait">
					<Size><AbsDimension x="60" y="60"/></Size>
					<Anchors><Anchor point="TOPLEFT" relativeTo="$parentTopLeft" relativePoint="TOPLEFT">
						<Offset><AbsDimension x="8" y="-6"/></Offset>
					</Anchor></Anchors>
				</Texture>
			</Layer>
			<Layer level="OVERLAY">
				<FontString name="$parentTitleText" inherits="GameFontNormal" text="test">
					<Size><AbsDimension x="250" y="16"/></Size>
					<Anchors><Anchor point="TOP">
						<Offset><AbsDimension x="3" y="-2"/></Offset>
					</Anchor></Anchors>
				</FontString>
				<FontString name="$parentOnline" inherits="GameFontHighlightSmall" justifyH="LEFT" text="HOLOFRIENDS_WINDOWMAINNUMBERONLINE">
					<Size><AbsDimension x="200" y="14"/></Size>
					<Anchors><Anchor point="TOPLEFT" relativeTo="$parentTopLeft" relativePoint="TOPLEFT">
						<Offset><AbsDimension x="22" y="-368"/></Offset>
					</Anchor></Anchors>
				</FontString>
			</Layer>
		</Layers>
		<Frames>
			<Button name="$parentCloseButton" inherits="UIPanelCloseButton">
				<Anchors><Anchor point="TOPRIGHT" relativePoint="TOPRIGHT">
					<Offset><AbsDimension x="4" y="5"/></Offset>
				</Anchor></Anchors>
				<Scripts>
					<OnClick>
						HideUIPanel(HoloFriendsFrame);
						HideUIPanel(HoloIgnoreFrame);
					</OnClick>
				</Scripts>
			</Button>
			<EditBox name="$parentTextInput" letters="18" countInvisibleLetters="false" autoFocus="false">
				<Size x="100" y="18"/>
				<Anchors>
					<Anchor point="TOPLEFT" relativePoint="TOPLEFT" x="63" y="-21"/>
				</Anchors>
				<Layers>
					<Layer level="BACKGROUND">
						<Texture name="$parentLeft" file="Interface\Common\Common-Input-Border">
							<Size x="8" y="18"/>
							<Anchors>
								<Anchor point="TOPLEFT" x="-3" y="0"/>
							</Anchors>
							<TexCoords left="0" right="0.0625" top="0" bottom="0.625"/>
						</Texture>
						<Texture name="$parentRight" file="Interface\Common\Common-Input-Border">
							<Size x="8" y="18"/>
							<Anchors>
								<Anchor point="RIGHT" x="3" y="0"/>
							</Anchors>
							<TexCoords left="0.9375" right="1.0" top="0" bottom="0.625"/>
						</Texture>
						<Texture name="$parentMiddle" file="Interface\Common\Common-Input-Border">
							<Size x="0" y="18"/>
							<Anchors>
								<Anchor point="LEFT" relativeTo="$parentLeft" relativePoint="RIGHT"/>
								<Anchor point="RIGHT" relativeTo="$parentRight" relativePoint="LEFT"/>
							</Anchors>
							<TexCoords left="0.0625" right="0.9375" top="0" bottom="0.625"/>
						</Texture>
					</Layer>
					<Layer level="BORDER">
						<FontString name="$parentFill" parentKey="fill" inherits="FriendsFont_UserText" justifyH="LEFT" justifyV="MIDDLE" text="SEARCH">
							<Anchors>
								<Anchor point="LEFT" x="0" y="0"/>
							</Anchors>
							<Color r="0.35" g="0.35" b="0.35"/>
						</FontString>								
					</Layer>
				</Layers>
				<Scripts>
					<OnEnterPressed>
						local text = self:GetText();
						if ( self:GetParent():GetName() == "HoloFriendsFrame" ) then
							HOLOFRIENDS_OPTIONS.SearchFL = text;
							HoloFriendsLists_Search(HoloFriends_GetList(), text)
							HoloFriends_List_Update();
						else
							HOLOFRIENDS_OPTIONS.SearchIL = text;
							HoloFriendsLists_Search(HoloIgnore_GetList(), text)
							HoloIgnore_List_Update();
						end
					</OnEnterPressed>
					<OnEscapePressed>
						HideUIPanel(HoloFriendsFrame);
						HideUIPanel(HoloIgnoreFrame);
					</OnEscapePressed>
					<OnTextChanged>
						if ( self:GetText() ~= "" ) then
							self.fill:Hide();
						else
							self.fill:Show();
						end
					</OnTextChanged>
					<OnHide>
						self:SetText("");
					</OnHide>
					<OnShow>
						if ( self:GetParent():GetName() == "HoloFriendsFrame" ) then
							self:SetText(HOLOFRIENDS_OPTIONS.SearchFL);
						else
							self:SetText(HOLOFRIENDS_OPTIONS.SearchIL);
						end
					</OnShow>
				</Scripts>
				<FontString inherits="FriendsFont_UserText">
					<Color r="0.345" g="0.667" b="0.867" />
				</FontString>
			</EditBox>
			<Button name="$parentToggleButton">
				<Size><AbsDimension x="16" y="16"/></Size>
				<Anchors><Anchor point="TOPLEFT" relativeTo="$parentTopLeft" relativePoint="TOPLEFT">
					<Offset><AbsDimension x="70" y="-55"/></Offset>
				</Anchor></Anchors>
				<NormalTexture name="$parentTexture" file="Interface\Buttons\UI-MinusButton-UP">
					<Size><AbsDimension x="16" y="16"/></Size>
				</NormalTexture>
				<Scripts>
					<OnLoad>
						self:RegisterForClicks("LeftButtonUp");
					</OnLoad>
					<OnClick>
						if ( self:GetParent():GetName() == "HoloFriendsFrame" ) then
							HoloFriends_ToggleButton_OnClick(self);
						else
							HoloIgnore_ToggleButton_OnClick(self);
						end
						PlaySound("igMainMenuOptionCheckBoxOn");
					</OnClick>
				</Scripts>
			</Button>
			<Button name="$parentToggleTab1" inherits="TabButtonTemplate" text="FRIENDS" id="1">
				<Anchors><Anchor point="TOPLEFT" relativeTo="$parentTopLeft" relativePoint="TOPLEFT">
					<Offset><AbsDimension x="90" y="-40"/></Offset>
				</Anchor></Anchors>
				<Scripts>
					<OnShow>
						PanelTemplates_DeselectTab(self);
					</OnShow>
					<OnClick>
						if ( self:GetParent():GetName() == "HoloFriendsFrame" ) then
							HoloFriends_ShowInGameFriendsList = true;
						end
						PanelTemplates_Tab_OnClick(self, FriendsTabHeader);
						FriendsFrame_Update();
					</OnClick>
				</Scripts>
			</Button>
			<Button name="$parentToggleTab2" inherits="TabButtonTemplate" text="IGNORE" id="2">
				<Anchors><Anchor point="LEFT" relativeTo="$parentToggleTab1" relativePoint="RIGHT"/></Anchors>
				<Scripts>
					<OnShow>
						PanelTemplates_DeselectTab(self);
					</OnShow>
					<OnClick>
						if ( self:GetParent():GetName() == "HoloIgnoreFrame" ) then
							HoloFriends_ShowInGameIgnoreList = true;
						end
						PanelTemplates_Tab_OnClick(self, FriendsTabHeader);
						FriendsFrame_Update();
					</OnClick>
				</Scripts>
			</Button>
			<Button name="$parentNameButtonDrag" inherits="HoloFriendsList_NameButtonTemplate" id="0"/>
			<ScrollFrame name="$parentScrollFrame" inherits="FauxScrollFrameTemplate">
				<Size><AbsDimension x="318" y="304"/></Size>
				<Anchors><Anchor point="TOPLEFT" relativeTo="$parentTopLeft" relativePoint="TOPLEFT">
					<Offset><AbsDimension x="-1" y="-76"/></Offset>
				</Anchor></Anchors>
				<Layers>
					<Layer level="ARTWORK">
						<Texture file="Interface\PaperDollInfoFrame\UI-Character-ScrollBar">
							<Size><AbsDimension x="31" y="256"/></Size>
							<Anchors><Anchor point="TOPLEFT" relativePoint="TOPRIGHT">
								<Offset><AbsDimension x="-2" y="5"/></Offset>
							</Anchor></Anchors>
							<TexCoords left="0" right="0.484375" top="0" bottom="1.0"/>
						</Texture>
						<Texture file="Interface\PaperDollInfoFrame\UI-Character-ScrollBar">
							<Size><AbsDimension x="31" y="106"/></Size>
							<Anchors><Anchor point="BOTTOMLEFT" relativePoint="BOTTOMRIGHT">
								<Offset><AbsDimension x="-2" y="-2"/></Offset>
							</Anchor></Anchors>
							<TexCoords left="0.515625" right="1.0" top="0" bottom="0.4140625"/>
						</Texture>
					</Layer>
				</Layers>
				<Scripts>
					<OnVerticalScroll>
						if ( self:GetParent():GetName() == "HoloFriendsFrame" ) then
							FauxScrollFrame_OnVerticalScroll(self, offset, FRIENDS_FRAME_IGNORE_HEIGHT, HoloFriends_List_Update);
						else
							FauxScrollFrame_OnVerticalScroll(self, offset, FRIENDS_FRAME_IGNORE_HEIGHT, HoloIgnore_List_Update);
						end
					</OnVerticalScroll>
					<OnShow>
						if ( self:GetParent():GetName() == "HoloFriendsFrame" ) then
							HoloFriends_chat("HoloFriends_List_Update from .xml HoloFriendsFrameScrollFrame OnShow", HF_DEBUG_OUTPUT);
							HoloFriends_List_Update();
						else
							HoloFriends_chat("HoloIgnore_List_Update from .xml HoloIgnoreFrameScrollFrame OnShow", HF_DEBUG_OUTPUT);
							HoloIgnore_List_Update()
						end
					</OnShow>
				</Scripts>
			</ScrollFrame>
			<Button name="$parentAddCommentButton" inherits="UIPanelButtonTemplate" text="HOLOFRIENDS_WINDOWMAINADDCOMMENT" hidden="true">
				<Size><AbsDimension x="131" y="22"/></Size>
				<Anchors><Anchor point="TOPLEFT" relativeTo="$parentOnline" relativePoint="BOTTOMLEFT">
					<Offset><AbsDimension x="190" y="-2"/></Offset>
				</Anchor></Anchors>
				<Scripts>
					<OnClick>
						if ( self:GetParent():GetName() == "HoloFriendsFrame" ) then
							local list = HoloFriends_GetList();
							local index = HoloFriends_GetLastClickedIndex();
							list[index].remove = nil;
							local name = HoloFriendsLists_GetName(list, index);
							StaticPopup_Show("HOLOFRIENDS_ADDCOMMENT", name);
						else
							local list = HoloIgnore_GetList();
							local index = HoloIgnore_GetLastClickedIndex();
							local name = HoloFriendsLists_GetName(list, index);
							StaticPopup_Show("HOLOIGNORE_ADDCOMMENT", name);
						end
					</OnClick>
				</Scripts>
			</Button>
			<Button name="$parentAddGroupButton" inherits="UIPanelButtonTemplate" text="HOLOFRIENDS_WINDOWMAINADDGROUP">
				<Size><AbsDimension x="131" y="22"/></Size>
				<Anchors><Anchor point="TOPLEFT" relativeTo="$parentOnline" relativePoint="BOTTOMLEFT">
					<Offset><AbsDimension x="190" y="-2"/></Offset>
				</Anchor></Anchors>
				<Scripts>
					<OnClick>
						if ( self:GetParent():GetName() == "HoloFriendsFrame" ) then
							StaticPopup_Show("HOLOFRIENDS_ADDGROUP");
						else
							StaticPopup_Show("HOLOIGNORE_ADDGROUP");
						end
					</OnClick>
				</Scripts>
			</Button>
			<Button name="$parentRenameGroupButton" inherits="UIPanelButtonTemplate" text="HOLOFRIENDS_WINDOWMAINRENAMEGROUP" hidden="true">
				<Size><AbsDimension x="131" y="22"/></Size>
				<Anchors><Anchor point="TOP" relativeTo="$parentAddGroupButton" relativePoint="BOTTOM">
					<Offset><AbsDimension x="0" y="-5"/></Offset>
				</Anchor></Anchors>
				<Scripts>
					<OnClick>
						if ( self:GetParent():GetName() == "HoloFriendsFrame" ) then
							StaticPopup_Show("HOLOFRIENDS_RENAMEGROUP");
						else
							StaticPopup_Show("HOLOIGNORE_RENAMEGROUP");
						end
					</OnClick>
				</Scripts>
			</Button>
			<Button name="$parentRemoveGroupButton" inherits="UIPanelButtonTemplate" text="HOLOFRIENDS_WINDOWMAINREMOVEGROUP">
				<Size><AbsDimension x="131" y="22"/></Size>
				<Anchors><Anchor point="TOP" relativeTo="$parentAddGroupButton" relativePoint="BOTTOM">
					<Offset><AbsDimension x="0" y="-5"/></Offset>
				</Anchor></Anchors>
				<Scripts>
					<OnClick>
						if ( self:GetParent():GetName() == "HoloFriendsFrame" ) then
							HoloFriendsLists_RemoveGroup(HoloFriends_GetList(), HoloFriends_GetSelectedEntry(), FRIENDS);
							HoloFriends_DeselectEntry();
							HoloFriends_chat("HoloFriends_List_Update from .xml HoloFriendsFrameRemoveGroupButton", HF_DEBUG_OUTPUT);
							HoloFriends_List_Update();
							if ( HoloFriends_ShareFrame:IsVisible() ) then
								HoloFriendsShare_OnShow(HoloFriends_ShareFrame);
							end
						else
							HoloFriendsLists_RemoveGroup(HoloIgnore_GetList(), HoloIgnore_GetSelectedEntry(), IGNORE);
							HoloIgnore_DeselectEntry();
							HoloFriends_chat("HoloIgnore_List_Update from .xml HoloIgnoreFrameRemoveGroupButton", HF_DEBUG_OUTPUT);
							HoloIgnore_List_Update();
							if ( HoloIgnore_ShareFrame:IsVisible() ) then
								HoloFriendsShare_OnShow(HoloIgnore_ShareFrame);
							end
						end
					</OnClick>
				</Scripts>
			</Button>
			<Button name="$parentShareButton" inherits="UIPanelButtonTemplate">
				<Size><AbsDimension x="30" y="30"/></Size>
				<Anchors><Anchor point="BOTTOMRIGHT" relativeTo="$parentOnline" relativePoint="BOTTOMLEFT">
					<Offset><AbsDimension x="172" y="-49"/></Offset>
				</Anchor></Anchors>
				<Scripts>
					<OnClick>
						InterfaceOptionsFrame:Show();
						if ( self:GetParent():GetName() == "HoloFriendsFrame" ) then
							InterfaceOptionsFrame_OpenToCategory(HOLOFRIENDS_SHAREFRIENDSWINDOWTITLE);
						else
							InterfaceOptionsFrame_OpenToCategory(HOLOFRIENDS_SHAREIGNOREWINDOWTITLE);
						end
					</OnClick>
					<OnEnter>
						if ( self:GetParent():GetName() == "HoloFriendsFrame" ) then
							GameTooltip_AddNewbieTip(self, HOLOFRIENDS_SHAREFRIENDSWINDOWTITLE, 1.0, 1.0, 1.0, HOLOFRIENDS_TOOLTIPSHAREBUTTON, 1);
						else
							GameTooltip_AddNewbieTip(self, HOLOFRIENDS_SHAREIGNOREWINDOWTITLE, 1.0, 1.0, 1.0, HOLOFRIENDS_TOOLTIPSHAREBUTTON, 1);
						end
					</OnEnter>
					<OnLeave>
						GameTooltip:Hide();
					</OnLeave>
				</Scripts>
				<NormalTexture name="$parentTexture" file="Interface\Icons\INV_Misc_Note_02.blp"/>
				<HighlightTexture name="$parentHighlight" file="Interface\Buttons\ButtonHilight-Square.blp" alphaMode="ADD"/>
				<PushedTexture name="$parentPushed" file="Interface\Icons\INV_Misc_Note_02.blp" alphaMode="ADD"/>
				<DisabledTexture name="$parentDisabled" file="Interface\Icons\INV_Misc_Note_02.blp" alphaMode="ADD"/>
			</Button>
			<Button name="$parentTab1" inherits="HoloFriends_HighTabButtonTemplate" id="1" text="FRIENDS">
				<Anchors><Anchor point="BOTTOMLEFT">
					<Offset><AbsDimension x="5" y="-30"/></Offset>
				</Anchor></Anchors>
				<Scripts>
					<OnLoad>
						self:Disable();
					</OnLoad>
					<OnEnter>
						GameTooltip_AddNewbieTip(self, MicroButtonTooltipText(FRIENDS, "TOGGLEFRIENDSTAB"), 1.0, 1.0, 1.0, NEWBIE_TOOLTIP_FRIENDSTAB, 1);
					</OnEnter>
					<OnLeave function="GameTooltip_Hide"/>
				</Scripts>
			</Button>
			<Button name="$parentTab2" inherits="HoloFriends_LowTabButtonTemplate" id="2" text="WHO">
				<Anchors><Anchor point="LEFT" relativeTo="$parentTab1" relativePoint="RIGHT">
					<Offset><AbsDimension x="-15" y="0"/></Offset>
				</Anchor></Anchors>
				<Scripts>
					<OnEnter>
						GameTooltip_AddNewbieTip(self, MicroButtonTooltipText(WHO, "TOGGLEWHOTAB"), 1.0, 1.0, 1.0, NEWBIE_TOOLTIP_WHOTAB, 1);
					</OnEnter>
					<OnLeave function="GameTooltip_Hide"/>
				</Scripts>
			</Button>
			<Button name="$parentTab3" inherits="HoloFriends_LowTabButtonTemplate" id="3" text="CHAT">
				<Anchors><Anchor point="LEFT" relativeTo="$parentTab2" relativePoint="RIGHT">
					<Offset><AbsDimension x="-15" y="0"/></Offset>
				</Anchor></Anchors>
				<Scripts>
					<OnEnter>
						GameTooltip_AddNewbieTip(self, MicroButtonTooltipText(CHAT_CHANNELS, "TOGGLECHANNELTAB"), 1.0, 1.0, 1.0, NEWBIE_TOOLTIP_CHANNELTAB, 1);
					</OnEnter>
					<OnLeave function="GameTooltip_Hide"/>
				</Scripts>
			</Button>
			<Button name="$parentTab4" inherits="HoloFriends_LowTabButtonTemplate" id="4" text="RAID">
				<Anchors><Anchor point="LEFT" relativeTo="$parentTab3" relativePoint="RIGHT">
					<Offset><AbsDimension x="-15" y="0"/></Offset>
				</Anchor></Anchors>
				<Scripts>
					<OnEnter>
						GameTooltip_AddNewbieTip(self, RAID, 1.0, 1.0, 1.0, NEWBIE_TOOLTIP_RAID, 1);
					</OnEnter>
					<OnLeave function="GameTooltip_Hide"/>
				</Scripts>
			</Button>
		</Frames>
		<Scripts>
			<OnLoad>
				local template = "HoloFriendsList_NameButtonTemplate";
				local rframe = self:GetName().."TopLeft";
				local nOptions;
				if ( self:GetName() == "HoloFriendsFrame" ) then
					nOptions = HoloFriends_nDisplayedNames + HoloFriends_maxDisplayedNames;
				else
					nOptions = HoloIgnore_nDisplayedNames + HoloIgnore_maxDisplayedNames;
				end
				HoloFriendsInit_CreateListButtons_OnLoad(self, "Button", "NameButton", template, rframe, 22, -78, nOptions);
				self:RegisterEvent("VARIABLES_LOADED");
				if ( self:GetName() == "HoloFriendsFrame" ) then
					getglobal(self:GetName().."TitleText"):SetText(FRIENDS_LIST);
				else
					getglobal(self:GetName().."TitleText"):SetText(IGNORE_LIST);
				end
				tinsert(UISpecialFrames, self:GetName());
			</OnLoad>
			<OnHide>
				if ( self:GetName() == "HoloFriendsFrame" ) then
					HoloFriends_OnHide();
					HoloFriends_FriendsFrameCloseTime = GetTime();
				else
					HoloIgnore_OnHide();
					HoloFriends_IgnoreFrameCloseTime = GetTime();
				end
			</OnHide>
			<OnEvent>
				if ( self:GetName() == "HoloFriendsFrame" ) then
					HoloFriends_OnEvent(self, event, ...);
				else
					HoloIgnore_OnEvent(self, event, ...);
				end
			</OnEvent>
			<OnUpdate>
				if ( self:GetName() == "HoloFriendsFrame" ) then
					HoloFriends_OnUpdate();
				else
					HoloIgnore_OnUpdate();
				end
			</OnUpdate>
		</Scripts>
	</Frame>
</Ui>
