<Ui xmlns="http://www.blizzard.com/wow/ui/" 
	xmlns:xsi="http://www.w3.org/2001/XMLSchema-instance" 
	xsi:schemaLocation="http://www.blizzard.com/wow/ui/
	..\FrameXML\UI.xsd">

	<Script file="MovableHolyPower.lua"/>

	<Frame name="MovableHolyPower_frame" clampedToScreen="true" parent="UIParent" >
		<Size>
			<AbsDimension x="64" y="64"/>
		</Size>
		<Anchors>
      			<Anchor point="CENTER" relativeTo="UIParent" relativePoint="CENTER"/>      
		</Anchors>
		<Scripts>
			<OnLoad>
				MovableHolyPower_OnLoad(self);
			</OnLoad>
		</Scripts>
	</Frame>
		
	
	<Frame name="MovableHolyPower_options" parent="UIParent" hidden="true" movable="true" clampedToScreen="true">

		<Anchors>
			<Anchor point="CENTER"/>
		</Anchors>

        	<Size>
	              <AbsDimension x="380" y="380"/>
        	</Size>

	        <Scripts>
			<OnShow>
				MovableHolyPower_optionsSHOW(self);
			</OnShow>
		</Scripts>

 		<Layers>

			<Layer level="ARTWORK">
				<FontString name="$parentTitle" inherits="GameFontNormalLarge" text="Movable Holy Power" justifyH="LEFT">
					<Size>
						<AbsDimension x="200" y="16"/>
					</Size>
					<Anchors><Anchor point="TOPLEFT">
						<Offset>
							<AbsDimension x="15" y="-15"/>
						</Offset>	
					</Anchor></Anchors>
				</FontString>
				
				<FontString name="$parentScaleLabel" inherits="GameFontNormalSmall" text="Main scale" justifyH="LEFT">
					<Size>
						<AbsDimension x="200" y="16"/>
					</Size>
					<Anchors><Anchor point="TOPLEFT" relativeTo="$parentTitle">
						<Offset>
							<AbsDimension x="0" y="-30"/>
						</Offset>	
					</Anchor></Anchors>
				</FontString>
								
				<FontString name="$parentAlphaLabel" inherits="GameFontNormalSmall" text="Main alpha" justifyH="LEFT">
					<Size>
						<AbsDimension x="200" y="16"/>
					</Size>
					<Anchors><Anchor point="TOPLEFT" relativeTo="$parentScaleLabel">
						<Offset>
							<AbsDimension x="0" y="-30"/>
						</Offset>	
					</Anchor></Anchors>
				</FontString>
				
				<FontString name="$parentXLabel" inherits="GameFontNormalSmall" text="Horizontal offset" justifyH="LEFT">
					<Size>
						<AbsDimension x="200" y="16"/>
					</Size>
					<Anchors><Anchor point="TOPLEFT" relativeTo="$parentAlphaLabel">
						<Offset>
							<AbsDimension x="0" y="-130"/>
						</Offset>	
					</Anchor></Anchors>
				</FontString>
				
				<FontString name="$parentYLabel" inherits="GameFontNormalSmall" text="Vertical offset" justifyH="LEFT">
					<Size>
						<AbsDimension x="200" y="16"/>
					</Size>
					<Anchors><Anchor point="TOPLEFT" relativeTo="$parentXLabel">
						<Offset>
							<AbsDimension x="0" y="-30"/>
						</Offset>	
					</Anchor></Anchors>
				</FontString>			
				
				
				
			</Layer>
		</Layers>
	
		<Frames>
			<Slider name="$parentScaleSlider" minValue="0.1" maxValue="4" defaultValue="1" valueStep="0.1" orientation="HORIZONTAL" inherits="OptionsSliderTemplate">
				<Anchors>
					<Anchor point="TOPLEFT" relativeTo="$parentScaleLabel">
						<Offset>
							<AbsDimension x="100" y="0"/>
						</Offset>
					</Anchor>
				</Anchors>
                		<Size><AbsDimension x="280" y="18"/></Size>
				<Scripts>
					<OnValueChanged>
						MovableHolyPower_SliderChanged(self)	
					</OnValueChanged>
				</Scripts>
			</Slider>
			
			<Slider name="$parentAlphaSlider" minValue="0" maxValue="1" defaultValue="1" valueStep=".01" orientation="HORIZONTAL" inherits="OptionsSliderTemplate">
				<Anchors>
					<Anchor point="TOPLEFT" relativeTo="$parentAlphaLabel">
						<Offset>
							<AbsDimension x="100" y="0"/>
						</Offset>
					</Anchor>
				</Anchors>
                		<Size><AbsDimension x="280" y="18"/></Size>
				<Scripts>
					<OnValueChanged>
						MovableHolyPower_SliderChanged(self)	
					</OnValueChanged>
				</Scripts>
			</Slider>


			<CheckButton name="$parentProgressive" inherits="OptionsCheckButtonTemplate">
				<Size>
					<AbsDimension x="20" y="20"/>
				</Size>
				<Scripts>	
					<OnClick>
						MovableHolyPower_ProgressiveClick(self);
					</OnClick>
				</Scripts>
				<HitRectInsets>
					<AbsInset left="0" right="-120" top="0" bottom="0"/>
				</HitRectInsets>
				<Anchors><Anchor point="TOPLEFT" relativeTo="$parentAlphaSlider">
					<Offset>
						<AbsDimension x="0" y="-40" /> 
					</Offset>
				</Anchor></Anchors>
				<layers><layer level="overlay">
					<FontString name="$parentLabel" inherits="GameFontNormalSmall" text="Progressive fading (more visible with more stacks)" justifyH="LEFT">
					<Size><AbsDimension x="300" y="16"/></Size>
					<Anchors><Anchor point="TOPLEFT" relativeTo="$parent" relativePoint="TOPRIGHT">
						<Offset><AbsDimension x="2" y="0"/></Offset>	
					</Anchor></Anchors>
					</FontString>
				</layer></layers>
			</CheckButton>



			<CheckButton name="$parentHideFirst" inherits="OptionsCheckButtonTemplate">
				<Size>
					<AbsDimension x="20" y="20"/>
				</Size>
				<Scripts>	
					<OnClick>
						MovableHolyPower_HideFirstClick(self);
					</OnClick>
				</Scripts>
				<HitRectInsets>
					<AbsInset left="0" right="-120" top="0" bottom="0"/>
				</HitRectInsets>
				<Anchors><Anchor point="TOPLEFT" relativeTo="$parentProgressive">
					<Offset>
						<AbsDimension x="0" y="-30" /> 
					</Offset>
				</Anchor></Anchors>
				<layers><layer level="overlay">
					<FontString name="$parentLabel" inherits="GameFontNormalSmall" text="Always hide bar with no stacks" justifyH="LEFT">
					<Size><AbsDimension x="300" y="16"/></Size>
					<Anchors><Anchor point="TOPLEFT" relativeTo="$parent" relativePoint="TOPRIGHT">
						<Offset><AbsDimension x="2" y="0"/></Offset>	
					</Anchor></Anchors>
					</FontString>
				</layer></layers>
			</CheckButton>



			
			<Slider name="$parentXSlider" minValue="-680" maxValue="680" defaultValue="0" valueStep="5" orientation="HORIZONTAL" inherits="OptionsSliderTemplate">
				<Anchors>
					<Anchor point="TOPLEFT" relativeTo="$parentXLabel">
						<Offset>
							<AbsDimension x="100" y="0"/>
						</Offset>
					</Anchor>
				</Anchors>
                		<Size><AbsDimension x="280" y="18"/></Size>
				<Scripts>
					<OnValueChanged>
						MovableHolyPower_SliderChanged(self)	
					</OnValueChanged>
				</Scripts>
			</Slider>
			
			<Slider name="$parentYSlider" minValue="-500" maxValue="500" defaultValue="0" valueStep="5" orientation="HORIZONTAL" inherits="OptionsSliderTemplate">
				<Anchors>
					<Anchor point="TOPLEFT" relativeTo="$parentYLabel">
						<Offset>
							<AbsDimension x="100" y="0"/>
						</Offset>
					</Anchor>
				</Anchors>
                		<Size><AbsDimension x="280" y="18"/></Size>
				<Scripts>
					<OnValueChanged>
						MovableHolyPower_SliderChanged(self)	
					</OnValueChanged>
				</Scripts>
			</Slider>
			
						
			<CheckButton name="$parentShowOffCombat" inherits="OptionsCheckButtonTemplate">
				<Size>
					<AbsDimension x="20" y="20"/>
				</Size>
				<Scripts>	
					<OnClick>
						MovableHolyPower_ShowOffCombatClick(self);
					</OnClick>
				</Scripts>
				<HitRectInsets>
					<AbsInset left="0" right="-120" top="0" bottom="0"/>
				</HitRectInsets>
				<Anchors><Anchor point="BOTTOMLEFT" anchorto="BOTTOMLEFT">
					<Offset>
						<AbsDimension x="10" y="10" /> 
					</Offset>
				</Anchor></Anchors>
				<layers><layer level="overlay">
					<FontString name="$parentLabel" inherits="GameFontNormalSmall" text="Show out of combat" justifyH="LEFT">
					<Size><AbsDimension x="300" y="16"/></Size>
					<Anchors><Anchor point="TOPLEFT" relativeTo="$parent" relativePoint="TOPRIGHT">
						<Offset><AbsDimension x="2" y="0"/></Offset>	
					</Anchor></Anchors>
					</FontString>
				</layer></layers>
			</CheckButton>
			
			<CheckButton name="$parentShowInVehicle" inherits="OptionsCheckButtonTemplate">
				<Size>
					<AbsDimension x="20" y="20"/>
				</Size>
				<Scripts>	
					<OnClick>
						MovableHolyPower_ShowInVehicleClick(self);
					</OnClick>
				</Scripts>
				<HitRectInsets>
					<AbsInset left="0" right="-90" top="0" bottom="0"/>
				</HitRectInsets>
				<Anchors><Anchor point="BOTTOMLEFT" anchorto="BOTTOMLEFT" relativeTo="$parentShowOffCombat">
					<Offset>
						<AbsDimension x="140" y="0" /> 
					</Offset>
				</Anchor></Anchors>
				<layers><layer level="overlay">
					<FontString name="$parentLabel" inherits="GameFontNormalSmall" text="Show in vehicle" justifyH="LEFT">
					<Size><AbsDimension x="300" y="16"/></Size>
					<Anchors><Anchor point="TOPLEFT" relativeTo="$parent" relativePoint="TOPRIGHT">
						<Offset><AbsDimension x="2" y="0"/></Offset>	
					</Anchor></Anchors>
					</FontString>
				</layer></layers>
			</CheckButton>
			
			<CheckButton name="$parentShowWhenMounted" inherits="OptionsCheckButtonTemplate">
				<Size>
					<AbsDimension x="20" y="20"/>
				</Size>
				<Scripts>	
					<OnClick>
						MovableHolyPower_ShowWhenMountedClick(self);
					</OnClick>
				</Scripts>
				<HitRectInsets>
					<AbsInset left="0" right="-120" top="0" bottom="0"/>
				</HitRectInsets>
				<Anchors><Anchor point="BOTTOMLEFT" anchorto="BOTTOMLEFT" relativeTo="$parentShowInVehicle">
					<Offset>
						<AbsDimension x="110" y="0" /> 
					</Offset>
				</Anchor></Anchors>
				<layers><layer level="overlay">
					<FontString name="$parentLabel" inherits="GameFontNormalSmall" text="Show when mounted" justifyH="LEFT">
					<Size><AbsDimension x="300" y="16"/></Size>
					<Anchors><Anchor point="TOPLEFT" relativeTo="$parent" relativePoint="TOPRIGHT">
						<Offset><AbsDimension x="2" y="0"/></Offset>	
					</Anchor></Anchors>
					</FontString>
				</layer></layers>
			</CheckButton>
			
		</Frames>		
	</Frame>

	<Frame name="MovableHolyPowerBar" parent="MovableHolyPower_frame">
		<Animations>
			<AnimationGroup parentKey="showAnim">
				<Alpha change="1" duration="0.5" order="1"/>
				<Scripts>
					<OnFinished>
						self:GetParent():SetAlpha(1.0);
					</OnFinished>
				</Scripts>
			</AnimationGroup>
			<AnimationGroup parentKey="showBankAnim">
				<Alpha target="$parentBankBG" change="1" duration="0.5" order="1"/>
				<Scripts>
					<OnFinished>
						self:GetParent().bankBG:SetAlpha(1.0);
					</OnFinished>
				</Scripts>
			</AnimationGroup>
		</Animations>
		<Size x="136" y="39"/>
		<Anchors>
			<Anchor point="CENTER" relativeTo="MovableHolyPower_frame" relativePoint="CENTER" x="0" y="0"/>
		</Anchors>
		<HitRectInsets>
			<AbsInset left="17" right="17" top="7" bottom="4"/>
		</HitRectInsets>
		<Layers>
			<Layer level="BACKGROUND" textureSubLevel="-7">
				<Texture name="$parentBankBG" file="Interface\AddOns\MovableHolyPower\PaladinPowerTextures.tga" parentKey="bankBG" alpha="0">
					<Size x="69" y="16"/>
					<Anchors>
						<Anchor point="TOP" x="0" y="-29"/>
					</Anchors>
					<TexCoords left="0.00390625" right="0.27343750" top="0.64843750" bottom="0.77343750"/>	
				</Texture>
			</Layer>
			<Layer level="BACKGROUND" textureSubLevel="-5">
				<Texture name="$parentBG" file="Interface\AddOns\MovableHolyPower\PaladinPowerTextures.tga">
					<Anchors>
						<Anchor point="TOP" />
					</Anchors>
					<Size x="136" y="39"/>
					<TexCoords left="0.00390625" right="0.53515625" top="0.00781250" bottom="0.31250000"/>
				</Texture>
			</Layer>
		</Layers>
		<Frames>
			<Frame name="$parentGlowBG" setAllPoints="true"  useParentLevel="true" parentKey="glow">
				<Animations>
					<AnimationGroup parentKey="pulse">
						<Alpha change="1" duration="0.5" order="1"/>
						<Alpha change="-1" startDelay="0.3" duration="0.6" order="2"/>
						<Scripts>
							<OnFinished>
								if not self.stopPulse then
									self:Play();
								end
							</OnFinished>
						</Scripts>
					</AnimationGroup>
				</Animations>
				<Layers>
					<Layer level="BACKGROUND" textureSubLevel="-1">
						<Texture name="$parentTexture" file="Interface\AddOns\MovableHolyPower\PaladinPowerTextures.tga">
							<Anchors>
								<Anchor point="TOP" />
							</Anchors>
							<Size x="136" y="39"/>
							<TexCoords left="0.00390625" right="0.53515625" top="0.32812500" bottom="0.63281250"/>
						</Texture>
					</Layer>
				</Layers>
			</Frame>
			<Frame name="$parentRune1" parentKey="rune1">
				<Animations>
					<AnimationGroup parentKey="activate">
						<Alpha change="1" duration="0.2" order="1"/>
						<Scripts>
							<OnFinished>
								self:GetParent():SetAlpha(1);
							</OnFinished>
						</Scripts>
					</AnimationGroup>
					<AnimationGroup parentKey="deactivate">
						<Alpha change="-1" duration="0.3" order="1"/>
						<Scripts>
							<OnFinished>
								self:GetParent():SetAlpha(0);
							</OnFinished>
						</Scripts>
					</AnimationGroup>
				</Animations>
				<Anchors>
					<Anchor point="TOPLEFT" x="21" y="-11"/>
				</Anchors>
				<Size x="36" y="22"/>
				<Layers>
					<Layer level="OVERLAY">
						<Texture name="$parentTexture" file="Interface\AddOns\MovableHolyPower\PaladinPowerTextures.tga">
							<TexCoords left="0.00390625" right="0.14453125" top="0.78906250" bottom="0.96093750"/>
						</Texture>
					</Layer>
				</Layers>
			</Frame>
			<Frame name="$parentRune2" parentKey="rune2">
				<Animations>
					<AnimationGroup parentKey="activate">
						<Alpha change="1" duration="0.2" order="1"/>
						<Scripts>
							<OnFinished>
								self:GetParent():SetAlpha(1);
							</OnFinished>
						</Scripts>
					</AnimationGroup>
					<AnimationGroup parentKey="deactivate">
						<Alpha change="-1" duration="0.3" order="1"/>
						<Scripts>
							<OnFinished>
								self:GetParent():SetAlpha(0);
							</OnFinished>
						</Scripts>
					</AnimationGroup>
				</Animations>
				<Anchors>
					<Anchor point="LEFT" relativeTo="$parentRune1" relativePoint="RIGHT"/>
				</Anchors>
				<Size x="31" y="17"/>
				<Layers>
					<Layer level="OVERLAY">
						<Texture name="$parentTexture" file="Interface\AddOns\MovableHolyPower\PaladinPowerTextures.tga">
							<TexCoords left="0.15234375" right="0.27343750" top="0.78906250" bottom="0.92187500"/>
						</Texture>
					</Layer>
				</Layers>
			</Frame>
			<Frame name="$parentRune3" parentKey="rune3">
				<Animations>
					<AnimationGroup parentKey="activate">
						<Alpha change="1" duration="0.2" order="1"/>
						<Scripts>
							<OnFinished>
								self:GetParent():SetAlpha(1);
							</OnFinished>
						</Scripts>
					</AnimationGroup>
					<AnimationGroup parentKey="deactivate">
						<Alpha change="-1" duration="0.3" order="1"/>
						<Scripts>
							<OnFinished>
								self:GetParent():SetAlpha(0);
							</OnFinished>
						</Scripts>
					</AnimationGroup>
				</Animations>
				<Anchors>
						<Anchor point="LEFT" relativeTo="$parentRune2" relativePoint="RIGHT" x="2" y="-1"/>
					</Anchors>
					<Size x="27" y="21"/>
				<Layers>
					<Layer level="OVERLAY">
						<Texture name="$parentTexture" file="Interface\AddOns\MovableHolyPower\PaladinPowerTextures.tga">
							<TexCoords left="0.28125000" right="0.38671875" top="0.64843750" bottom="0.81250000"/>
						</Texture>
					</Layer>
				</Layers>
			</Frame>
			<Frame name="$parentRune4" parentKey="rune4" alpha="0">
				<Animations>
					<AnimationGroup parentKey="activate">
						<Alpha change="1" duration="0.2" order="1"/>
						<Scripts>
							<OnFinished>
								self:GetParent():SetAlpha(1);
							</OnFinished>
						</Scripts>
					</AnimationGroup>
					<AnimationGroup parentKey="deactivate">
						<Alpha change="-1" duration="0.3" order="1"/>
						<Scripts>
							<OnFinished>
								self:GetParent():SetAlpha(0);
							</OnFinished>
						</Scripts>
					</AnimationGroup>
				</Animations>
				<Anchors>
					<Anchor point="TOPLEFT" x="43" y="-28"/>
				</Anchors>
				<Size x="27" y="12"/>
				<Layers>
					<Layer level="BACKGROUND" textureSubLevel="-6">
						<Texture name="$parentTexture" file="Interface\AddOns\MovableHolyPower\PaladinPowerTextures.tga">
							<TexCoords left="0.28125000" right="0.38671875" top="0.82812500" bottom="0.92187500"/>
						</Texture>
					</Layer>
				</Layers>
			</Frame>
			<Frame name="$parentRune5" parentKey="rune5" alpha="0">
				<Animations>
					<AnimationGroup parentKey="activate">
						<Alpha change="1" duration="0.2" order="1"/>
						<Scripts>
							<OnFinished>
								self:GetParent():SetAlpha(1);
							</OnFinished>
						</Scripts>
					</AnimationGroup>
					<AnimationGroup parentKey="deactivate">
						<Alpha change="-1" duration="0.3" order="1"/>
						<Scripts>
							<OnFinished>
								self:GetParent():SetAlpha(0);
							</OnFinished>
						</Scripts>
					</AnimationGroup>
				</Animations>
				<Anchors>
					<Anchor point="TOPLEFT" x="67" y="-28"/>
				</Anchors>
				<Size x="26" y="12"/>
				<Layers>
					<Layer level="BACKGROUND" textureSubLevel="-6">
						<Texture name="$parentTexture" file="Interface\AddOns\MovableHolyPower\PaladinPowerTextures.tga">
							<TexCoords left="0.39453125" right="0.49609375" top="0.64843750" bottom="0.74218750"/>
						</Texture>
					</Layer>
				</Layers>
			</Frame>
		</Frames>
		<Scripts>
			<OnLoad function="MovableHolyPowerBar_OnLoad"/>
			<OnEvent function="MovableHolyPowerBar_OnEvent"/>
		</Scripts>
	</Frame>

</Ui>