﻿<Ui xmlns:xsi="http://www.w3.org/2001/XMLSchema-instance" xmlns:xsd="http://www.w3.org/2001/XMLSchema" xmlns="http://www.blizzard.com/wow/ui/">
<Frame name="RaidAchievement_chra">
	<Scripts>
	<OnLoad>chraonload()</OnLoad>
	<OnEvent>if(thisaddonworkea) then chraonevent(self,event,...) end</OnEvent>
	<OnUpdate>if(thisaddonworkea) then chraonupdate() end</OnUpdate>
	</Scripts>
</Frame>


<Frame name="chramain6" hidden="true" parent="PSFeamain1">

<Size x="750" y="500"/>
	<Anchors>
	<Anchor point="RIGHT"/>
	</Anchors>
	<Layers>
	<Layer level="ARTWORK">
<FontString name="$parent_Text" inherits="GameFontNormal" text="chratitle">
	<Anchors><Anchor point="LEFT" relativePoint="TOPLEFT"/></Anchors>
	</FontString>
<FontString name="$parent_Text" inherits="GameFontNormal" text="pseareports">
	<Anchors><Anchor point="LEFT" relativePoint="BOTTOMLEFT"><Offset x="131" y="25"/></Anchor></Anchors>
	</FontString>
	</Layer>
	</Layers>
	<Backdrop bgFile="Interface\DialogFrame\UI-DialogBox-Background" edgeFile="Interface\DialogFrame\UI-DialogBox-Border" tile="true">
	<TileSize>
	<AbsValue val="32"/>
	</TileSize>
	<EdgeSize>
	<AbsValue val="32"/>
	</EdgeSize>
	<BackgroundInsets>
	<AbsInset left="11" right="12" top="12" bottom="11"/>
	</BackgroundInsets>
	</Backdrop>
<frames>
<Button name="$parent_Button7" inherits="UIPanelButtonTemplate" text="pseaenableall">
	<Size x="140" y="21"/>
	<Anchors>
	<Anchor point="TOPLEFT">
	<Offset x="20" y="-15"/>
	</Anchor>
	</Anchors>
	<Scripts><OnClick>chra_buttonchangeyn(1)</OnClick></Scripts>
	</Button>
<Button name="$parent_Button7" inherits="UIPanelButtonTemplate" text="pseadisableall">
	<Size x="140" y="21"/>
	<Anchors>
	<Anchor point="TOPLEFT">
	<Offset x="160" y="-15"/>
	</Anchor>
	</Anchors>
	<Scripts><OnClick>chra_buttonchangeyn(0)</OnClick></Scripts>
	</Button>
<Button name="$parent_Button7" inherits="UIPanelButtonTemplate" text="pseachangeall">
	<Size x="140" y="21"/>
	<Anchors>
	<Anchor point="TOPLEFT">
	<Offset x="300" y="-15"/>
	</Anchor>
	</Anchors>
	<Scripts><OnClick>chra_button1()</OnClick></Scripts>
	</Button>
<Button name="$parent_Button7" inherits="UIPanelButtonTemplate" text="nrallbuttontak">
	<Size x="160" y="26"/><Anchors><Anchor point="BOTTOMLEFT"><Offset x="400" y="15"/></Anchor></Anchors>
	<Scripts><OnClick>raopentacticfrommod(2,2)</OnClick></Scripts>
		</Button>
</frames>
</Frame>


</Ui>