﻿<Ui xmlns="http://www.blizzard.com/wow/ui/" xmlns:xsi="http://www.w3.org/2001/XMLSchema-instance" xsi:schemaLocation="http://www.blizzard.com/wow/ui/
..\FrameXML\UI.xsd">
    <Script file="libs\LibStub\LibStub.lua"/>
    <Script file="libs\CallbackHandler-1.0\CallbackHandler-1.0.lua"/>
    <Script file="libs\LibDataBroker-1.1\LibDataBroker-1.1.lua"/>
    <Include file="libs\AceGUI-3.0\AceGUI-3.0.xml"/>
    <Include file="libs\AceConfig-3.0\AceConfig-3.0.xml"/>
    <Include file="libs\AceDB-3.0\AceDB-3.0.xml"/>
    <Include file="libs\AceDBOptions-3.0\AceDBOptions-3.0.xml"/>
    <Include file="libs\AceTimer-3.0\AceTimer-3.0.xml"/>
</Ui>