<Ui xmlns="http://www.blizzard.com/wow/ui/" xmlns:xsi="http://www.w3.org/2001/XMLSchema-instance" xsi:schemaLocation="http://www.blizzard.com/wow/ui/..\FrameXML\UI.xsd">
	<Script file="TargetCharms.lua"/>
					<Button name="CharmTemplate" virtual="true">
						<Size><AbsDimension x="32" y="32"/></Size>
						<Scripts>
							<OnLoad>
     							</OnLoad>
							<OnClick>
								if ( button == "RightButton" and IsControlKeyDown()) then
								else
									SelectTarget(self:GetParent():GetID(),self:GetID(),button);
								end
							</OnClick>
							<OnMouseDown>
								if ( button == "RightButton" and (TargetCharms_Options["TargetCharms"]["draggable"]==1 or IsControlKeyDown())) then
									if (IsControlKeyDown()) then
										ShowSetup();
									else
										self:GetParent():GetParent():StartMoving();
									end
								else
									PlaySound("GAMEGENERICBUTTONPRESS");
								end
							</OnMouseDown>
							<OnMouseUp>
								if ( button == "RightButton" and (TargetCharms_Options["TargetCharms"]["draggable"]==1 or IsControlKeyDown())) then
									if (IsControlKeyDown()) then
									else
										self:GetParent():GetParent():StopMovingOrSizing();
									end
								end
							</OnMouseUp>
						</Scripts>						
						<PushedTexture alphaMode="ADD" file="Interface\Buttons\UI-Quickslot-Depress"/>
						<HighlightTexture alphaMode="ADD" file="Interface\Buttons\ButtonHilight-Square"/>
						<DisabledTexture  alphaMode="ADD" file="Interface\Buttons\UI-Quickslot" />
					</Button>
					<Button name="SecureCharmTemplate" inherits="SecureActionButtonTemplate" virtual="true">
						<Size><AbsDimension x="32" y="32"/></Size>
						<PushedTexture alphaMode="ADD" file="Interface\Buttons\UI-Quickslot-Depress"/>
						<HighlightTexture alphaMode="ADD" file="Interface\Buttons\ButtonHilight-Square"/>
						<DisabledTexture  alphaMode="ADD" file="Interface\Buttons\UI-Quickslot" />
					</Button>
			<Frame name="CharmBarTemplate" virtual="true">
				<Size><AbsDimension x="32" y="32"/></Size>
				<Anchors><Anchor point="TOPLEFT" relativePoint="TOPLEFT"><Offset><AbsDimension x="0" y="0"/></Offset></Anchor></Anchors>
				<Layers><Layer><Texture name="$parent_Tex"/>
						<FontString name="$parentText" inherits="GameFontRedSmall" justifyV="MIDDLE" justifyH="CENTER">
						</FontString>
					</Layer>
				</Layers>
			</Frame>

	<Frame name="TopCharm" parent="UIParent">
		<Size><AbsDimension x="32" y="32"/></Size>
		<Anchors><Anchor point="TOPLEFT" relativePoint="TOP"><Offset><AbsDimension x="0" y="-20"/></Offset></Anchor></Anchors>			
			<Frames>
				<Frame name="TargetCharms" parent="TopCharm" inherits="CharmBarTemplate" id="1">
					<Scripts>
					<OnLoad>
						self:SetAttribute('unit','target');
						self:GetParent():SetMovable(true);
						TargetCharms_OnLoad(self); 
					</OnLoad> 
  					<OnEvent>
						TargetCharms_OnEvent(self, event); 
					</OnEvent>
					<OnMouseDown>
						self:GetParent():StartMoving();
					</OnMouseDown>
					<OnMouseUp>							
						self:GetParent():StopMovingOrSizing();
					</OnMouseUp>
					</Scripts>
				</Frame>
					<Button name="TargetCharmsCharm0" parent="TargetCharms">
						<Size>
							<AbsDimension x="1" y="1"/>
						</Size>
						<Anchors>
							<Anchor point="TOPLEFT" relativePoint="TOPLEFT"><Offset><AbsDimension x="0" y="0"/></Offset></Anchor>
						</Anchors>
					</Button>
							
			</Frames>
	</Frame>
	<Frame name="TopReady" parent="UIParent">
		<Size><AbsDimension x="50" y="20"/></Size>
		<Anchors><Anchor point="TOPLEFT" relativePoint="TOP"><Offset><AbsDimension x="0" y="0"/></Offset></Anchor></Anchors>			
			<Frames>	
					<Button name="ReadyCharm" inherits="OptionsButtonTemplate">						
						<Size>
							<AbsDimension x="50" y="20"/>
						</Size>
						<Anchors><Anchor point="TOPLEFT" relativePoint="TOPLEFT"><Offset><AbsDimension x="0" y="0"/></Offset></Anchor></Anchors>
						<Scripts>
							<OnLoad>
								self:GetParent():SetMovable(true);
							</OnLoad>
							<OnClick>
								if button == "RightButton" then
								else
									if ( button ~= "RightButton") then
										DoReadyCheck();
									end
								end
							</OnClick>
							<OnMouseDown>
								if ( button == "RightButton" and TargetCharms_Options["ReadyCharm"]["draggable"]==1) then
										self:GetParent():StartMoving();
								end
								if (button == "RightButton" and IsControlKeyDown()) then
										ShowSetup();
								end
							</OnMouseDown>
							<OnMouseUp>
								if ( button == "RightButton" and TargetCharms_Options["ReadyCharm"]["draggable"]==1) then
										self:GetParent():StopMovingOrSizing();	
								end
							</OnMouseUp>
							
						</Scripts>
					</Button>

			</Frames>
	</Frame>
	<Frame name="TopFlare" parent="UIParent">
		<Size><AbsDimension x="32" y="32"/></Size>
		<Anchors><Anchor point="TOPLEFT" relativePoint="TOP"><Offset><AbsDimension x="100" y="0"/></Offset></Anchor></Anchors>		
			<Frames>
				<Frame name="FlareCharms" parent="TopFlare" inherits="CharmBarTemplate" id="1">
					<Scripts>
					<OnLoad>
						self:GetParent():SetMovable(true);
					</OnLoad>
					<OnMouseDown>
						self:GetParent():StartMoving();
					</OnMouseDown>
					<OnMouseUp>							
						self:GetParent():StopMovingOrSizing();
					</OnMouseUp>
					</Scripts>
				</Frame>
					<Button name="FlareCharmsCharm0"  parent="FlareCharms">
						<Size>
							<AbsDimension x="1" y="1"/>
						</Size>
						<Anchors>
							<Anchor point="TOPLEFT" relativePoint="TOPLEFT"><Offset><AbsDimension x="-1" y="-1"/></Offset></Anchor>
						</Anchors>
					</Button>
			</Frames>
		
	</Frame>
</Ui>