<Ui xmlns="http://www.blizzard.com/wow/ui/" xmlns:xsi="http://www.w3.org/2001/XMLSchema-instance" xsi:schemaLocation="http://www.blizzard.com/wow/ui/
..\FrameXML\UI.xsd">
	<Script file="CT_FocusFrame.lua"/>
	<Frame name="CT_TargetofFocusDebuffFrameTemplate" virtual="true" enableMouse="true" hidden="true">
		<Size>
			<AbsDimension x="12" y="12"/>
		</Size>
		<Layers>
			<Layer level="ARTWORK">
				<Texture name="$parentIcon" setAllPoints="true"/>
			</Layer>
			<Layer level="OVERLAY">
				<Texture name="$parentBorder" file="Interface\Buttons\UI-Debuff-Overlays">
					<Size>
						<AbsDimension x="13" y="13"/>
					</Size>
					<Anchors>
						<Anchor point="TOPLEFT">
							<Offset x="-1" y="1"/>
						</Anchor>
						<Anchor point="BOTTOMRIGHT">
							<Offset x="1" y="-1"/>
						</Anchor>
					</Anchors>
					<TexCoords left="0.296875" right="0.5703125" top="0" bottom="0.515625"/>
				</Texture>	
			</Layer>
		</Layers>
		<Frames>
			<Cooldown name="$parentCooldown" inherits="CooldownFrameTemplate" reverse="true" drawEdge="true" hidden="true">
				<Anchors>
					<Anchor point="CENTER">
						<Offset>
							<AbsDimension x="0" y="-1"/>
						</Offset>
					</Anchor>
				</Anchors>
			</Cooldown>
		</Frames>
		<Scripts>
			<OnEnter>
				if ( self:GetCenter() > GetScreenWidth()/2 ) then
					GameTooltip:SetOwner(self, "ANCHOR_LEFT");
				else
					GameTooltip:SetOwner(self, "ANCHOR_RIGHT");
				end
				local filter;
				if ( GetCVarBool("showDispelDebuffs") ) then
					filter = "RAID";
				end
				GameTooltip:SetUnitDebuff(self:GetParent().unit, self:GetID(), filter);
			</OnEnter>
			<OnLeave>
				GameTooltip:Hide();
			</OnLeave>
		</Scripts>
	</Frame>
	<Frame name="CT_FocusDebuffFrameTemplate" virtual="true" enableMouse="true">
		<Size>
			<AbsDimension x="17" y="17"/>
		</Size>
		<Layers>
			<Layer level="ARTWORK">
				<Texture name="$parentIcon" setAllPoints="true"/>
			</Layer>
			<Layer level="OVERLAY">
				<Texture name="$parentBorder" file="Interface\Buttons\UI-Debuff-Overlays">
					<Size>
						<AbsDimension x="17" y="17"/>
					</Size>
					<Anchors>
						<Anchor point="TOPLEFT">
							<Offset x="-1" y="1"/>
						</Anchor>
						<Anchor point="BOTTOMRIGHT">
							<Offset x="1" y="-1"/>
						</Anchor>
					</Anchors>
					<TexCoords left="0.296875" right="0.5703125" top="0" bottom="0.515625"/>
				</Texture>	
				<FontString name="$parentCount" inherits="NumberFontNormalSmall" justifyH="RIGHT">
					<Anchors>
						<Anchor point="BOTTOMRIGHT">
							<Offset>
								<AbsDimension x="5" y="0"/>
							</Offset>
						</Anchor>
					</Anchors>
				</FontString>
			</Layer>
		</Layers>
		<Frames>
			<Cooldown name="$parentCooldown" inherits="CooldownFrameTemplate" reverse="true" drawEdge="true" hidden="true">
				<Anchors>
					<Anchor point="CENTER">
						<Offset>
							<AbsDimension x="0" y="-1"/>
						</Offset>
					</Anchor>
				</Anchors>
			</Cooldown>
		</Frames>
		<Scripts>
			<OnUpdate>
				if ( GameTooltip:IsOwned(self) ) then
					GameTooltip:SetUnitDebuff(self.unit, self:GetID());
				end
			</OnUpdate>
			<OnEnter>
				GameTooltip:SetOwner(self, "ANCHOR_BOTTOMRIGHT", 15, -25);
				GameTooltip:SetUnitDebuff(self.unit, self:GetID());
			</OnEnter>
			<OnLeave>
				GameTooltip:Hide();
			</OnLeave>
		</Scripts>
	</Frame>
	<Frame name="CT_FocusBuffFrameTemplate" virtual="true" enableMouse="true">
		<Size>
			<AbsDimension x="21" y="21"/>
		</Size>
		<Layers>
			<Layer level="BACKGROUND">
				<Texture name="$parentIcon" setAllPoints="true"/>
			</Layer>
			<Layer level="ARTWORK">
				<FontString name="$parentCount" inherits="NumberFontNormalSmall" justifyH="RIGHT">
					<Anchors>
						<Anchor point="BOTTOMRIGHT">
							<Offset>
								<AbsDimension x="3" y="0"/>
							</Offset>
						</Anchor>
					</Anchors>
				</FontString>
			</Layer>
			<Layer level="OVERLAY">
				<Texture name="$parentStealable" file="Interface\TargetingFrame\UI-TargetingFrame-Stealable" hidden="true" alphaMode="ADD">
					<Size>
						<AbsDimension x="24" y="24"/>
					</Size>
					<Anchors>
						<Anchor point="CENTER">
							<Offset>
								<AbsDimension x="0" y="0"/>
							</Offset>
						</Anchor>
					</Anchors>
				</Texture>
			</Layer>
		</Layers>
		<Frames>
			<Cooldown name="$parentCooldown" inherits="CooldownFrameTemplate" reverse="true" drawEdge="true">
				<Anchors>
					<Anchor point="CENTER">
						<Offset>
							<AbsDimension x="0" y="-1"/>
						</Offset>
					</Anchor>
				</Anchors>
			</Cooldown>
		</Frames>
		<Scripts>
			<OnUpdate>
				if ( GameTooltip:IsOwned(self) ) then
					GameTooltip:SetUnitBuff(self.unit, self:GetID());
				end
			</OnUpdate>
			<OnEnter>
				GameTooltip:SetOwner(self, "ANCHOR_BOTTOMRIGHT", 15, -25);
				GameTooltip:SetUnitBuff(self.unit, self:GetID());
			</OnEnter>
			<OnLeave>
				GameTooltip:Hide();
			</OnLeave>
		</Scripts>
	</Frame>
	<Button name="CT_FocusFrame" frameStrata="LOW" toplevel="true" movable="true" inherits="SecureUnitButtonTemplate" parent="UIParent">
		<Size>
			<AbsDimension x="232" y="100"/>
		</Size>
		<Anchors>
			<Anchor point="TOPLEFT">
				<Offset>
					<AbsDimension x="500" y="-159"/>
				</Offset>
			</Anchor>
		</Anchors>
		<HitRectInsets>
			<AbsInset left="96" right="6" top="4" bottom="9"/>
		</HitRectInsets>
		<Layers>
			<Layer level="BACKGROUND">
				<Texture name="$parentFlash" file="Interface\TargetingFrame\UI-TargetingFrame-Flash" hidden="true">
					<Size>
						<AbsDimension x="242" y="93"/>
					</Size>
					<Anchors>
						<Anchor point="TOPLEFT">
							<Offset>
								<AbsDimension x="-24" y="0"/>
							</Offset>
						</Anchor>
					</Anchors>
					<TexCoords left="0" right="0.9453125" top="0" bottom="0.181640625"/>
				</Texture>
				<Texture name="$parentBackground" parentKey="Background">
					<Size>
						<AbsDimension x="119" y="41"/>
					</Size>
					<Anchors>
						<Anchor point="TOPRIGHT">
							<Offset>
								<AbsDimension x="-106" y="-22"/>
							</Offset>
						</Anchor>
					</Anchors>
					<Color r="0" g="0" b="0" a="0.5"/>
				</Texture>
			</Layer>
			<Layer level="BORDER">
				<Texture name="$parentNameBackground" file="Interface\TargetingFrame\UI-TargetingFrame-LevelBackground" parentKey="nameBackground">
					<Size>
						<AbsDimension x="119" y="19"/>
					</Size>
					<Anchors>
						<Anchor point="TOPRIGHT">
							<Offset>
								<AbsDimension x="-106" y="-22"/>
							</Offset>
						</Anchor>
					</Anchors>
				</Texture>
				<Texture name="$parentPortrait">
					<Size>
						<AbsDimension x="64" y="64"/>
					</Size>
					<Anchors>
						<Anchor point="TOPRIGHT">
							<Offset>
								<AbsDimension x="-42" y="-12"/>
							</Offset>
						</Anchor>
					</Anchors>
				</Texture>
			</Layer>
			<Layer level="ARTWORK">
				<Texture name="$parentMyHealPredictionBar" inherits="MyHealPredictionBarTemplate"/>
				<Texture name="$parentOtherHealPredictionBar" inherits="OtherHealPredictionBarTemplate"/>
				<Texture name="$parentTotalAbsorbBar" inherits="TotalAbsorbBarTemplate"/>
			</Layer>
			<Layer level="ARTWORK" textureSubLevel="1">
				<Texture name="$parentTotalAbsorbBarOverlay" inherits="TotalAbsorbBarOverlayTemplate"/>
			</Layer>
		</Layers>
		<Frames>
			<Frame name="$parentTextureFrame" parentKey="textureFrame" setAllPoints="true">
				<Layers>
					<Layer level="BACKGROUND">
						<Texture name="$parentTexture" parentKey="texture" file="Interface\TargetingFrame\UI-TargetingFrame">
							<TexCoords left="0.09375" right="1.0" top="0" bottom="0.78125"/>
						</Texture>
						<FontString name="$parentName" inherits="GameFontNormalSmall">
							<Size>
								<AbsDimension x="100" y="10"/>
							</Size>
							<Anchors>
								<Anchor point="CENTER">
									<Offset>
										<AbsDimension x="-50" y="19"/>
									</Offset>
								</Anchor>
							</Anchors>
						</FontString>
						<FontString name="$parentLevelText" inherits="GameFontNormalSmall">
							<Anchors>
								<Anchor point="CENTER">
									<Offset>
										<AbsDimension x="63" y="-16"/>
									</Offset>
								</Anchor>
							</Anchors>
						</FontString>
						<FontString name="$parentDeadText" inherits="GameFontNormalSmall" text="DEAD">
							<Anchors>
								<Anchor point="CENTER">
									<Offset>
										<AbsDimension x="-50" y="3"/>
									</Offset>
								</Anchor>
							</Anchors>
						</FontString>
						<FontString name="$parentHealthBarText" inherits="TextStatusBarText">
							<Anchors>
								<Anchor point="CENTER">
									<Offset>
										<AbsDimension x="-50" y="3"/>
									</Offset>
								</Anchor>
							</Anchors>
						</FontString>
						<FontString name="$parentManaBarText" inherits="TextStatusBarText">
							<Anchors>
								<Anchor point="CENTER">
									<Offset>
										<AbsDimension x="-50" y="-8"/>
									</Offset>
								</Anchor>
							</Anchors>
						</FontString>
					</Layer>
					<Layer level="ARTWORK">
						<Texture name="$parentHighLevelTexture" file="Interface\TargetingFrame\UI-TargetingFrame-Skull">
							<Size>
								<AbsDimension x="16" y="16"/>
							</Size>
							<Anchors>
								<Anchor point="CENTER">
									<Offset>
										<AbsDimension x="63" y="-16"/>
									</Offset>
								</Anchor>
							</Anchors>
						</Texture>
						<Texture name="$parentLeaderIcon" file="Interface\GroupFrame\UI-Group-LeaderIcon" hidden="true">
							<Size>
								<AbsDimension x="16" y="16"/>
							</Size>
							<Anchors>
								<Anchor point="TOPRIGHT">
									<Offset>
										<AbsDimension x="-44" y="-10"/>
									</Offset>
								</Anchor>
							</Anchors>
						</Texture>
						<Texture name="$parentPVPIcon" hidden="true">
							<Size>
								<AbsDimension x="64" y="64"/>
							</Size>
							<Anchors>
								<Anchor point="TOPRIGHT">
									<Offset>
										<AbsDimension x="3" y="-20"/>
									</Offset>
								</Anchor>
							</Anchors>
						</Texture>
						<Texture name="$parentRaidTargetIcon" file="Interface\TargetingFrame\UI-RaidTargetingIcons" hidden="true">
							<Size>
								<AbsDimension x="26" y="26"/>
							</Size>
							<Anchors>
								<Anchor point="CENTER" relativePoint="TOPRIGHT">
									<Offset>
										<AbsDimension x="-73" y="-14"/>
									</Offset>
								</Anchor>
							</Anchors>
						</Texture>
						<Texture name="$parentQuestIcon" file="Interface\TargetingFrame\PortraitQuestBadge" hidden="true">
							<Size x="32" y="32"/>
							<Anchors>
								<Anchor point="TOPLEFT" relativePoint="TOPRIGHT" x="-120" y="-12"/>
							</Anchors>
						</Texture>
						<Texture name="$parentPetBattleIcon" file="Interface\TargetingFrame\PetBadge-Beast" hidden="true">
							<Size x="32" y="32"/>
							<Anchors>
								<Anchor point="CENTER" relativePoint="RIGHT" x="-44" y="10"/>
							</Anchors>
						</Texture>
						<Texture name="$parentOverAbsorbGlow" inherits="OverAbsorbGlowTemplate"/>
					</Layer>
				</Layers>
				<Frames>
					<Frame>
						<Layers>
							<Layer level="OVERLAY">
								<FontString name="$parentHealthBesideText" parentKey="healthBesideText" inherits="GameFontNormalSmall" text="">
									<Anchors>
										<Anchor point="RIGHT" relativePoint="TOPLEFT">
											<Offset>
												<AbsDimension x="4" y="-46"/>
											</Offset>
										</Anchor>
									</Anchors>
								</FontString>
								<FontString name="$parentManaBesideText" parentKey="manaBesideText" inherits="GameFontNormalSmall" text="">
									<Anchors>
										<Anchor point="RIGHT" relativePoint="TOPLEFT">
											<Offset>
												<AbsDimension x="4" y="-57"/>
											</Offset>
										</Anchor>
									</Anchors>
								</FontString>
							</Layer>
						</Layers>
						<Scripts>
							<OnLoad>
								CT_FocusFrame.healthBesideText = self.healthBesideText;
								CT_FocusFrame.manaBesideText = self.manaBesideText;
							</OnLoad>
						</Scripts>
					</Frame>
				</Frames>
			</Frame>
			<Button name="$parent_Drag" frameStrata="LOW" hidden="false" movable="true" toplevel="true">
				<Size>
					<AbsDimension x="100" y="20"/>
				</Size>
				<Anchors>
					<Anchor point="TOPLEFT" relativeTo="UIParent" relativePoint="TOPLEFT">
						<Offset>
							<AbsDimension x="500" y="-180"/>
						</Offset>
					</Anchor>
				</Anchors>
				<Scripts>
					<OnEnter>
						GameTooltip:SetOwner(self, "ANCHOR_TOPLEFT");
						GameTooltip:SetText("|c00FFFFFFFocus Frame|r\nLeft-click to drag.\nRight-click to reset.");
					</OnEnter>
					<OnLeave>
						GameTooltip:Hide();
					</OnLeave>
					<OnMouseDown>
						if ( button == "LeftButton" ) then
							self:StartMoving();
						elseif ( button == "RightButton" ) then
							if (not InCombatLockdown()) then
								CT_UnitFrames_ResetPosition(self:GetName());
								CT_UnitFrames_ResetDragLink(self:GetName());
							end
						end
					</OnMouseDown>
					<OnMouseUp>
						self:StopMovingOrSizing();
					</OnMouseUp>
					<OnLoad>
						CT_UnitFrames_ResetDragLink(self:GetName());
					</OnLoad>
				</Scripts>
			</Button>
<!--
			<Frame name="$parentDropDown" inherits="UIDropDownMenuTemplate" id="1" hidden="true">
				<Size>
					<AbsDimension x="10" y="10"/>
				</Size>
				<Anchors>
					<Anchor point="TOP">
						<Offset>
							<AbsDimension x="10" y="-60"/>
						</Offset>
					</Anchor>
				</Anchors>
				<Scripts>
					<OnLoad>
						CT_FocusFrameDropDown_OnLoad(self);
					</OnLoad>
				</Scripts>
			</Frame>
-->
			<StatusBar name="$parentHealthBar" inherits="TextStatusBar" useParentLevel="true">
				<Size>
					<AbsDimension x="119" y="12"/>
				</Size>
				<Anchors>
					<Anchor point="TOPRIGHT">
						<Offset>
							<AbsDimension x="-106" y="-41"/>
						</Offset>
					</Anchor>
				</Anchors>
				<Scripts>
					<OnLoad>
						TextStatusBar_Initialize(self);
						self.textLockable = 1;
						self.cvar = "targetStatusText";
						self.cvarLabel = "STATUS_TEXT_TARGET";
						self.zeroText = "";
					</OnLoad>
					<OnValueChanged>
						UnitFrameHealthBar_OnValueChanged(self, value);
						CT_FocusHealthCheck(self, value);
					</OnValueChanged>
					<OnSizeChanged>
						UnitFrameHealPredictionBars_UpdateSize(self:GetParent());
					</OnSizeChanged>
				</Scripts>
				<BarTexture urgency="5" file="Interface\TargetingFrame\UI-StatusBar"/>
			</StatusBar>
			<StatusBar name="$parentManaBar" inherits="TextStatusBar" useParentLevel="true">
				<Size>
					<AbsDimension x="119" y="12"/>
				</Size>
				<Anchors>
					<Anchor point="TOPRIGHT">
						<Offset>
							<AbsDimension x="-106" y="-52"/>
						</Offset>
					</Anchor>
				</Anchors>
				<Scripts>
					<OnLoad>
						TextStatusBar_Initialize(self);
						self.textLockable = 1;
						self.cvar = "targetStatusText";
						self.cvarLabel = "STATUS_TEXT_TARGET";
					</OnLoad>
				</Scripts>
				<BarTexture urgency="5" file="Interface\TargetingFrame\UI-StatusBar"/>
				<BarColor r="0" g="0" b="1.0"/>
			</StatusBar>
			<StatusBar name="$parentSpellBar" inherits="SmallCastingBarFrameTemplate" hidden="true">
				<Size>
					<AbsDimension x="150" y="10"/>
				</Size>
				<Scripts>
					<OnShow>
						CT_Focus_Spellbar_AdjustPosition(self);
					</OnShow>
					<OnLoad>
						CT_Focus_Spellbar_OnLoad(self);
					</OnLoad>
					<OnEvent>
						CT_Focus_Spellbar_OnEvent(self, event, ...);
					</OnEvent>
				</Scripts>
			</StatusBar>
			<Frame name="$parentBuffs" parentKey="buffs" hidden="true">
				<Size>
					<AbsDimension x="10" y="10"/>
				</Size>
			</Frame>
			<Frame name="$parentDebuffs" parentKey="debuffs" hidden="true">
				<Size>
					<AbsDimension x="10" y="10"/>
				</Size>
			</Frame>
			<Frame name="$parentNumericalThreat" hidden="true">
				<Size>
					<AbsDimension x="49" y="18"/>
				</Size>
				<Anchors>
					<Anchor point="BOTTOM" relativePoint="TOP">
						<Offset x="-50" y="-22"/>
					</Anchor>
				</Anchors>
				<Layers>
					<Layer level="BACKGROUND">
						<FontString name="$parentValue" inherits="GameFontHighlight" text="100%" parentKey="text">
							<Anchors>
								<Anchor point="TOP">
									<Offset x="0" y="-4"/>
								</Anchor>
							</Anchors>
						</FontString>
						<Texture name="$parentBG" file="Interface\TargetingFrame\UI-StatusBar" parentKey="bg">
							<Size>
								<AbsDimension x="37" y="14"/>
							</Size>
							<Anchors>
								<Anchor point="TOP">
									<Offset x="0" y="-3"/>
								</Anchor>
							</Anchors>
						</Texture>
					</Layer>
					<Layer level="ARTWORK">
						<Texture file="Interface\TargetingFrame\NumericThreatBorder">
							<TexCoords left="0" right="0.765625" top="0" bottom="0.5625"/>
						</Texture>
					</Layer>
				</Layers>
			</Frame>
		</Frames>
		<Scripts>
			<OnLoad>
				CT_FocusFrame_OnLoad(self);
			</OnLoad>
			<OnEvent>
				CT_FocusFrame_OnEvent(self, event, ...);
			</OnEvent>
			<OnShow>
				CT_FocusFrame_OnShow(self);
			</OnShow>
			<OnUpdate>
				CT_FocusFrame_OnUpdate(self, elapsed);
			</OnUpdate>
			<OnHide>
				CT_FocusFrame_OnHide(self);
			</OnHide>
			<OnEnter>
				UnitFrame_OnEnter(self);
			</OnEnter>
			<OnLeave>
				UnitFrame_OnLeave(self);
			</OnLeave>
		</Scripts>
	</Button>
	<Button name="CT_TargetofFocusFrame" toplevel="true" movable="true" inherits="SecureUnitButtonTemplate" parent="CT_FocusFrame" hidden="true">
		<Size>
			<AbsDimension x="93" y="45"/>
		</Size>
		<Anchors>
			<Anchor point="BOTTOMRIGHT">
				<Offset>
					<AbsDimension x="-35" y="-10"/>
				</Offset>
			</Anchor>
		</Anchors>
		<Layers>
			<Layer level="BACKGROUND">
				<Texture name="$parentBackground" parentKey="background">
					<Size>
						<AbsDimension x="46" y="15"/>
					</Size>
					<Anchors>
						<Anchor point="BOTTOMLEFT">	
							<Offset>
								<AbsDimension x="42" y="13"/>
							</Offset>
						</Anchor>
					</Anchors>
					<Color r="0" g="0" b="0" a="0.5"/>
				</Texture>
			</Layer>
			<Layer level="BORDER">
				<Texture name="$parentPortrait">
					<Size>
						<AbsDimension x="35" y="35"/>
					</Size>
					<Anchors>
						<Anchor point="TOPLEFT">
							<Offset>
								<AbsDimension x="5" y="-5"/>
							</Offset>
						</Anchor>
					</Anchors>
				</Texture>
			</Layer>
		</Layers>
		<Frames>
			<Frame name="$parentTextureFrame" setAllPoints="true">
				<Layers>
					<Layer level="BORDER">
						<Texture name="$parentTexture" file="Interface\TargetingFrame\UI-TargetofTargetFrame">
							<TexCoords left="0.015625" right="0.7265625" top="0" bottom="0.703125"/>
						</Texture>
						<FontString name="$parentName" inherits="GameFontNormalSmall" justifyH="LEFT">
							<Size>
								<AbsDimension x="100" y="10"/>
							</Size>
							<Anchors>
								<Anchor point="BOTTOMLEFT">
									<Offset>
										<AbsDimension x="42" y="2"/>
									</Offset>
								</Anchor>
							</Anchors>
						</FontString>
						<FontString name="$parentDeadText" inherits="GameFontNormalSmall" text="DEAD">
							<Anchors>
								<Anchor point="CENTER">
									<Offset>
										<AbsDimension x="15" y="1"/>
									</Offset>
								</Anchor>
							</Anchors>
						</FontString>
					</Layer>
				</Layers>
				<Scripts>
					<OnLoad>
						RaiseFrameLevel(self);
					</OnLoad>
				</Scripts>
			</Frame>
			<StatusBar name="$parentHealthBar" inherits="TextStatusBar">
				<Size>
					<AbsDimension x="46" y="7"/>
				</Size>
				<Anchors>
					<Anchor point="TOPRIGHT">
						<Offset>
							<AbsDimension x="-2" y="-15"/>
						</Offset>
					</Anchor>
				</Anchors>
				<Scripts>
					<OnValueChanged>
						CT_TargetofFocus_HealthCheck(self:GetParent(), value);
					</OnValueChanged>
				</Scripts>
				<BarTexture file="Interface\TargetingFrame\UI-StatusBar"/>
				<BarColor r="0" g="1.0" b="0"/>
			</StatusBar>
			<StatusBar name="$parentManaBar" inherits="TextStatusBar">
				<Size>
					<AbsDimension x="46" y="7"/>
				</Size>
				<Anchors>
					<Anchor point="TOPRIGHT">
						<Offset>
							<AbsDimension x="-2" y="-23"/>
						</Offset>
					</Anchor>
				</Anchors>
				<BarTexture file="Interface\TargetingFrame\UI-StatusBar"/>
				<BarColor r="0" g="0" b="1.0"/>
			</StatusBar>
			<Frame name="$parentDebuff1" inherits="CT_TargetofFocusDebuffFrameTemplate" id="1">
				<Anchors>
					<Anchor point="TOPLEFT" relativePoint="TOPRIGHT">
						<Offset>
							<AbsDimension x="4" y="-10"/>
						</Offset>
					</Anchor>
				</Anchors>
			</Frame>
			<Frame name="$parentDebuff2" inherits="CT_TargetofFocusDebuffFrameTemplate" id="2">
				<Anchors>
					<Anchor point="LEFT" relativeTo="$parentDebuff1" relativePoint="RIGHT">
						<Offset>
							<AbsDimension x="1" y="0"/>
						</Offset>
					</Anchor>
				</Anchors>
			</Frame>
			<Frame name="$parentDebuff3" inherits="CT_TargetofFocusDebuffFrameTemplate" id="3">
				<Anchors>
					<Anchor point="TOPLEFT" relativeTo="$parentDebuff1" relativePoint="BOTTOMLEFT">
						<Offset>
							<AbsDimension x="0" y="-1"/>
						</Offset>
					</Anchor>
				</Anchors>
			</Frame>
			<Frame name="$parentDebuff4" inherits="CT_TargetofFocusDebuffFrameTemplate" id="4">
				<Anchors>
					<Anchor point="LEFT" relativeTo="$parentDebuff3" relativePoint="RIGHT">
						<Offset>
							<AbsDimension x="1" y="0"/>
						</Offset>
					</Anchor>
				</Anchors>
			</Frame>
		</Frames>
		<Scripts>
			<OnLoad>
				CT_TargetofFocus_OnLoad(self);
			</OnLoad>
			<OnShow>
				CT_TargetofFocus_OnShow(self);
			</OnShow>
			<OnHide>
				CT_TargetofFocus_OnHide(self);
			</OnHide>
			<OnEvent>
				UnitFrame_OnEvent(self, event, ...);
			</OnEvent>
<!--
			<OnUpdate>
				CT_TargetofFocus_Update(self, elapsed);
			</OnUpdate>
-->
		</Scripts>
	</Button>
</Ui>
