<Ui xmlns="http://www.blizzard.com/wow/ui/" xmlns:xsi="http://www.w3.org/2001/XMLSchema-instance" xsi:schemaLocation="http://www.blizzard.com/wow/ui/
C:\Projects\WoW\Bin\Interface\FrameXML\UI.xsd">
	<Script file="CT_PartyFrame.lua"/>
	<Button name="CT_PartyFrameTemplate" virtual="true">
		<Anchors>
			<Anchor point="CENTER" relativeTo="$parentHealthBar"/>
		</Anchors>
		<Size>
			<AbsDimension x="86" y="19"/>
		</Size>
		<Frames>
			<Frame setAllPoints="true">
				<Frames>
					<Frame setAllPoints="true">
						<Layers>
							<Layer level="OVERLAY">
								<FontString name="$parentHealthRight" inherits="GameFontNormalSmall" text="">
									<FontHeight>
										<AbsValue val="9"/>
									</FontHeight>
									<Color r="1.0" g="1.0" b="1.0"/>
									<Shadow/>
									<Anchors>
										<Anchor point="LEFT" relativePoint="RIGHT">
											<Offset>
												<AbsDimension x="3" y="1"/>
											</Offset>
										</Anchor>
									</Anchors>
								</FontString>
								<FontString name="$parentManaRight" inherits="GameFontNormalSmall" text="">
									<FontHeight>
										<AbsValue val="9"/>
									</FontHeight>
									<Color r="1.0" g="1.0" b="1.0"/>
									<Shadow/>
									<Anchors>
										<Anchor point="LEFT" relativePoint="RIGHT">
											<Offset>
												<AbsDimension x="3" y="-9"/>
											</Offset>
										</Anchor>
									</Anchors>
								</FontString>
							</Layer>
						</Layers>
					</Frame>
				</Frames>
			</Frame>
		</Frames>
	</Button>
	<Button name="CT_PartyFrame1" inherits="CT_PartyFrameTemplate" parent="PartyMemberFrame1" toplevel="true" id="1"/>
	<Button name="CT_PartyFrame2" inherits="CT_PartyFrameTemplate" parent="PartyMemberFrame2" toplevel="true" id="2"/>
	<Button name="CT_PartyFrame3" inherits="CT_PartyFrameTemplate" parent="PartyMemberFrame3" toplevel="true" id="3"/>
	<Button name="CT_PartyFrame4" inherits="CT_PartyFrameTemplate" parent="PartyMemberFrame4" toplevel="true" id="4"/>

	<Frame name="CT_PartyFrameGlobalFrame" parent="UIParent" hidden="false">
		<Scripts>
			<OnLoad>
				self:RegisterEvent("PLAYER_ENTERING_WORLD");
			</OnLoad>
			<OnEvent>
				if (event == "PLAYER_ENTERING_WORLD") then
					CT_PartyFrame_ShowBarText();
				end
			</OnEvent>
		</Scripts>
	</Frame>
</Ui>