﻿<Ui xmlns:xsi="http://www.w3.org/2001/XMLSchema-instance" xmlns="http://www.blizzard.com/wow/ui/" xsi:schemaLocation="http://www.blizzard.com/wow/ui/ http://www.blizzard.com/wow/ui/../../FrameXML/UI.xsd">
<Include file="Libs\ChatThrottleLib\ChatThrottleLib.xml"/>
<Script file="Libs\LibStub\LibStub.lua"/>
<Include file="Libs\CallbackHandler-1.0\CallbackHandler-1.0.xml"/>
<Include file="Libs\AceDB-3.0\AceDB-3.0.xml"/>
<Include file="Libs\AceDBOptions-3.0\AceDBOptions-3.0.xml"/>
<Include file="Libs\AceGUI-3.0\AceGUI-3.0.xml"/>
<Include file="Libs\AceConfig-3.0\AceConfig-3.0.xml"/>
<Include file="Libs\AceLocale-3.0\AceLocale-3.0.xml"/>
<Include file="libs\LibDataBroker-1.1\LibDataBroker-1.1.lua"/>
<script file="libs\LibDBIcon-1.0\LibDBIcon-1.0\LibDBIcon-1.0.lua"/>
</Ui>