<Ui xmlns="http://www.blizzard.com/wow/ui/" xmlns:xsi="http://www.w3.org/2001/XMLSchema-instance" xsi:schemaLocation="http://www.blizzard.com/wow/ui/
..\FrameXML\UI.xsd">
<Button name="LootersAidButtonTemplate" inherits="ItemButtonTemplate" virtual="true">
	<Layers>
		<Layer level="ARTWORK">
			<Texture name="$parentNameFrame" file="Interface\QuestFrame\UI-QuestItemNameFrame">
				<Size>
					<AbsDimension x="130" y="62"/>
				</Size>
				<Anchors>
					<Anchor point="LEFT">
						<Offset>
							<AbsDimension x="30" y="0"/>
						</Offset>
					</Anchor>
				</Anchors>
			</Texture>
		</Layer>
	</Layers>
	<Scripts>
		<OnLoad>
			self:RegisterForClicks("LeftButtonUp", "RightButtonUp");
			self.hasItem = 1;
		</OnLoad>
		<OnLeave>
			GameTooltip:Hide();
			ResetCursor();
		</OnLeave>
	</Scripts>
</Button>
<Button name="LootersAidMinusButtonTemplate" virtual="true">
	<NormalTexture file="Interface\Buttons\UI-MinusButton-UP">
		<Size>
			<AbsDimension x="16" y="16"/>
		</Size>
		<Anchors>
			<Anchor point="LEFT">
				<Offset>
					<AbsDimension x="3" y="0"/>
				</Offset>
			</Anchor>
		</Anchors>
	</NormalTexture>
	<DisabledTexture file="Interface\Buttons\UI-MinusButton-Disabled">
		<Size>
			<AbsDimension x="16" y="16"/>
		</Size>
		<Anchors>
			<Anchor point="LEFT">
				<Offset>
					<AbsDimension x="3" y="0"/>
				</Offset>
			</Anchor>
		</Anchors>
	</DisabledTexture>
	<PushedTexture file="Interface\Buttons\UI-MinusButton-Down">
		<Size>
			<AbsDimension x="16" y="16"/>
		</Size>
		<Anchors>
			<Anchor point="LEFT">
				<Offset>
					<AbsDimension x="3" y="0"/>
				</Offset>
			</Anchor>
		</Anchors>
	</PushedTexture>
	<HighlightTexture name="$parentHighlight" file="Interface\Buttons\UI-PlusButton-Hilight" alphaMode="ADD">
		<Size>
			<AbsDimension x="16" y="16"/>
		</Size>
		<Anchors>
			<Anchor point="LEFT">
				<Offset>
					<AbsDimension x="3" y="0"/>
				</Offset>
			</Anchor>
		</Anchors>
	</HighlightTexture>
</Button>
<Button name="LootersAidPlusButtonTemplate" virtual="true">
	<NormalTexture file="Interface\Buttons\UI-PlusButton-UP">
		<Size>
			<AbsDimension x="16" y="16"/>
		</Size>
		<Anchors>
			<Anchor point="LEFT">
				<Offset>
					<AbsDimension x="3" y="0"/>
				</Offset>
			</Anchor>
		</Anchors>
	</NormalTexture>
	<DisabledTexture file="Interface\Buttons\UI-PlusButton-Disabled">
		<Size>
			<AbsDimension x="16" y="16"/>
		</Size>
		<Anchors>
			<Anchor point="LEFT">
				<Offset>
					<AbsDimension x="3" y="0"/>
				</Offset>
			</Anchor>
		</Anchors>
	</DisabledTexture>
	<PushedTexture file="Interface\Buttons\UI-PlusButton-Down">
		<Size>
			<AbsDimension x="16" y="16"/>
		</Size>
		<Anchors>
			<Anchor point="LEFT">
				<Offset>
					<AbsDimension x="3" y="0"/>
				</Offset>
			</Anchor>
		</Anchors>
	</PushedTexture>
	<HighlightTexture name="$parentHighlight" file="Interface\Buttons\UI-PlusButton-Hilight" alphaMode="ADD">
		<Size>
			<AbsDimension x="16" y="16"/>
		</Size>
		<Anchors>
			<Anchor point="LEFT">
				<Offset>
					<AbsDimension x="3" y="0"/>
				</Offset>
			</Anchor>
		</Anchors>
	</HighlightTexture>
</Button>
<Button name="LootersAidCancelButtonTemplate" virtual="true">
	<NormalTexture file="Interface\Buttons\CancelButton-Up">
		<Size>
			<AbsDimension x="32" y="32"/>
		</Size>
		<Anchors>
			<Anchor point="LEFT">
				<Offset>
					<AbsDimension x="3" y="0"/>
				</Offset>
			</Anchor>
		</Anchors>
	</NormalTexture>
	<PushedTexture file="Interface\Buttons\CancelButton-Down">
		<Size>
			<AbsDimension x="32" y="32"/>
		</Size>
		<Anchors>
			<Anchor point="LEFT">
				<Offset>
					<AbsDimension x="3" y="0"/>
				</Offset>
			</Anchor>
		</Anchors>
	</PushedTexture>
	<HighlightTexture name="$parentHighlight" file="Interface\Buttons\CancelButton-Highlight" alphaMode="ADD">
		<Size>
			<AbsDimension x="32" y="32"/>
		</Size>
		<Anchors>
			<Anchor point="LEFT">
				<Offset>
					<AbsDimension x="3" y="0"/>
				</Offset>
			</Anchor>
		</Anchors>
	</HighlightTexture>
</Button>
<Button name="LootersAidWinnerButtonTemplate" virtual="true">
	<NormalTexture file="Interface\Buttons\UI-GroupLoot-Coin-Up">
		<Size>
			<AbsDimension x="16" y="16"/>
		</Size>
		<Anchors>
			<Anchor point="LEFT">
				<Offset>
					<AbsDimension x="3" y="0"/>
				</Offset>
			</Anchor>
		</Anchors>
	</NormalTexture>
	<PushedTexture file="Interface\Buttons\UI-GroupLoot-Coin-Down">
		<Size>
			<AbsDimension x="16" y="16"/>
		</Size>
		<Anchors>
			<Anchor point="LEFT">
				<Offset>
					<AbsDimension x="3" y="0"/>
				</Offset>
			</Anchor>
		</Anchors>
	</PushedTexture>
	<HighlightTexture name="$parentHighlight" file="Interface\Buttons\UI-GroupLoot-Coin-Highlight" alphaMode="ADD">
		<Size>
			<AbsDimension x="16" y="16"/>
		</Size>
		<Anchors>
			<Anchor point="LEFT">
				<Offset>
					<AbsDimension x="3" y="0"/>
				</Offset>
			</Anchor>
		</Anchors>
	</HighlightTexture>
</Button>
</Ui>