<!-- Revision: 496 2012-09-04T22:38:34Z -->
<Ui xmlns="http://www.blizzard.com/wow/ui/" xmlns:xsi="http://www.w3.org/2001/XMLSchema-instance" xsi:schemaLocation="http://www.blizzard.com/wow/ui/
..\..\..\FrameXML\UI.xsd">
  <Script file="ArmoryInventoryFrame.lua"/>
  <Button name="ArmoryInventoryLabelTemplate" virtual="true">
    <Size>
      <AbsDimension x="285" y="16"/>
    </Size>
    <Scripts>
      <OnClick>
        if ( IsModifiedClick("CHATLINK") and self.link ) then
          HandleModifiedItemClick(self.link);
        end
        ArmoryInventoryFrameButton_OnClick(self);
      </OnClick>
    </Scripts>
    <NormalTexture name="$parentNormalTexture" file="Interface\Buttons\UI-MinusButton-UP">
      <Size>
        <AbsDimension x="16" y="16"/>
      </Size>
      <Anchors>
        <Anchor point="LEFT">
          <Offset>
            <AbsDimension x="3" y="0"/>
          </Offset>
        </Anchor>
      </Anchors>
    </NormalTexture>
    <HighlightTexture name="$parentHighlight" file="Interface\Buttons\UI-PlusButton-Hilight" alphaMode="ADD">
      <Size>
        <AbsDimension x="16" y="16"/>
      </Size>
      <Anchors>
        <Anchor point="LEFT">
          <Offset>
            <AbsDimension x="3" y="0"/>
          </Offset>
        </Anchor>
      </Anchors>
    </HighlightTexture>
    <DisabledTexture name="$parentDisabled" file="Interface\FriendsFrame\UI-FriendsFrame-HighlightBar">
      <Size>
        <AbsDimension x="295" y="12"/>
      </Size>
      <Anchors>
        <Anchor point="LEFT"/>
      </Anchors>
    </DisabledTexture>
    <ButtonText name="$parentText">
      <Size>
        <AbsDimension x="0" y="13"/>
      </Size>
      <Anchors>
        <Anchor point="LEFT" relativeTo="$parentHighlight" relativePoint="RIGHT">
          <Offset>
            <AbsDimension x="2" y="1"/>
          </Offset>
        </Anchor>
      </Anchors>
    </ButtonText>
    <NormalFont style="GameFontNormalLeft" />
    <HighlightFont style="GameFontHighlightLeft" />
    <DisabledFont style="GameFontHighlightSmallOutline" />
  </Button>
  <Button name="ArmoryInventoryMoneyFrameButtonTemplate" virtual="true">
    <Scripts>
      <OnEnter>
        ArmoryInventoryMoneyFrame_OnEnter(self:GetParent());
      </OnEnter>
      <OnLeave>
        ArmoryInventoryMoneyFrame_OnLeave(self:GetParent());
      </OnLeave>
    </Scripts>
  </Button>
  <Frame name="ArmoryInventoryFrame" movable="true" parent="ArmoryFrame" enableMouse="true" hidden="true">
    <Size>
      <AbsDimension x="384" y="512"/>
    </Size>
    <Anchors>
      <Anchor point="TOPLEFT" relativeTo="ArmoryFrame" relativePoint="TOPRIGHT">
        <Offset>
          <AbsDimension x="32" y="11"/>
        </Offset>
      </Anchor>
    </Anchors>
    <HitRectInsets>
      <AbsInset left="0" right="34" top="0" bottom="75"/>
    </HitRectInsets>
    <Layers>
      <Layer level="BACKGROUND">
        <Texture name="ArmoryInventoryFramePortrait">
          <Size>
            <AbsDimension x="60" y="60"/>
          </Size>
          <Anchors>
            <Anchor point="TOPLEFT">
              <Offset>
                <AbsDimension x="7" y="-6"/>
              </Offset>
            </Anchor>
          </Anchors>
        </Texture>
      </Layer>
      <Layer level="BORDER">
        <Texture file="Interface\ClassTrainerFrame\UI-ClassTrainer-TopLeft">
          <Size>
            <AbsDimension x="256" y="256"/>
          </Size>
          <Anchors>
            <Anchor point="TOPLEFT"/>
          </Anchors>
        </Texture>
        <Texture file="Interface\ClassTrainerFrame\UI-ClassTrainer-TopRight">
          <Size>
            <AbsDimension x="128" y="256"/>
          </Size>
          <Anchors>
            <Anchor point="TOPRIGHT"/>
          </Anchors>
        </Texture>
        <Texture file="Interface\PaperDollInfoFrame\UI-Character-General-BottomLeft">
          <Size>
            <AbsDimension x="256" y="256"/>
          </Size>
          <Anchors>
            <Anchor point="BOTTOMLEFT"/>
          </Anchors>
        </Texture>
        <Texture file="Interface\PaperDollInfoFrame\UI-Character-General-BottomRight">
          <Size>
            <AbsDimension x="128" y="256"/>
          </Size>
          <Anchors>
            <Anchor point="BOTTOMRIGHT"/>
          </Anchors>
        </Texture>
        <FontString name="ArmoryInventoryFrameTitleText" inherits="GameFontNormal" text="INVENTORY_TOOLTIP">
          <Anchors>
            <Anchor point="TOP" relativeTo="ArmoryInventoryFrame" relativePoint="TOP">
              <Offset>
                <AbsDimension x="0" y="-17"/>
              </Offset>
            </Anchor>
          </Anchors>
        </FontString>
      </Layer>
    </Layers>
    <Frames>
      <Frame name="ArmoryInventoryMoneyBackgroundFrame">
        <Size>
          <AbsDimension x="128" y="20"/>
        </Size>
        <Anchors>
          <Anchor point="TOPLEFT" relativeTo="ArmoryInventoryFrame">
            <Offset>
              <AbsDimension x="75" y="-45"/>
            </Offset>
          </Anchor>
        </Anchors>
        <Layers>
          <Layer level="BACKGROUND">
            <Texture name="ArmoryInventoryMoneyFrameTopRight" file="Interface\Common\Common-Input-Border">
              <Size>
                <AbsDimension x="8" y="8"/>
              </Size>
              <Anchors>
                <Anchor point="TOPRIGHT"/>
              </Anchors>
              <TexCoords left="0.9375" right="1.0" top="0" bottom="0.25"/>
            </Texture>
            <Texture name="ArmoryInventoryMoneyFrameBottomRight" file="Interface\Common\Common-Input-Border">
              <Size>
                <AbsDimension x="8" y="8"/>
              </Size>
              <Anchors>
                <Anchor point="BOTTOMRIGHT"/>
              </Anchors>
              <TexCoords left="0.9375" right="1.0" top="0.375" bottom="0.625"/>
            </Texture>
            <Texture name="ArmoryInventoryMoneyFrameRight" file="Interface\Common\Common-Input-Border">
              <Size>
                <AbsDimension x="8" y="0"/>
              </Size>
              <Anchors>
                <Anchor point="TOP" relativeTo="ArmoryInventoryMoneyFrameTopRight" relativePoint="BOTTOM"/>
                <Anchor point="BOTTOM" relativeTo="ArmoryInventoryMoneyFrameBottomRight" relativePoint="TOP"/>
              </Anchors>
              <TexCoords left="0.9375" right="1.0" top="0.25" bottom="0.375"/>
            </Texture>
            <Texture name="ArmoryInventoryMoneyFrameTopLeft" file="Interface\Common\Common-Input-Border">
              <Size>
                <AbsDimension x="8" y="8"/>
              </Size>
              <Anchors>
                <Anchor point="TOPLEFT"/>
              </Anchors>
              <TexCoords left="0" right="0.0625" top="0" bottom="0.25"/>
            </Texture>
            <Texture name="ArmoryInventoryMoneyFrameBottomLeft" file="Interface\Common\Common-Input-Border">
              <Size>
                <AbsDimension x="8" y="8"/>
              </Size>
              <Anchors>
                <Anchor point="BOTTOMLEFT"/>
              </Anchors>
              <TexCoords left="0" right="0.0625" top="0.375" bottom="0.625"/>
            </Texture>
            <Texture name="ArmoryInventoryMoneyFrameLeft" file="Interface\Common\Common-Input-Border">
              <Size>
                <AbsDimension x="8" y="0"/>
              </Size>
              <Anchors>
                <Anchor point="TOPLEFT" relativeTo="ArmoryInventoryMoneyFrameTopLeft" relativePoint="BOTTOMLEFT"/>
                <Anchor point="BOTTOMLEFT" relativeTo="ArmoryInventoryMoneyFrameBottomLeft" relativePoint="TOPLEFT"/>
              </Anchors>
              <TexCoords left="0" right="0.0625" top="0.25" bottom="0.375"/>
            </Texture>
            <Texture name="ArmoryInventoryMoneyFrameTopMiddle" file="Interface\Common\Common-Input-Border">
              <Size>
                <AbsDimension x="100" y="8"/>
              </Size>
              <Anchors>
                <Anchor point="RIGHT" relativeTo="ArmoryInventoryMoneyFrameTopRight" relativePoint="LEFT"/>
                <Anchor point="LEFT" relativeTo="ArmoryInventoryMoneyFrameTopLeft" relativePoint="RIGHT"/>
              </Anchors>
              <TexCoords left="0.0625" right="0.9375" top="0" bottom="0.25"/>
            </Texture>
            <Texture name="ArmoryInventoryMoneyFrameMiddleMiddle" file="Interface\Common\Common-Input-Border">
              <Size>
                <AbsDimension x="100" y="4"/>
              </Size>
              <Anchors>
                <Anchor point="TOPLEFT" relativeTo="ArmoryInventoryMoneyFrameTopLeft" relativePoint="BOTTOMRIGHT"/>
                <Anchor point="BOTTOMRIGHT" relativeTo="ArmoryInventoryMoneyFrameBottomRight" relativePoint="TOPLEFT"/>
              </Anchors>
              <TexCoords left="0.0625" right="0.9375" top="0.25" bottom="0.375"/>
            </Texture>
            <Texture name="ArmoryInventoryMoneyFrameBottomMiddle" file="Interface\Common\Common-Input-Border">
              <Size>
                <AbsDimension x="100" y="8"/>
              </Size>
              <Anchors>
                <Anchor point="RIGHT" relativeTo="ArmoryInventoryMoneyFrameBottomRight" relativePoint="LEFT"/>
                <Anchor point="LEFT" relativeTo="ArmoryInventoryMoneyFrameBottomLeft" relativePoint="RIGHT"/>
              </Anchors>
              <TexCoords left="0.0625" right="0.9375" top="0.375" bottom="0.625"/>
            </Texture>
          </Layer>
        </Layers>
        <Frames>
          <Frame name="ArmoryInventoryMoneyFrame">
            <Size>
              <AbsDimension x="128" y="13"/>
            </Size>
            <Anchors>
              <Anchor point="RIGHT">
                <Offset x="9" y="0"/>
              </Anchor>
            </Anchors>
            <Frames>
              <Button name="$parentCopperButton" inherits="ArmoryInventoryMoneyFrameButtonTemplate">
                <Size>
                  <AbsDimension x="32" y="13"/>
                </Size>
                <Anchors>
                  <Anchor point="RIGHT">
                    <Offset>
                      <AbsDimension x="-13" y="0"/>
                    </Offset>
                  </Anchor>
                </Anchors>
                <NormalTexture file="Interface\MoneyFrame\UI-MoneyIcons">
                  <Size>
                    <AbsDimension x="13" y="13"/>
                  </Size>
                  <Anchors>
                    <Anchor point="RIGHT"/>
                  </Anchors>
                  <TexCoords left="0.5" right="0.75" top="0" bottom="1"/>
                </NormalTexture>
                <ButtonText name="$parentText">
                  <Anchors>
                    <Anchor point="RIGHT">
                      <Offset>
                        <AbsDimension x="-13" y="0"/>
                      </Offset>
                    </Anchor>
                  </Anchors>
                </ButtonText>
                <NormalFont style="NumberFontNormalRight"/>
                <PushedTextOffset>
                  <AbsDimension x="0" y="0"/>
                </PushedTextOffset>
              </Button>
              <Button name="$parentSilverButton" inherits="ArmoryInventoryMoneyFrameButtonTemplate">
                <Size>
                  <AbsDimension x="32" y="13"/>
                </Size>
                <Anchors>
                  <Anchor point="RIGHT" relativeTo="$parentCopperButton" relativePoint="LEFT">
                    <Offset>
                      <AbsDimension x="-4" y="0"/>
                    </Offset>
                  </Anchor>
                </Anchors>
                <NormalTexture file="Interface\MoneyFrame\UI-MoneyIcons">
                  <Size>
                    <AbsDimension x="13" y="13"/>
                  </Size>
                  <Anchors>
                    <Anchor point="RIGHT"/>
                  </Anchors>
                  <TexCoords left="0.25" right="0.5" top="0" bottom="1"/>
                </NormalTexture>
                <ButtonText name="$parentText">
                  <Anchors>
                    <Anchor point="RIGHT">
                      <Offset>
                        <AbsDimension x="-13" y="0"/>
                      </Offset>
                    </Anchor>
                  </Anchors>
                </ButtonText>
                <NormalFont style="NumberFontNormalRight"/>
                <PushedTextOffset>
                  <AbsDimension x="0" y="0"/>
                </PushedTextOffset>
              </Button>
              <Button name="$parentGoldButton" inherits="ArmoryInventoryMoneyFrameButtonTemplate">
                <Size>
                  <AbsDimension x="32" y="13"/>
                </Size>
                <Anchors>
                  <Anchor point="RIGHT" relativeTo="$parentSilverButton" relativePoint="LEFT">
                    <Offset>
                      <AbsDimension x="-4" y="0"/>
                    </Offset>
                  </Anchor>
                </Anchors>
                <NormalTexture file="Interface\MoneyFrame\UI-MoneyIcons">
                  <Size>
                    <AbsDimension x="13" y="13"/>
                  </Size>
                  <Anchors>
                    <Anchor point="RIGHT"/>
                  </Anchors>
                  <TexCoords left="0" right="0.25" top="0" bottom="1"/>
                </NormalTexture>
                <ButtonText name="$parentText">
                  <Anchors>
                    <Anchor point="RIGHT">
                      <Offset>
                        <AbsDimension x="-13" y="0"/>
                      </Offset>
                    </Anchor>
                  </Anchors>
                </ButtonText>
                <NormalFont style="NumberFontNormalRight"/>
                <PushedTextOffset>
                  <AbsDimension x="0" y="0"/>
                </PushedTextOffset>
              </Button>
            </Frames>
            <Scripts>
              <OnLoad>
                SmallMoneyFrame_OnLoad(self);
                MoneyFrame_SetType(self, "AUCTION");
                MoneyFrame_SetMaxDisplayWidth(self, self:GetWidth());
              </OnLoad>
              <OnEnter>
                ArmoryInventoryMoneyFrame_OnEnter(self);
              </OnEnter>
              <OnLeave>
                ArmoryInventoryMoneyFrame_OnLeave(self);
              </OnLeave>
              <OnShow>
                ArmoryInventoryMoneyFrame_OnShow(self);
              </OnShow>
            </Scripts>
          </Frame>
        </Frames>
      </Frame>
      <EditBox name="ArmoryInventoryFrameEditBox" autoFocus="false">
        <Size>
          <AbsDimension x="128" y="20"/>
        </Size>
        <Anchors>
          <Anchor point="TOPRIGHT">
            <Offset x="-45" y="-45"/>
          </Anchor>
        </Anchors>
        <Layers>
          <Layer level="BACKGROUND">
            <Texture name="$parentLeft" file="Interface\Common\Common-Input-Border">
              <Size>
                <AbsDimension x="8" y="20"/>
              </Size>
              <Anchors>
                <Anchor point="TOPLEFT">
                  <Offset x="-5" y="0"/>
                </Anchor>
              </Anchors>
              <TexCoords left="0" right="0.0625" top="0" bottom="0.625"/>
            </Texture>
            <Texture name="$parentRight" file="Interface\Common\Common-Input-Border">
              <Size>
                <AbsDimension x="8" y="20"/>
              </Size>
              <Anchors>
                <Anchor point="RIGHT">
                  <Offset x="0" y="0"/>
                </Anchor>
              </Anchors>
              <TexCoords left="0.9375" right="1.0" top="0" bottom="0.625"/>
            </Texture>
            <Texture name="$parentMiddle" file="Interface\Common\Common-Input-Border">
              <Size>
                <AbsDimension x="0" y="20"/>
              </Size>
              <Anchors>
                <Anchor point="LEFT" relativeTo="$parentLeft" relativePoint="RIGHT"/>
                <Anchor point="RIGHT" relativeTo="$parentRight" relativePoint="LEFT"/>
              </Anchors>
              <TexCoords left="0.0625" right="0.9375" top="0" bottom="0.625"/>
            </Texture>
          </Layer>
        </Layers>
        <Scripts>
          <OnEnterPressed>
            self:ClearFocus();
          </OnEnterPressed>
          <OnEscapePressed>
            self:ClearFocus();
          </OnEscapePressed>
          <OnTextChanged>
            ArmoryInventoryFilter_OnTextChanged(self);
          </OnTextChanged>
          <OnEditFocusLost>
            self:HighlightText(0, 0);
            if ( self:GetText() == "" ) then
              self:SetText(SEARCH);
            end
          </OnEditFocusLost>
          <OnEditFocusGained>
            self:HighlightText();
            if ( self:GetText() == SEARCH ) then
              self:SetText("");
            end
          </OnEditFocusGained>
          <OnEnter>
            Armory:AddEnhancedTip(self, SEARCH, 1.0, 1.0, 1.0, string.format(ARMORY_INVENTORY_SEARCH_TEXT_TOOLTIP,
              ITEM_QUALITY0_DESC, ITEM_QUALITY1_DESC, ITEM_QUALITY2_DESC, ITEM_QUALITY3_DESC, ITEM_QUALITY4_DESC, ITEM_QUALITY5_DESC, ITEM_QUALITY6_DESC, ITEM_QUALITY7_DESC), 1);
          </OnEnter>
          <OnLeave>
            GameTooltip:Hide();
          </OnLeave>
        </Scripts>
        <FontString inherits="ChatFontSmall"/>
      </EditBox>
      <Frame name="ArmoryInventoryFilterDropDown" inherits="ArmoryFilterDropDownTemplate">
        <Anchors>
          <Anchor point="TOPLEFT" relativeTo="ArmoryInventoryFrameEditBox" relativePoint="BOTTOMLEFT">
            <Offset>
              <AbsDimension x="-21" y="0"/>
            </Offset>
          </Anchor>
        </Anchors>
        <Scripts>
          <OnLoad>
            ArmoryInventoryFilterDropDown_OnLoad(self);
          </OnLoad>
          <OnShow>
            ArmoryInventoryFilterDropDown_OnShow(self);
          </OnShow>
        </Scripts>
      </Frame>
      <Frame name="ArmoryInventoryExpandButtonFrame">
        <Size>
          <AbsDimension x="54" y="32"/>
        </Size>
        <Anchors>
          <Anchor point="TOPLEFT">
            <Offset>
              <AbsDimension x="15" y="-71"/>
            </Offset>
          </Anchor>
        </Anchors>
        <Layers>
          <Layer level="BACKGROUND">
            <Texture name="ArmoryInventoryExpandTabLeft" file="Interface\ClassTrainerFrame\UI-ClassTrainer-ExpandTab-Left">
              <Size>
                <AbsDimension x="8" y="32"/>
              </Size>
              <Anchors>
                <Anchor point="TOPLEFT"/>
              </Anchors>
            </Texture>
            <Texture name="ArmoryInventoryExpandTabMiddle" file="Interface\QuestFrame\UI-QuestLogSortTab-Middle">
              <Size>
                <AbsDimension x="38" y="32"/>
              </Size>
              <Anchors>
                <Anchor point="LEFT" relativeTo="ArmoryInventoryExpandTabLeft" relativePoint="RIGHT">
                  <Offset>
                    <AbsDimension x="0" y="6"/>
                  </Offset>
                </Anchor>
              </Anchors>
            </Texture>
            <Texture name="ArmoryInventoryExpandTabRight" file="Interface\QuestFrame\UI-QuestLogSortTab-Right">
              <Size>
                <AbsDimension x="8" y="32"/>
              </Size>
              <Anchors>
                <Anchor point="LEFT" relativeTo="ArmoryInventoryExpandTabMiddle" relativePoint="RIGHT"/>
              </Anchors>
            </Texture>
          </Layer>
        </Layers>
        <Frames>
          <Button name="ArmoryInventoryCollapseAllButton" hidden="false" inherits="ArmoryInventoryLabelTemplate" id="9999">
            <Size>
              <AbsDimension x="40" y="22"/>
            </Size>
            <Anchors>
              <Anchor point="LEFT" relativeTo="ArmoryInventoryExpandTabLeft" relativePoint="RIGHT">
                <Offset>
                  <AbsDimension x="0" y="3"/>
                </Offset>
              </Anchor>
            </Anchors>
            <Scripts>
              <OnLoad>
                self:SetText(ALL);
              </OnLoad>
            </Scripts>
            <DisabledTexture file="Interface\Buttons\UI-PlusButton-Disabled">
              <Size>
                <AbsDimension x="16" y="16"/>
              </Size>
              <Anchors>
                <Anchor point="LEFT">
                  <Offset>
                    <AbsDimension x="3" y="0"/>
                  </Offset>
                </Anchor>
              </Anchors>
            </DisabledTexture>
            <DisabledFont style="GameFontDisableLeft" />
          </Button>
        </Frames>
      </Frame>
      <Button name="ArmoryInventoryFrameCloseButton" inherits="UIPanelCloseButton">
        <Anchors>
          <Anchor point="TOPRIGHT" relativeTo="ArmoryInventoryFrame" relativePoint="TOPRIGHT">
            <Offset>
              <AbsDimension x="-30" y="-8"/>
            </Offset>
          </Anchor>
        </Anchors>
      </Button>
      <Button name="ArmoryInventoryFrameTab1" inherits="CharacterFrameTabButtonTemplate" id="1" text="ARMORY_INVENTORY_ICONVIEW">
        <Anchors>
          <Anchor point="BOTTOMLEFT">
            <Offset x="19" y="45"/>
          </Anchor>
        </Anchors>
        <Scripts>
          <OnClick>
            ArmoryInventoryFrameTab_OnClick(self);
          </OnClick>
          <OnEnter>
            GameTooltip:SetOwner(self, "ANCHOR_RIGHT");
            GameTooltip:SetText(ARMORY_INVENTORY_ICONVIEW_TOOLTIP, 1.0,1.0,1.0);
          </OnEnter>
          <OnLeave>
            GameTooltip:Hide();
          </OnLeave>
        </Scripts>
      </Button>
      <Button name="ArmoryInventoryFrameTab2" inherits="CharacterFrameTabButtonTemplate" id="2" text="ARMORY_INVENTORY_LISTVIEW">
        <Anchors>
          <Anchor point="LEFT" relativeTo="ArmoryInventoryFrameTab1" relativePoint="RIGHT">
            <Offset>
              <AbsDimension x="-16" y="0"/>
            </Offset>
          </Anchor>
        </Anchors>
        <Scripts>
          <OnClick>
            ArmoryInventoryFrameTab_OnClick(self);
          </OnClick>
          <OnEnter>
            GameTooltip:SetOwner(self, "ANCHOR_RIGHT");
            GameTooltip:SetText(ARMORY_INVENTORY_LISTVIEW_TOOLTIP, 1.0,1.0,1.0);
          </OnEnter>
          <OnLeave>
            GameTooltip:Hide();
          </OnLeave>
        </Scripts>
      </Button>
    </Frames>
    <Scripts>
      <OnLoad>
        ArmoryInventoryFrame_OnLoad(self);
      </OnLoad>
      <OnEvent>
        ArmoryInventoryFrame_OnEvent(self, event, ...);
      </OnEvent>
      <OnShow>
        PlaySound("igBackPackOpen");
        ArmoryInventoryFrame_OnShow(self);
      </OnShow>
      <OnHide>
        PlaySound("igBackPackClose");
      </OnHide>
      <OnMouseWheel>
        return;
      </OnMouseWheel>
    </Scripts>
  </Frame>
</Ui>

