<!-- Revision: 592 2013-05-21T13:24:07Z -->
<Ui xmlns="http://www.blizzard.com/wow/ui/" xmlns:xsi="http://www.w3.org/2001/XMLSchema-instance" xsi:schemaLocation="http://www.blizzard.com/wow/ui/
..\..\..\FrameXML\UI.xsd">
  <Script file="ArmoryRaidInfoFrame.lua"/>
  <Button name="ArmoryRaidInfoInstanceTemplate" virtual="true">
    <Size>
      <AbsDimension x="300" y="30"/>
    </Size>
    <Layers>
      <Layer level="BACKGROUND">
        <FontString name="$parentName" inherits="GameFontNormal" justifyH="LEFT" parentKey="name">
          <Size>
            <AbsDimension x="150" y="1"/>
          </Size>
          <Anchors>
            <Anchor point="TOPLEFT">
              <Offset>
                <AbsDimension x="5" y="-10"/>
              </Offset>
            </Anchor>
          </Anchors>
        </FontString>
        <FontString name="$parentDifficulty" inherits="GameFontHighlightSmall" justifyH="LEFT" parentKey="difficulty">
          <Size>
            <AbsDimension x="160" y="1"/>
          </Size>
          <Anchors>
            <Anchor point="TOPLEFT" relativeTo="$parentName" relativePoint="BOTTOMLEFT">
              <Offset>
                <AbsDimension x="10" y="-10"/>
              </Offset>
            </Anchor>
            <Anchor point="TOPRIGHT" relativeTo="$parentName" relativePoint="BOTTOMRIGHT">
              <Offset>
                <AbsDimension x="0" y="-10"/>
              </Offset>
            </Anchor>
          </Anchors>
        </FontString>
        <FontString name="$parentReset" inherits="GameFontHighlightSmall" justifyH="RIGHT" parentKey="reset">
          <Size>
            <AbsDimension x="150" y="1"/>
          </Size>
          <Anchors>
            <Anchor point="TOPRIGHT">
              <Offset>
                <AbsDimension x="0" y="-11"/>
              </Offset>
            </Anchor>
          </Anchors>
        </FontString>
        <FontString name="$parentExtended" inherits="GameFontHighlightSmall" text="EXTENDED" justifyH="RIGHT" parentKey="extended">
          <Size>
            <AbsDimension x="150" y="1"/>
          </Size>
          <Anchors>
            <Anchor point="TOPLEFT" relativeTo="$parentReset" relativePoint="BOTTOMLEFT">
              <Offset>
                <AbsDimension x="0" y="-10"/>
              </Offset>
            </Anchor>
            <Anchor point="TOPRIGHT" relativeTo="$parentReset" relativePoint="BOTTOMRIGHT">
              <Offset>
                <AbsDimension x="0" y="-10"/>
              </Offset>
            </Anchor>
          </Anchors>
        </FontString>
      </Layer>
    </Layers>
    <Scripts>
      <OnEnter>
        ArmoryRaidInfoInstance_OnEnter(self);
      </OnEnter>
      <OnLeave>
        GameTooltip:Hide();
      </OnLeave>
    </Scripts>
    <NormalTexture/>
    <HighlightTexture file="Interface\QuestFrame\UI-QuestTitleHighlight" alphaMode="ADD">
      <Anchors>
        <Anchor point="TOPLEFT">
          <Offset>
            <AbsDimension x="-10" y="-2"/>
          </Offset>
        </Anchor>
        <Anchor point="BOTTOMRIGHT">
          <Offset>
            <AbsDimension x="10" y="-2"/>
          </Offset>
        </Anchor>
      </Anchors>
    </HighlightTexture>
  </Button>
  <Frame name="ArmoryRaidInfoFrame" enableMouse="true" movable="true" parent="ArmoryOtherFrame" useParentLevel="true" hidden="true" id="3">
    <Size>
      <AbsDimension x="345" y="372"/>
    </Size>
    <Anchors>
      <Anchor point="TOPLEFT">
        <Offset>
          <AbsDimension x="12" y="-68"/>
        </Offset>
      </Anchor>
    </Anchors>
    <Frames>
      <ScrollFrame name="ArmoryRaidInfoScrollFrame" inherits="HybridScrollFrameTemplate">
        <Size>
          <AbsDimension x="305" y="348"/>
        </Size>
        <Anchors>
          <Anchor point="TOPLEFT">
            <Offset x="16" y="-12"/>
          </Anchor>
        </Anchors>
        <Frames>
          <Slider name="$parentScrollBar" inherits="HybridScrollBarTemplate" parentKey="scrollBar">
            <Anchors>
              <Anchor point="TOPLEFT" relativePoint="TOPRIGHT">
                <Offset x="0" y="-13"/>
              </Anchor>
              <Anchor point="BOTTOMLEFT" relativePoint="BOTTOMRIGHT">
                <Offset x="0" y="14"/>
              </Anchor>
            </Anchors>
            <Scripts>
              <OnShow>
                local parent = self:GetParent();
                parent:SetWidth(295);
                for _, frame in pairs(parent.buttons) do
                  frame:SetWidth(275);
                  frame.name:SetWidth(120);
                end
              </OnShow>
              <OnHide>
                local parent = self:GetParent();
                parent:SetWidth(310);
                for _, frame in pairs(parent.buttons) do
                  frame:SetWidth(305);
                  frame.name:SetWidth(150);
                end
              </OnHide>
            </Scripts>
          </Slider>
        </Frames>
        <Scripts>
          <OnLoad>
            ArmoryRaidInfoScrollFrame_OnLoad(self);
          </OnLoad>
        </Scripts>
      </ScrollFrame>
    </Frames>
    <Scripts>
      <OnLoad>
        ArmoryRaidInfoFrame_OnLoad(self);
      </OnLoad>
      <OnEvent>
        ArmoryRaidInfoFrame_OnEvent(self, event, ...);
      </OnEvent>
      <OnShow>
        ArmoryRaidInfoFrame_OnShow(self);
      </OnShow>
      <OnMouseUp>
        ArmoryFrame_OnMouseUp(self, button);
      </OnMouseUp>
      <OnMouseDown>
        ArmoryFrame_OnMouseDown(self, button);
      </OnMouseDown>
    </Scripts>
  </Frame>
</Ui>