<!-- Revision: 572 2013-01-04T15:34:54Z -->
<Ui xmlns="http://www.blizzard.com/wow/ui/" xmlns:xsi="http://www.w3.org/2001/XMLSchema-instance" xsi:schemaLocation="http://www.blizzard.com/wow/ui/
..\..\..\FrameXML\UI.xsd">
  <Script file="ArmoryStaticPopup.lua"/>
  
  <Button name="ArmoryStaticPopupButtonTemplate" virtual="true">
    <Size x="128" y="21"/>
    <Scripts>
      <OnClick>
        ArmoryStaticPopup_OnClick(self:GetParent(), self:GetID());
      </OnClick>
    </Scripts>
    <ButtonText name="$parentText">
      <Anchors>
        <Anchor point="CENTER" x="0" y="1"/>
      </Anchors>
    </ButtonText>
    <NormalTexture file="Interface\Buttons\UI-DialogBox-Button-Up">
      <TexCoords left="0.0" right="1.0" top="0.0" bottom="0.71875"/>
    </NormalTexture>
    <PushedTexture file="Interface\Buttons\UI-DialogBox-Button-Down">
      <TexCoords left="0.0" right="1.0" top="0.0" bottom="0.71875"/>
    </PushedTexture>
    <DisabledTexture file="Interface\Buttons\UI-DialogBox-Button-Disabled">
      <TexCoords left="0.0" right="1.0" top="0.0" bottom="0.71875"/>
    </DisabledTexture>
    <HighlightTexture file="Interface\Buttons\UI-DialogBox-Button-Highlight" alphaMode="ADD">
      <TexCoords left="0.0" right="1.0" top="0.0" bottom="0.71875"/>
    </HighlightTexture>
    <NormalFont style="GameFontNormal"/>
    <DisabledFont style="GameFontDisable"/>
    <HighlightFont style="GameFontHighlight"/>
  </Button>
  
  <Frame name="ArmoryStaticPopup" toplevel="true" setAllPoints="true" parent="UIParent" enableMouse="true" frameStrata="DIALOG" hidden="true">
    <Size x="320" y="72"/>
    <Anchors>
      <Anchor point="TOP" relativeTo="UIParent" relativePoint="TOP" x="0" y="-135" />
    </Anchors>
    <Backdrop bgFile="Interface\DialogFrame\UI-DialogBox-Background" edgeFile="Interface\DialogFrame\UI-DialogBox-Border" tile="true">
      <BackgroundInsets left="11" right="12" top="12" bottom="11"/>
      <TileSize val="32"/>
      <EdgeSize val="32"/>
    </Backdrop>
    <Layers>
      <Layer level="ARTWORK">
        <FontString name="$parentText" parentKey="text" inherits="GameFontHighlight">
          <Size x="290" y="0"/>
          <Anchors>
            <Anchor point="TOP" x="0" y="-16"/>
          </Anchors>
        </FontString>
        <Texture name="$parentAlertIcon" parentKey="icon">
          <Size x="36" y="36"/>
          <Anchors>
            <Anchor point="LEFT" x="24" y="0"/>
          </Anchors>
        </Texture>
      </Layer>
    </Layers>
    <Frames>
      <Button name="$parentCloseButton" parentKey="closeButton" inherits="UIPanelCloseButton">
        <Anchors>
          <Anchor point="TOPRIGHT" x="-3" y="-3"/>
        </Anchors>
      </Button>
      <Button name="$parentButton1" inherits="ArmoryStaticPopupButtonTemplate" parentKey="button1" id="1"/>
      <Button name="$parentButton2" inherits="ArmoryStaticPopupButtonTemplate" parentKey="button2" id="2"/>
    </Frames>
    <Scripts>
      <OnEvent function="ArmoryStaticPopup_OnEvent" />
      <OnShow function="ArmoryStaticPopup_OnShow" />
      <OnHide function="ArmoryStaticPopup_OnHide" />
      <OnLoad function="ArmoryStaticPopup_OnLoad" />
    </Scripts>
  </Frame>
</Ui>