<!-- Revision: 564 2012-11-28T00:03:51Z -->
<Ui xmlns="http://www.blizzard.com/wow/ui/" xmlns:xsi="http://www.w3.org/2001/XMLSchema-instance" xsi:schemaLocation="http://www.blizzard.com/wow/ui/
..\..\..\FrameXML\UI.xsd">
  <Script file="ArmoryTalentFrame.lua"/>

  <CheckButton name="ArmoryPlayerSpecTabTemplate" virtual="true" hidden="true">
    <Size x="24" y="24"/>
    <Scripts>
      <OnClick>
        ArmoryPlayerSpecTab_OnClick(self, button, down);
      </OnClick>
      <OnEnter>
        ArmoryPlayerSpecTab_OnEnter(self, motion);
      </OnEnter>
      <OnLeave>
        GameTooltip:Hide();
      </OnLeave>
    </Scripts>
    <NormalTexture/>
    <HighlightTexture file="Interface\Buttons\ButtonHilight-Square" alphaMode="ADD"/>
    <CheckedTexture file="Interface\Buttons\CheckButtonHilight" alphaMode="ADD"/>
  </CheckButton>

  <!-- Talent button template, taken from PlayerTalentButtonTemplate in Blizzard_TalentUI.xml -->
  <Button name="ArmoryTalentButtonTemplate" virtual="true">
    <Size x="64" y="64"/>
    <Layers>
      <Layer level="BACKGROUND">
        <Texture name="$parentIconTexture" parentKey="icon">
          <Size x="30" y="30"/>
          <Anchors>
            <Anchor point="CENTER" x="-1" y="2"/>
          </Anchors>
        </Texture>
      </Layer>
      <Layer level="ARTWORK" textureSubLevel="1">
        <Texture name="$parentSlot" inherits="Talent-SingleBorder" parentKey="Slot">
          <Size x="31" y="30"/>
          <Anchors>
            <Anchor point="CENTER" x="-1" y="2"/>
          </Anchors>
        </Texture>
      </Layer>
      <Layer level="BORDER">
        <Texture name="$parentBorder" file="Interface\AchievementFrame\UI-Achievement-Progressive-IconBorder" parentKey="border">
          <Anchors>
            <Anchor point="TOPLEFT"/>
            <Anchor point="BOTTOMRIGHT"/>
          </Anchors>
          <TexCoords left="0" right="0.65625" top="0" bottom="0.65625"/>
        </Texture>
      </Layer>
    </Layers>
    <Scripts>
      <OnEnter>
        ArmoryTalentFrameTalent_OnEnter(self);
      </OnEnter>
      <OnLeave>
        GameTooltip_Hide();
      </OnLeave>
      <OnClick function="ArmoryTalentFrameTalent_OnClick" />
    </Scripts>
  </Button>

  <!-- Row of player talents, taken from PlayerTalentRowTemplate in Blizzard_TalentUI.xml -->
  <Frame name="ArmoryTalentRowTemplate" virtual="true">
    <Size x="627" y="50"/>
    <Frames>
      <Button name="$parentTalent1" inherits="ArmoryTalentButtonTemplate" parentKey="talent1">
        <Anchors>
          <Anchor point="LEFT" x="-10" y="0"/>
        </Anchors>
      </Button>
      <Button name="$parentTalent2" inherits="ArmoryTalentButtonTemplate" parentKey="talent2">
        <Anchors>
          <Anchor point="LEFT" x="40" y="0"/>
        </Anchors>
      </Button>
      <Button name="$parentTalent3" inherits="ArmoryTalentButtonTemplate" parentKey="talent3">
        <Anchors>
          <Anchor point="LEFT" x="90" y="0"/>
        </Anchors>
      </Button>
    </Frames>
  </Frame>

  <!-- Glyphy icons (major and minor), taken from GlyphTemplate in Blizzard_GlyphUI.xml, line 138 -->
  <Button name="ArmoryGlyphTemplate" virtual="true">
    <Size x="72" y="72"/>
    <Layers>
      <Layer level="BACKGROUND">
        <Texture name="$parentGlyph" parentKey="glyph">
          <Size x="57" y="57"/>
          <Anchors>
            <Anchor point="CENTER" x="0" y="0"/>
          </Anchors>
        </Texture>
      </Layer>
       <Layer level="OVERLAY">
        <Texture name="$parentRing" file="Interface\TalentFrame\glyph-main" parentKey="ring">
          <Anchors>
            <Anchor point="CENTER" x="0" y="0"/>
          </Anchors>
        </Texture>
      </Layer>
    </Layers>
    <Scripts>
      <OnLoad function="ArmoryGlyphFrameGlyph_OnLoad"/>
      <OnShow function="ArmoryGlyphFrameGlyph_UpdateSlot"/>
      <OnClick function="ArmoryGlyphFrameGlyph_OnClick"/>
      <OnEnter function="ArmoryGlyphFrameGlyph_OnEnter"/>
      <OnLeave function="ArmoryGlyphFrameGlyph_OnLeave"/>
    </Scripts>
  </Button>

  <Frame name="ArmoryTalentFrame" setAllPoints="true" useParentLevel="true" enableMouse="true" movable="true" parent="ArmoryFrame" hidden="true" id="3">
    <Layers>
      <!-- Blue background behind spec ring -->
      <Layer level="BACKGROUND" textureSubLevel="-1">
        <Texture file="Interface\Common\bluemenu-main" parentKey="bg">
          <Size x="325" y="70"/>
          <Anchors>
            <Anchor point="TOPLEFT" x="6" y="-64" />
          </Anchors>
          <TexCoords left="0.00390625" right="0.82421875" top="0.18554688" bottom="0.58984375"/>
        </Texture>
      </Layer>
      <!-- Gold border bar separating blue and black areas-->
      <Layer level="BORDER">
        <Texture file="Interface\TalentFrame\talent-horiz" horizTile="true">
          <Size x="0" y="11"/>
          <Anchors>
            <Anchor point="TOPLEFT"  x="7" y="-130"/>
            <Anchor point="TOPRIGHT" x="-9" y="-130"/>
          </Anchors>
          <TexCoords left="0.00000000" right="1.00000000" top="0.05468750" bottom="0.14062500"/>
        </Texture>
      </Layer>
      <Layer level="ARTWORK">
        <FontString inherits="GameFontNormal" parentKey="unspentText" text="Unpent">
          <Anchors>
            <Anchor point="TOPRIGHT" x="-80" y="-35"/>
          </Anchors>
        </FontString>
      </Layer>
    </Layers>
    <Frames>
      <!-- Specialization -->
      <Frame name="$parentSpecialization" parentKey="Spec">
        <Size x="300" y="100"/>
        <Anchors>
          <Anchor point="TOPLEFT" x="0" y="-45"/>
        </Anchors>
        <Layers>

          <Layer level="ARTWORK">
            <Texture name="$parentRing" file="Interface\TalentFrame\talent-main" parentKey="ring">
              <Size x="101" y="101"/>
              <Anchors>
                <Anchor point="TOPLEFT" x="5" y="-3"/>
              </Anchors>
              <TexCoords left="0.00390625" right="0.49218750" top="0.00195313" bottom="0.24609375"/>
            </Texture>
            <FontString name="$parentSpecName" inherits="BossEmoteNormalHuge" justifyH="BOTTOM" parentKey="specName">
              <Anchors>
                <Anchor point="BOTTOMLEFT" relativeTo="$parentRing" relativePoint="RIGHT" x="-3" y="1"/>
              </Anchors>
              <Color r="0.984375" g="0.828125" b="0"/>
            </FontString>
            <Texture name="$parentRoleIcon" file="Interface\LFGFrame\UI-LFG-ICON-ROLES"	parentKey="roleIcon">
              <Size x="20" y="20"/>
              <Anchors>
                <Anchor point="TOPLEFT" relativeTo="$parentRing" relativePoint="RIGHT" x="-5" y="-3" />
              </Anchors>
            </Texture>
            <FontString inherits="GameFontHighlightMedium" parentKey="roleName">
              <Anchors>
                <Anchor point="LEFT" relativeTo="$parentRoleIcon" relativePoint="RIGHT" x="3" y="1" />
              </Anchors>
              <Color r="0.48828125" g="0.50390625" b="0.515625"/>
            </FontString>
            <FontString name="$parentDescription" inherits="GameFontWhite" justifyH="LEFT" parentKey="description">
              <Size x="370" y="0"/>
              <Anchors>
                <Anchor point="TOPLEFT" relativeTo="$parentRing" relativePoint="BOTTOMLEFT" x="15" y="-8"/>
              </Anchors>
            </FontString>
          </Layer>
          <Layer level="BORDER" textureSubLevel="3">
            <Texture name="$parentSpecIcon" parentKey="specIcon">
              <Size x="70" y="70"/>
              <Anchors>
                <Anchor point="CENTER" relativeTo="$parentRing" x="-1" y="1" />
              </Anchors>
            </Texture>
          </Layer>
        </Layers>
        <Scripts>
          <OnShow function="ArmoryTalentFrameSpec_OnShow"/>
          <OnEnter function="ArmoryTalentFrameSpec_OnEnter"/>
          <OnLeave function="ArmoryTalentFrameSpec_OnLeave"/>
        </Scripts>
      </Frame>

      <!-- Talents -->
      <Frame name="$parentTalents" parentKey="Talents">
        <Size x="300" y="300"/>
        <Anchors>
          <Anchor point="TOPLEFT" x="12" y="0"/>
        </Anchors>
        <Frames>
          <Frame name="$parentTalentRow1" inherits="ArmoryTalentRowTemplate" parentKey="tier1" id="1">
            <Anchors>
              <Anchor point="TOPLEFT" x="5" y="-142"/>
            </Anchors>
          </Frame>
          <Frame name="$parentTalentRow2" inherits="ArmoryTalentRowTemplate" parentKey="tier2" id="2">
            <Anchors>
              <Anchor point="TOPLEFT" relativeTo="$parentTalentRow1" relativePoint="BOTTOMLEFT" x="0" y="4"/>
            </Anchors>
          </Frame>
          <Frame name="$parentTalentRow3" inherits="ArmoryTalentRowTemplate" parentKey="tier3" id="3">
            <Anchors>
              <Anchor point="TOPLEFT" relativeTo="$parentTalentRow2" relativePoint="BOTTOMLEFT" x="0" y="4"/>
            </Anchors>
          </Frame>
          <Frame name="$parentTalentRow4" inherits="ArmoryTalentRowTemplate" parentKey="tier4" id="4">
            <Anchors>
              <Anchor point="TOPLEFT" relativeTo="$parentTalentRow3" relativePoint="BOTTOMLEFT" x="0" y="4"/>
            </Anchors>
          </Frame>
          <Frame name="$parentTalentRow5" inherits="ArmoryTalentRowTemplate" parentKey="tier5" id="5">
            <Anchors>
              <Anchor point="TOPLEFT" relativeTo="$parentTalentRow4" relativePoint="BOTTOMLEFT" x="0" y="4"/>
            </Anchors>
          </Frame>
          <Frame name="$parentTalentRow6" inherits="ArmoryTalentRowTemplate" parentKey="tier6" id="6">
            <Anchors>
              <Anchor point="TOPLEFT" relativeTo="$parentTalentRow5" relativePoint="BOTTOMLEFT" x="0" y="4"/>
            </Anchors>
          </Frame>
        </Frames>
        <Scripts>
          <OnShow function="ArmoryTalentFrameTalents_OnShow"/>
        </Scripts>
      </Frame>

      <!-- Glyphs -->
      <Frame name="$parentGlyphs" parentKey="Glyphs">
        <Size x="300" y="300"/>
        <Anchors>
          <Anchor point="TOPLEFT" x="180" y="-150"/>
        </Anchors>
        <Frames>
          <!-- Minor Glyphs -->
          <Button name="$parentGlyph1" parentKey="Glyph1" inherits="ArmoryGlyphTemplate" id="1">
            <Anchors>
              <Anchor point="TOPLEFT" x="65" y="0"/>
            </Anchors>
          </Button>
          <Button name="$parentGlyph3" parentKey="Glyph3" inherits="ArmoryGlyphTemplate" id="3">
            <Anchors>
              <Anchor point="TOPLEFT" x="65" y="-90"/>
            </Anchors>
          </Button>
          <Button name="$parentGlyph5" parentKey="Glyph5" inherits="ArmoryGlyphTemplate" id="5">
            <Anchors>
              <Anchor point="TOPLEFT" x="65" y="-180"/>
            </Anchors>
          </Button>

          <!-- Major Glyphs -->
          <Button name="$parentGlyph2" parentKey="Glyph2" inherits="ArmoryGlyphTemplate" id="2">
            <Anchors>
              <Anchor point="TOPLEFT" x="0" y="0"/>
            </Anchors>
          </Button>
          <Button name="$parentGlyph4" parentKey="Glyph4" inherits="ArmoryGlyphTemplate" id="4">
            <Anchors>
              <Anchor point="TOPLEFT" x="0" y="-90"/>
            </Anchors>
          </Button>
          <Button name="$parentGlyph6" parentKey="Glyph6" inherits="ArmoryGlyphTemplate" id="6">
            <Anchors>
              <Anchor point="TOPLEFT" x="0" y="-180"/>
            </Anchors>
          </Button>
        </Frames>
      </Frame>

      <!-- Spec Tabs -->
      <CheckButton name="ArmoryPlayerSpecTab2" inherits="ArmoryPlayerSpecTabTemplate" id="2">
        <Anchors>
          <Anchor point="TOPRIGHT" relativePoint="TOPRIGHT">
            <Offset>
              <AbsDimension x="-15" y="-30"/>
            </Offset>
          </Anchor>
        </Anchors>
        <Scripts>
          <OnLoad>
            self.tooltip = SPECIALIZATION_SECONDARY;
          </OnLoad>
        </Scripts>
      </CheckButton>
      <CheckButton name="ArmoryPlayerSpecTab1" inherits="ArmoryPlayerSpecTabTemplate" id="1">
        <Anchors>
          <Anchor point="TOPRIGHT" relativeTo="ArmoryPlayerSpecTab2" relativePoint="TOPLEFT">
            <Offset>
              <AbsDimension x="-6" y="0"/>
            </Offset>
          </Anchor>
        </Anchors>
        <Scripts>
          <OnLoad>
            self.tooltip = SPECIALIZATION_PRIMARY;
          </OnLoad>
        </Scripts>
      </CheckButton>
    </Frames>
    <Scripts>
      <OnShow>
        ArmoryTalentFrame_OnShow(self);
      </OnShow>
      <OnLoad>
        ArmoryTalentFrame_OnLoad(self);
      </OnLoad>
      <OnEvent>
        ArmoryTalentFrame_OnEvent(self, event, ...);
      </OnEvent>
    </Scripts>
  </Frame>
</Ui>