<!-- Revision: 360 2010-11-01T00:04:22Z -->
<Ui xmlns="http://www.blizzard.com/wow/ui/" xmlns:xsi="http://www.w3.org/2001/XMLSchema-instance" xsi:schemaLocation="http://www.blizzard.com/wow/ui/
..\..\..\FrameXML\UI.xsd">
  <Script file="ArmoryPaperDollFrame.lua"/>
  <Font name="ArmoryFontHighlightExtraSmall" inherits="GameFontHighlightExtraSmall" virtual="true">
    <FontHeight>
      <AbsValue val="8"/>
    </FontHeight>
  </Font>
  <Button name="ArmoryPaperDollItemSlotButtonTemplate" inherits="ItemButtonTemplate" virtual="true">
    <Scripts>
      <OnClick>
        ArmoryPaperDollItemSlotButton_OnClick(self);
      </OnClick>
      <OnLoad>
        ArmoryPaperDollItemSlotButton_OnLoad(self);
      </OnLoad>
      <OnEnter>
        ArmoryPaperDollItemSlotButton_OnEnter(self)
      </OnEnter>
      <OnLeave>
        GameTooltip:Hide();
      </OnLeave>
    </Scripts>
  </Button>
  <Button name="ArmoryPaperDollItemSlotButtonLeftTemplate" inherits="ArmoryPaperDollItemSlotButtonTemplate" virtual="true">
    <Layers>
      <Layer level="BACKGROUND" textureSubLevel="-1">
        <Texture name="$parentFrame" inherits="Char-LeftSlot">
          <Anchors>
            <Anchor point="TOPLEFT" x="-4"/>
          </Anchors>
        </Texture>
      </Layer>
    </Layers>
  </Button>
  <Button name="ArmoryPaperDollItemSlotButtonRightTemplate" inherits="ArmoryPaperDollItemSlotButtonTemplate" virtual="true">
    <Layers>
      <Layer level="BACKGROUND" textureSubLevel="-1">
        <Texture name="$parentFrame" inherits="Char-RightSlot">
          <Anchors>
            <Anchor point="TOPRIGHT" x="4"/>
          </Anchors>
        </Texture>
      </Layer>
    </Layers>
  </Button>
  <Button name="ArmoryPaperDollItemSlotButtonBottomTemplate" inherits="ArmoryPaperDollItemSlotButtonTemplate" virtual="true">
    <Layers>
      <Layer level="BACKGROUND" textureSubLevel="-1">
        <Texture name="$parentFrame" inherits="Char-BottomSlot">
          <Anchors>
            <Anchor point="TOPLEFT" x="-4" y="8"/>
          </Anchors>
        </Texture>
      </Layer>
    </Layers>
  </Button>
  <Frame name="ArmoryPaperDollTradeSkillTemplate" virtual="true">
    <Size>
      <AbsDimension x="200" y="30"/>
    </Size>
    <Layers>
      <Layer level="BACKGROUND">
        <FontString name="$parentLabel" inherits="GameFontNormalSmall" justifyH="LEFT" text="skill">
          <Size>
            <AbsDimension x="140" y="16"/>
          </Size>
          <Anchors>
            <Anchor point="TOPLEFT">
              <Offset>
                <AbsDimension x="40" y="0"/>
              </Offset>
            </Anchor>
          </Anchors>
        </FontString>
      </Layer>
    </Layers>
    <Frames>
      <Button name="$parentButton">
        <Size>
          <AbsDimension x="15" y="15"/>
        </Size>
        <Anchors>
          <Anchor point="LEFT">
            <Offset>
              <AbsDimension x="10" y="0"/>
            </Offset>
          </Anchor>
        </Anchors>
        <Layers>
          <Layer level="ARTWORK">
            <Texture name="$parentIcon" setAllPoints="true"/>
          </Layer>
          <Layer level="OVERLAY">
            <Texture name="$parentBorder" file="Interface\Buttons\UI-Debuff-Overlays">
              <Size>
                <AbsDimension x="17" y="17"/>
              </Size>
              <Anchors>
                <Anchor point="CENTER">
                  <Offset>
                    <AbsDimension x="0" y="0"/>
                  </Offset>
                </Anchor>
              </Anchors>
              <TexCoords left="0" right="0.28125" top="0" bottom="0.5625" />
            </Texture>
          </Layer>
        </Layers>
      </Button>
      <StatusBar name="$parentBackgroundBar" drawLayer="BACKGROUND">
        <Size>
          <AbsDimension x="140" y="12"/>
        </Size>
        <Anchors>
          <Anchor point="TOPLEFT" relativeTo="$parentLabel" relativePoint="BOTTOMLEFT">
            <Offset>
              <AbsDimension x="0" y="0"/>
            </Offset>
          </Anchor>
        </Anchors>
        <BarTexture file="Interface\CharacterFrame\BarFill" />
      </StatusBar>
      <StatusBar name="$parentBar">
        <Size>
          <AbsDimension x="140" y="12"/>
        </Size>
        <Anchors>
          <Anchor point="TOPLEFT" relativeTo="$parentLabel" relativePoint="BOTTOMLEFT">
            <Offset>
              <AbsDimension x="0" y="0"/>
            </Offset>
          </Anchor>
        </Anchors>
        <Layers>
          <Layer level="OVERLAY">
            <FontString name="$parentText" inherits="GameFontHighlightSmall" text="100 / 100">
              <Size>
                <AbsDimension x="140" y="16"/>
              </Size>
              <Anchors>
                <Anchor point="CENTER">
                  <Offset>
                    <AbsDimension x="0" y="0"/>
                  </Offset>
                </Anchor>
              </Anchors>
            </FontString>
          </Layer>
        </Layers>
        <BarTexture file="Interface\TargetingFrame\UI-StatusBar"/>
        <BarColor r="0" g="0" b="1.0"/>
      </StatusBar>
    </Frames>
  </Frame>
  <Frame name="ArmoryStatTemplate" virtual="true">
    <Size>
      <AbsDimension x="215" y="12"/>
    </Size>
    <Layers>
      <Layer level="BACKGROUND">
        <FontString name="$parentLabel" inherits="GameFontNormalSmall"  parentKey="Label">
          <Anchors>
            <Anchor point="LEFT"/>
          </Anchors>
        </FontString>
        <FontString name="$parentStatText" inherits="GameFontHighlightSmall" justifyH="RIGHT" parentKey="Value">
          <Anchors>
            <Anchor point="RIGHT"/>
          </Anchors>
        </FontString>
      </Layer>
    </Layers>
    <Scripts>
      <OnUpdate>
        if ( GameTooltip:IsOwned(self) ) then
          PaperDollStatTooltip(self, "player");
        end
      </OnUpdate>
      <OnEnter>
        PaperDollStatTooltip(self, "player");
      </OnEnter>
      <OnLeave>
        GameTooltip:Hide();
      </OnLeave>
    </Scripts>
  </Frame>
  <Frame name="ArmorySocketFrameTemplate" virtual="true">
    <Size>
      <AbsDimension x="32" y="30"/>
    </Size>
    <Layers>
      <Layer level="BACKGROUND">
        <FontString name="$parentText" inherits="GameFontHighlightSmall" text="X" parentKey="Value">
          <Anchors>
            <Anchor point="BOTTOM">
              <Offset>
                <AbsDimension x="0" y="5"/>
              </Offset>
            </Anchor>
          </Anchors>
        </FontString>
      </Layer>
    </Layers>
    <Scripts>
      <OnEnter>
        ArmoryPaperDollSocketTooltip(self);
      </OnEnter>
      <OnLeave>
        GameTooltip:Hide();
      </OnLeave>
    </Scripts>
  </Frame>
  <CheckButton name="ArmoryGearSetButtonTemplate" inherits="PopupButtonTemplate" virtual="true">
    <Scripts>
      <OnClick>
        ArmoryGearSetButton_OnClick(self, button, down);
      </OnClick>
      <OnEnter>
        ArmoryGearSetButton_OnEnter(self);
      </OnEnter>
      <OnLeave>
        GameTooltip:Hide();
      </OnLeave>
    </Scripts>
  </CheckButton>

  <Frame name="ArmoryPaperDollTalentFrameTemplate" virtual="true">
    <Size>
      <AbsDimension x="200" y="59"/>
    </Size>
    <Layers>
      <Layer level="BACKGROUND">
        <Texture name="$parentLeftTop" file="Interface\PaperDollInfoFrame\UI-Character-StatBackground">
          <Size>
            <AbsDimension x="200" y="16"/>
          </Size>
          <Anchors>
            <Anchor point="TOPLEFT">
              <Offset>
                <AbsDimension x="0" y="0"/>
              </Offset>
            </Anchor>
          </Anchors>
          <TexCoords left="0" right="0.8984375" top="0" bottom="0.125"/>
        </Texture>
        <Texture name="$parentLeftMiddle" file="Interface\PaperDollInfoFrame\UI-Character-StatBackground">
          <Size>
            <AbsDimension x="200" y="27"/>
          </Size>
          <Anchors>
            <Anchor point="TOPLEFT" relativeTo="$parentLeftTop" relativePoint="BOTTOMLEFT">
              <Offset>
                <AbsDimension x="0" y="0"/>
              </Offset>
            </Anchor>
          </Anchors>
          <TexCoords left="0" right="0.8984375" top="0.125" bottom="0.1953125"/>
        </Texture>
        <Texture name="$parentLeftBottom" file="Interface\PaperDollInfoFrame\UI-Character-StatBackground">
          <Size>
            <AbsDimension x="200" y="16"/>
          </Size>
          <Anchors>
            <Anchor point="TOPLEFT" relativeTo="$parentLeftMiddle" relativePoint="BOTTOMLEFT">
              <Offset>
                <AbsDimension x="0" y="0"/>
              </Offset>
            </Anchor>
          </Anchors>
          <TexCoords left="0" right="0.8984375" top="0.484375" bottom="0.609375"/>
        </Texture>
        <FontString name="$parentLabel" inherits="GameFontHighlightSmall" text="ARMORY_TALENTS">
          <Anchors>
            <Anchor point="TOPLEFT">
              <Offset>
                <AbsDimension x="10" y="-8"/>
              </Offset>
            </Anchor>
          </Anchors>
        </FontString>
        <FontString name="$parentText" inherits="GameFontNormalSmall" text="specialization">
          <Anchors>
            <Anchor point="TOPLEFT" relativeTo="$parentLabel" relativePoint="BOTTOMLEFT">
              <Offset>
                <AbsDimension x="40" y="-12"/>
              </Offset>
            </Anchor>
          </Anchors>
        </FontString>
      </Layer>
    </Layers>
    <Frames>
      <Button name="$parentButton">
        <Size>
          <AbsDimension x="13" y="13"/>
        </Size>
        <Anchors>
          <Anchor point="LEFT">
            <Offset>
              <AbsDimension x="20" y="-7"/>
            </Offset>
          </Anchor>
        </Anchors>
        <Layers>
          <Layer level="ARTWORK">
            <Texture name="$parentIcon" setAllPoints="true"/>
          </Layer>
          <Layer level="OVERLAY">
            <Texture name="$parentBorder" file="Interface\Buttons\UI-Debuff-Overlays">
              <Size>
                <AbsDimension x="17" y="17"/>
              </Size>
              <Anchors>
                <Anchor point="CENTER">
                  <Offset>
                    <AbsDimension x="0" y="0"/>
                  </Offset>
                </Anchor>
              </Anchors>
              <TexCoords left="0" right="0.28125" top="0" bottom="0.5625" />
            </Texture>
          </Layer>
        </Layers>
      </Button>
    </Frames>
    <Scripts>
      <OnLoad>
        ArmoryPaperDollTalentFrame_OnLoad(self);
      </OnLoad>
      <OnEvent>
        ArmoryPaperDollTalentFrame_OnEvent(self, event, ...);
      </OnEvent>
    </Scripts>
  </Frame>
  <Frame name="ArmoryPaperDollTradeSkillFrameTemplate" virtual="true">
    <Size>
      <AbsDimension x="200" y="88"/>
    </Size>
    <Layers>
      <Layer level="BACKGROUND">
        <Texture name="$parentLeftTop" file="Interface\PaperDollInfoFrame\UI-Character-StatBackground">
          <Size>
            <AbsDimension x="200" y="16"/>
          </Size>
          <Anchors>
            <Anchor point="TOPLEFT">
              <Offset>
                <AbsDimension x="0" y="0"/>
              </Offset>
            </Anchor>
          </Anchors>
          <TexCoords left="0" right="0.8984375" top="0" bottom="0.125"/>
        </Texture>
        <Texture name="$parentLeftMiddle" file="Interface\PaperDollInfoFrame\UI-Character-StatBackground">
          <Size>
            <AbsDimension x="200" y="56"/>
          </Size>
          <Anchors>
            <Anchor point="TOPLEFT" relativeTo="$parentLeftTop" relativePoint="BOTTOMLEFT">
              <Offset>
                <AbsDimension x="0" y="0"/>
              </Offset>
            </Anchor>
          </Anchors>
          <TexCoords left="0" right="0.8984375" top="0.125" bottom="0.1953125"/>
        </Texture>
        <Texture name="$parentLeftBottom" file="Interface\PaperDollInfoFrame\UI-Character-StatBackground">
          <Size>
            <AbsDimension x="200" y="16"/>
          </Size>
          <Anchors>
            <Anchor point="TOPLEFT" relativeTo="$parentLeftMiddle" relativePoint="BOTTOMLEFT">
              <Offset>
                <AbsDimension x="0" y="0"/>
              </Offset>
            </Anchor>
          </Anchors>
          <TexCoords left="0" right="0.8984375" top="0.484375" bottom="0.609375"/>
        </Texture>
        <FontString name="$parentLabel" inherits="GameFontHighlightSmall" text="ARMORY_TRADE_SKILLS">
          <Anchors>
            <Anchor point="TOPLEFT">
              <Offset>
                <AbsDimension x="10" y="-8"/>
              </Offset>
            </Anchor>
          </Anchors>
        </FontString>
      </Layer>
    </Layers>
    <Frames>
      <Frame name="$parentFrame1" inherits="ArmoryPaperDollTradeSkillTemplate">
        <Anchors>
          <Anchor point="TOPLEFT" relativeTo="$parentLabel" relativePoint="BOTTOMLEFT">
            <Offset>
              <AbsDimension x="0" y="-5"/>
            </Offset>
          </Anchor>
        </Anchors>
      </Frame>
      <Frame name="$parentFrame2" inherits="ArmoryPaperDollTradeSkillTemplate">
        <Anchors>
          <Anchor point="TOPLEFT" relativeTo="$parentFrame1" relativePoint="BOTTOMLEFT"/>
        </Anchors>
      </Frame>
    </Frames>
    <Scripts>
      <OnLoad function="ArmoryPaperDollTradeSkillFrame_OnLoad" />
      <OnEvent function="ArmoryPaperDollTradeSkillFrame_OnEvent" />
    </Scripts>
  </Frame>
  <Frame name="ArmorySocketsFrameTemplate" virtual="true">
    <Size>
      <AbsDimension x="32" y="160"/>
    </Size>
    <Frames>
      <Frame name="$parentMeta" inherits="ArmorySocketFrameTemplate">
        <Anchors>
          <Anchor point="TOP" />
        </Anchors>
        <Layers>
          <Layer level="BACKGROUND">
            <Texture file="Interface\ItemSocketingFrame\UI-EmptySocket-Meta" parentKey="Icon" />
          </Layer>
        </Layers>
      </Frame>
      <Frame name="$parentBlue" inherits="ArmorySocketFrameTemplate">
        <Anchors>
          <Anchor point="TOP" relativeTo="$parentMeta" relativePoint="BOTTOM"/>
        </Anchors>
        <Layers>
          <Layer level="BACKGROUND">
            <Texture file="Interface\ItemSocketingFrame\UI-EmptySocket-Blue" parentKey="Icon" />
          </Layer>
        </Layers>
      </Frame>
      <Frame name="$parentYellow" inherits="ArmorySocketFrameTemplate">
        <Anchors>
          <Anchor point="TOP" relativeTo="$parentBlue" relativePoint="BOTTOM"/>
        </Anchors>
        <Layers>
          <Layer level="BACKGROUND">
            <Texture file="Interface\ItemSocketingFrame\UI-EmptySocket-Yellow" parentKey="Icon" />
          </Layer>
        </Layers>
      </Frame>
      <Frame name="$parentRed" inherits="ArmorySocketFrameTemplate">
        <Anchors>
          <Anchor point="TOP" relativeTo="$parentYellow" relativePoint="BOTTOM"/>
        </Anchors>
        <Layers>
          <Layer level="BACKGROUND">
            <Texture file="Interface\ItemSocketingFrame\UI-EmptySocket-Red" parentKey="Icon" />
          </Layer>
        </Layers>
      </Frame>
      <Frame name="$parentOther" inherits="ArmorySocketFrameTemplate">
        <Anchors>
          <Anchor point="TOP" relativeTo="$parentRed" relativePoint="BOTTOM"/>
        </Anchors>
        <Layers>
          <Layer level="BACKGROUND">
            <Texture file="Interface\ItemSocketingFrame\UI-EmptySocket" parentKey="Icon" />
          </Layer>
        </Layers>
      </Frame>
    </Frames>
  </Frame>
  <Frame name="ArmoryAttributesFrameTemplate" virtual="true">
    <Size x="198" y="125"/>
    <Layers>
      <Layer level="BACKGROUND">
        <Texture name="$parentTop" inherits="Char-Stat-Top" parentKey="BgTop">
          <Size x="230" y="10"/>
          <Anchors>
            <Anchor point="TOPLEFT"/>
          </Anchors>
        </Texture>
        <Texture name="$parentBottom" inherits="Char-Stat-Bottom" parentKey="BgBottom">
          <Size x="230" y="48"/>
          <Anchors>
            <Anchor point="BOTTOMLEFT"/>
          </Anchors>
        </Texture>
        <Texture name="$parentMiddle" file="Interface\CharacterFrame\Char-Stat-Middle" parentKey="BgMiddle" vertTile="true">
          <Size x="230" y="8"/>
          <Anchors>
            <Anchor point="TOPLEFT" relativeTo="$parentTop" relativePoint="BOTTOMLEFT" x="1"/>
            <Anchor point="BOTTOMLEFT" relativeTo="$parentBottom" relativePoint="TOPLEFT"/>
          </Anchors>
          <TexCoords left="0.00390625" right="0.66406250" top="0.00000000" bottom="1.00000000"/>
        </Texture>
      </Layer>
    </Layers>
    <Frames>
      <Frame name="$parentDummyStat" inherits="ArmoryStatTemplate" hidden="true"/>
      <ScrollFrame name="$parentScrollFrame">
        <Anchors>
          <Anchor point="TOPLEFT" x="0" y="-3"/>
          <Anchor point="BOTTOMRIGHT" x="29" y="3"/>
        </Anchors>
        <Frames>
          <Slider name="$parentScrollBar" minValue="0" maxValue="1" defaultValue="0" parentKey="ScrollBar">
            <Size x="12" y="0"/>
            <Backdrop bgFile="Interface\Buttons\UI-SliderBar-Background" edgeFile="Interface\Buttons\UI-SliderBar-Border" tile="true">
              <BackgroundInsets left="3" right="3" top="3" bottom="3"/>
              <TileSize val="8"/>
              <EdgeSize val="8"/>
            </Backdrop>
            <Scripts>
              <OnValueChanged>
                self:GetParent():SetVerticalScroll(value);
              </OnValueChanged>
              <OnShow>
                self:SetPoint("TOPRIGHT", self:GetParent():GetParent(), -3, 0);
                self:SetPoint("BOTTOMRIGHT", self:GetParent():GetParent(), -3, 0);
              </OnShow>
            </Scripts>
            <ThumbTexture name="$parentThumbTexture" file="Interface\Buttons\UI-SliderBar-Button-Vertical" />
          </Slider>
        </Frames>
        <Scripts>
          <OnScrollRangeChanged>
            local scrollbar = self.ScrollBar;
            if ( not yrange ) then
              yrange = self:GetVerticalScrollRange();
            end
            local value = scrollbar:GetValue();
            if ( value > yrange ) then
              value = yrange;
            end
            scrollbar:SetMinMaxValues(0, yrange);
            scrollbar:SetValue(value);
            if ( floor(yrange) == 0 ) then
              scrollbar:Hide();
            else
              scrollbar:Show();
            end
          </OnScrollRangeChanged>
          <OnVerticalScroll>
            self.ScrollBar:SetValue(offset);
          </OnVerticalScroll>
          <OnMouseWheel>
            local scrollBar = self.ScrollBar;
            local scrollStep = scrollBar.scrollStep or scrollBar:GetHeight() / 2;
            if ( delta > 0 ) then
              scrollBar:SetValue(scrollBar:GetValue() - scrollStep);
            else
              scrollBar:SetValue(scrollBar:GetValue() + scrollStep);
            end
          </OnMouseWheel>
        </Scripts>
        <ScrollChild>
          <Frame name="$parentScrollChild">
            <Size x="198" y="10"/>
            <Anchors>
              <Anchor point="TOPLEFT" />
            </Anchors>
          </Frame>
        </ScrollChild>
      </ScrollFrame>
    </Frames>
    <Scripts>
      <OnSizeChanged>
        local index = 1;
        local scrollbar = _G[self:GetName().."ScrollFrameScrollBar"];
        local width = self:GetWidth();
        self.BgTop:SetWidth(width);
        self.BgMiddle:SetWidth(width);
        self.BgBottom:SetWidth(width);
        if ( scrollbar:IsVisible() ) then
          width = width - scrollbar:GetWidth();
        end
        while ( _G[self:GetName().."PlayerStat"..index] ) do
          _G[self:GetName().."PlayerStat"..index]:SetWidth(width - 10);
          index = index + 1;
        end
      </OnSizeChanged>
    </Scripts>
  </Frame>

  <Frame name="ArmoryPaperDollFrame" setAllPoints="true" parent="ArmoryFrame" useParentLevel="true" id="1">
    <Layers>
      <Layer level="OVERLAY">
        <FontString name="ArmoryVersionText" inherits="ArmoryFontHighlightExtraSmall" text="version">
          <Anchors>
            <Anchor point="BOTTOMLEFT" relativeTo="ArmoryFrameInset">
              <Offset>
                <AbsDimension x="6" y="6"/>
              </Offset>
            </Anchor>
          </Anchors>
        </FontString>
        <FontString name="ArmoryNewVersionText" inherits="ArmoryFontHighlightExtraSmall" text="new version" hidden="true">
          <Anchors>
            <Anchor point="BOTTOMLEFT" relativeTo="ArmoryVersionText" relativePoint="TOPLEFT">
              <Offset>
                <AbsDimension x="0" y="3"/>
              </Offset>
            </Anchor>
          </Anchors>
        </FontString>
      </Layer>
    </Layers>
    <Frames>
      <Frame name="ArmoryPaperDollHeaderFrame" useParentLevel="true">
        <Anchors>
          <Anchor point="TOPLEFT" x="30" y="-26"/>
          <Anchor point="BOTTOMRIGHT" relativeTo="ArmoryFrameInsetRight" relativePoint="TOPRIGHT"/>
        </Anchors>
        <Layers>
          <Layer level="OVERLAY">
            <FontString name="ArmoryLevelText" inherits="GameFontNormalSmall" text="Level level race class">
              <Size x="240" y="0"/>
              <Anchors>
                <Anchor point="TOP" />
              </Anchors>
            </FontString>
            <FontString name="ArmoryGuildText" inherits="GameFontNormalSmall" text="title of guild" hidden="true">
              <Size x="245" y="0"/>
              <Anchors>
                <Anchor point="TOP" relativeTo="ArmoryLevelText" relativePoint="BOTTOM" x="0" y="-1"/>
              </Anchors>
            </FontString>
            <FontString name="ArmoryZoneText" inherits="GameFontNormalSmall" text="zone of the player">
              <Size x="255" y="0"/>
              <Anchors>
                <Anchor point="TOP" relativeTo="ArmoryGuildText" relativePoint="BOTTOM" x="0" y="-1"/>
              </Anchors>
            </FontString>
          </Layer>
        </Layers>
      </Frame>
      <Frame name="ArmoryPaperDollTalent" inherits="ArmoryPaperDollTalentFrameTemplate">
        <Anchors>
          <Anchor point="TOPLEFT" relativeTo="ArmoryFrameInset">
            <Offset>
              <AbsDimension x="47" y="-4"/>
            </Offset>
          </Anchor>
        </Anchors>
      </Frame>
      <Frame name="ArmoryPaperDollTradeSkill" inherits="ArmoryPaperDollTradeSkillFrameTemplate">
        <Anchors>
          <Anchor point="TOPLEFT" relativeTo="ArmoryPaperDollTalent" relativePoint="BOTTOMLEFT">
            <Offset>
              <AbsDimension x="0" y="0"/>
            </Offset>
          </Anchor>
        </Anchors>
      </Frame>
      <Frame name="ArmorySocketsFrame" inherits="ArmorySocketsFrameTemplate">
        <Anchors>
          <Anchor point="TOPLEFT" relativeTo="ArmoryPaperDollTalent" relativePoint="TOPRIGHT">
            <Offset x="0" y="0"/>
          </Anchor>
        </Anchors>
      </Frame>
      <Frame name="ArmoryAttributesFrame" inherits="ArmoryAttributesFrameTemplate">
        <Size>
          <AbsDimension x="228" y="125"/>
        </Size>
        <Anchors>
          <Anchor point="TOPLEFT" relativeTo="ArmoryPaperDollTradeSkill" relativePoint="BOTTOMLEFT">
            <Offset>
              <AbsDimension x="2" y="-25"/>
            </Offset>
          </Anchor>
        </Anchors>
        <Frames>
          <Frame name="ArmoryAttributesFramePlayerStatDropDown" inherits="ArmoryDropDownMenuTemplate" enableMouse="true">
            <Anchors>
              <Anchor point="BOTTOMLEFT" relativeTo="ArmoryAttributesFrameTop" relativePoint="TOPLEFT">
                <Offset>
                  <AbsDimension x="-17" y="-8"/>
                </Offset>
              </Anchor>
            </Anchors>
            <Scripts>
              <OnLoad function="ArmoryAttributesFramePlayerStatDropDown_OnLoad" />
              <OnShow function="ArmoryAttributesFramePlayerStatDropDown_OnLoad" />
            </Scripts>
          </Frame>
        </Frames>
      </Frame>
      <Frame name="ArmoryPaperDollItemsFrame" setAllPoints="true">
        <Frames>
          <Button name="ArmoryHeadSlot" inherits="ArmoryPaperDollItemSlotButtonLeftTemplate">
            <Anchors>
              <Anchor point="TOPLEFT" relativeTo="ArmoryFrameInset" x="4" y="-2"/>
            </Anchors>
          </Button>
          <Button name="ArmoryNeckSlot" inherits="ArmoryPaperDollItemSlotButtonLeftTemplate">
            <Anchors>
              <Anchor point="TOPLEFT" relativeTo="ArmoryHeadSlot" relativePoint="BOTTOMLEFT"  x="0" y="-4"/>
            </Anchors>
          </Button>
          <Button name="ArmoryShoulderSlot" inherits="ArmoryPaperDollItemSlotButtonLeftTemplate">
            <Anchors>
              <Anchor point="TOPLEFT" relativeTo="ArmoryNeckSlot" relativePoint="BOTTOMLEFT" x="0" y="-4"/>
            </Anchors>
          </Button>
          <Button name="ArmoryBackSlot" inherits="ArmoryPaperDollItemSlotButtonLeftTemplate">
            <Anchors>
              <Anchor point="TOPLEFT" relativeTo="ArmoryShoulderSlot" relativePoint="BOTTOMLEFT" x="0" y="-4"/>
            </Anchors>
          </Button>
          <Button name="ArmoryChestSlot" inherits="ArmoryPaperDollItemSlotButtonLeftTemplate">
            <Anchors>
              <Anchor point="TOPLEFT" relativeTo="ArmoryBackSlot" relativePoint="BOTTOMLEFT" x="0" y="-4"/>
            </Anchors>
          </Button>
          <Button name="ArmoryShirtSlot" inherits="ArmoryPaperDollItemSlotButtonLeftTemplate">
            <Anchors>
              <Anchor point="TOPLEFT" relativeTo="ArmoryChestSlot" relativePoint="BOTTOMLEFT" x="0" y="-4"/>
            </Anchors>
          </Button>
          <Button name="ArmoryTabardSlot" inherits="ArmoryPaperDollItemSlotButtonLeftTemplate">
            <Anchors>
              <Anchor point="TOPLEFT" relativeTo="ArmoryShirtSlot" relativePoint="BOTTOMLEFT" x="0" y="-4"/>
            </Anchors>
          </Button>
          <Button name="ArmoryWristSlot" inherits="ArmoryPaperDollItemSlotButtonLeftTemplate">
            <Anchors>
              <Anchor point="TOPLEFT" relativeTo="ArmoryTabardSlot" relativePoint="BOTTOMLEFT" x="0" y="-4"/>
            </Anchors>
          </Button>
          <Button name="ArmoryHandsSlot" inherits="ArmoryPaperDollItemSlotButtonRightTemplate">
            <Anchors>
              <Anchor point="TOPRIGHT" relativeTo="ArmoryFrameInset" x="-4" y="-2"/>
            </Anchors>
          </Button>
          <Button name="ArmoryWaistSlot" inherits="ArmoryPaperDollItemSlotButtonRightTemplate">
            <Anchors>
              <Anchor point="TOPLEFT" relativeTo="ArmoryHandsSlot" relativePoint="BOTTOMLEFT" x="0" y="-4"/>
            </Anchors>
          </Button>
          <Button name="ArmoryLegsSlot" inherits="ArmoryPaperDollItemSlotButtonRightTemplate">
            <Anchors>
              <Anchor point="TOPLEFT" relativeTo="ArmoryWaistSlot" relativePoint="BOTTOMLEFT" x="0" y="-4"/>
            </Anchors>
          </Button>
          <Button name="ArmoryFeetSlot" inherits="ArmoryPaperDollItemSlotButtonRightTemplate">
            <Anchors>
              <Anchor point="TOPLEFT" relativeTo="ArmoryLegsSlot" relativePoint="BOTTOMLEFT" x="0" y="-4"/>
            </Anchors>
          </Button>
          <Button name="ArmoryFinger0Slot" inherits="ArmoryPaperDollItemSlotButtonRightTemplate">
            <Anchors>
              <Anchor point="TOPLEFT" relativeTo="ArmoryFeetSlot" relativePoint="BOTTOMLEFT" x="0" y="-4"/>
            </Anchors>
          </Button>
          <Button name="ArmoryFinger1Slot" inherits="ArmoryPaperDollItemSlotButtonRightTemplate">
            <Anchors>
              <Anchor point="TOPLEFT" relativeTo="ArmoryFinger0Slot" relativePoint="BOTTOMLEFT" x="0" y="-4"/>
            </Anchors>
          </Button>
          <Button name="ArmoryTrinket0Slot" inherits="ArmoryPaperDollItemSlotButtonRightTemplate">
            <Anchors>
              <Anchor point="TOPLEFT" relativeTo="ArmoryFinger1Slot" relativePoint="BOTTOMLEFT" x="0" y="-4"/>
            </Anchors>
          </Button>
          <Button name="ArmoryTrinket1Slot" inherits="ArmoryPaperDollItemSlotButtonRightTemplate">
            <Anchors>
              <Anchor point="TOPLEFT" relativeTo="ArmoryTrinket0Slot" relativePoint="BOTTOMLEFT" x="0" y="-4"/>
            </Anchors>
          </Button>
          <Button name="ArmoryMainHandSlot" inherits="ArmoryPaperDollItemSlotButtonBottomTemplate">
            <Anchors>
              <Anchor point="BOTTOMLEFT" x="130" y="16"/>
            </Anchors>
            <Layers>
              <Layer level="BACKGROUND">
                <Texture inherits="Char-Slot-Bottom-Left">
                  <Anchors>
                    <Anchor point="TOPRIGHT" relativeTo="$parentFrame" relativePoint="TOPLEFT"/>
                  </Anchors>
                </Texture>
              </Layer>
            </Layers>
          </Button>
          <Button name="ArmorySecondaryHandSlot" inherits="ArmoryPaperDollItemSlotButtonBottomTemplate">
            <Anchors>
              <Anchor point="TOPLEFT" relativeTo="ArmoryMainHandSlot" relativePoint="TOPRIGHT" x="5" y="0"/>
            </Anchors>
            <Layers>
              <Layer level="BACKGROUND">
                <Texture inherits="Char-Slot-Bottom-Right">
                  <Anchors>
                    <Anchor point="TOPLEFT" relativeTo="$parentFrame" relativePoint="TOPRIGHT"/>
                  </Anchors>
                </Texture>
              </Layer>
            </Layers>
          </Button>
        </Frames>
      </Frame>

      <Frame name="ArmoryAlternateSlotFrame"  hidden="true">
        <Size>
          <AbsDimension x="64" y="64" />
        </Size>
        <!--<Backdrop bgFile="Interface\DialogFrame\UI-DialogBox-Background" edgeFile="Interface\Tooltips\UI-Tooltip-Border" tile="true">
          <BackgroundInsets>
            <AbsInset left="4" right="4" top="4" bottom="4" />
          </BackgroundInsets>
          <EdgeSize>
            <AbsValue val="16" />
          </EdgeSize>
          <BorderColor r=".3" g=".3" b=".3"/>
        </Backdrop>-->
        <Scripts>
          <OnUpdate>
            ArmoryAlternateSlotFrame_OnUpdate(self, elapsed);
          </OnUpdate>
        </Scripts>
      </Frame>
      <Button name="ArmoryGearSetToggleButton" hidden="true">
        <Size x="32" y="32"/>
        <Anchors>
          <Anchor point="TOPRIGHT">
            <Offset x="-5" y="-27"/>
          </Anchor>
        </Anchors>
        <Scripts>
          <OnShow>
            ArmoryPaperDollHeaderFrame:SetPoint("TOPLEFT", ArmoryFrame, "TOPLEFT", 35, -26);
          </OnShow>
          <OnHide>
            ArmoryPaperDollHeaderFrame:SetPoint("TOPLEFT", ArmoryFrame, "TOPLEFT", 55, -26);
          </OnHide>
          <OnEnter>
            GameTooltip:SetOwner(self, "ANCHOR_RIGHT");
            GameTooltip:SetText(EQUIPMENT_MANAGER);
          </OnEnter>
          <OnLeave>
            GameTooltip:Hide();
          </OnLeave>
          <OnLoad>
            self.icon = _G[self:GetName() .. "Icon"];
          </OnLoad>
          <OnClick>
            if ( ArmoryGearSetFrame:IsShown() ) then
              ArmoryGearSetFrame:Hide();
            else
              ArmoryGearSetFrame:Show();
            end
          </OnClick>
        </Scripts>
        <NormalTexture file="Interface\PaperDollInfoFrame\UI-GearManager-Button"/>
        <PushedTexture file="Interface\PaperDollInfoFrame\UI-GearManager-Button-Pushed"/>
        <HighlightTexture file="Interface\Buttons\UI-MicroButton-Hilight" alphaMode="ADD">
          <TexCoords left="0" right="1" top="0.390625" bottom="0.96875"/>
        </HighlightTexture>
      </Button>
    </Frames>
    <Scripts>
      <OnLoad>
        ArmoryPaperDollFrame_OnLoad(self);
      </OnLoad>
      <OnEvent>
        ArmoryPaperDollFrame_OnEvent(self, event, ...);
      </OnEvent>
      <OnShow>
        ArmoryPaperDollFrame_OnShow(self);
        -- UpdateUIPanelPositions(ArmoryFrame);
      </OnShow>
      <OnHide>
        ArmoryBuffFrame_RemoveBuffs("player");
      </OnHide>
    </Scripts>
  </Frame>

  <Frame name="ArmoryGearSetFrame" enableMouse="true" parent="ArmoryPaperDollFrame" inherits="UIPanelDialogTemplate" hidden="true" frameStrata="MEDIUM" toplevel="true">
    <Size x="261" y="155"/>
    <Anchors>
      <Anchor point="TOPLEFT" relativePoint="TOPRIGHT">
        <Offset x="-6" y="4"/>
      </Anchor>
    </Anchors>
    <Frames>
      <Button name="$parentEquipSet" text="EQUIPSET_EQUIP" inherits="UIPanelButtonTemplate">
        <Size x="78" y="22"/>
        <Anchors>
          <Anchor point="BOTTOMRIGHT">
            <Offset x="-8" y="12"/>
          </Anchor>
        </Anchors>
        <Scripts>
          <OnClick function="ArmoryGearSetFrameEquipSet_OnClick"/>
        </Scripts>
      </Button>
    </Frames>
    <Scripts>
      <OnLoad function="ArmoryGearSetFrame_OnLoad"/>
      <OnShow function="ArmoryGearSetFrame_OnShow"/>
      <OnHide function="ArmoryGearSetFrame_OnHide"/>
    </Scripts>
  </Frame>

  <CheckButton name="ArmoryPaperDollOverlayFrameCheckButton" inherits="UICheckButtonTemplate" parent="PaperDollFrame">
    <Size>
      <AbsDimension x="24" y="24"/>
    </Size>
    <Anchors>
      <Anchor point="BOTTOMLEFT">
        <Offset>
          <AbsDimension x="10" y="7"/>
        </Offset>
      </Anchor>
    </Anchors>
    <Scripts>
      <OnLoad>
        ArmoryPaperDollOverlayFrameCheckButtonText:SetFontObject(GameFontHighlightSmall);
        ArmoryPaperDollOverlayFrameCheckButtonText:SetText(ARMORY_TITLE);
      </OnLoad>
      <OnShow>
        self:SetChecked(Armory:GetConfigUseOverlay());
      </OnShow>
      <OnClick>
        PlaySound("igMainMenuOptionCheckBoxOn");
        Armory:SetConfigUseOverlay(self:GetChecked());
        if ( self:GetChecked() ) then
        ArmoryPaperDollOverlayFrame:Show();
        else
        ArmoryPaperDollOverlayFrame:Hide();
        end
      </OnClick>
      <OnEnter>
        GameTooltip:SetOwner(self, "ANCHOR_LEFT");
        GameTooltip:SetText(ARMORY_CMD_SET_USEOVERLAY_MENUTEXT, nil, nil, nil, nil, 1);
      </OnEnter>
      <OnLeave function="GameTooltip_Hide"/>
    </Scripts>
  </CheckButton>

  <Frame name="ArmoryPaperDollOverlayFrame" setAllPoints="true" enableMouse="true" parent="PaperDollFrame" hidden="true" useParentLevel="true">
    <Frames>
      <Frame name="ArmoryPaperDollTalentOverlay" inherits="ArmoryPaperDollTalentFrameTemplate">
        <Anchors>
          <Anchor point="TOPLEFT" x="51" y="-64"/>
        </Anchors>
      </Frame>
      <Frame name="ArmoryPaperDollTradeSkillOverlay" inherits="ArmoryPaperDollTradeSkillFrameTemplate">
        <Anchors>
          <Anchor point="TOPLEFT" relativeTo="ArmoryPaperDollTalentOverlay" relativePoint="BOTTOMLEFT">
            <Offset x="0" y="0" />
          </Anchor>
        </Anchors>
      </Frame>
      <Frame name="ArmorySocketsOverlayFrame" inherits="ArmorySocketsFrameTemplate">
        <Anchors>
          <Anchor point="TOPLEFT" relativeTo="ArmoryPaperDollTalentOverlay" relativePoint="TOPRIGHT">
            <Offset x="0" y="0"/>
          </Anchor>
        </Anchors>
      </Frame>
      <Frame name="ArmoryAttributesOverlayTopFrame" inherits="ArmoryAttributesFrameTemplate" hidden="true">
        <Anchors>
          <Anchor point="TOPLEFT" x="52" y="-87"/>
        </Anchors>
        <Frames>
          <Frame name="ArmoryAttributesOverlayTopFramePlayerStatDropDown" inherits="ArmoryDropDownMenuTemplate" enableMouse="true">
            <Anchors>
              <Anchor point="BOTTOMLEFT" relativeTo="ArmoryAttributesOverlayTopFrameTop" relativePoint="TOPLEFT">
                <Offset>
                  <AbsDimension x="-17" y="-8"/>
                </Offset>
              </Anchor>
            </Anchors>
            <Scripts>
              <OnLoad function="ArmoryAttributesOverlayTopFramePlayerStatDropDown_OnLoad" />
              <OnShow function="ArmoryAttributesOverlayTopFramePlayerStatDropDown_OnShow" />
            </Scripts>
          </Frame>
        </Frames>
      </Frame>
      <Frame name="ArmoryAttributesOverlayBottomFrame" inherits="ArmoryAttributesFrameTemplate">
        <Size>
          <AbsDimension x="228" y="125"/>
        </Size>
        <Anchors>
          <Anchor point="TOPLEFT" relativeTo="ArmoryPaperDollTradeSkillOverlay" relativePoint="BOTTOMLEFT">
            <Offset>
              <AbsDimension x="1" y="-25"/>
            </Offset>
          </Anchor>
        </Anchors>
        <Frames>
          <Frame name="ArmoryAttributesOverlayBottomFramePlayerStatDropDown" inherits="ArmoryDropDownMenuTemplate" enableMouse="true">
            <Anchors>
              <Anchor point="BOTTOMLEFT" relativeTo="ArmoryAttributesOverlayBottomFrameTop" relativePoint="TOPLEFT">
                <Offset>
                  <AbsDimension x="-17" y="-8"/>
                </Offset>
              </Anchor>
            </Anchors>
            <Scripts>
              <OnLoad function="ArmoryAttributesOverlayBottomFramePlayerStatDropDown_OnLoad" />
              <OnShow function="ArmoryAttributesOverlayBottomFramePlayerStatDropDown_OnShow" />
            </Scripts>
          </Frame>
        </Frames>
      </Frame>
    </Frames>
    <Scripts>
      <OnLoad function="ArmoryPaperDollOverlayFrame_OnLoad" />
      <OnEvent function="ArmoryPaperDollOverlayFrame_OnEvent" />
      <OnShow function="ArmoryPaperDollOverlayFrame_OnShow" />
      <OnHide function="ArmoryPaperDollOverlayFrame_OnHide" />
    </Scripts>
  </Frame>

</Ui>