<Ui xmlns="http://www.blizzard.com/wow/ui/" xmlns:xsi="http://www.w3.org/2001/XMLSchema-instance" xsi:schemaLocation="http://www.blizzard.com/wow/ui/
..\FrameXML\UI.xsd">

<Script file="ChatThrottleLib.lua"/>
<Script file="KKore.lua"/>
<Script file="Locales\KKore-enUS.lua"/>
<Script file="Locales\KKore-deDE.lua"/>
<Script file="Locales\KKore-ruRU.lua"/>
<Script file="KKoreDB.lua"/>
<Script file="KKoreHash.lua"/>
<Script file="KKoreUI.lua"/>
<Script file="LibDeformat-3.0.lua"/>

</Ui>

