<Ui xmlns="http://www.blizzard.com/wow/ui/" xmlns:xsi="http://www.w3.org/2001/XMLSchema-instance" xsi:schemaLocation="http://www.blizzard.com/wow/ui/">
<!--@no-lib-strip@-->
	<Script file="libs\LibStub\LibStub.lua"/>
	<Include file="libs\LibFunctional-1.0\lib.xml"/>
	<Include file="libs\CallbackHandler-1.0\CallbackHandler-1.0.xml"/>
	<Include file="libs\LibSharedMedia-3.0\lib.xml"/>
	<Include file="libs\LibSpecRoster-1.0\lib.xml"/>
	<Include file="libs\LibCooldownTracker-1.0\lib.xml"/>
	<Include file="libs\DRData-1.0\DRData-1.0.xml"/>
	<Include file="libs\AceAddon-3.0\AceAddon-3.0.xml"/>
	<Include file="libs\AceGUI-3.0\AceGUI-3.0.xml"/>
	<Include file="libs\AceGUI-3.0-SharedMediaWidgets\widget.xml"/>
	<Include file="libs\AceEvent-3.0\AceEvent-3.0.xml"/>
	<Include file="libs\AceDB-3.0\AceDB-3.0.xml"/>
	<Include file="libs\AceDBOptions-3.0\AceDBOptions-3.0.xml"/>
	<Include file="libs\AceConfig-3.0\AceConfig-3.0.xml"/>
	<Include file="libs\AceLocale-3.0\AceLocale-3.0.xml"/>
	<Include file="libs\AceSerializer-3.0\AceSerializer-3.0.xml"/>
	<Include file="libs\LibDualSpec-1.0\LibDualSpec-1.0.lua"/>
	<Include file="libs\LibRangeCheck-2.0\LibRangeCheck-2.0\LibRangeCheck-2.0.lua"/>
	<Include file="libs\LibDispellable-1.0\LibDispellable-1.0.lua"/>
<!--@end-no-lib-strip@-->
</Ui>
