<Ui xmlns="http://www.blizzard.com/wow/ui/" xmlns:xsi="http://www.w3.org/2001/XMLSchema-instance" xsi:schemaLocation="http://www.blizzard.com/wow/ui/
..\FrameXML\UI.xsd">

<Script file="Locales\common.enUS.lua"/>
<Script file="Locales\common.deDE.lua"/>
<Script file="Locales\common.frFR.lua"/>
<Script file="Locales\common.koKR.lua"/>
<Script file="Locales\common.zhCN.lua"/>
<Script file="Locales\common.zhTW.lua"/>
<Script file="Locales\common.esES.lua"/>
<Script file="Locales\common.ruRU.lua"/>
<Script file="Locales\common.ptBR.lua"/>
<Script file="Locales\common.itIT.lua"/>

</Ui>

