<Ui xmlns="http://www.blizzard.com/wow/ui/">
	<Script file="oUF_AuraBars\oUF_AuraBars.lua"/>
	<Script file="oUF_AuraHighlight\oUF_AuraHighlight.lua"/>
	<Script file="oUF_AuraWatch\oUF_AuraWatch.lua"/>
	<Script file="oUF_Cutaway\oUF_Cutaway.lua"/>
	<Script file="oUF_Fader\oUF_Fader.lua"/>
	<Script file="oUF_SpecPower\oUF_SpecPower.lua"/>
	<Script file="oUF_RaidDebuffs\oUF_RaidDebuffs.lua"/>
	<Script file="oUF_Trinkets\oUF_Trinkets.lua"/>
	<Script file="oUF_PVPSpecIcons\oUF_PVPSpecIcons.lua"/>
	<Script file="oUF_GPS\oUF_GPS.lua"/>
</Ui>