<Ui xmlns="http://www.blizzard.com/wow/ui/">
	
	<!-- =========================================== TEMPLATES LIB ============================================ -->
	<!-- ========================================  1.00 - 2011.06.23  ========================================= -->
	
	<!-- ===================== BLOC DE TEXTE ENCADRE (hauteur dynamique) ====================== -->
	<Frame name="TextFrameWithBorderTemplate" virtual="true">
		<!-- ===================== CADRE ==================== -->
		<Backdrop name="$parent_Bk" bgFile="Interface\Tooltips\UI-Tooltip-Background" edgeFile="Interface\Tooltips\UI-Tooltip-Border" tile="true">
			<EdgeSize><AbsValue val="16"/></EdgeSize>
			<TileSize><AbsValue val="16"/></TileSize>
			<BackgroundInsets><AbsInset left="4" right="4" top="4" bottom="4"/></BackgroundInsets>
		</Backdrop>
		<!-- ===================== TEXTE ==================== -->
		<Layers>
			<Layer level="ARTWORK">
				<FontString name="$parent_Text" text="" inherits="GameFontNormalSmall" nonspacewrap="false" justifyh="LEFT" justifyv="TOP">
					<Anchors>
						<Anchor point="TOPLEFT" relativeTo="$parent" relativePoint="TOPLEFT">
							<Offset><AbsDimension x="10" y="-10"/></Offset>
						</Anchor>
					</Anchors>
					<Color r="0.7" g="0.7" b="0.7" a="1"/>
				</FontString>
			</Layer>
		</Layers>
		<Scripts>
			<OnLoad>
				self.SetText=function(self,arg)
					self:SetBackdropBorderColor(0.5,0.5,0.5);
					self:SetBackdropColor(0.3,0.3,0.3,0.5);
					
					local selfName = self:GetName();
					_G[selfName.."_Text"]:SetText(arg);
					local margin = 10;
					_G[selfName.."_Text"]:SetPoint("TOPLEFT",self,"TOPLEFT",margin,-margin);
					_G[selfName.."_Text"]:SetWidth(ceil(self:GetWidth()) - (margin*2));
					self:SetHeight(_G[selfName.."_Text"]:GetHeight() + (margin*2));
				end;
			</OnLoad>
		</Scripts>
	</Frame>
	
	<!-- ATTENTION: ne fonctionne pas avec "OnLoad" en script d'appel -->
	<!-- CALL SAMPLE
	<Frame name="XXXXXXXXX_cfgFrame_help" inherits="TextFrameWithBorderTemplate">
		<Size><AbsDimension x="360" y="40"/></Size>
		<Anchors>
			<Anchor point="TOPLEFT" relativeTo="XXXXXXXX_cfgFrame_author" relativePoint="BOTTOMLEFT">
				<Offset><AbsDimension x="0" y="-20"/></Offset>
			</Anchor>
		</Anchors>
		<Scripts>
			<OnShow>
				self:SetText(Dtar_getHelpText());
			</OnShow>
		</Scripts>
	</Frame>
	-->
	
	<!-- ================================ COLORPICKER BUTTON ================================ -->
	<Button name="ColorPickerButtonTemplate" virtual="true">
		<Size><AbsDimension x="18" y="18"/></Size>
		<!-- =========== CADRE ========== -->
		<Backdrop edgeFile="Interface/Tooltips/UI-Tooltip-Border" tile="true">
			<EdgeSize><AbsValue val="6"/></EdgeSize>
			<TileSize><AbsValue val="6"/></TileSize>
			<BackgroundInsets>
				<AbsInset left="2" right="2" top="2" bottom="2"/>
			</BackgroundInsets>
		</Backdrop>
		<Layers>
			<!-- ======== COULEUR FOND ====== -->
			<Layer level="BACKGROUND">
				<Texture name="$parent_Bk">
					<Size><AbsDimension x="14" y="14"/></Size>
					<Anchors>
						<Anchor point="CENTER">
							<Offset><AbsDimension x="0" y="0"/></Offset>
						</Anchor>
					</Anchors>
					<Color r="0.5" g="0.5" b="0.5" a="0" />
				</Texture>
			</Layer>
			<!-- =========== TEXTE ========== -->
			<Layer level="ARTWORK">
				<FontString name="$parent_Text" text="" inherits="GameFontNormal" nonspacewrap="true">
					<Anchors>
						<Anchor point="TOPLEFT" relativeTo="$parent" relativePoint="TOPLEFT">
							<Offset><AbsDimension x="22" y="-3"/></Offset>
						</Anchor>
					</Anchors>
					<Color r="1" g="1" b="1" a="1"/>
				</FontString>
			</Layer>
		</Layers>
		<Scripts>
			<OnLoad>
				self.SetText=function(self,arg)
					_G[self:GetName().."_Text"]:SetText(arg);
				end;
				self.SetColor=function(self,r,g,b,a)
					if (a == nil) then
						_G[self:GetName().."_Bk"]:SetTexture(r,g,b);
					else
						_G[self:GetName().."_Bk"]:SetTexture(r,g,b,a);
					end;
				end;
			</OnLoad>
		</Scripts>
	</Button>
	
	<!-- ATTENTION: ne fonctionne pas avec "OnLoad" en script d'appel -->
	<!-- CALL SAMPLE
	<Button name="XXXXXXXX_btnColor" inherits="ColorPickerButtonTemplate">
		<Anchors>
			<Anchor point="TOPLEFT" relativePoint="TOPLEFT" relativeTo="xxxxxxxxxxxxxxxx">
				<Offset><AbsDimension x="4" y="-30"/></Offset>
			</Anchor>
		</Anchors>
		<Scripts>
			<OnShow>
				self:SetColor(0.1,0.5,0.8,0.9);
				self:SetText("Choose color and transparency");
			</OnShow>
			<OnClick>
				Dtar_afficheColorPicker();
			</OnClick>
		</Scripts>
	</Button>
	-->
	
	<!-- ================================= TITRE NON ENCADRE ================================ -->
	<Frame name="TitleFrameTemplate" virtual="true">
		<Layers>
			<Layer level="ARTWORK">
				<FontString name="$parent_Text" inherits="GameFontNormalLarge" nonspacewrap="true">
					<Anchors>
						<Anchor point="TOPLEFT" relativeTo="$parent" relativePoint="TOPLEFT">
							<Offset><AbsDimension x="0" y="0"/></Offset>
						</Anchor>
					</Anchors>
				</FontString>
			</Layer>
		</Layers>
		<Scripts>
			<OnLoad>
				self.SetText=function(self,arg)
					_G[self:GetName().."_Text"]:SetText(arg);
				end;
			</OnLoad>
		</Scripts>
	</Frame>
	
	<!-- =========================== INFOS SOUS TITRE (hauteur auto) ======================== -->
	<Frame name="InfosFrameTemplate" virtual="true">
		<Layers>
			<Layer level="ARTWORK">
				<FontString name="$parent_Text" text="" inherits="GameFontNormalSmall" nonspacewrap="false" justifyh="LEFT" justifyv="TOP">
					<Anchors>
						<Anchor point="TOPLEFT" relativeTo="$parent" relativePoint="TOPLEFT">
							<Offset><AbsDimension x="0" y="0"/></Offset>
						</Anchor>
					</Anchors>
					<Color r="0.93" g="0.91" b="0.54" a="1"/>
				</FontString>
			</Layer>
		</Layers>
		<Scripts>
			<OnLoad>
				self.SetText=function(self,arg)
					local selfName = self:GetName();
					_G[selfName.."_Text"]:SetText(arg);
					local margin = 0;
					_G[selfName.."_Text"]:SetPoint("TOPLEFT",self,"TOPLEFT",margin,-margin);
					_G[selfName.."_Text"]:SetWidth(ceil(self:GetWidth()) - (margin*2));
					self:SetHeight(_G[selfName.."_Text"]:GetHeight() + (margin*2));
				end;
			</OnLoad>
		</Scripts>
	</Frame>
	
	<!-- ================================= AUTEUR ET WEBSITE ================================ -->
	<Frame name="AuthorFrameTemplate" virtual="true">
		<Layers>
			<Layer level="ARTWORK">
				<FontString name="$parent_Text" text="" inherits="GameFontNormalSmall" nonspacewrap="false" justifyh="LEFT" justifyv="TOP">
					<Anchors>
						<Anchor point="TOPLEFT" relativeTo="$parent" relativePoint="TOPLEFT">
							<Offset><AbsDimension x="0" y="0"/></Offset>
						</Anchor>
					</Anchors>
					<Color r="0.6" g="0.6" b="0.8" a="1"/>
				</FontString>
			</Layer>
		</Layers>
		<Scripts>
			<OnLoad>
				self.SetText=function(self,arg)
					_G[self:GetName().."_Text"]:SetText(arg);
				end;
			</OnLoad>
		</Scripts>
	</Frame>
</Ui>