<?xml version="1.0" encoding="utf-8"?>
<Ui xmlns="http://www.blizzard.com/wow/ui/" xmlns:xsi="http://www.w3.org/2001/XMLSchema-instance" xsi:schemaLocation="http://www.blizzard.com/wow/ui/ ..\FrameXML\UI.xsd">
  <GameTooltip name="TitanClanTooltip" inherits="GameTooltipTemplate" parent="UIParent" hidden="true" />
  <Frame parent="UIParent">
    <Frames>
      <Button name="TitanPanelClanButton" inherits="TitanPanelComboTemplate" frameStrata="FULLSCREEN" toplevel="true">
        <Scripts>
          <OnLoad>
						TitanPanelClanButton_OnLoad( self );
						TitanPanelButton_OnLoad( self );
					</OnLoad>
          <OnEvent>
						TitanPanelClanButton_OnEvent( self, event, ... );
					</OnEvent>
          <OnEnter>
                         TitanPanelButton_OnEnter( self );
                    </OnEnter>
          <OnClick>
						TitanPanelClanButton_OnClick( self, button );
                        TitanPanelButton_OnClick( self, button );
					</OnClick>
        </Scripts>
      </Button>
    </Frames>
  </Frame>
</Ui>