<Ui xmlns="http://www.blizzard.com/wow/ui/" xmlns:xsi="http://www.w3.org/2001/XMLSchema-instance" xsi:schemaLocation="http://www.blizzard.com/wow/ui/
..\FrameXML\UI.xsd">

<Script file="Libs\LibStub\LibStub.lua"/>
<Script file="Libs\LibPeriodicTable-3.1\LibPeriodicTable-3.1.lua"/>
<Script file="Libs\LibPeriodicTable-3.1-Consumable\LibPeriodicTable-3.1-Consumable.lua"/>
<Script file="Libs\LibPeriodicTable-3.1-TradeskillResultMats\LibPeriodicTable-3.1-TradeskillResultMats.lua"/>
<Include file="Libs\CallbackHandler-1.0\CallbackHandler-1.0.xml" />
<Include file="Libs\AceAddon-3.0\AceAddon-3.0.xml" />
<Include file="Libs\AceDB-3.0\AceDB-3.0.xml" />
<Include file="Libs\AceDBOptions-3.0\AceDBOptions-3.0.xml" />
<Include file="Libs\AceGUI-3.0\AceGUI-3.0.xml" />
<Include file="Libs\AceConfig-3.0\AceConfig-3.0.xml" />

</Ui>
