<Ui xmlns="http://www.blizzard.com/wow/ui/">
	<!-- Button Templates -->
	<Button name="PetTrackerTamerEntry" inherits="PetTrackerModelEntry" virtual="true">
		<Scripts>
			<OnClick>
				PetTrackerTamerJournal:SetTamer(self.tamer)
			</OnClick>
		</Scripts>
	</Button>

	<Button name="PetTrackerTamerTab" inherits="PaperDollSidebarTabTemplate" virtual="true">
		<Scripts>
			<OnLoad>
				self.Icon:SetTexCoord(0.109375, 0.890625, 0.09375, 0.90625)
			</OnLoad>
			<OnEnter>
				GameTooltip:SetOwner(self, 'ANCHOR_RIGHT')
				GameTooltip:SetText(self.tip, 1, 1, 1)
			</OnEnter>
			<OnClick>
				PetTrackerTamerJournal:SetTab(self:GetID())
			</OnClick>
		</Scripts>
	</Button>

	<!-- Frame -->
	<Frame name="PetTrackerTamerJournal" parent="PetJournalParent" setAllPoints="true" hidden="true">
		<Frames>
			<Frame parentKey="Count" useParentLevel="true" inherits="InsetFrameTemplate3">
				<Size x="130" y="20"/>
				<Anchors>
					<Anchor point="TOPLEFT" x="70" y="-35"/>
				</Anchors>
				<Layers>
					<Layer level="ARTWORK">
						<FontString parentKey="Number" inherits="GameFontHighlightSmall" justifyH="RIGHT">
							<Anchors>
								<Anchor point="RIGHT" x="-10" y="0"/>
							</Anchors>
						</FontString>
						<FontString parentKey="Label" inherits="GameFontNormalSmall" text="Total Tamers" justifyH="LEFT">
							<Anchors>
								<Anchor point="LEFT" x="10" y="0"/>
								<Anchor point="RIGHT" relativeKey="$parent.Number" relativePoint="LEFT" x="-3" y="0"/>
							</Anchors>
						</FontString>
					</Layer>
				</Layers>
			</Frame>

			<Frame name="$parentListInset" useParentLevel="true" inherits="InsetFrameTemplate" parentKey="ListInset">
				<Size x="260" y="496"/>
				<Anchors>
					<Anchor point="TOPLEFT" x="4" y="-60" />
					<Anchor point="BOTTOMLEFT" x="4" y="26" />
				</Anchors>
			</Frame>

			<EditBox name="$parentSearchBox" inherits="SearchBoxTemplate" parentKey="SearchBox" letters="50">
				<Size x="237" y="20"/>
				<Anchors>
					<Anchor point="TOPLEFT" relativeTo="$parentListInset" x="15" y="-9"/>
				</Anchors>
			</EditBox>

			<ScrollFrame name="$parentList" parentKey="List" inherits="HybridScrollFrameTemplate">
				<Anchors>
					<Anchor point="TOPLEFT" relativeTo="$parentListInset" x="3" y="-36"/>
					<Anchor point="BOTTOMRIGHT" relativeTo="$parentListInset" x="-2" y="5"/>
				</Anchors>
				<Frames>
					<Slider name="$parentScrollBar" inherits="HybridScrollBarTrimTemplate" parentKey="scrollBar">
						<Anchors>
							<Anchor point="TOPLEFT" relativePoint="TOPRIGHT" x="4" y="20"/>
							<Anchor point="BOTTOMLEFT" relativePoint="BOTTOMRIGHT" x="4" y="11"/>
						</Anchors>
						<Scripts>
							<OnLoad>
								self.trackBG:Show();
								self.trackBG:SetVertexColor(0, 0, 0, 0.75);
							</OnLoad>
						</Scripts>
					</Slider>
				</Frames>
			</ScrollFrame>
			
			<Frame parentKey="Card" name="$parentCard" useParentLevel="true" inherits="InsetFrameTemplate">
				<Size x="411" y="171"/>
				<Anchors>
					<Anchor point="TOPRIGHT" x="-6" y="-60" />
				</Anchors>

				<Frames>
					<PlayerModel parentKey="model" name="$parentModel" inherits="ModelTemplate" useParentLevel="true">
						<Size x="95" y="150"/>
						<Anchors>
							<Anchor point="TOPLEFT" x="90" y="-20"/>
						</Anchors>
						<Scripts>
							<OnLoad function="Model_OnLoad"/>
							<OnEvent function="Model_OnEvent"/>
						</Scripts>
					</PlayerModel>

					<Frame parentKey="quest">
						<Size x="100" y="30"/>
						<Anchors>
							<Anchor point="TOPRIGHT" x="-10" y="-10"/>
						</Anchors>
						<Layers>
							<Layer level="OVERLAY">
								<Texture parentKey="ring" file="Interface\TalentFrame\talent-main">
									<Size x="27" y="27"/>
									<Anchors>
										<Anchor point="TOPRIGHT"/>
									</Anchors>
									<TexCoords left="0.50000000" right="0.91796875" top="0.00195313" bottom="0.21093750"/>
								</Texture>
								<Texture parentKey="icon" file="Interface/GossipFrame/DailyQuestIcon">
									<Size x="16" y="16"/>
									<Anchors>
										<Anchor point="CENTER" relativeKey="$parent.ring" x="-0.5"/>
									</Anchors>
								</Texture>
								<FontString parentKey="status" inherits="GameFontHighlight" justifyH="RIGHT">
									<Anchors>
										<Anchor point="RIGHT" relativeKey="$parent.ring" relativePoint="LEFT"/>
									</Anchors>
								</FontString>
							</Layer>
							<Layer level="BACKGROUND">
								<Texture parentKey="bg" blendMode="DISABLE" file="Interface/Glues/Models/UI_Tauren/BlackGlow01">
									<Size x="40" y="40"/>
									<Anchors>
										<Anchor point="CENTER" relativeKey="$parent.ring"/>
									</Anchors>
								</Texture>
							</Layer>
						</Layers>
						<Scripts>
							<OnEnter>
								GameTooltip:SetOwner(self, 'ANCHOR_BOTTOMRIGHT')
								GameTooltip:SetHyperlink('quest:' .. tostring(self.id))
							</OnEnter>
							<OnLeave>
								GameTooltip:Hide()
							</OnLeave>
						</Scripts>
					</Frame>
				</Frames>

				<Layers>
					<Layer level="BACKGROUND">
						<Texture name="$parentBG" file="Interface\PetBattles\PetJournal">
							<Anchors>
								<Anchor point="TOPLEFT" x="3" y="-3"/>
							</Anchors>
							<Size x="405" y="166"/>	
							<TexCoords left="0.00195313" right="0.79882813" top="0.59277344" bottom="0.75976563"/>
						</Texture>	
					</Layer>
					<Layer level="BORDER">
						<Texture name="$parentShadow" file="Interface\PetBattles\PetJournal">
							<Anchors>
								<Anchor point="TOPLEFT" x="35" y="-85"/>
							</Anchors>
							<Size x="207" y="108"/>	
							<TexCoords left="0.52734375" right="0.79687500" top="0.02246094" bottom="0.09277344"/>
						</Texture>
					</Layer>
					<Layer level="OVERLAY">
						<FontString parentKey="name" inherits="GameFontNormal" justifyH="LEFT" justifyV="BOTTOM">
							<Anchors>
								<Anchor point="TOPLEFT" x="10" y="-10"/>
							</Anchors>
						</FontString>
						<FontString  parentKey="zone" inherits="GameFontHighlightSmall" justifyH="LEFT">
							<Anchors>
								<Anchor point="TOPLEFT" relativePoint="BOTTOMLEFT" relativeKey="$parent.name" x="0" y="-2"/>
							</Anchors>
						</FontString>
					</Layer>
				</Layers>
			</Frame>

			<Button parentKey="Tab3" inherits="PetTrackerTamerTab" id="3">
				<Anchors>
					<Anchor relativeKey="$parent.Card" point="BOTTOM" relativePoint="TOPRIGHT" x="-40" y="-1"/>
				</Anchors>
			</Button>
			<Button parentKey="Tab2" inherits="PetTrackerTamerTab" id="2">
				<Anchors>
					<Anchor point="RIGHT" relativeKey="$parent.Tab3" relativePoint="LEFT" x="-4"/>
				</Anchors>
			</Button>
			<Button parentKey="Tab1" inherits="PetTrackerTamerTab" id="1">
				<Anchors>
					<Anchor point="RIGHT" relativeKey="$parent.Tab2" relativePoint="LEFT" x="-4"/>
				</Anchors>
			</Button>

			<Frame parentKey="Team" name="$parentTeam" useParentLevel="true" inherits="InsetFrameTemplate">
				<Anchors>
					<Anchor point="TOPRIGHT" x="-6" y="-252"/>
					<Anchor point="BOTTOMLEFT" relativeTo="$parentListInset" relativePoint="BOTTOMRIGHT" x="20" y="0"/>
				</Anchors>

				<Frames>
					<Frame parentKey="Border" inherits="PetTrackerTitledSlotBorder">
						<Anchors>
							<Anchor point="TOP"/>
						</Anchors>
					</Frame>
				</Frames>
			</Frame>

			<ScrollFrame parentKey="Map" name="$parentMap" useParentLevel="true">
				<Anchors>
					<Anchor point="TOPRIGHT" x="-9" y="-255"/>
					<Anchor point="BOTTOMLEFT" relativeTo="$parentListInset" relativePoint="BOTTOMRIGHT" x="24" y="4"/>
				</Anchors>
				<Frames>
					<Frame name="$parentShadow" inherits="ShadowOverlayTemplate" setAllPoints="true"/>
					<Frame name="$parentBorder" inherits="InsetFrameTemplate">
						<Anchors>
							<Anchor point="TOPRIGHT" x="3" y="3"/>
							<Anchor point="BOTTOMLEFT" x="-4" y="-4"/>
						</Anchors>
						<Scripts>
							<OnLoad>self.Bg:Hide()</OnLoad>
						</Scripts>
					</Frame>
				</Frames>
				<Scripts>
					<OnMouseDown>
						CloseAllWindows()
						WorldMapFrame:Show()
						SetMapByID(self:GetParent().List.selected.zone)
					</OnMouseDown>
				</Scripts>
			</ScrollFrame>

			<Frame parentKey="History" name="$parentHistory" useParentLevel="true" inherits="InsetFrameTemplate">
				<Anchors>
					<Anchor point="TOPRIGHT" x="-6" y="-60"/>
					<Anchor point="BOTTOMLEFT" relativeTo="$parentListInset" relativePoint="BOTTOMRIGHT" x="20" y="0"/>
				</Anchors>
				<Layers>
					<Layer level="BACKGROUND">
						<Texture file="Interface\PetBattles\MountJournal-BG" setAllPoints="true">
							<TexCoords left="0" right="0.78515625" top="0" bottom="1"/>	
							<Anchors>
								<Anchor point="TOPLEFT"  x="3" y="-3"/>
								<Anchor point="BOTTOMRIGHT" x="-3" y="3"/>
							</Anchors>
						</Texture>
					</Layer>
					<Layer level="OVERLAY">
						<FontString parentKey="Empty" inherits="GameFontHighlightLarge" JustifyH="CENTER">
							<Size x="280" y="80"/>
							<Anchors>
								<Anchor point="CENTER" x="0" y="0"/>
							</Anchors>
						</FontString>
					</Layer>
				</Layers>
				<Frames>
					<Frame inherits="ShadowOverlayTemplate" useParentLevel="true" setAllPoints="true">
						<Anchors>
							<Anchor point="TOPLEFT"  x="3" y="-3"/>
							<Anchor point="BOTTOMRIGHT" x="-3" y="3"/>
						</Anchors>
					</Frame>
					<Button parentKey="LoadButton" name="$parentLoadButton" inherits="MagicButtonTemplate" text="Load Team">
						<Size x="140" y="22"/>
						<Anchors>
							<Anchor point="BOTTOMRIGHT" relativeTo="PetTrackerTamerJournal"/>
						</Anchors>
						<Scripts>
							<OnClick>
								self:GetParent():LoadTeam()
							</OnClick>
						</Scripts>
					</Button>
				</Frames>
			</Frame>
		</Frames>
	</Frame>
</Ui>