﻿<Ui xmlns:xsi="http://www.w3.org/2001/XMLSchema-instance" xmlns:xsd="http://www.w3.org/2001/XMLSchema" xmlns="http://www.blizzard.com/wow/ui/">
	<Script file="Report-Frame.lua" />
	<Frame name="BLTRCD_MAIN" parent="UIParent" movable="true" frameStrata="DIALOG" enableMouse="true">
		<Size>
			<AbsDimension x="800" y="500" />
		</Size>
		<Anchors>
			<Anchor point="CENTER" />
		</Anchors>
		<Backdrop bgFile="Interface\DialogFrame\UI-DialogBox-Background" edgeFile="Interface\DialogFrame\UI-DialogBox-Border" tile="true">
			<BackgroundInsets>
				<AbsInset left="11" right="11" top="12" bottom="10" />
			</BackgroundInsets>
			<TileSize>
				<AbsValue val="32" />
			</TileSize>
			<EdgeSize>
				<AbsValue val="32" />
			</EdgeSize>
		</Backdrop>
		<Layers>
			<Layer>
				<Texture file="Interface\DialogFrame\UI-DialogBox-Header">
					<Size>
						<AbsDimension x="343" y="75" />
					</Size>
					<Anchors>
						<Anchor point="TOP">
							<Offset x="5" y="13" />
						</Anchor>
					</Anchors>
				</Texture>
			</Layer>
			<Layer level="OVERLAY">
				<FontString name="BLTRCD_TITLE" inherits="GameFontNormalCenter" text="BLTRaidCooldowns">
					<Size>
						<AbsDimension x="152" y="20" />
					</Size>
					<Anchors>
						<Anchor point="TOP">
							<Offset x="4" y="-1" />
						</Anchor>
					</Anchors>
				</FontString>
			</Layer>
		</Layers>
		<Frames>
			<Button name="BUTTON_CLOSE" inherits="UIPanelButtonTemplate" text="Okay">
				<Size x="75" y="23" />
				<Anchors>
					<Anchor point="TOPLEFT">
						<Offset x="705" y="-462" />
					</Anchor>
				</Anchors>
				<Scripts>
					<OnClick>
						self:GetParent():Hide()
					</OnClick>
				</Scripts>
			</Button>
			<Frame name="BLTRCD_LIST">
				<Size x="132" y="418" />
				<Anchors>
					<Anchor point="TOPLEFT">
						<Offset x="19" y="-36" />
					</Anchor>
				</Anchors>
				<Backdrop bgFile="Interface\DialogFrame\UI-DialogBox-Background" edgeFile="Interface\DialogFrame\UI-DialogBox-Border" tile="true">
					<BackgroundInsets>
						<AbsInset left="5" right="5" top="5" bottom="5" />
					</BackgroundInsets>
					<TileSize>
						<AbsValue val="32" />
					</TileSize>
					<EdgeSize val="16" />
				</Backdrop>
				<Frames>
					<Button name="BUTTON_GLOBAL" inherits="UIPanelButtonTemplate" text="GLOBAL">
						<Size x="111" y="23" />
						<Anchors>
							<Anchor point="TOPLEFT">
								<Offset x="10" y="-12" />
							</Anchor>
						</Anchors>
						<Scripts>
							<OnClick>
								BUTTON_GLOBAL_OnClick()
							</OnClick>
						</Scripts>
					</Button>
					<Button name="BUTTON_AOE_HEAL" inherits="UIPanelButtonTemplate" text="AOE_HEAL">
						<Size x="111" y="23" />
						<Anchors>
							<Anchor point="TOPLEFT">
								<Offset x="10" y="-41" />
							</Anchor>
						</Anchors>
						<Scripts>
							<OnClick>
								BUTTON_AOE_HEAL_OnClick()
							</OnClick>
						</Scripts>
					</Button>
					<Button name="BUTTON_SINGLE_HEAL" inherits="UIPanelButtonTemplate" text="SINGLE_HEAL">
						<Size x="111" y="23" />
						<Anchors>
							<Anchor point="TOPLEFT">
								<Offset x="10" y="-70" />
							</Anchor>
						</Anchors>
						<Scripts>
							<OnClick>
								BUTTON_SINGLE_HEAL_OnClick()
							</OnClick>
						</Scripts>
					</Button>
					<Button name="BUTTON_MANA" inherits="UIPanelButtonTemplate" text="MANA_REGEN">
						<Size x="111" y="23" />
						<Anchors>
							<Anchor point="TOPLEFT">
								<Offset x="10" y="-99" />
							</Anchor>
						</Anchors>
						<Scripts>
							<OnClick>
								BUTTON_MANA_OnClick()
							</OnClick>
						</Scripts>
					</Button>
					<Button name="BUTTON_DPS" inherits="UIPanelButtonTemplate" text="DPS">
						<Size x="111" y="23" />
						<Anchors>
							<Anchor point="TOPLEFT">
								<Offset x="10" y="-129" />
							</Anchor>
						</Anchors>
						<Scripts>
							<OnClick>
								BUTTON_DPS_OnClick()
							</OnClick>
						</Scripts>
					</Button>
					<Button name="BUTTON_REZ" inherits="UIPanelButtonTemplate" text="REZ">
						<Size x="111" y="23" />
						<Anchors>
							<Anchor point="TOPLEFT">
								<Offset x="10" y="-158" />
							</Anchor>
						</Anchors>
						<Scripts>
							<OnClick>
								BUTTON_REZ_OnClick()
							</OnClick>
						</Scripts>
					</Button>
					<Button name="BUTTON_DEFENSIVE" inherits="UIPanelButtonTemplate" text="DEFENSIVE">
						<Size x="111" y="23" />
						<Anchors>
							<Anchor point="TOPLEFT">
								<Offset x="10" y="-187" />
							</Anchor>
						</Anchors>
						<Scripts>
							<OnClick>
								BUTTON_DEFENSIVE_OnClick()
							</OnClick>
						</Scripts>
					</Button>
					<Button name="BLTRCD_ENGAGE" inherits="UIPanelButtonTemplate" text="Boss Start">
						<Size x="111" y="23" />
						<Anchors>
							<Anchor point="TOPLEFT">
								<Offset x="10" y="-246" />
							</Anchor>
						</Anchors>
						<Scripts>
							<OnClick>
								BLTRCD_ENGAGE_OnClick()
							</OnClick>
						</Scripts>
					</Button>
					<Button name="BLTRCD_DISENGAGE" inherits="UIPanelButtonTemplate" text="Boss End">
						<Size x="111" y="23" />
						<Anchors>
							<Anchor point="TOPLEFT">
								<Offset x="10" y="-275" />
							</Anchor>
						</Anchors>
						<Scripts>
							<OnClick>
								BLTRCD_DISENGAGE_OnClick()
							</OnClick>
						</Scripts>
					</Button>
					<Button name="BUTTON_MISC" inherits="UIPanelButtonTemplate" text="MISC">
						<Size x="111" y="23" />
						<Anchors>
							<Anchor point="TOPLEFT">
								<Offset x="10" y="-217" />
							</Anchor>
						</Anchors>
						<Scripts>
							<OnClick>
								BUTTON_MISC_OnClick()
							</OnClick>
						</Scripts>
					</Button>
					<Button name="BUTTON_FIGHT" inherits="UIDropDownMenuTemplate">
						<Size x="100" y="23" />
						<Anchors>
							<Anchor point="TOPLEFT">
								<Offset x="-8" y="-307" />
							</Anchor>
						</Anchors>
						<Scripts>
							<OnLoad>
								UIDropDownMenu_Initialize(self, BLTRCD.BUTTON_FIGHT_OnLoad);
								UIDropDownMenu_SetWidth(self, 95, 0);
							</OnLoad>
							<OnClick>
								BUTTON_FIGHT_OnClick();
							</OnClick>
						</Scripts>
					</Button>
				</Frames>
			</Frame>
			<Frame name="BLTRCD_DISPLAY">
				<Size x="623" y="418" />
				<Anchors>
					<Anchor point="TOPLEFT">
						<Offset x="157" y="-36" />
					</Anchor>
				</Anchors>
				<Backdrop bgFile="Interface\DialogFrame\UI-DialogBox-Background" edgeFile="Interface\DialogFrame\UI-DialogBox-Border" tile="true">
					<BackgroundInsets>
						<AbsInset left="5" right="5" top="5" bottom="5" />
					</BackgroundInsets>
					<TileSize>
						<AbsValue val="32" />
					</TileSize>
					<EdgeSize val="16" />
				</Backdrop>
				<Layers>
					<Layer>
						<Texture file="Interface\DialogFrame\UI-DialogBox-Header">
							<Size x="425" y="70" />
							<Anchors>
								<Anchor point="TOPLEFT">
									<Offset x="99" y="-394" />
								</Anchor>
							</Anchors>
						</Texture>
					</Layer>
					<Layer level="OVERLAY">
						<FontString name="BLTRCD_ACTIVE_NAME" inherits="GameFontNormal" text="">
							<Size x="200" y="20" />
							<Anchors>
								<Anchor point="TOPLEFT">
									<Offset x="211" y="-407" />
								</Anchor>
							</Anchors>
						</FontString>
					</Layer>
				</Layers>
				<Frames>
					<ScrollingMessageFrame name="BLTRCD_MESSAGE" enableMouse="true" enableKeyboard="true" fade="false" maxLines="500">
						<FontString font="Fonts\FRIZQT__.TTF" justifyV="TOP" justifyH="LEFT">
							<FontHeight>
								<AbsValue val="12" />
							</FontHeight>
							<Color r="1" g="1" b="1" />
							<Shadow>
								<Color r="0" g="0" b="0" />
								<Offset>
									<AbsDimension x="1" y="-1" />
								</Offset>
							</Shadow>
						</FontString>
						<Size x="575" y="375" />
						<Anchors>
							<Anchor point="TOPLEFT">
								<Offset x="14" y="-12" />
							</Anchor>
						</Anchors>
						<Scripts>
							<OnLoad>
								BLTRCD_MESSAGE_OnLoad()
							</OnLoad>
							<OnShow>
								BLTRCD_MESSAGE_OnShow()
							</OnShow>
						</Scripts>
					</ScrollingMessageFrame>
					<Slider name="BLTRCD_SCROLLBAR" inherits="UIPanelScrollBarTemplate" minValue="0" maxValue="0">
						<Size x="20" y="361" />
						<Anchors>
							<Anchor point="TOPLEFT">
								<Offset x="595" y="-26" />
							</Anchor>
						</Anchors>
						<Scripts>
							<OnLoad>
								BLTRCD_SCROLLBAR_OnLoad()
							</OnLoad>
						</Scripts>
					</Slider>
				</Frames>
				<Scripts>
					<OnMouseWheel>
						BLTRCD_DISPLAY_OnMouseWheel(self, delta)
					</OnMouseWheel>
				</Scripts>
			</Frame>
		</Frames>
		<Scripts>
			<OnDragStop>
				self:StopMovingOrSizing();
			</OnDragStop>
			<OnDragStart>
				self:StartMoving();
			</OnDragStart>
			<OnLoad>
				self:RegisterForDrag("LeftButton");
				tinsert(UISpecialFrames, self:GetName());
			</OnLoad>
		</Scripts>
	</Frame>
</Ui>