<Ui xmlns="http://www.blizzard.com/wow/ui/" xmlns:xsi="http://www.w3.org/2001/XMLSchema-instance" xsi:schemaLocation="http://www.blizzard.com/wow/ui/
..\FrameXML\UI.xsd">

	<Script file="MinArchDigsites.lua"/>

	<Frame name="MinArchDigsites"  inherits="MATBasic" frameStrata="MEDIUM" enableMouse="true" clampedToScreen="true" movable="true" visible="true" parent="UIParent">
		<size x="300" y="310" />
		<Anchors>
			<Anchor point="CENTER" relativePoint="CENTER" relativeTo="UIParent" />
		</Anchors>
		<Frames>
			<Frame name="$parentGrad">
				<size x="277" y="37" />
				<Anchors>
					<Anchor point="TOPLEFT" relativePoint="TOPLEFT" relativeTo="$parent" x="12" y="-10"/>
				</Anchors>
				<Scripts>
					<OnLoad>
						self.bg = self:CreateTexture(nil, "BACKGROUND");
						self.bg:SetAllPoints(true);
						self.bg:SetTexture(0, 0, 0, 0.70);
						self.bg:SetGradientAlpha("VERTICAL", 0, 0, 0, 1.0, 0, 0, 0, 0.25)
					</OnLoad>
				</Scripts>
			</Frame>
		
			<Button name="$parentKalimdorButton" inherits="MinArchKalimdorButtonTemplate" parentKey="kalimdorButton" />
			<Button name="$parentEasternButton" inherits="MinArchEasterButtonTemplate" parentKey="easternButton" />
			<Button name="$parentOutlandsButton" inherits="MinArchOutlandsButtonTemplate" parentKey="outlandsButton" />
			<Button name="$parentNorthrendButton" inherits="MinArchNorthrendButtonTemplate" parentKey="northrendButton" />
			<Button name="$parentPandariaButton" inherits="MinArchPandariaButtonTemplate" parentKey="pandariaButton" />
			
		</Frames>
		<Scripts>
			<OnLoad>
				MinArch:CommonFrameLoad(self);
				MinArch:InitDigsites(self);
				self:Hide();
			</OnLoad>
			<OnEvent>
				MinArch:EventDigsites(event, ...);
			</OnEvent>
		</Scripts>
	</Frame>
	
	<Frame name="MinArchMapFrame1" frameStrata="HIGH" visible="false" parent="WorldMapDetailFrame">
		<size x="32" y="32" />
		<Layers>
			<Layer level="ARTWORK">
				<Texture name="$parentIcon" parentKey="icon">
					<size x="15" y="15" />
					<Anchors>
						<Anchor point="TOPRIGHT" relativePoint="TOPRIGHT" relativeTo="$parent" x="0" y="0" />
					</Anchors>
				</Texture>
			</Layer>
		</Layers>
		<Scripts>
			<OnLoad>
				self:Hide();
			</OnLoad>
		</Scripts>
	</Frame>
	
	<Frame name="MinArchMapFrame2" frameStrata="HIGH" visible="false" parent="WorldMapDetailFrame">
		<size x="32" y="32" />
		<Layers>
			<Layer level="ARTWORK">
				<Texture name="$parentIcon" parentKey="icon">
					<size x="15" y="15" />
					<Anchors>
						<Anchor point="TOPRIGHT" relativePoint="TOPRIGHT" relativeTo="$parent" x="0" y="0" />
					</Anchors>
				</Texture>
			</Layer>
		</Layers>
		<Scripts>
			<OnLoad>
				self:Hide();
			</OnLoad>
		</Scripts>
	</Frame>
	
	<Frame name="MinArchMapFrame3" frameStrata="HIGH" visible="false" parent="WorldMapDetailFrame">
		<size x="32" y="32" />
		<Layers>
			<Layer level="ARTWORK">
				<Texture name="$parentIcon" parentKey="icon">
					<size x="15" y="15" />
					<Anchors>
						<Anchor point="TOPRIGHT" relativePoint="TOPRIGHT" relativeTo="$parent" x="0" y="0" />
					</Anchors>
				</Texture>
			</Layer>
		</Layers>
		<Scripts>
			<OnLoad>
				self:Hide();
			</OnLoad>
		</Scripts>
	</Frame>
	
	<Frame name="MinArchMapFrame4" frameStrata="HIGH" visible="false" parent="WorldMapDetailFrame">
		<size x="32" y="32" />
		<Layers>
			<Layer level="ARTWORK">
				<Texture name="$parentIcon" parentKey="icon">
					<size x="16" y="16" />
					<Anchors>
						<Anchor point="TOPRIGHT" relativePoint="TOPRIGHT" relativeTo="$parent" x="0" y="0" />
					</Anchors>
				</Texture>
			</Layer>
		</Layers>
		<Scripts>
			<OnLoad>
				self:Hide();
			</OnLoad>
		</Scripts>
	</Frame>

	<!-- No digsites on continent 5 (The Maelstrom), so no button for it -->
	
	<Frame name="MinArchMapFrame6" frameStrata="HIGH" visible="false" parent="WorldMapDetailFrame">
		<size x="32" y="32" />
		<Layers>
			<Layer level="ARTWORK">
				<Texture name="$parentIcon" parentKey="icon">
					<size x="16" y="16" />
					<Anchors>
						<Anchor point="TOPRIGHT" relativePoint="TOPRIGHT" relativeTo="$parent" x="0" y="0" />
					</Anchors>
				</Texture>
			</Layer>
		</Layers>
		<Scripts>
			<OnLoad>
				self:Hide();
			</OnLoad>
		</Scripts>
	</Frame>
</Ui>
