<Ui xmlns="http://www.blizzard.com/wow/ui" xmlns:xsi="http://www.w3.org/2001/XMLSchema-instance">
    <Frame name="Farmed" toplevel="true" hidden ="false" frameStrata="HIGH" enableMouse="true" movable="true" parent="UIParent" clampedToScreen = "true">
        <Size>
            <AbsDimension x="210" y="100"/>
        </Size>
        <Anchors>
            <Anchor point="CENTER"/>
        </Anchors>
        <Backdrop edgeFile="Interface\Tooltips\UI-Tooltip-Border" 
            bgFile="Interface\Tooltips\UI-Tooltip-Background">
            <BackgroundInsets>
                <AbsInset left="4" right="4" top="4" bottom="4"/>
            </BackgroundInsets>
            <EdgeSize>
                <AbsValue val="16"/>
            </EdgeSize>
            <Color r="0" g="0" b="0" a="0.4"/>
            <BorderColor r="1" g="0.8" b="0" a="0.8"/>
        </Backdrop>
        
        <Layers>
            <Layer level = "OVERLAY">

	   <Texture name="$parent_TitleBorder" file="Interface\DialogFrame\UI-DialogBox-Header">
	          <Size>
	            <AbsDimension x="100" y="32" />
	          </Size>
	          <Anchors>
	            <Anchor point="TOP">
	              <Offset>
	                <AbsDimension x="0" y="15" />
	              </Offset>
	            </Anchor>
	          </Anchors>
	          <TexCoords left="0.2" right="0.8" top="0" bottom="0.6" />
	        </Texture>
	   	
                <FontString name="$parent_Title" inherits="GameFontNormal" text="Farmed">
			<Shadow>
				<offset>
					<AbsDimension x="1" y="1"/>
				</offset>
				<color r="0" g="0" b="0"/>
			</Shadow>
	                <Anchors>
	                    <Anchor point="TOP">
				<Offset>
	                			<AbsDimension x="0" y="5" />
	              		</Offset>
	                     </Anchor>
	                </Anchors>
		</FontString>]
	
		
            </Layer>
        </Layers>
        
        
        
        <Scripts>
            <OnLoad>
                farmed_OnLoad(self);
            </OnLoad>
            <OnEvent>
				farmed_event(event,...);
	   </OnEvent>
            
            
            <OnMouseDown>
                if (button == "LeftButton" ) then
                    self:StartMoving();
                    self.IsMoving=true;
                end
            </OnMouseDown>
            <OnMouseUp>
                if (self.IsMoving) then
                    self:StopMovingOrSizing();
                    self.IsMoving=false;
                end
            </OnMouseUp>
            <OnHide>
                if (self.IsMoving) then
                    self:StopMovingOrSizing();
                    self.IsMoving=false;
                end
            </OnHide>
        </Scripts>
        <Frames>
		<Button name="$parent_hide" inherits="OptionsButtonTemplate" text="X">
			<Size><AbsDimension x="24" y ="24"/> </Size>
			<Anchors>
	                    <Anchor point="TOP">
				<Offset>
	                			<AbsDimension x="55" y="9" />
	              		</Offset>
	                     </Anchor>
	                </Anchors>
			<Scripts>
				<OnClick> farmed_hide();</OnClick>
			</Scripts>
		</Button>
		<Button name="$parent_opt" inherits="OptionsButtonTemplate" text="O">
			<Size><AbsDimension x="24" y ="24"/> </Size>
			<Anchors>
	                    <Anchor point="TOP">
				<Offset>
	                			<AbsDimension x="80" y="9" />
	              		</Offset>
	                     </Anchor>
	                </Anchors>
			<Scripts>
				<OnClick> InterfaceOptionsFrame_OpenToCategory(farmed_config.optdlg);</OnClick>
			</Scripts>
		</Button>
		<SimpleHTML name="$parent_html">
			<Size><AbsDimension x="190" y ="85"  /> </Size>
			<FontString inherits="GameFontNormalSmall"/>
			<FontStringHeader1 inherits="GameFontHighlightLarge"/>
			<FontStringHeader2 inherits="GameFontHighligh"/>
			<FontStringHeader2 inherits="GameFontHighlightSmall"/>
			<Anchors>
	                    <Anchor point="TOPLEFT">
				<Offset>
	                			<AbsDimension x="10" y="-15" />
	              		</Offset>
	                     </Anchor>
	                </Anchors>
			<Scripts>
				<OnHyperlinkEnter>
					farmed_showitem(arg1);
				</OnHyperlinkEnter>
				<OnHyperlinkLeave>
					GameTooltip:Hide();
				</OnHyperlinkLeave>
			</Scripts>
		</SimpleHTML>
	</Frames>
     </Frame>   

	<GameTooltip name="FarmedScanningTooltip" inherits="GameTooltipTemplate">
	<Scripts>
	<Onload>
	self:SetOwner(UIParent, "ANCHOR_NONE");
	</Onload>
	</Scripts>
	</GameTooltip>
</Ui>
