<Ui xmlns="http://www.blizzard.com/wow/ui/" xmlns:xsi="http://www.w3.org/2001/XMLSchema-instance" xsi:schemaLocation="http://www.blizzard.com/wow/ui/..\FrameXML\UI.xsd">
<!--@no-lib-strip@-->
<Script file="libs\LibStub\LibStub.lua"/>
<Include file="libs\CallbackHandler-1.0\CallbackHandler-1.0.xml"/>
<Include file="libs\AceGUI-3.0\AceGUI-3.0.xml"/>
<Include file="libs\AceConfig-3.0\AceConfig-3.0.xml"/>
<Include file="libs\AceConsole-3.0\AceConsole-3.0.xml"/>
<Include file="libs\LibMapData-1.0\library.lua"/>
<!--@end-no-lib-strip@-->
<Script file="libs\LibDataBroker-1.1\LibDataBroker-1.1.lua"/>
<Script file="libs\LibDBIcon-1.0\LibDBIcon-1.0.lua"/>
</Ui>
