<Ui xmlns="http://www.blizzard.com/wow/ui/" xmlns:xsi="http://www.w3.org/2001/XMLSchema-instance" xsi:schemaLocation="http://www.blizzard.com/wow/ui/
..\FrameXML\UI.xsd">
	<Script file="localization.lua"/>
	<Script file="tooltip.lua"/>
	<Script file="TitanSocial.lua"/>
	<Frame parent="UIParent">
		<Frames>
			<Button name="TitanPanelSocialButton" inherits="TitanPanelComboTemplate" frameStrata="FULLSCREEN" toplevel="true">
				<Scripts>
					<OnLoad>
						TitanPanelSocialButton_OnLoad(self);
						TitanPanelButton_OnLoad(self);
					</OnLoad>
					<OnEvent>
						TitanPanelSocialButton_OnEvent(self, event, ...);
					</OnEvent>
					<OnEnter>
						TitanPanelSocialButton_OnEnter(self);
					</OnEnter>
					<OnLeave>
						TitanPanelSocialButton_OnLeave(self)
					</OnLeave>
					<OnClick>
						TitanPanelSocialButton_OnClick(self, button);
						TitanPanelButton_OnClick(self, button);
					</OnClick>
				</Scripts>
		</Button>
		</Frames>
	</Frame>
</Ui>
