<Ui>
	<FontString name="SelectOptionsTextTemplate" inherits="GameFontHighlight" justifyH="LEFT" virtual="true">
		<Size x="480" y="0"/>
		<Color r=".85" g=".85" b=".85"/>
	</FontString>

	<Frame name="SelectOptionsPanel" parent="InterfaceOptionsFramePanelContainer" hidden="true">
		<Layers>
			<Layer level="ARTWORK">
				<FontString parentKey="title" inherits="GameFontNormalLarge" text="Select">
					<Anchors>
						<Anchor point="TOPLEFT" x="16" y="-16"/>
					</Anchors>
				</FontString>
				<FontString parentKey="version" inherits="GameFontNormalSmall">
					<Anchors>
						<Anchor point="BOTTOMLEFT" relativeKey="$parent.title" relativePoint="BOTTOMRIGHT" x="4" y="0"/>
					</Anchors>
				</FontString>
				<FontString inherits="GameFontHighlight" justifyH="LEFT" justifyV="TOP" text="This addon creates the /select macro command to cast items and spells among a list, and to change what to cast from a flyout.">
					<Size x="590" y="0"/>
					<Anchors>
						<Anchor point="TOPLEFT" x="16" y="-40"/>
					</Anchors>
				</FontString>
			</Layer>
		</Layers>
		<Frames>
			<ScrollFrame name="SelectOptionsScrollFrame" inherits="UIPanelScrollFrameTemplate">
				<Size x="590" y="700"/>
				<Anchors>
					<Anchor point="TOPLEFT" x="32" y="-80"/>
					<Anchor point="BOTTOMRIGHT" x="-32" y="10"/>
				</Anchors>
				<ScrollChild>
					<Frame>
						<Size x="500" y="800"/>
						<Frames>
							<!-- how to use frame -->
							<Frame parentKey="howto" inherits="InsetFrameTemplate3">
								<Size x="500" y="155"/>
								<Anchors>
									<Anchor point="TOPLEFT" x="16" y="-16"/>
								</Anchors>
								<Layers>
									<Layer level="ARTWORK">
										<FontString inherits="GameFontNormal" text="How to Use">
											<Anchors>
												<Anchor point="BOTTOM" relativePoint="TOP" x="0" y="2"/>
											</Anchors>
										</FontString>
										<FontString parentKey="line1" inherits="SelectOptionsTextTemplate" text="The /select macro command, like /castsequence, uses a list of items and spells separated by commas:">
											<Anchors>
												<Anchor point="TOPLEFT" x="10" y="-8"/>
											</Anchors>
										</FontString>
										<FontString parentKey="line2" inherits="ChatFontNormal" justifyH="CENTER" text="/select Golden Gryphon, Swift Razzashi Raptor, Magic Rooster, etc.">
											<Size x="480" y="0"/>
											<Anchors>
												<Anchor point="TOP" relativeKey="$parent.line1" relativePoint="BOTTOM" x="0" y="-10"/>
											</Anchors>
										</FontString>
										<FontString parentKey="line3" inherits="SelectOptionsTextTemplate" text="Unlike /castsequence that advances to the next item on each cast, /select will always use the currently selected item. For new macros it will be the first item listed in the /select.">
											<Anchors>
												<Anchor point="TOP" relativeKey="$parent.line2" relativePoint="BOTTOM" x="0" y="-10"/>
											</Anchors>
										</FontString>
										<FontString parentKey="line4" inherits="SelectOptionsTextTemplate" text="To change to a different item or spell, right-click the macro on your bars to summon a flyout and choose a new item or spell. Your macro will now use the new item until you decide to change it again.">
											<Size x="480" y="0"/>
											<Anchors>
												<Anchor point="TOP" relativeKey="$parent.line3" relativePoint="BOTTOM" x="0" y="-8"/>
											</Anchors>
										</FontString>
									</Layer>
								</Layers>
							</Frame>
							<!-- settings frame -->
							<Frame parentKey="settings" inherits="InsetFrameTemplate3">
								<Size x="500" y="172"/>
								<Anchors>
									<Anchor point="TOP" relativeKey="$parent.howto" relativePoint="BOTTOM" x="0" y="-28"/>
								</Anchors>
								<Layers>
									<Layer level="ARTWORK">
										<FontString inherits="GameFontNormal" text="Settings">
											<Anchors>
												<Anchor point="BOTTOM" relativePoint="TOP" x="0" y="2"/>
											</Anchors>
										</FontString>
										<FontString inherits="SelectOptionsTextTemplate" text="While the above is checked, when choosing an item or spell from the flyout, immediately use that action in addition to loading it onto your macro. This makes the flyouts behave more like default spell flyouts.">
											<Anchors>
												<Anchor point="TOP" x="0" y="-38"/>
											</Anchors>
										</FontString>
										<FontString inherits="SelectOptionsTextTemplate" text="Whether this option is checked or not, you can hold Alt as you click an item or spell in the flyout to use it. But while this is checked, holding Alt will prevent loading the action onto your macro. This is useful for seldom-used items like vendor mounts.">
											<Anchors>
												<Anchor point="TOP" x="0" y="-112"/>
											</Anchors>
										</FontString>
									</Layer>
								</Layers>
								<Frames>
									<CheckButton name="SelectOptionsUseWhenSelecting" inherits="UICheckButtonTemplate">
										<Anchors>
											<Anchor point="TOPLEFT" x="132" y="-8"/>
										</Anchors>
									</CheckButton>
									<CheckButton name="SelectOptionsDontSelectWithAlt" inherits="UICheckButtonTemplate">
										<Anchors>
											<Anchor point="TOPLEFT" x="132" y="-82"/>
										</Anchors>
									</CheckButton>
								</Frames>
							</Frame>
							<!-- search:keyword frame -->
							<Frame parentKey="searchkeyword" inherits="InsetFrameTemplate3">
								<Size x="500" y="396"/>
								<Anchors>
									<Anchor point="TOP" relativeKey="$parent.settings" relativePoint="BOTTOM" x="0" y="-28"/>
								</Anchors>
								<Layers>
									<Layer level="ARTWORK">
										<FontString inherits="GameFontNormal" text="Search:Keywords">
											<Anchors>
												<Anchor point="BOTTOM" relativePoint="TOP" x="0" y="2"/>
											</Anchors>
										</FontString>
										<FontString parentKey="line1" inherits="SelectOptionsTextTemplate" text="To help add items and spells to your /select macros, search:keywords are usable in place of an item or spell name.">
											<Anchors>
												<Anchor point="TOPLEFT" x="10" y="-8"/>
											</Anchors>
										</FontString>
										<FontString parentKey="line2" inherits="SelectOptionsTextTemplate" text="These search through your bags and spellbooks to fill the flyouts with items and spells that match the keyword(s).">
											<Anchors>
												<Anchor point="TOP" relativeKey="$parent.line1" relativePoint="BOTTOM" x="0" y="-8"/>
											</Anchors>
										</FontString>
										<FontString parentKey="header" inherits="GameFontNormal" justifyH="LEFT" text="Search:Keyword">
											<Size x="340" y="0"/>
											<Anchors>
												<Anchor point="TOPLEFT" relativeKey="$parent.line2" relativePoint="BOTTOMLEFT" x="0" y="-12"/>
											</Anchors>
										</FontString>
										<FontString parentKey="example" inherits="GameFontNormal" justifyH="LEFT" text="Examples">
											<Size x="120" y="0"/>
											<Anchors>
												<Anchor point="TOPRIGHT" relativeKey="$parent.line2" relativePoint="BOTTOMRIGHT" x="0" y="-12"/>
											</Anchors>
										</FontString>
										<!-- item -->
										<FontString parentKey="item" inherits="GameFontHighlight" justifyH="LEFT" text="item:id or partial name">
											<Size x="340" y="0"/>
											<Anchors>
												<Anchor point="TOPLEFT" relativeKey="$parent.header" relativePoint="BOTTOMLEFT" x="0" y="-10"/>
											</Anchors>
										</FontString>
										<FontString inherits="GameFontHighlightSmall" justifyH="LEFT" text="Add an item by its numerical id or all items in your bags or worn that contain the partial name.">
											<Size x="340" y="0"/>
											<Anchors>
												<Anchor point="TOPLEFT" relativeKey="$parent.item" relativePoint="BOTTOMLEFT" x="0" y="-4"/>
											</Anchors>
											<Color r=".85" g=".85" b=".85"/>
										</FontString>
										<FontString inherits="GameFontHighlight" justifyH="LEFT" text="item:1234&#xD;item:Bandage&#xD;item:Ore">
											<Size x="120" y="0"/>
											<Anchors>
												<Anchor point="TOPLEFT" relativeKey="$parent.item" relativePoint="TOPRIGHT" x="20" y="0"/>
											</Anchors>
										</FontString>
										<!-- spell -->
										<FontString parentKey="spell" inherits="GameFontHighlight" justifyH="LEFT" text="spell:id or partial name">
											<Size x="340" y="0"/>
											<Anchors>
												<Anchor point="TOPLEFT" relativeKey="$parent.item" relativePoint="BOTTOMLEFT" x="0" y="-36"/>
											</Anchors>
										</FontString>
										<FontString inherits="GameFontHighlightSmall" justifyH="LEFT" text="Add a spell by its numerical id or all spells that contain the partial name.">
											<Size x="340" y="0"/>
											<Anchors>
												<Anchor point="TOPLEFT" relativeKey="$parent.spell" relativePoint="BOTTOMLEFT" x="0" y="-4"/>
											</Anchors>
											<Color r=".85" g=".85" b=".85"/>
										</FontString>
										<FontString inherits="GameFontHighlight" justifyH="LEFT" text="spell:1234&#xD;spell:Shout&#xD;spell:Polymorph">
											<Size x="120" y="0"/>
											<Anchors>
												<Anchor point="TOPLEFT" relativeKey="$parent.spell" relativePoint="TOPRIGHT" x="20" y="0"/>
											</Anchors>
										</FontString>
										<!-- mount -->
										<FontString parentKey="mount" inherits="GameFontHighlight" justifyH="LEFT" text="mount:flying, land, favorite, or partial name">
											<Size x="340" y="0"/>
											<Anchors>
												<Anchor point="TOPLEFT" relativeKey="$parent.spell" relativePoint="BOTTOMLEFT" x="0" y="-36"/>
											</Anchors>
										</FontString>
										<FontString inherits="GameFontHighlightSmall" justifyH="LEFT" text="Add all flying mounts, land mounts, favorite mounts or mounts that contain the partial name. Other mount:keywords include: favflying, favland and any.">
											<Size x="340" y="0"/>
											<Anchors>
												<Anchor point="TOPLEFT" relativeKey="$parent.mount" relativePoint="BOTTOMLEFT" x="0" y="-4"/>
											</Anchors>
											<Color r=".85" g=".85" b=".85"/>
										</FontString>
										<FontString inherits="GameFontHighlight" justifyH="LEFT" text="mount:flying&#xD;mount:Raptor&#xD;mount:favorite">
											<Size x="120" y="0"/>
											<Anchors>
												<Anchor point="TOPLEFT" relativeKey="$parent.mount" relativePoint="TOPRIGHT" x="20" y="0"/>
											</Anchors>
										</FontString>
										<!-- type -->
										<FontString parentKey="type" inherits="GameFontHighlight" justifyH="LEFT" text="type:ItemType">
											<Size x="340" y="0"/>
											<Anchors>
												<Anchor point="TOPLEFT" relativeKey="$parent.mount" relativePoint="BOTTOMLEFT" x="0" y="-44"/>
											</Anchors>
										</FontString>
										<FontString inherits="GameFontHighlightSmall" justifyH="LEFT" text="Add all items that contain the keyword in one of its type fields. See www.wowpedia.com/ItemType for a full list.">
											<Size x="340" y="0"/>
											<Anchors>
												<Anchor point="TOPLEFT" relativeKey="$parent.type" relativePoint="BOTTOMLEFT" x="0" y="-4"/>
											</Anchors>
											<Color r=".85" g=".85" b=".85"/>
										</FontString>
										<FontString inherits="GameFontHighlight" justifyH="LEFT" text="type:Quest&#xD;type:Food&#xD;type:Herb">
											<Size x="120" y="0"/>
											<Anchors>
												<Anchor point="TOPLEFT" relativeKey="$parent.type" relativePoint="TOPRIGHT" x="20" y="0"/>
											</Anchors>
										</FontString>
										<!-- profession -->
										<FontString parentKey="profession" inherits="GameFontHighlight" justifyH="LEFT" text="profession:primary, secondary or any">
											<Size x="340" y="0"/>
											<Anchors>
												<Anchor point="TOPLEFT" relativeKey="$parent.type" relativePoint="BOTTOMLEFT" x="0" y="-36"/>
											</Anchors>
										</FontString>
										<FontString inherits="GameFontHighlightSmall" justifyH="LEFT" text="Adds all primary professions, secondary professions or any professions.">
											<Size x="340" y="0"/>
											<Anchors>
												<Anchor point="TOPLEFT" relativeKey="$parent.profession" relativePoint="BOTTOMLEFT" x="0" y="-4"/>
											</Anchors>
											<Color r=".85" g=".85" b=".85"/>
										</FontString>
										<FontString inherits="GameFontHighlight" justifyH="LEFT" text="profession:Primary&#xD;profession:Any&#xD;profession:Herb">
											<Size x="120" y="0"/>
											<Anchors>
												<Anchor point="TOPLEFT" relativeKey="$parent.profession" relativePoint="TOPRIGHT" x="20" y="0"/>
											</Anchors>
										</FontString>
										<!-- toy -->
										<FontString parentKey="toy" inherits="GameFontHighlight" justifyH="LEFT" text="toy:favorite, any or partial name">
											<Size x="340" y="0"/>
											<Anchors>
												<Anchor point="TOPLEFT" relativeKey="$parent.profession" relativePoint="BOTTOMLEFT" x="0" y="-36"/>
											</Anchors>
										</FontString>
										<FontString inherits="GameFontHighlightSmall" justifyH="LEFT" text="Adds all favorite toys or toys that contain the partial name.">
											<Size x="340" y="0"/>
											<Anchors>
												<Anchor point="TOPLEFT" relativeKey="$parent.toy" relativePoint="BOTTOMLEFT" x="0" y="-4"/>
											</Anchors>
										</FontString>
										<FontString inherits="GameFontHighlight" justifyH="LEFT" text="toy:Favorite&#xD;toy:Crashin'&#xD;toy:Any">
											<Size x="120" y="0"/>
											<Anchors>
												<Anchor point="TOPLEFT" relativeKey="$parent.toy" relativePoint="TOPRIGHT" x="20" y="0"/>
											</Anchors>
										</FontString>
									</Layer>
								</Layers>
							</Frame>

						</Frames>
					</Frame>
				</ScrollChild>
			</ScrollFrame>
		</Frames>
	</Frame>
</Ui>
