<Ui xmlns="http://www.blizzard.com/wow/ui/" xmlns:xsi="http://www.w3.org/2001/XMLSchema-instance"
    xsi:schemaLocation="http://www.blizzard.com/wow/ui/
..\FrameXML\UI.xsd">

    <Frame name="petbmTeamMemberTemplate" virtual="true">
        <Size x="42" y="42" />
        <Layers>
            <Layer level="ARTWORK">
                <Texture name="$parentIcon" parentKey="icon">
                    <Size x="38" y="38" />
                    <Anchors>
                        <Anchor point="TOPLEFT" x="7" y="-11" />
                    </Anchors>
                </Texture>
            </Layer>
            <Layer level="ARTWORK" textureSubLevel="1">
                <Texture name="$parentIconBorder"
                    file="Interface\PetBattles\PetBattleHud" parentKey="iconBorder">
                    <Anchors>
                        <Anchor point="CENTER" relativeTo="$parentIcon"
                            x="0" y="0" />
                    </Anchors>
                    <Size x="46" y="46" />
                    <TexCoords left="0.8795" right="0.953"
                        top="0.0725" bottom="0.215" />
                </Texture>
            </Layer>
            <Layer level="OVERLAY" textureSubLevel="1">
                <Texture parentKey="isDead"
                    file="Interface\PetBattles\DeadPetIcon" hidden="true">
                    <Size x="38" y="38" />
                    <Anchors>
                        <Anchor point="CENTER" relativeTo="$parentIcon"
                            relativePoint="CENTER" x="0" y="0" />
                    </Anchors>
                </Texture>
            </Layer>
            <Layer level="OVERLAY" textureSubLevel="2">
                <Texture name="$parentLevelBG" file="Interface\PetBattles\PetJournal"
                    parentKey="levelBG">
                    <Anchors>
                        <Anchor point="BOTTOMRIGHT"
                            relativePoint="BOTTOMRIGHT" relativeTo="$parentIcon"
                            x="5" y="-5" />
                    </Anchors>
                    <Size x="21" y="21" />
                    <TexCoords left="0.06835938" right="0.10937500"
                        top="0.02246094" bottom="0.04296875" />
                </Texture>
                <FontString name="$parentLevel" inherits="GameFontNormalSmall"
                    justifyH="CENTER" parentKey="level">
                    <Size x="0" y="12" />
                    <Anchors>
                        <Anchor point="CENTER" relativePoint="CENTER"
                            relativeTo="$parentLevelBG" x="1" y="-1" />
                    </Anchors>
                </FontString>
                <Texture name="$parentPetTypeIcon" parentKey="petTypeIcon">
                    <Anchors>
                        <Anchor point="BOTTOMLEFT" relativePoint="BOTTOMLEFT"
                            relativeTo="$parentIcon" x="-5" y="-5" />
                    </Anchors>
                    <Size x="21" y="21" />
                    <TexCoords left="0.79687500" right="0.49218750"
                        top="0.50390625" bottom="0.65625000" />
                </Texture>
            </Layer>
        </Layers>
    </Frame>

    <Frame name="petbmTeamTemplate" virtual="true">
        <Size x="32" y="32" />
        <Layers>
            <Layer level="ARTWORK">
                <Texture name="$parentIcon" parentKey="icon"
                    setAllPoints="true" />
            </Layer>
            <!-- <Layer level="ARTWORK" textureSubLevel="1"> <Texture setAllPoints="true" 
                name="$parentIconBorder" file="Interface\PetBattles\PetBattle-GoldSpeedFrame" 
                parentKey="iconBorder"> <TexCoords left="0.13" right="0.71" top="0.13" bottom="0.71" 
                /> </Texture> </Layer> -->
        </Layers>
    </Frame>

</Ui>
