﻿<Ui xmlns="http://www.blizzard.com/wow/ui/" xmlns:xsi="http://www.w3.org/2001/XMLSchema-instance" xsi:schemaLocation="http://www.blizzard.com/wow/ui/
..\FrameXML\UI.xsd">
	<Script file="TitanDiggerest.lua"/>
	<Frame parent="UIParent">
		<Frames>
			<Button name="TitanPanelDiggerestButton" inherits="TitanPanelComboTemplate" frameStrata="FULLSCREEN" toplevel="true">
				<Scripts>
					<OnLoad>
					TitanPanelDiggerestButton_OnLoad(self);
					TitanPanelButton_OnLoad(self);
					</OnLoad>
                    <OnShow>
					TitanPanelDiggerestButton_OnShow();
					TitanPanelButton_OnShow(self);
					</OnShow>
                    <OnHide>
					TitanPanelDiggerestButton_OnHide();
					</OnHide>
                    <OnEvent>
					TitanPanelDiggerestButton_OnEvent(self, event, ...);
					</OnEvent>
                    <OnClick>
					TitanPanelDiggerestButton_OnClick(self, button);
					TitanPanelButton_OnClick(self, button);
					</OnClick>
				</Scripts>
			</Button>
		</Frames>
	</Frame>		
</Ui>