﻿<!-- Copyright 2006, 2007, 2008, 2009, 2010, 2011, 2012, 2013, 2014 by Hawksy, distributed under the terms of the GNU General Public License version 3, 2007-June-29, which is included by reference. -->

<Bindings>
	<Binding name="RECAP_HIDE_SHOW" header="RECAP">
		if recap_temp.Loaded then
			if RecapFrame:IsShown() then
				RecapFrame_Hide()
			else
				RecapFrame_Show()
			end
		end
	</Binding>
	<Binding name="RECAP_PAUSE_RESUME">
		if recap_temp.Loaded then
			Recap_PauseResume()
		end
	</Binding>
	<Binding name="RECAP_TOGGLE_FIGHTS">
		if recap_temp.Loaded then
			Recap_ToggleView()
		end
	</Binding>
	<Binding name="RECAP_OPTIONS">
		if recap_temp.Loaded then
			if RecapOptFrame:IsShown() then
				RecapOptFrame:Hide()
			else
				RecapOptFrame:Show()
				Recap_SetSyncDisplay()
			end
		end
	</Binding>
	<Binding name="RECAP_RESET_ALL">
		if recap_temp.Loaded then
			if ((recap_user.SyncState == "Member") or (recap_user.SyncState == "Leader")) then
				if recap_user.SyncState == "Leader" then
					-- for a leader, treat this as a restart sync (with existing value for merge pets)
					Recap_StartSync(recap_user.SyncMergePets)
					print(recap_temp.Recap, RECAP_SYNCHRONIZATION_RESET)
				else
					-- for a member, ignore if in synchronization
					PlaySound("igQuestFailed")
					Recap_WarnNotAllowedDuringSync()
				end
			else
				PlaySound("GnomeExploration")
				RecapPanel_Hide(1)
				RecapRecent_Hide(1)
				RecapLoad_Hide()
				Recap_ResetAllCombatants(false)
				RecapGraph_InitializeLiveLists()
				Recap_SetView()
				Recap_MakeFriends(true)
				print(recap_temp.Recap, RECAP_ALL_FIGHTS_RESET)
			end
		end
	</Binding>
	<Binding name="RECAP_RESET_LAST">
		if recap_temp.Loaded then
			if ((recap_user.SyncState == "Member") or (recap_user.SyncState == "Leader")) then
				-- ignore if in synchronization
				PlaySound("igQuestFailed")
				Recap_WarnNotAllowedDuringSync()
			else
				PlaySound("GnomeExploration")
				for i in pairs(recap_combatants) do
					if (i ~= recap_temp.GroupTotal) and (i ~= recap_temp.NonGroupTotal) then
						if recap_combatants[i].WasInLast then
							Recap_ResetLastFight(i)
						end
					end
				end
				recap_user.TotalDuration = recap_user.TotalDuration - recap_user.LastDuration
				recap_user.LastDuration = 0
				recap_user.TotalDurationIn = recap_user.TotalDurationIn - recap_user.LastDurationIn
				recap_user.LastDurationIn = 0
				recap_user.TotalDurationHeal = recap_user.TotalDurationHeal - recap_user.LastDurationHeal
				recap_user.LastDurationHeal = 0
				Recap_SetView()
				print(recap_temp.Recap, RECAP_LAST_FIGHT_RESET)
			end
		end
	</Binding>
	<Binding name="RECAP_RESET_DETAILS">
		if recap_temp.Loaded then
			PlaySound("GnomeExploration")
			Recap_ResetSelfPlayerAndPets()
			Recap_SetView()
			print(recap_temp.Recap, RECAP_DETAILS_RESET)
		end
	</Binding>
	<Binding name="RECAP_RESET_FIGHTS_DETAILS">
		if recap_temp.Loaded then
			if ((recap_user.SyncState == "Member") or (recap_user.SyncState == "Leader")) then
				if recap_user.SyncState == "Leader" then
					-- for a leader, treat this as a restart sync (with existing value for merge pets)
					Recap_StartSync(recap_user.SyncMergePets)
					print(recap_temp.Recap, RECAP_SYNCHRONIZATION_RESET)
				else
					-- for a member, ignore if in synchronization
					PlaySound("igQuestFailed")
					Recap_WarnNotAllowedDuringSync()
				end
				-- but since they asked, reset personal details
				PlaySound("GnomeExploration")
				Recap_ResetSelfPlayerAndPets()
				Recap_SetView()
				print(recap_temp.Recap, RECAP_DETAILS_RESET)
			else
				PlaySound("GnomeExploration")
				RecapPanel_Hide(1)
				RecapRecent_Hide(1)
				RecapLoad_Hide()
				Recap_ResetAllCombatants(false)
				RecapGraph_InitializeLiveLists()
				Recap_ResetSelfPlayerAndPets()
				Recap_SetView()
				Recap_MakeFriends(true)
				print(recap_temp.Recap, RECAP_FIGHTS_DETAILS_RESET)
			end
		end
	</Binding>
	<Binding name="RECAP_SAVE_ALL_FIGHTS">
		if recap_temp.Loaded then
			if (recap_user.State == "Idle") or (recap_user.State == "Stopped") then
				-- can only do a save if idle or stopped
				if recap_temp.FlagSavePhase or InCombatLockdown() then
					-- skip if already doing a save, or in combat according to Blizzard
					PlaySound("igQuestFailed")
				else
					PlaySound("GnomeExploration")
					-- schedule a save of all fights, to begin on the next tick
					recap_temp.FlagSavePhase = 1
					recap_temp.FlagSaveLastOnly = false
					recap_temp.FlagSaveSetName = RECAP_ALL_FIGHTS.." "..date("%Y-%b-%d %H:%M:%S")
					recap_temp.FlagSavePriorState = recap_user.State
					Recap_SetState("Stopped")
				end
			end
		end
	</Binding>
	<Binding name="RECAP_SAVE_LAST_FIGHT">
		if recap_temp.Loaded then
			if (recap_user.State == "Idle") or (recap_user.State == "Stopped") then
				-- can only do a save if idle or stopped
				if recap_temp.FlagSavePhase or InCombatLockdown() then
					-- skip if already doing a save, or in combat according to Blizzard
					PlaySound("igQuestFailed")
				else
					PlaySound("GnomeExploration")
					-- schedule a save of the last fight, to begin on the next tick
					recap_temp.FlagSavePhase = 1
					recap_temp.FlagSaveLastOnly = true
					recap_temp.FlagSaveSetName = RECAP_LAST_FIGHT..": "..date("%Y-%b-%d %H:%M:%S")
					recap_temp.FlagSavePriorState = recap_user.State
					Recap_SetState("Stopped")
				end
			end
		end
	</Binding>
	<Binding name="RECAP_SKIP_NEXT_FIGHT">
		if recap_temp.Loaded then
			if (recap_user.SyncState == "Member") then
				PlaySound("igQuestFailed")
				Recap_WarnNotAllowedDuringSync() -- not strictly accurate, the sync leader can do it
			else
				PlaySound("GnomeExploration")
				Recap_SkipNextFight()
			end
		end
	</Binding>
</Bindings>
