<!-- Copyright 2006, 2007, 2008, 2009, 2010 by Hawksy, distributed under the terms of the GNU General Public License version 3, 2007-June-29, which is included by reference. -->

<Ui xmlns="http://www.blizzard.com/wow/ui/" xmlns:xsi="http://www.w3.org/2001/XMLSchema-instance"
xsi:schemaLocation="http://www.blizzard.com/wow/ui/
..\FrameXML\UI.xsd">
<Script file="Libs\LibStub\LibStub.lua"/>
<Include file="Libs\CallbackHandler-1.0\CallbackHandler-1.0.xml"/>
<Include file="Libs\AceAddon-3.0\AceAddon-3.0.xml"/>
<Include file="Libs\AceComm-3.0\AceComm-3.0.xml"/>
<Include file="Libs\AceSerializer-3.0\AceSerializer-3.0.xml"/>
<Include file="Libs\AceTimer-3.0\AceTimer-3.0.xml"/>
<Script file="Libs\LibDataBroker-1.1\LibDataBroker-1.1.lua"/>
<Script file="Libs\LibGraphL-2.1\LibGraphL-2.1.lua"/>
</Ui>