﻿<!-- Copyright 2006, 2007, 2008, 2009, 2010, 2011, 2012, 2013, 2014 by Hawksy, distributed under the terms of the GNU General Public License version 3, 2007-June-29, which is included by reference. -->

<Ui xmlns="http://www.blizzard.com/wow/ui/" xmlns:xsi="http://www.w3.org/2001/XMLSchema-instance" xsi:schemaLocation="http://www.blizzard.com/wow/ui/ ..\Recap\UI.xsd">

	<Button name="RecapRecentDetailTemplate" virtual="true">
		<Size>
			<AbsDimension x="580" y="14" />
		</Size>
		<Layers>
			<Layer level="BORDER">
				<FontString name="$parent_Event" inherits="GameFontHighlight" wraponspaces="false" justifyH="LEFT" text="">
					<Size>
						<AbsDimension x="580" y="14"/>
					</Size>
					<Anchors>
						<Anchor point="TOPLEFT">
							<Offset>
								<AbsDimension x="0" y="1"/>
							</Offset>
						</Anchor>
					</Anchors>
				</FontString>
				<!-- the following field is hidden, and is for holding the index into the Recent buffer of this event since other code needs to know this -->
				<FontString name="$parent_Index" inherits="GameFontHighlight" justifyH="RIGHT" text="" hidden="true">
					<Size>
						<AbsDimension x="1" y="14"/>
					</Size>
					<Anchors>
						<Anchor point="TOPLEFT" relativeTo="$parent_Event" relativePoint="TOPRIGHT"/>
					</Anchors>
				</FontString>
			</Layer>
		</Layers>
		<HighlightTexture file="Interface\QuestFrame\UI-QuestTitleHighlight" alphaMode="ADD"/>
	</Button>

	<Button name="RecapRecentOutgoingTemplate" inherits="RecapRecentDetailTemplate" virtual="true">
		<Scripts>
			<OnLoad>
				self:RegisterForClicks("LeftButtonUp", "RightButtonUp")
			</OnLoad>
			<OnEnter>
				RecapRecent_OutgoingList_OnEnter(self)
			</OnEnter>
			<OnLeave>
				recap_temp.RecapTooltip:Hide()
			</OnLeave>
			<OnClick>
				RecapRecent_Outgoing_OnClick(self, button, down)
			</OnClick>
			<OnMouseDown>
				RecapRecent_OnMouseDown(self, button)
			</OnMouseDown>
			<OnMouseUp>
				RecapRecent_OnMouseUp(self, button)
			</OnMouseUp>
		</Scripts>
	</Button>

	<Button name="RecapRecentIncomingTemplate" inherits="RecapRecentDetailTemplate" virtual="true">
		<Scripts>
			<OnLoad>
				self:RegisterForClicks("LeftButtonUp", "RightButtonUp")
			</OnLoad>
			<OnEnter>
				RecapRecent_IncomingList_OnEnter(self)
			</OnEnter>
			<OnLeave>
				recap_temp.RecapTooltip:Hide()
			</OnLeave>
			<OnClick>
				RecapRecent_Incoming_OnClick(self, button, down)
			</OnClick>
			<OnMouseDown>
				RecapRecent_OnMouseDown(self, button)
			</OnMouseDown>
			<OnMouseUp>
				RecapRecent_OnMouseUp(self, button)
			</OnMouseUp>
		</Scripts>
	</Button>

	<Button name="RecapRecentTabTemplate" inherits="RecapButtonTemplate" virtual="true">
		<Scripts>
			<OnEnter>
				RecapRecentTab_OnEnter(self)
			</OnEnter>
			<OnLeave>
				recap_temp.RecapTooltip:Hide()
			</OnLeave>
			<OnClick>
				RecapRecentTab_OnClick(self, button, down)
			</OnClick>
		</Scripts>
	</Button>

	<Frame name="RecapRecent" toplevel="true" frameStrata="HIGH" enableMouse="true" movable="true" parent="UIParent" hidden="true">
		<Size>
			<AbsDimension x="625" y="306"/>
		</Size>
		<Anchors>
			<Anchor point="CENTER"/>
		</Anchors>
		<Backdrop name="RecapRecentBackdrop" bgFile="Interface\DialogFrame\UI-DialogBox-Background" edgeFile="Interface\Tooltips\UI-Tooltip-Border" tile="true">
			<BackgroundInsets>
				<AbsInset left="4" right="4" top="4" bottom="4" />
			</BackgroundInsets>
			<TileSize>
				<AbsValue val="16" />
			</TileSize>
			<EdgeSize>
				<AbsValue val="16" />
			</EdgeSize>
		</Backdrop>

		<Layers>
			<Layer level="ARTWORK">
				<Texture name="RecapRecentFaction">
					<Size>
						<AbsDimension x="14" y="18"/>
					</Size>
					<Anchors>
						<Anchor point="TOPLEFT">
							<Offset>
								<AbsDimension x="6" y="-6"/>
							</Offset>
						</Anchor>
					</Anchors>
					<TexCoords left=".1" right="0.55" top=".07" bottom="0.55"/>
				</Texture>
				<FontString name="RecapRecentLevel" inherits="GameFontNormal" wraponspaces="false" justifyH="RIGHT" text="">
					<Size>
						<AbsDimension x="20" y="16"/>
					</Size>
					<Anchors>
						<Anchor point="TOPLEFT" relativeTo="RecapRecentFaction" relativePoint="TOPRIGHT">
							<Offset>
								<AbsDimension x="3" y="-2"/>
							</Offset>
						</Anchor>
					</Anchors>
				</FontString>
				<Texture name="RecapRecentClass" file="Interface\AddOns\Recap\Images\Recap-Classes">
					<Size>
						<AbsDimension x="18" y="16"/>
					</Size>
					<Anchors>
						<Anchor point="TOPLEFT" relativeTo="RecapRecentLevel" relativePoint="TOPRIGHT">
							<Offset>
								<AbsDimension x="3" y="1"/>
							</Offset>
						</Anchor>
					</Anchors>
					<TexCoords left=".8" right="1" top=".8" bottom="1"/>
				</Texture>
				<FontString name="RecapRecentName" inherits="GameFontNormal" wraponspaces="false" justifyH="LEFT" text="">
					<Size>
						<AbsDimension x="378" y="14"/>
					</Size>
					<Anchors>
						<Anchor point="TOPLEFT" relativeTo="RecapRecentClass" relativePoint="TOPRIGHT">
							<Offset>
								<AbsDimension x="3" y="-2"/>
							</Offset>
						</Anchor>
					</Anchors>
				</FontString>
				<!-- the following field is hidden, and is for holding the full name since the graph needs to know this -->
				<FontString name="RecapRecentFullName" inherits="GameFontHighlight" justifyH="RIGHT" text="" hidden="true">
					<Size>
						<AbsDimension x="1" y="14"/>
					</Size>
					<Anchors>
						<Anchor point="TOPLEFT" relativeTo="RecapRecentName" relativePoint="TOPRIGHT"/>
					</Anchors>
				</FontString>
				<Texture name="RecapRecentTopBar" file="Interface\TradeSkillFrame\UI-TradeSkill-SkillBorder">
					<Size>
						<AbsDimension x="617" y="8"/>
					</Size>
					<Anchors>
						<Anchor point="TOPLEFT">
							<Offset>
								<AbsDimension x="4" y="-22"/>
							</Offset>
						</Anchor>
					</Anchors>
					<TexCoords left="0.1" right="1.0" top="0" bottom="0.25"/>
				</Texture>
			</Layer>
		</Layers>

		<Frames>
			<Button name="RecapRecentCloseButton" inherits="RecapButtonTemplate">
				<Anchors>
					<Anchor point="TOPRIGHT">
						<Offset>
							<AbsDimension x="-8" y="-8"/>
						</Offset>
					</Anchor>
				</Anchors>
				<NormalTexture file="Interface\AddOns\Recap\Images\Recap-Buttons-Up">
					<TexCoords left="0" right="0.245" top="0" bottom="0.245"/>
				</NormalTexture>
				<PushedTexture file="Interface\AddOns\Recap\Images\Recap-Buttons-Down">
					<TexCoords left="0" right="0.245" top="0" bottom="0.245"/>
				</PushedTexture>
				<Scripts>
					<OnEnter>
						Recap_Tooltip(self, "RecentClose")
					</OnEnter>
					<OnClick>
						PlaySound("GAMEGENERICBUTTONPRESS")
						RecapRecent_Hide(1)
					</OnClick>
				</Scripts>
			</Button>

			<Button name="RecapRecentTab1" inherits="RecapRecentTabTemplate" id="1">
				<Size>
					<AbsDimension x="20" y="20"/>
				</Size>
				<Anchors>
					<Anchor point="TOPRIGHT" relativeTo="RecapRecentCloseButton" relativePoint="TOPLEFT">
						<Offset>
							<AbsDimension x="-2" y="2"/>
						</Offset>
					</Anchor>
				</Anchors>
				<NormalTexture file="Interface\Icons\INV_Shield_36"/>
				<PushedTexture file="Interface\Icons\INV_Shield_36"/>
			</Button>
			<Button name="RecapRecentTab2" inherits="RecapRecentTabTemplate" id="2">
				<Size>
					<AbsDimension x="20" y="20"/>
				</Size>
				<Anchors>
					<Anchor point="TOPRIGHT" relativeTo="RecapRecentTab1" relativePoint="TOPLEFT">
						<Offset>
							<AbsDimension x="-2" y="0"/>
						</Offset>
					</Anchor>
				</Anchors>
				<NormalTexture file="Interface\Icons\INV_Sword_04"/>
				<PushedTexture file="Interface\Icons\INV_Sword_04"/>
			</Button>

			<Button name="RecapRecentNextEndOfFightButton">
				<Size>
					<AbsDimension x="16" y="14"/>
				</Size>
				<Anchors>
					<Anchor point="TOPRIGHT" relativeTo="RecapRecentCloseButton" relativePoint="TOPLEFT">
						<Offset>
							<AbsDimension x="-56" y="-1"/>
						</Offset>
					</Anchor>
				</Anchors>
				<Scripts>
					<OnEnter>
						Recap_Tooltip(self, "NextEOF")
					</OnEnter>
					<OnLeave>
						recap_temp.RecapTooltip:Hide()
					</OnLeave>
					<OnClick>
						RecapRecentNextEndOfFight_OnClick(self, button)
					</OnClick>
				</Scripts>
				<NormalTexture name="RecapRecentNextNormal" file="Interface\AddOns\Recap\Images\Recap-Next"/>
				<PushedTexture name="RecapRecentNextPushed" file="Interface\AddOns\Recap\Images\Recap-Next"/>
			</Button>
			<Button name="RecapRecentPreviousEndOfFightButton">
				<Size>
					<AbsDimension x="16" y="14"/>
				</Size>
				<Anchors>
					<Anchor point="TOPRIGHT" relativeTo="RecapRecentNextEndOfFightButton" relativePoint="TOPLEFT">
						<Offset>
							<AbsDimension x="-10" y="0"/>
						</Offset>
					</Anchor>
				</Anchors>
				<Scripts>
					<OnEnter>
						Recap_Tooltip(self, "PreviousEOF")
					</OnEnter>
					<OnLeave>
						recap_temp.RecapTooltip:Hide()
					</OnLeave>
					<OnClick>
						RecapRecentPreviousEndOfFight_OnClick(self, button)
					</OnClick>
				</Scripts>
				<NormalTexture name="RecapRecentPrevNormal" file="Interface\AddOns\Recap\Images\Recap-Prev"/>
				<PushedTexture name="RecapRecentPrevPushed" file="Interface\AddOns\Recap\Images\Recap-Prev"/>
			</Button>

			<Frame name="RecapSubRecent1" toplevel="false" enableMouse="true" movable="true" parent="RecapRecent" hidden="true">
				<Size>
					<AbsDimension x="16" y="16"/>
				</Size>
				<Anchors>
					<Anchor point="TOPLEFT" relativeTo="RecapRecent" relativePoint="TOPLEFT"/>
				</Anchors>
				<Layers>
					<Layer level="ARTWORK">
						<FontString name="RecapRecentIncomingLabel" inherits="GameFontNormal" wraponspaces="false" justifyH="LEFT" text="RECAP_RECENT_INCOMING_EVENTS">
							<Size>
								<AbsDimension x="605" y="14"/>
							</Size>
							<Anchors>
								<Anchor point="TOPLEFT">
									<Offset>
										<AbsDimension x="8" y="-32"/>
									</Offset>
								</Anchor>
							</Anchors>
						</FontString>
					</Layer>
				</Layers>

				<Frames>
					<Button name="RecapRecentIncomingEvent">
						<Size>
							<AbsDimension x="580" y="12"/>
						</Size>
						<Anchors>
							<Anchor point="TOPLEFT" relativeTo="RecapRecentIncomingLabel" relativePoint="TOPLEFT">
								<Offset>
									<AbsDimension x="0" y="0"/>
								</Offset>
							</Anchor>
						</Anchors>
						<HighlightTexture file="Interface\QuestFrame\UI-QuestTitleHighlight" alphaMode="ADD"/>
						<Layers>
							<Layer level="BACKGROUND">
								<FontString name="RecapRecentIncomingEventLabel" inherits="GameFontNormalSmall" wraponspaces="false" justifyH="RIGHT" text="">
									<Size>
										<AbsDimension x="580" y="12"/>
									</Size>
								</FontString>
							</Layer>
						</Layers>
						<Scripts>
							<OnEnter>
								RecapRecentHeader_OnEnter(self, "RecentIncomingEvents")
							</OnEnter>
							<OnLeave>
								recap_temp.RecapTooltip:Hide()
							</OnLeave>
							<OnClick>
								RecapRecentIncomingHeader_OnClick(self, button, down)
							</OnClick>
						</Scripts>
					</Button>

					<Button name="RecapRecentIncoming1" inherits="RecapRecentIncomingTemplate" id="1">
						<Anchors>
							<Anchor point="TOPLEFT" relativeTo="RecapRecentIncomingLabel" relativePoint="BOTTOMLEFT">
								<Offset>
									<AbsDimension x="0" y="-2"/>
								</Offset>
							</Anchor>
						</Anchors>
					</Button>
					<Button name="RecapRecentIncoming2" inherits="RecapRecentIncomingTemplate" id="2">
						<Anchors>
							<Anchor point="TOPLEFT" relativeTo="RecapRecentIncoming1" relativePoint="BOTTOMLEFT"/>
						</Anchors>
					</Button>
					<Button name="RecapRecentIncoming3" inherits="RecapRecentIncomingTemplate" id="3">
						<Anchors>
							<Anchor point="TOPLEFT" relativeTo="RecapRecentIncoming2" relativePoint="BOTTOMLEFT"/>
						</Anchors>
					</Button>
					<Button name="RecapRecentIncoming4" inherits="RecapRecentIncomingTemplate" id="4">
						<Anchors>
							<Anchor point="TOPLEFT" relativeTo="RecapRecentIncoming3" relativePoint="BOTTOMLEFT"/>
						</Anchors>
					</Button>
					<Button name="RecapRecentIncoming5" inherits="RecapRecentIncomingTemplate" id="5">
						<Anchors>
							<Anchor point="TOPLEFT" relativeTo="RecapRecentIncoming4" relativePoint="BOTTOMLEFT"/>
						</Anchors>
					</Button>
					<Button name="RecapRecentIncoming6" inherits="RecapRecentIncomingTemplate" id="6">
						<Anchors>
							<Anchor point="TOPLEFT" relativeTo="RecapRecentIncoming5" relativePoint="BOTTOMLEFT"/>
						</Anchors>
					</Button>
					<Button name="RecapRecentIncoming7" inherits="RecapRecentIncomingTemplate" id="7">
						<Anchors>
							<Anchor point="TOPLEFT" relativeTo="RecapRecentIncoming6" relativePoint="BOTTOMLEFT"/>
						</Anchors>
					</Button>
					<Button name="RecapRecentIncoming8" inherits="RecapRecentIncomingTemplate" id="8">
						<Anchors>
							<Anchor point="TOPLEFT" relativeTo="RecapRecentIncoming7" relativePoint="BOTTOMLEFT"/>
						</Anchors>
					</Button>
					<Button name="RecapRecentIncoming9" inherits="RecapRecentIncomingTemplate" id="9">
						<Anchors>
							<Anchor point="TOPLEFT" relativeTo="RecapRecentIncoming8" relativePoint="BOTTOMLEFT"/>
						</Anchors>
					</Button>
					<Button name="RecapRecentIncoming10" inherits="RecapRecentIncomingTemplate" id="10">
						<Anchors>
							<Anchor point="TOPLEFT" relativeTo="RecapRecentIncoming9" relativePoint="BOTTOMLEFT"/>
						</Anchors>
					</Button>
					<Button name="RecapRecentIncoming11" inherits="RecapRecentIncomingTemplate" id="11">
						<Anchors>
							<Anchor point="TOPLEFT" relativeTo="RecapRecentIncoming10" relativePoint="BOTTOMLEFT"/>
						</Anchors>
					</Button>
					<Button name="RecapRecentIncoming12" inherits="RecapRecentIncomingTemplate" id="12">
						<Anchors>
							<Anchor point="TOPLEFT" relativeTo="RecapRecentIncoming11" relativePoint="BOTTOMLEFT"/>
						</Anchors>
					</Button>
					<Button name="RecapRecentIncoming13" inherits="RecapRecentIncomingTemplate" id="13">
						<Anchors>
							<Anchor point="TOPLEFT" relativeTo="RecapRecentIncoming12" relativePoint="BOTTOMLEFT"/>
						</Anchors>
					</Button>
					<Button name="RecapRecentIncoming14" inherits="RecapRecentIncomingTemplate" id="14">
						<Anchors>
							<Anchor point="TOPLEFT" relativeTo="RecapRecentIncoming13" relativePoint="BOTTOMLEFT"/>
						</Anchors>
					</Button>
					<Button name="RecapRecentIncoming15" inherits="RecapRecentIncomingTemplate" id="15">
						<Anchors>
							<Anchor point="TOPLEFT" relativeTo="RecapRecentIncoming14" relativePoint="BOTTOMLEFT"/>
						</Anchors>
					</Button>
					<Button name="RecapRecentIncoming16" inherits="RecapRecentIncomingTemplate" id="16">
						<Anchors>
							<Anchor point="TOPLEFT" relativeTo="RecapRecentIncoming15" relativePoint="BOTTOMLEFT"/>
						</Anchors>
					</Button>
					<Button name="RecapRecentIncoming17" inherits="RecapRecentIncomingTemplate" id="17">
						<Anchors>
							<Anchor point="TOPLEFT" relativeTo="RecapRecentIncoming16" relativePoint="BOTTOMLEFT"/>
						</Anchors>
					</Button>
					<Button name="RecapRecentIncoming18" inherits="RecapRecentIncomingTemplate" id="18">
						<Anchors>
							<Anchor point="TOPLEFT" relativeTo="RecapRecentIncoming17" relativePoint="BOTTOMLEFT"/>
						</Anchors>
					</Button>

					<ScrollFrame name="RecapRecentIncomingScrollBar" inherits="FauxScrollFrameTemplate">
						<Size>
							<AbsDimension x="580" y="263"/>
						</Size>
						<Anchors>
							<Anchor point="TOPRIGHT" relativeTo="RecapRecentIncoming1" relativePoint="TOPRIGHT">
								<Offset>
									<AbsDimension x="4" y="9"/>
								</Offset>
							</Anchor>
						</Anchors>
						<Scripts>
							<OnVerticalScroll>
								FauxScrollFrame_OnVerticalScroll(self, offset, 14, RecapRecentIncomingScrollBar_Update)
							</OnVerticalScroll>
						</Scripts>
					</ScrollFrame>

				</Frames>
			</Frame>

			<Frame name="RecapSubRecent2" toplevel="false" enableMouse="true" movable="true" parent="RecapRecent" hidden="true">
				<Size>
					<AbsDimension x="16" y="16"/>
				</Size>
				<Anchors>
					<Anchor point="TOPLEFT" relativeTo="RecapRecent" relativePoint="TOPLEFT"/>
				</Anchors>
				<Layers>
					<Layer level="ARTWORK">
						<FontString name="RecapRecentOutgoingLabel" inherits="GameFontNormal" wraponspaces="false" justifyH="LEFT" text="RECAP_RECENT_OUTGOING_EVENTS">
							<Size>
								<AbsDimension x="605" y="14"/>
							</Size>
							<Anchors>
								<Anchor point="TOPLEFT">
									<Offset>
										<AbsDimension x="8" y="-32"/>
									</Offset>
								</Anchor>
							</Anchors>
						</FontString>
					</Layer>
				</Layers>

				<Frames>
					<Button name="RecapRecentOutgoingEvent">
						<Size>
							<AbsDimension x="580" y="12"/>
						</Size>
						<Anchors>
							<Anchor point="TOPLEFT" relativeTo="RecapRecentOutgoingLabel" relativePoint="TOPLEFT">
								<Offset>
									<AbsDimension x="0" y="0"/>
								</Offset>
							</Anchor>
						</Anchors>
						<HighlightTexture file="Interface\QuestFrame\UI-QuestTitleHighlight" alphaMode="ADD"/>
						<Layers>
							<Layer level="BACKGROUND">
								<FontString name="RecapRecentOutgoingEventLabel" inherits="GameFontNormalSmall" wraponspaces="false" justifyH="RIGHT" text="">
									<Size>
										<AbsDimension x="580" y="12"/>
									</Size>
								</FontString>
							</Layer>
						</Layers>
						<Scripts>
							<OnEnter>
								RecapRecentHeader_OnEnter(self, "RecentOutgoingEvents")
							</OnEnter>
							<OnLeave>
								recap_temp.RecapTooltip:Hide()
							</OnLeave>
							<OnClick>
								RecapRecentOutgoingHeader_OnClick(self, button, down)
							</OnClick>
						</Scripts>
					</Button>

					<Button name="RecapRecentOutgoing1" inherits="RecapRecentOutgoingTemplate" id="1">
						<Anchors>
							<Anchor point="TOPLEFT" relativeTo="RecapRecentOutgoingLabel" relativePoint="BOTTOMLEFT">
								<Offset>
									<AbsDimension x="0" y="-2"/>
								</Offset>
							</Anchor>
						</Anchors>
					</Button>
					<Button name="RecapRecentOutgoing2" inherits="RecapRecentOutgoingTemplate" id="2">
						<Anchors>
							<Anchor point="TOPLEFT" relativeTo="RecapRecentOutgoing1" relativePoint="BOTTOMLEFT"/>
						</Anchors>
					</Button>
					<Button name="RecapRecentOutgoing3" inherits="RecapRecentOutgoingTemplate" id="3">
						<Anchors>
							<Anchor point="TOPLEFT" relativeTo="RecapRecentOutgoing2" relativePoint="BOTTOMLEFT"/>
						</Anchors>
					</Button>
					<Button name="RecapRecentOutgoing4" inherits="RecapRecentOutgoingTemplate" id="4">
						<Anchors>
							<Anchor point="TOPLEFT" relativeTo="RecapRecentOutgoing3" relativePoint="BOTTOMLEFT"/>
						</Anchors>
					</Button>
					<Button name="RecapRecentOutgoing5" inherits="RecapRecentOutgoingTemplate" id="5">
						<Anchors>
							<Anchor point="TOPLEFT" relativeTo="RecapRecentOutgoing4" relativePoint="BOTTOMLEFT"/>
						</Anchors>
					</Button>
					<Button name="RecapRecentOutgoing6" inherits="RecapRecentOutgoingTemplate" id="6">
						<Anchors>
							<Anchor point="TOPLEFT" relativeTo="RecapRecentOutgoing5" relativePoint="BOTTOMLEFT"/>
						</Anchors>
					</Button>
					<Button name="RecapRecentOutgoing7" inherits="RecapRecentOutgoingTemplate" id="7">
						<Anchors>
							<Anchor point="TOPLEFT" relativeTo="RecapRecentOutgoing6" relativePoint="BOTTOMLEFT"/>
						</Anchors>
					</Button>
					<Button name="RecapRecentOutgoing8" inherits="RecapRecentOutgoingTemplate" id="8">
						<Anchors>
							<Anchor point="TOPLEFT" relativeTo="RecapRecentOutgoing7" relativePoint="BOTTOMLEFT"/>
						</Anchors>
					</Button>
					<Button name="RecapRecentOutgoing9" inherits="RecapRecentOutgoingTemplate" id="9">
						<Anchors>
							<Anchor point="TOPLEFT" relativeTo="RecapRecentOutgoing8" relativePoint="BOTTOMLEFT"/>
						</Anchors>
					</Button>
					<Button name="RecapRecentOutgoing10" inherits="RecapRecentOutgoingTemplate" id="10">
						<Anchors>
							<Anchor point="TOPLEFT" relativeTo="RecapRecentOutgoing9" relativePoint="BOTTOMLEFT"/>
						</Anchors>
					</Button>
					<Button name="RecapRecentOutgoing11" inherits="RecapRecentOutgoingTemplate" id="11">
						<Anchors>
							<Anchor point="TOPLEFT" relativeTo="RecapRecentOutgoing10" relativePoint="BOTTOMLEFT"/>
						</Anchors>
					</Button>
					<Button name="RecapRecentOutgoing12" inherits="RecapRecentOutgoingTemplate" id="12">
						<Anchors>
							<Anchor point="TOPLEFT" relativeTo="RecapRecentOutgoing11" relativePoint="BOTTOMLEFT"/>
						</Anchors>
					</Button>
					<Button name="RecapRecentOutgoing13" inherits="RecapRecentOutgoingTemplate" id="13">
						<Anchors>
							<Anchor point="TOPLEFT" relativeTo="RecapRecentOutgoing12" relativePoint="BOTTOMLEFT"/>
						</Anchors>
					</Button>
					<Button name="RecapRecentOutgoing14" inherits="RecapRecentOutgoingTemplate" id="14">
						<Anchors>
							<Anchor point="TOPLEFT" relativeTo="RecapRecentOutgoing13" relativePoint="BOTTOMLEFT"/>
						</Anchors>
					</Button>
					<Button name="RecapRecentOutgoing15" inherits="RecapRecentOutgoingTemplate" id="15">
						<Anchors>
							<Anchor point="TOPLEFT" relativeTo="RecapRecentOutgoing14" relativePoint="BOTTOMLEFT"/>
						</Anchors>
					</Button>
					<Button name="RecapRecentOutgoing16" inherits="RecapRecentOutgoingTemplate" id="16">
						<Anchors>
							<Anchor point="TOPLEFT" relativeTo="RecapRecentOutgoing15" relativePoint="BOTTOMLEFT"/>
						</Anchors>
					</Button>
					<Button name="RecapRecentOutgoing17" inherits="RecapRecentOutgoingTemplate" id="17">
						<Anchors>
							<Anchor point="TOPLEFT" relativeTo="RecapRecentOutgoing16" relativePoint="BOTTOMLEFT"/>
						</Anchors>
					</Button>
					<Button name="RecapRecentOutgoing18" inherits="RecapRecentOutgoingTemplate" id="18">
						<Anchors>
							<Anchor point="TOPLEFT" relativeTo="RecapRecentOutgoing17" relativePoint="BOTTOMLEFT"/>
						</Anchors>
					</Button>

					<ScrollFrame name="RecapRecentOutgoingScrollBar" inherits="FauxScrollFrameTemplate">
						<Size>
							<AbsDimension x="580" y="263"/>
						</Size>
						<Anchors>
							<Anchor point="TOPRIGHT" relativeTo="RecapRecentOutgoing1" relativePoint="TOPRIGHT">
								<Offset>
									<AbsDimension x="4" y="9"/>
								</Offset>
							</Anchor>
						</Anchors>
						<Scripts>
							<OnVerticalScroll>
								FauxScrollFrame_OnVerticalScroll(self, offset, 14, RecapRecentOutgoingScrollBar_Update)
							</OnVerticalScroll>
						</Scripts>
					</ScrollFrame>

				</Frames>
			</Frame>

		</Frames>

		<Scripts>
			<OnLoad>
				self:SetBackdropBorderColor(.5,.5,.5,1)
				RecapRecentTopBar:SetVertexColor(.65,.65,.65,1)
			</OnLoad>
			<OnMouseDown>
				RecapRecent_OnMouseDown(self, button)
			</OnMouseDown>
			<OnMouseUp>
				RecapRecent_OnMouseUp(self, button)
			</OnMouseUp>
			<OnShow>
				if recap_temp.Opt.OpaqueBackground.value then
					self:SetBackdrop({bgFile = "Interface\\CharacterFrame\\UI-Party-Background", edgeFile = "Interface\\Tooltips\\UI-Tooltip-Border",
									  tile = true, tileSize = 16, edgeSize = 16, insets = { left = 4, right = 4, top = 4, bottom = 4 }})
				else
					self:SetBackdrop({bgFile = "Interface\\DialogFrame\\UI-DialogBox-Background", edgeFile = "Interface\\Tooltips\\UI-Tooltip-Border",
									  tile = true, tileSize = 16, edgeSize = 16, insets = { left = 4, right = 4, top = 4, bottom = 4 }})
				end
			</OnShow>
			<OnHide>
				recap_temp.RecentIncomingSelected = 0
				recap_temp.RecentOutgoingSelected = 0
				if RecapPanel:IsVisible() then
					-- other popup is visible, so simply hide
				else
					recap_temp.Selected = 0
					recap_temp.RecentSelected = 0
					if not recap_user.Minimized then
						RecapScrollBar_Update()
					end
				end
			</OnHide>
		</Scripts>

	</Frame>

	<Frame name="RecapRecent_xml_4773" parent="RecapRecent" hidden="true">
		<Size>
			<AbsDimension x="1" y="1"/>
		</Size>
	</Frame>

</Ui>

