﻿<!-- Copyright 2006, 2007, 2008, 2009, 2010, 2011, 2012, 2013, 2014 by Hawksy, distributed under the terms of the GNU General Public License version 3, 2007-June-29, which is included by reference. -->

<Ui xmlns="http://www.blizzard.com/wow/ui/" xmlns:xsi="http://www.w3.org/2001/XMLSchema-instance" xsi:schemaLocation="http://www.blizzard.com/wow/ui/ ..\Recap\UI.xsd">

	<Frame name="RecapClipFrame" toplevel="true" frameStrata="HIGH" enableMouse="true" movable="true" parent="UIParent" hidden="true">

		<Size>
			<AbsDimension x="320" y="240"/>
		</Size>
		<Anchors>
			<Anchor point="CENTER"/>
		</Anchors>
		<Backdrop name="RecapClipBackdrop" bgFile="Interface\DialogFrame\UI-DialogBox-Background" edgeFile="Interface\Tooltips\UI-Tooltip-Border" tile="true">
			<BackgroundInsets>
				<AbsInset left="4" right="4" top="4" bottom="4" />
			</BackgroundInsets>
			<TileSize>
				<AbsValue val="16" />
			</TileSize>
			<EdgeSize>
				<AbsValue val="16" />
			</EdgeSize>
		</Backdrop>

		<Layers>
			<Layer level="BACKGROUND">
				<FontString name="RecapClipTitle" inherits="GameFontNormal" wraponspaces="false" justifyH="LEFT" text="RECAP_CLIPBOARD">
					<Anchors>
						<Anchor point="TOPLEFT">
							<Offset>
								<AbsDimension x="16" y="-12"/>
							</Offset>
						</Anchor>
					</Anchors>
				</FontString>
				<FontString name="RecapClipLabel" inherits="GameFontHighlightSmall" wraponspaces="true" justifyH="LEFT" text="RECAP_CLIP_EXPLANATION">
					<Anchors>
						<Anchor point="TOPLEFT">
							<Offset>
								<AbsDimension x="24" y="-30"/>
							</Offset>
						</Anchor>
						<Anchor point="BOTTOMRIGHT" relativePoint="TOPRIGHT">
							<Offset>
								<AbsDimension x="-24" y="-72"/>
							</Offset>
						</Anchor>
					</Anchors>
					<Color r="1" g="1" b="1"/>
				</FontString>
			</Layer>
		</Layers>

		<Frames>
			<Button name="RecapClipCloseButton" inherits="RecapButtonTemplate">
				<Anchors>
					<Anchor point="TOPRIGHT">
						<Offset>
							<AbsDimension x="-8" y="-8"/>
						</Offset>
					</Anchor>
				</Anchors>
				<NormalTexture file="Interface\AddOns\Recap\Images\Recap-Buttons-Up">
					<TexCoords left="0" right="0.245" top="0" bottom="0.245"/>
				</NormalTexture>
				<PushedTexture file="Interface\AddOns\Recap\Images\Recap-Buttons-Down">
					<TexCoords left="0" right="0.245" top="0" bottom="0.245"/>
				</PushedTexture>
				<Scripts>
					<OnEnter>
						Recap_Tooltip(self, "CloseClipboard")
					</OnEnter>
					<OnClick>
						PlaySound("GAMEGENERICBUTTONPRESS")
						RecapClipFrame:Hide()
					</OnClick>
				</Scripts>
			</Button>

			<!-- scrolling editbox taken from Jotter -->
			<ScrollFrame name="RecapClipScrollFrame" inherits="UIPanelScrollFrameTemplate">
				<Size>
					<AbsDimension x="250" y="138"/>
				</Size>
				<Anchors>
					<Anchor point="TOPLEFT" relativeTo="RecapClipLabel" relativePoint="BOTTOMLEFT">
						<Offset>
							<AbsDimension x="0" y="-6"/>
						</Offset>
					</Anchor>
				</Anchors>
				<ScrollChild>
					<Frame name="RecapClipScrollChildFrame" enableMouse="true">
						<Size>
							<AbsDimension x="230" y="128"/>
						</Size>
						<Anchors>
							<Anchor point="TOPLEFT">
								<Offset>
									<AbsDimension x="0" y="0"/>
								</Offset>
							</Anchor>
						</Anchors>
						<Frames>
							<!-- letters="0" means no limit on the number of letters in the clipboard EditBox -->
							<EditBox name="RecapClipEditBox" letters="0" multiLine="true" enableMouse="true" autoFocus="false">
								<Size>
									<AbsDimension x="230" y="128"/>
								</Size>
								<Anchors>
									<Anchor point="TOPLEFT"/>
								</Anchors>
								<Scripts>
									<OnEscapePressed>
										RecapClipFrame:Hide()
									</OnEscapePressed>
									<OnMouseDown>
										<!-- big hammer to trick all of clipboard to front layer when clicked when partly obscured -->
										<!-- this one triggers if we click on text in the clipboard -->
										RecapClipFrame_OnMouseDown(self, button)
										RecapClipFrame_OnMouseUp(self, button)
										RecapClipEditBox:SetFocus()
									</OnMouseDown>
									<OnLeave>
										<!-- clear so we don't put movement keys into the clipboard, and so we can use Recap escape -->
										RecapClipEditBox:ClearFocus()
									</OnLeave>
								</Scripts>
								<FontString inherits="GameFontHighlightSmall"/>
							</EditBox>
						</Frames>
						<Scripts>
							<OnMouseDown>
								<!-- big hammer to trick all of clipboard to front layer when clicked when partly obscured -->
								<!-- this one triggers if we click on empty area in the clipboard -->
								RecapClipFrame_OnMouseDown(self, button)
								RecapClipFrame_OnMouseUp(self, button)
								RecapClipEditBox:SetFocus()
							</OnMouseDown>
							<OnLeave>
								<!-- clear so we don't put movement keys into the clipboard, and so we can use Recap escape -->
								RecapClipEditBox:ClearFocus()
							</OnLeave>
						</Scripts>
					</Frame>
				</ScrollChild>
			</ScrollFrame>

		</Frames>

		<Scripts>
			<OnLoad>
				self:SetBackdropBorderColor(.5,.5,.5,1)
			</OnLoad>
			<OnMouseDown>
				<!-- this one triggers anywhere else in the panel -->
				RecapClipFrame_OnMouseDown(self, button)
			</OnMouseDown>
			<OnMouseUp>
				RecapClipFrame_OnMouseUp(self, button)
			</OnMouseUp>
			<OnShow>
				if recap_temp.Opt.OpaqueBackground.value then
					self:SetBackdrop({bgFile = "Interface\\CharacterFrame\\UI-Party-Background", edgeFile = "Interface\\Tooltips\\UI-Tooltip-Border",
									  tile = true, tileSize = 16, edgeSize = 16, insets = { left = 4, right = 4, top = 4, bottom = 4 }})
				else
					self:SetBackdrop({bgFile = "Interface\\DialogFrame\\UI-DialogBox-Background", edgeFile = "Interface\\Tooltips\\UI-Tooltip-Border",
									  tile = true, tileSize = 16, edgeSize = 16, insets = { left = 4, right = 4, top = 4, bottom = 4 }})
				end
			</OnShow>
			<OnHide>
				RecapClipEditBox:SetText("")
				RecapClipEditBox:ClearFocus()
			</OnHide>
		</Scripts>

	</Frame>

	<Frame name="RecapClipboard_xml_4773" parent="RecapClipFrame" hidden="true">
		<Size>
			<AbsDimension x="1" y="1"/>
		</Size>
	</Frame>

</Ui>
