﻿<!-- Copyright 2006, 2007, 2008, 2009, 2010, 2011, 2012, 2013, 2014 by Hawksy, distributed under the terms of the GNU General Public License version 3, 2007-June-29, which is included by reference. -->

<Ui xmlns="http://www.blizzard.com/wow/ui/" xmlns:xsi="http://www.w3.org/2001/XMLSchema-instance" xsi:schemaLocation="http://www.blizzard.com/wow/ui/ ..\Recap\UI.xsd">

	<Button name="RecapButtonTemplate" virtual="true">
		<Size>
			<AbsDimension x="16" y="16"/>
		</Size>
		<Scripts>
			<OnLeave>
				recap_temp.RecapTooltip:Hide()
			</OnLeave>
		</Scripts>
		<HighlightTexture file="Interface\AddOns\Recap\Images\Status-Idle" alphaMode="ADD"/>
	</Button>

	<Button name="RecapMenuTemplate" virtual="true">
		<Size>
			<AbsDimension x="175" y="14"/>
		</Size>
		<HighlightTexture file="Interface\QuestFrame\UI-QuestTitleHighlight" alphaMode="ADD"/>
		<Layers>
			<Layer level="BORDER">
				<Texture name="$parent_Check" file="Interface\Buttons\UI-CheckBox-Check">
					<Size>
						<AbsDimension x="14" y="14"/>
					</Size>
					<Anchors>
						<Anchor point="TOPLEFT"/>
					</Anchors>
					<TexCoords left=".1" right=".9" top=".1" bottom=".9"/>
				</Texture>
				<FontString name="$parent_Text" inherits="GameFontHighlightSmall" wraponspaces="false" justifyH="LEFT" text="">
					<Size>
						<AbsDimension x="175" y="14"/>
					</Size>
					<Anchors>
						<Anchor point="TOPLEFT" relativeTo="$parent_Check" relativePoint="TOPRIGHT">
							<Offset>
								<AbsDimension x="0" y="0"/>
							</Offset>
						</Anchor>
					</Anchors>
				</FontString>
			</Layer>
		</Layers>
		<Scripts>
			<OnEnter>
				RecapMenu_OnEnter(self)
			</OnEnter>
			<OnLeave>
				recap_temp.RecapTooltip:Hide()
			</OnLeave>
			<OnClick>
				RecapMenu_OnClick(self, button, down)
			</OnClick>
		</Scripts>
	</Button>

	<Button name="RecapHeaderTemplate" virtual="true">
		<HighlightTexture file="Interface\QuestFrame\UI-QuestTitleHighlight" alphaMode="ADD">
			<Anchors>
				<Anchor point="TOPLEFT" relativeTo="$parent" relativePoint="TOPLEFT"/>
				<Anchor point="BOTTOMRIGHT" relativeTo="$parent" relativePoint="BOTTOMRIGHT">
					<Offset>
						<AbsDimension x="8" y="0"/>
					</Offset>
				</Anchor>
			</Anchors>
		</HighlightTexture>
		<Scripts>
			<OnEnter>
				RecapHeader_OnEnter(self)
			</OnEnter>
			<OnLeave>
				recap_temp.RecapTooltip:Hide()
			</OnLeave>
			<OnMouseUp>
				RecapHeader_OnMouseUp(self, button)
			</OnMouseUp>
			<OnClick>
				RecapHeader_OnClick(self, button, down)
			</OnClick>
		</Scripts>
	</Button>

	<Button name="RecapEffectsHeaderTemplate" virtual="true">
		<HighlightTexture file="Interface\QuestFrame\UI-QuestTitleHighlight" alphaMode="ADD">
			<Anchors>
				<Anchor point="TOPLEFT" relativeTo="$parent" relativePoint="TOPLEFT"/>
				<Anchor point="BOTTOMRIGHT" relativeTo="$parent" relativePoint="BOTTOMRIGHT">
					<Offset>
						<AbsDimension x="8" y="0"/>
					</Offset>
				</Anchor>
			</Anchors>
		</HighlightTexture>
		<Scripts>
			<OnEnter>
				RecapEffectsHeader_OnEnter(self)
			</OnEnter>
			<OnLeave>
				recap_temp.RecapTooltip:Hide()
			</OnLeave>
			<OnMouseUp>
				RecapEffectsHeader_OnMouseUp(self, button)
			</OnMouseUp>
			<OnClick>
				RecapEffectsHeader_OnClick(self, button, down)
			</OnClick>
		</Scripts>
	</Button>

	<Button name="RecapEffectsTemplate" hidden="true" virtual="true">
		<Size>
			<AbsDimension x="300" y="14" />
		</Size>
		<Layers>
			<Layer level="BORDER">
				<FontString name="$parent_EName" inherits="GameFontNormal" wraponspaces="false" justifyH="LEFT" text="">
					<Size>
						<AbsDimension x="144" y="14"/>
					</Size>
					<Anchors>
						<Anchor point="TOPLEFT"/>
					</Anchors>
				</FontString>
				<FontString name="$parent_EElement" inherits="GameFontNormalSmall" justifyH="RIGHT" text="other">
					<Size>
						<AbsDimension x="32" y="14"/>
					</Size>
					<Anchors>
						<Anchor point="TOPLEFT" relativeTo="$parent_EName" relativePoint="TOPRIGHT"/>
					</Anchors>
				</FontString>
				<FontString name="$parent_ETotal" inherits="GameFontNormalSmall" justifyH="RIGHT" text="0000">
					<Size>
						<AbsDimension x="84" y="14"/>
					</Size>
					<Anchors>
						<Anchor point="TOPLEFT" relativeTo="$parent_EElement" relativePoint="TOPRIGHT"/>
					</Anchors>
				</FontString>
				<FontString name="$parent_ETotalP" inherits="GameFontNormalSmall" justifyH="RIGHT" text="100%">
					<Size>
						<AbsDimension x="32" y="14"/>
					</Size>
					<Anchors>
						<Anchor point="TOPLEFT" relativeTo="$parent_ETotal" relativePoint="TOPRIGHT"/>
					</Anchors>
				</FontString>
				<FontString name="$parent_EMaxAll" inherits="GameFontNormalSmall" justifyH="RIGHT" text="9999">
					<Size>
						<AbsDimension x="46" y="14"/>
					</Size>
					<Anchors>
						<Anchor point="TOPLEFT" relativeTo="$parent_ETotalP" relativePoint="TOPRIGHT"/>
					</Anchors>
					<Color r=".85" g=".85" b=".85"/>
				</FontString>
				<FontString name="$parent_EGlances" inherits="GameFontNormalSmall" justifyH="RIGHT" text="9999">
					<Size>
						<AbsDimension x="84" y="14"/>
					</Size>
					<Anchors>
						<Anchor point="TOPLEFT" relativeTo="$parent_EMaxAll" relativePoint="TOPRIGHT"/>
					</Anchors>
					<Color r=".65" g="1" b="1"/>
				</FontString>
				<FontString name="$parent_EGlancesMin" inherits="GameFontNormalSmall" justifyH="RIGHT" text="9999">
					<Size>
						<AbsDimension x="46" y="14"/>
					</Size>
					<Anchors>
						<Anchor point="TOPLEFT" relativeTo="$parent_EGlances" relativePoint="TOPRIGHT"/>
					</Anchors>
					<Color r=".65" g="1" b="1"/>
				</FontString>
				<FontString name="$parent_EGlancesAvg" inherits="GameFontNormalSmall" justifyH="RIGHT" text="9999">
					<Size>
						<AbsDimension x="46" y="14"/>
					</Size>
					<Anchors>
						<Anchor point="TOPLEFT" relativeTo="$parent_EGlancesMin" relativePoint="TOPRIGHT"/>
					</Anchors>
					<Color r=".65" g="1" b="1"/>
				</FontString>
				<FontString name="$parent_EGlancesMax" inherits="GameFontNormalSmall" justifyH="RIGHT" text="9999">
					<Size>
						<AbsDimension x="46" y="14"/>
					</Size>
					<Anchors>
						<Anchor point="TOPLEFT" relativeTo="$parent_EGlancesAvg" relativePoint="TOPRIGHT"/>
					</Anchors>
					<Color r=".65" g="1" b="1"/>
				</FontString>
				<FontString name="$parent_EHits" inherits="GameFontNormalSmall" justifyH="RIGHT" text="9999">
					<Size>
						<AbsDimension x="60" y="14"/>
					</Size>
					<Anchors>
						<Anchor point="TOPLEFT" relativeTo="$parent_EGlancesMax" relativePoint="TOPRIGHT"/>
					</Anchors>
					<Color r=".65" g="1" b="1"/>
				</FontString>
				<FontString name="$parent_EHitsMin" inherits="GameFontNormalSmall" justifyH="RIGHT" text="9999">
					<Size>
						<AbsDimension x="46" y="14"/>
					</Size>
					<Anchors>
						<Anchor point="TOPLEFT" relativeTo="$parent_EHits" relativePoint="TOPRIGHT"/>
					</Anchors>
					<Color r=".65" g="1" b="1"/>
				</FontString>
				<FontString name="$parent_EHitsAvg" inherits="GameFontNormalSmall" justifyH="RIGHT" text="9999">
					<Size>
						<AbsDimension x="46" y="14"/>
					</Size>
					<Anchors>
						<Anchor point="TOPLEFT" relativeTo="$parent_EHitsMin" relativePoint="TOPRIGHT"/>
					</Anchors>
					<Color r=".65" g="1" b="1"/>
				</FontString>
				<FontString name="$parent_EHitsMax" inherits="GameFontNormalSmall" justifyH="RIGHT" text="9999">
					<Size>
						<AbsDimension x="46" y="14"/>
					</Size>
					<Anchors>
						<Anchor point="TOPLEFT" relativeTo="$parent_EHitsAvg" relativePoint="TOPRIGHT"/>
					</Anchors>
					<Color r=".65" g="1" b="1"/>
				</FontString>
				<FontString name="$parent_ETicks" inherits="GameFontNormalSmall" justifyH="RIGHT" text="9999">
					<Size>
						<AbsDimension x="60" y="14"/>
					</Size>
					<Anchors>
						<Anchor point="TOPLEFT" relativeTo="$parent_EHitsMax" relativePoint="TOPRIGHT"/>
					</Anchors>
					<Color r="1" g="1" b=".65"/>
				</FontString>
				<FontString name="$parent_ETicksMin" inherits="GameFontNormalSmall" justifyH="RIGHT" text="9999">
					<Size>
						<AbsDimension x="46" y="14"/>
					</Size>
					<Anchors>
						<Anchor point="TOPLEFT" relativeTo="$parent_ETicks" relativePoint="TOPRIGHT"/>
					</Anchors>
					<Color r="1" g="1" b=".65"/>
				</FontString>
				<FontString name="$parent_ETicksAvg" inherits="GameFontNormalSmall" justifyH="RIGHT" text="9999">
					<Size>
						<AbsDimension x="46" y="14"/>
					</Size>
					<Anchors>
						<Anchor point="TOPLEFT" relativeTo="$parent_ETicksMin" relativePoint="TOPRIGHT"/>
					</Anchors>
					<Color r="1" g="1" b=".65"/>
				</FontString>
				<FontString name="$parent_ETicksMax" inherits="GameFontNormalSmall" justifyH="RIGHT" text="9999">
					<Size>
						<AbsDimension x="46" y="14"/>
					</Size>
					<Anchors>
						<Anchor point="TOPLEFT" relativeTo="$parent_ETicksAvg" relativePoint="TOPRIGHT"/>
					</Anchors>
					<Color r="1" g="1" b=".65"/>
				</FontString>
				<FontString name="$parent_ECrits" inherits="GameFontNormalSmall" justifyH="RIGHT" text="9999">
					<Size>
						<AbsDimension x="60" y="14"/>
					</Size>
					<Anchors>
						<Anchor point="TOPLEFT" relativeTo="$parent_ETicksMax" relativePoint="TOPRIGHT"/>
					</Anchors>
					<Color r=".65" g="1" b=".65"/>
				</FontString>
				<FontString name="$parent_ECritsMin" inherits="GameFontNormalSmall" justifyH="RIGHT" text="9999">
					<Size>
						<AbsDimension x="46" y="14"/>
					</Size>
					<Anchors>
						<Anchor point="TOPLEFT" relativeTo="$parent_ECrits" relativePoint="TOPRIGHT"/>
					</Anchors>
					<Color r=".65" g="1" b=".65"/>
				</FontString>
				<FontString name="$parent_ECritsAvg" inherits="GameFontNormalSmall" justifyH="RIGHT" text="9999">
					<Size>
						<AbsDimension x="46" y="14"/>
					</Size>
					<Anchors>
						<Anchor point="TOPLEFT" relativeTo="$parent_ECritsMin" relativePoint="TOPRIGHT"/>
					</Anchors>
					<Color r=".65" g="1" b=".65"/>
				</FontString>
				<FontString name="$parent_ECritsMax" inherits="GameFontNormalSmall" justifyH="RIGHT" text="9999">
					<Size>
						<AbsDimension x="46" y="14"/>
					</Size>
					<Anchors>
						<Anchor point="TOPLEFT" relativeTo="$parent_ECritsAvg" relativePoint="TOPRIGHT"/>
					</Anchors>
					<Color r=".65" g="1" b=".65"/>
				</FontString>
				<FontString name="$parent_ECritsP" inherits="GameFontNormalSmall" justifyH="RIGHT" text="100%">
					<Size>
						<AbsDimension x="40" y="14"/>
					</Size>
					<Anchors>
						<Anchor point="TOPLEFT" relativeTo="$parent_ECritsMax" relativePoint="TOPRIGHT"/>
					</Anchors>
					<Color r=".65" g="1" b=".65"/>
				</FontString>
				<FontString name="$parent_EMiss" inherits="GameFontNormalSmall" justifyH="RIGHT" text="9999">
					<Size>
						<AbsDimension x="60" y="14"/>
					</Size>
					<Anchors>
						<Anchor point="TOPLEFT" relativeTo="$parent_ECritsP" relativePoint="TOPRIGHT"/>
					</Anchors>
					<Color r="1" g=".65" b="1"/>
				</FontString>
				<FontString name="$parent_EMissP" inherits="GameFontNormalSmall" justifyH="RIGHT" text="100%">
					<Size>
						<AbsDimension x="40" y="14"/>
					</Size>
					<Anchors>
						<Anchor point="TOPLEFT" relativeTo="$parent_EMiss" relativePoint="TOPRIGHT"/>
					</Anchors>
					<Color r="1" g=".65" b="1"/>
				</FontString>

			</Layer>
		</Layers>
		<HighlightTexture file="Interface\QuestFrame\UI-QuestTitleHighlight" alphaMode="ADD"/>
		<Scripts>
			<OnLoad>
				self:RegisterForClicks("LeftButtonUp", "RightButtonUp")
			</OnLoad>
			<OnEnter>
				Recap_Self_OnEnter(self)
			</OnEnter>
			<OnLeave>
				recap_temp.RecapTooltip:Hide()
			</OnLeave>
			<OnClick>
				RecapSelf_OnClick(self, button, down)
			</OnClick>
			<OnMouseDown>
				Recap_OnMouseDown(self, button)
			</OnMouseDown>
			<OnMouseUp>
				RecapSelf_OnMouseUp(self, button)
			</OnMouseUp>
		</Scripts>
	</Button>

	<Button name="RecapTotalsTemplate" virtual="true">
		<HighlightTexture file="Interface\QuestFrame\UI-QuestTitleHighlight" alphaMode="ADD"/>
		<Size>
			<AbsDimension x="1500" y="14" />
		</Size>
		<Layers>
			<Layer level="BORDER">
				<FontString name="$parent_Ranks" inherits="GameFontNormalSmall" justifyH="RIGHT" text="">
					<Size>
						<AbsDimension x="32" y="14"/>
					</Size>
					<Anchors>
						<Anchor point="TOPLEFT"/>
					</Anchors>
				</FontString>
				<Texture name="$parent_Faction">
					<Size>
						<AbsDimension x="14" y="14"/>
					</Size>
					<Anchors>
						<Anchor point="TOPLEFT" relativeTo="$parent_Ranks" relativePoint="TOPRIGHT">
							<Offset>
								<AbsDimension x="2" y="0"/>
							</Offset>
						</Anchor>
					</Anchors>
					<TexCoords left=".1" right="0.55" top=".07" bottom="0.55"/>
				</Texture>
				<FontString name="$parent_Level" inherits="GameFontNormalSmall" justifyH="CENTER" text="">
					<Size>
						<AbsDimension x="18" y="14"/>
					</Size>
					<Anchors>
						<Anchor point="TOPLEFT" relativeTo="$parent_Faction" relativePoint="TOPRIGHT">
							<Offset>
								<AbsDimension x="3" y="0"/>
							</Offset>
						</Anchor>
					</Anchors>
				</FontString>
				<Texture name="$parent_Class" file="Interface\AddOns\Recap\Images\Recap-Classes">
					<Size>
						<AbsDimension x="14" y="12"/>
					</Size>
					<Anchors>
						<Anchor point="TOPLEFT" relativeTo="$parent_Level" relativePoint="TOPRIGHT">
							<Offset>
								<AbsDimension x="2" y="-1"/>
							</Offset>
						</Anchor>
					</Anchors>
					<TexCoords left=".8" right="1" top=".8" bottom="1"/>
				</Texture>
				<FontString name="$parent_Name" inherits="GameFontNormal" wraponspaces="false" justifyH="LEFT" text="">
					<Size>
						<AbsDimension x="144" y="14"/>
					</Size>
					<Anchors>
						<Anchor point="TOPLEFT" relativeTo="$parent_Class" relativePoint="TOPRIGHT">
							<Offset>
								<AbsDimension x="3" y="2"/>
							</Offset>
						</Anchor>
					</Anchors>
				</FontString>
				<FontString name="$parent_Seen" inherits="GameFontNormalSmall" justifyH="RIGHT" text="">
					<Size>
						<AbsDimension x="62" y="14"/>
					</Size>
					<Anchors>
						<Anchor point="TOPLEFT" relativeTo="$parent_Name" relativePoint="TOPRIGHT"/>
					</Anchors>
					<Color r="0.85" g="0.85" b="0.85"/>
				</FontString>
				<FontString name="$parent_Deaths" inherits="GameFontNormalSmall" justifyH="RIGHT" text="0">
					<Size>
						<AbsDimension x="31" y="14"/>
					</Size>
					<Anchors>
						<Anchor point="TOPLEFT" relativeTo="$parent_Seen" relativePoint="TOPRIGHT"/>
					</Anchors>
					<Color r="0.85" g="0.85" b="0.85"/>
				</FontString>
				<FontString name="$parent_Time" inherits="GameFontHighlightSmall" justifyH="RIGHT" text="0">
					<Size>
						<AbsDimension x="62" y="14"/>
					</Size>
					<Anchors>
						<Anchor point="TOPLEFT" relativeTo="$parent_Deaths" relativePoint="TOPRIGHT"/>
					</Anchors>
					<Color r="0.85" g="0.85" b="0.85"/>
				</FontString>
				<FontString name="$parent_DmgOut" inherits="GameFontHighlightSmall" justifyH="RIGHT" text="Out">
					<Size>
						<AbsDimension x="84" y="14"/>
					</Size>
					<Anchors>
						<Anchor point="TOPLEFT" relativeTo="$parent_Time" relativePoint="TOPRIGHT"/>
					</Anchors>
				</FontString>
				<FontString name="$parent_DmgOutP" inherits="GameFontHighlightSmall" justifyH="RIGHT" text="">
					<Size>
						<AbsDimension x="32" y="14"/>
					</Size>
					<Anchors>
						<Anchor point="TOPLEFT" relativeTo="$parent_DmgOut" relativePoint="TOPRIGHT"/>
					</Anchors>
					<Color r="0.85" g="0.85" b="0.85"/>
				</FontString>
				<FontString name="$parent_MaxHit" inherits="GameFontHighlightSmall" justifyH="RIGHT" text="9999">
					<Size>
						<AbsDimension x="46" y="14"/>
					</Size>
					<Anchors>
						<Anchor point="TOPLEFT" relativeTo="$parent_DmgOutP" relativePoint="TOPRIGHT"/>
					</Anchors>
					<Color r="0.85" g="0.85" b="0.85"/>
				</FontString>
				<FontString name="$parent_DPS" inherits="GameFontHighlightSmall" justifyH="RIGHT" text="9999">
					<Size>
						<AbsDimension x="60" y="14"/>
					</Size>
					<Anchors>
						<Anchor point="TOPLEFT" relativeTo="$parent_MaxHit" relativePoint="TOPRIGHT"/>
					</Anchors>
					<Color r="0.85" g="0.85" b="0.85"/>
				</FontString>
				<FontString name="$parent_DPSPerGear" inherits="GameFontHighlightSmall" justifyH="RIGHT" text="9999">
					<Size>
						<AbsDimension x="80" y="14"/>
					</Size>
					<Anchors>
						<Anchor point="TOPLEFT" relativeTo="$parent_DPS" relativePoint="TOPRIGHT"/>
					</Anchors>
					<Color r="0.85" g="0.85" b="0.85"/>
				</FontString>
				<FontString name="$parent_DPSvsAll" inherits="GameFontHighlightSmall" justifyH="RIGHT" text="9999">
					<Size>
						<AbsDimension x="60" y="14"/>
					</Size>
					<Anchors>
						<Anchor point="TOPLEFT" relativeTo="$parent_DPSPerGear" relativePoint="TOPRIGHT"/>
					</Anchors>
					<Color r="0.85" g="0.85" b="0.85"/>
				</FontString>
				<FontString name="$parent_TimeIn" inherits="GameFontHighlightSmall" justifyH="RIGHT" text="0">
					<Size>
						<AbsDimension x="62" y="14"/>
					</Size>
					<Anchors>
						<Anchor point="TOPLEFT" relativeTo="$parent_DPSvsAll" relativePoint="TOPRIGHT"/>
					</Anchors>
					<Color r="0.85" g="0.85" b="0.85"/>
				</FontString>
				<FontString name="$parent_DmgIn" inherits="GameFontHighlightSmall" justifyH="RIGHT" text="In">
					<Size>
						<AbsDimension x="84" y="14"/>
					</Size>
					<Anchors>
						<Anchor point="TOPLEFT" relativeTo="$parent_TimeIn" relativePoint="TOPRIGHT"/>
					</Anchors>
				</FontString>
				<FontString name="$parent_DmgInP" inherits="GameFontHighlightSmall" justifyH="RIGHT" text="">
					<Size>
						<AbsDimension x="32" y="14"/>
					</Size>
					<Anchors>
						<Anchor point="TOPLEFT" relativeTo="$parent_DmgIn" relativePoint="TOPRIGHT"/>
					</Anchors>
					<Color r="0.85" g="0.85" b="0.85"/>
				</FontString>
				<FontString name="$parent_DPSIn" inherits="GameFontHighlightSmall" justifyH="RIGHT" text="9999">
					<Size>
						<AbsDimension x="60" y="14"/>
					</Size>
					<Anchors>
						<Anchor point="TOPLEFT" relativeTo="$parent_DmgInP" relativePoint="TOPRIGHT"/>
					</Anchors>
					<Color r="0.85" g="0.85" b="0.85"/>
				</FontString>
				<FontString name="$parent_TimeHeal" inherits="GameFontHighlightSmall" justifyH="RIGHT" text="0">
					<Size>
						<AbsDimension x="62" y="14"/>
					</Size>
					<Anchors>
						<Anchor point="TOPLEFT" relativeTo="$parent_DPSIn" relativePoint="TOPRIGHT"/>
					</Anchors>
					<Color r="0.85" g="0.85" b="0.85"/>
				</FontString>
				<FontString name="$parent_Heal" inherits="GameFontHighlightSmall" justifyH="RIGHT" text="0">
					<Size>
						<AbsDimension x="84" y="14"/>
					</Size>
					<Anchors>
						<Anchor point="TOPLEFT" relativeTo="$parent_TimeHeal" relativePoint="TOPRIGHT"/>
					</Anchors>
					<Color r="0.85" g="0.85" b="0.85"/>
				</FontString>
				<FontString name="$parent_HealP" inherits="GameFontHighlightSmall" justifyH="RIGHT" text="">
					<Size>
						<AbsDimension x="32" y="14"/>
					</Size>
					<Anchors>
						<Anchor point="TOPLEFT" relativeTo="$parent_Heal" relativePoint="TOPRIGHT"/>
					</Anchors>
					<Color r="0.85" g="0.85" b="0.85"/>
				</FontString>
				<FontString name="$parent_Over" inherits="GameFontHighlightSmall" justifyH="RIGHT" text="">
					<Size>
						<AbsDimension x="32" y="14"/>
					</Size>
					<Anchors>
						<Anchor point="TOPLEFT" relativeTo="$parent_HealP" relativePoint="TOPRIGHT"/>
					</Anchors>
					<Color r="0.85" g="0.85" b="0.85"/>
				</FontString>
				<FontString name="$parent_HPS" inherits="GameFontHighlightSmall" justifyH="RIGHT" text="9999">
					<Size>
						<AbsDimension x="60" y="14"/>
					</Size>
					<Anchors>
						<Anchor point="TOPLEFT" relativeTo="$parent_Over" relativePoint="TOPRIGHT"/>
					</Anchors>
					<Color r="0.85" g="0.85" b="0.85"/>
				</FontString>
				<FontString name="$parent_Dispels" inherits="GameFontHighlightSmall" justifyH="RIGHT" text="0">
					<Size>
						<AbsDimension x="45" y="14"/>
					</Size>
					<Anchors>
						<Anchor point="TOPLEFT" relativeTo="$parent_HPS" relativePoint="TOPRIGHT"/>
					</Anchors>
					<Color r="0.85" g="0.85" b="0.85"/>
				</FontString>
				<FontString name="$parent_Interrupts" inherits="GameFontHighlightSmall" justifyH="RIGHT" text="0">
					<Size>
						<AbsDimension x="45" y="14"/>
					</Size>
					<Anchors>
						<Anchor point="TOPLEFT" relativeTo="$parent_Dispels" relativePoint="TOPRIGHT"/>
					</Anchors>
					<Color r="0.85" g="0.85" b="0.85"/>
				</FontString>
			</Layer>
			<Layer level="BACKGROUND">
				<Texture name="$parent_Gauge" file="Interface\TargetingFrame\UI-StatusBar" hidden="true">
					<Size>
						<AbsDimension x="116" y="12"/>
					</Size>
					<Anchors>
						<Anchor point="TOPLEFT" relativeTo="$parent_Name" relativePoint="TOPLEFT">
							<Offset>
								<AbsDimension x="0" y="-2"/>
							</Offset>
						</Anchor>
					</Anchors>
					<TexCoords left=".8" right="1" top=".8" bottom="1"/>
				</Texture>
			</Layer>
		</Layers>
		<Scripts>
			<OnLoad>
				self:RegisterForClicks("LeftButtonUp", "RightButtonUp")
			</OnLoad>
			<OnLeave>
				recap_temp.RecapTooltip:Hide()
				RecapPanel_Hide()
			</OnLeave>
			<OnMouseDown>
				Recap_OnMouseDown(self, button)
			</OnMouseDown>
			<OnMouseUp>
				Recap_OnMouseUp(self, button)
			</OnMouseUp>
		</Scripts>
	</Button>

	<Button name="RecapListTemplate" inherits="RecapTotalsTemplate" virtual="true">
		<Scripts>
			<OnEnter>
				Recap_List_OnEnter(self)
			</OnEnter>
			<OnClick>
				Recap_List_OnClick(self, button, down)
			</OnClick>
		</Scripts>
	</Button>

	<Button name="RecapRecentTemplate" motionScriptsWhileDisabled="true" virtual="true">
		<Size>
			<AbsDimension x="50" y="14"/>
		</Size>
		<Layers>
			<Layer level="BORDER">
				<FontString name="$parent_Text" inherits="GameFontNormalSmall" wraponspaces="false" justifyH="CENTER" text="RECAP_RECENT">
				</FontString>
				<FontString name="$parent_SaveColor" inherits="GameFontNormalSmall" hidden="true" text="">
				</FontString>
			</Layer>
		</Layers>
		<Scripts>
			<OnEnter>
				Recap_Tooltip(self, "ShowRecent")
				_G[self:GetName().."_Text"]:SetTextColor(unpack(recap_temp.Color.Yellow))
			</OnEnter>
			<OnLeave>
				recap_temp.RecapTooltip:Hide()
				_G[self:GetName().."_Text"]:SetTextColor(_G[self:GetName().."_SaveColor"]:GetTextColor())
			</OnLeave>
			<OnClick>
				Recap_Recent_OnClick(self, button, down)
			</OnClick>
		</Scripts>
	</Button>

	<Button name="RecapRecentEffectTemplate" motionScriptsWhileDisabled="true" virtual="true">
		<Size>
			<AbsDimension x="50" y="14"/>
		</Size>
		<Layers>
			<Layer level="BORDER">
				<FontString name="$parent_Text" inherits="GameFontNormalSmall" wraponspaces="false" justifyH="CENTER" text="RECAP_RECENT">
				</FontString>
				<FontString name="$parent_SaveColor" inherits="GameFontNormalSmall" hidden="true" text="">
				</FontString>
			</Layer>
		</Layers>
		<Scripts>
			<OnEnter>
				Recap_Tooltip(self, "ShowRecentEffect")
				_G[self:GetName().."_Text"]:SetTextColor(unpack(recap_temp.Color.Yellow))
			</OnEnter>
			<OnLeave>
				recap_temp.RecapTooltip:Hide()
				_G[self:GetName().."_Text"]:SetTextColor(_G[self:GetName().."_SaveColor"]:GetTextColor())
			</OnLeave>
			<OnClick>
				Recap_Recent_OnClick(self, button, down)
			</OnClick>
		</Scripts>
	</Button>

	<Frame name="RecapFrame" toplevel="true" frameStrata="MEDIUM" enableMouse="true" movable="true" parent="UIParent" hidden="true" clampedToScreen="true">
		<Size>
			<AbsDimension x="200" y="264"/>
		</Size>
		<Anchors>
			<Anchor point="CENTER"/>
		</Anchors>
		<Backdrop name="RecapBackDrop" bgFile="Interface\DialogFrame\UI-DialogBox-Background" edgeFile="Interface\Tooltips\UI-Tooltip-Border">
			<BackgroundInsets>
				<AbsInset left="4" right="4" top="4" bottom="4" />
			</BackgroundInsets>
			<TileSize>
				<AbsValue val="16" />
			</TileSize>
			<EdgeSize>
				<AbsValue val="16" />
			</EdgeSize>
		</Backdrop>
		<Layers>

			<!-- invisible Text used for estimating actual text widths in pixels -->
			<Layer level="BACKGROUND">
				<FontString name="RecapInvisibleText" inherits="ChatFontNormal" hidden="true"/>
			</Layer>

			<Layer level="ARTWORK">

				<Texture name="RecapTopBar" file="Interface\TradeSkillFrame\UI-TradeSkill-SkillBorder">
					<Size>
						<AbsDimension x="128" y="8"/>
					</Size>
					<Anchors>
						<Anchor point="TOPLEFT">
							<Offset>
								<AbsDimension x="4" y="-20"/>
							</Offset>
						</Anchor>
					</Anchors>
					<TexCoords left="0.1" right="1.0" top="0" bottom="0.25"/>
				</Texture>
				<Texture name="RecapBottomBar" file="Interface\TradeSkillFrame\UI-TradeSkill-SkillBorder">
					<Size>
						<AbsDimension x="128" y="8"/>
					</Size>
					<Anchors>
						<Anchor point="BOTTOMLEFT">
							<Offset>
								<AbsDimension x="8" y="42"/>
							</Offset>
						</Anchor>
					</Anchors>
					<TexCoords left="0.1" right="1.0" top="0" bottom="0.25"/>
				</Texture>
				<Texture name="RecapExtraBottomBar" file="Interface\TradeSkillFrame\UI-TradeSkill-SkillBorder">
					<Size>
						<AbsDimension x="128" y="8"/>
					</Size>
					<Anchors>
						<Anchor point="BOTTOMLEFT">
							<Offset>
								<AbsDimension x="8" y="20"/>
							</Offset>
						</Anchor>
					</Anchors>
					<TexCoords left="0.1" right="1.0" top="0" bottom="0.25"/>
				</Texture>
				<Texture name="RecapTitleBack" file="Interface\AddOns\Recap\Images\Recap-TitleBack">
					<Size>
						<AbsDimension x="200" y="23"/>
					</Size>
					<Anchors>
						<Anchor point="TOPLEFT">
							<Offset>
								<AbsDimension x="5" y="-5"/>
							</Offset>
						</Anchor>
						<Anchor point="BOTTOMRIGHT" relativeTo="RecapFrame" relativePoint="TOPRIGHT">
							<Offset>
								<AbsDimension x="-5" y="-24"/>
							</Offset>
						</Anchor>
					</Anchors>
				</Texture>
			</Layer>
		</Layers>

		<Frames>

			<!-- transparent Button in order to show title and a tooltip -->
			<Button name="RecapTitleButton">
				<Size>
					<AbsDimension x="128" y="18"/>
				</Size>
				<Anchors>
					<Anchor point="TOPLEFT">
						<Offset>
							<AbsDimension x="44" y="-4"/>
						</Offset>
					</Anchor>
				</Anchors>
				<Layers>
					<Layer level="BORDER">
						<FontString name="RecapTitle" inherits="GameFontNormal" wraponspaces="false" justifyH="LEFT" text="RECAP_RECAP"/>
					</Layer>
				</Layers>
				<Scripts>
					<OnEnter>
						Recap_Tooltip(self, "StartingHints")
					</OnEnter>
					<OnLeave>
						recap_temp.RecapTooltip:Hide()
					</OnLeave>
					<!-- ook, need to make it drag the entire frame -->
					<OnMouseDown>
						Recap_OnMouseDown(RecapFrame, button)
					</OnMouseDown>
					<OnMouseUp>
						Recap_OnMouseUp(RecapFrame, button)
					</OnMouseUp>
				</Scripts>
			</Button>

			<Button name="RecapMinStatus">
				<Size>
					<AbsDimension x="16" y="16" />
				</Size>
				<Anchors>
					<Anchor point="TOPLEFT" relativeTo="RecapFrame" relativePoint="TOPLEFT">
						<Offset>
							<AbsDimension x="6" y="-6" />
						</Offset>
					</Anchor>
				</Anchors>
				<Layers>
					<Layer level="BORDER">
						<Texture name="RecapStatusTexture" file="Interface\AddOns\Recap\Images\Recap-Status"/>
					</Layer>
				</Layers>
				<Scripts>
					<OnEnter>
						Recap_Tooltip(self, "Status")
					</OnEnter>
					<OnLeave>
						recap_temp.RecapTooltip:Hide()
					</OnLeave>
					<OnMouseDown>
						Recap_OnMouseDown(self, button)
					</OnMouseDown>
					<OnMouseUp>
						Recap_OnMouseUp(self, button)
					</OnMouseUp>
				</Scripts>
			</Button>
			<Button name="RecapMinSyncStatus">
				<Size>
					<AbsDimension x="16" y="16" />
				</Size>
				<Anchors>
					<Anchor point="TOPLEFT" relativeTo="RecapMinStatus" relativePoint="TOPRIGHT">
						<Offset>
							<AbsDimension x="2" y="0" />
						</Offset>
					</Anchor>
				</Anchors>
				<Layers>
					<Layer level="BORDER">
						<Texture name="RecapMinSyncStatusTexture" file="Interface\AddOns\Recap\Images\Recap-Status"/>
					</Layer>
				</Layers>
				<Scripts>
					<OnEnter>
						Recap_Tooltip(self, "SyncStatus")
					</OnEnter>
					<OnLeave>
						recap_temp.RecapTooltip:Hide()
					</OnLeave>
					<OnMouseDown>
						Recap_OnMouseDown(self, button)
					</OnMouseDown>
					<OnMouseUp>
						Recap_OnMouseUp(self, button)
					</OnMouseUp>
					<OnClick>
						-- Hawksy: undocumented, see if anyone notices -- toggles the Sync options panel
						if _G["RecapOptSubFrame5"]:IsVisible() then
							RecapOptFrame:Hide()
						else
							for i=1,6 do
								_G["RecapOptTab"..i]:UnlockHighlight()
								_G["RecapOptSubFrame"..i]:Hide()
							end
							_G["RecapOptTab5"]:LockHighlight()
							_G["RecapOptSubFrame5"]:Show()
							RecapOptFrame:Show()
							Recap_SetSyncDisplay()
						end
					</OnClick>
				</Scripts>
			</Button>
			<Button name="RecapMinView">
				<Size>
					<AbsDimension x="35" y="16" />
				</Size>
				<Anchors>
					<Anchor point="TOPLEFT" relativeTo="RecapMinSyncStatus" relativePoint="TOPRIGHT">
						<Offset>
							<AbsDimension x="4" y="0" />
						</Offset>
					</Anchor>
				</Anchors>
				<Layers>
					<Layer level="BORDER">
						<FontString name="RecapMinTitle" inherits="GameFontNormal" wraponspaces="false" justifyH="LEFT" text="RECAP_RECAP"/>
					</Layer>
				</Layers>
				<Scripts>
					<OnMouseDown>
						Recap_OnMouseDown(self, button)
					</OnMouseDown>
					<OnMouseUp>
						Recap_OnMouseUp(self, button)
					</OnMouseUp>
				</Scripts>
			</Button>
			<Button name="RecapMinYourDPS" hidden="true">
				<Size>
					<AbsDimension x="80" y="16" />
				</Size>
				<Anchors>
					<Anchor point="TOPLEFT" relativeTo="RecapMinView" relativePoint="TOPRIGHT"/>
				</Anchors>
				<Layers>
					<Layer level="BORDER">
						<FontString name="RecapMinYourDPS_Text" inherits="GameFontNormal" wraponspaces="false" justifyH="CENTER" text="0.0">
							<Color r="1" g="1" b="1"/>
						</FontString>
					</Layer>
				</Layers>
				<Scripts>
					<OnEnter>
						RecapMinimizedHeader_OnEnter(self, "TooltipMinYourDPS")
					</OnEnter>
					<OnLeave>
						recap_temp.RecapTooltip:Hide()
					</OnLeave>
					<OnMouseDown>
						Recap_OnMouseDown(self, button)
					</OnMouseDown>
					<OnMouseUp>
						Recap_OnMouseUp(self, button)
					</OnMouseUp>
				</Scripts>
			</Button>
			<Button name="RecapMinYourPetPercent" hidden="true">
				<Size>
					<AbsDimension x="48" y="16" />
				</Size>
				<Anchors>
					<Anchor point="TOPLEFT" relativeTo="RecapMinYourDPS" relativePoint="TOPRIGHT"/>
				</Anchors>
				<Layers>
					<Layer level="BORDER">
						<FontString name="RecapMinYourPetPercent_Text" inherits="GameFontNormal" wraponspaces="false" justifyH="CENTER" text="0.0">
							<Color r="1" g="1" b="1"/>
						</FontString>
					</Layer>
				</Layers>
				<Scripts>
					<OnEnter>
						RecapMinimizedHeader_OnEnter(self, "TooltipMinYourPetPercent")
					</OnEnter>
					<OnLeave>
						recap_temp.RecapTooltip:Hide()
					</OnLeave>
					<OnMouseDown>
						Recap_OnMouseDown(self, button)
					</OnMouseDown>
					<OnMouseUp>
						Recap_OnMouseUp(self, button)
					</OnMouseUp>
				</Scripts>
			</Button>
			<Button name="RecapMinDPSIn" hidden="true">
				<Size>
					<AbsDimension x="96" y="16" />
				</Size>
				<Anchors>
					<Anchor point="TOPLEFT" relativeTo="RecapMinYourPetPercent" relativePoint="TOPRIGHT"/>
				</Anchors>
				<Layers>
					<Layer level="BORDER">
						<FontString name="RecapMinDPSIn_Text" inherits="GameFontNormal" wraponspaces="false" justifyH="CENTER" text="0.0"/>
					</Layer>
				</Layers>
				<Scripts>
					<OnEnter>
						RecapMinimizedHeader_OnEnter(self, "TooltipMinDPSIn")
					</OnEnter>
					<OnLeave>
						recap_temp.RecapTooltip:Hide()
					</OnLeave>
					<OnMouseDown>
						Recap_OnMouseDown(self, button)
					</OnMouseDown>
					<OnMouseUp>
						Recap_OnMouseUp(self, button)
					</OnMouseUp>
				</Scripts>
			</Button>
			<Button name="RecapMinDPSOut" hidden="true">
				<Size>
					<AbsDimension x="96" y="16" />
				</Size>
				<Anchors>
					<Anchor point="TOPLEFT" relativeTo="RecapMinDPSIn" relativePoint="TOPRIGHT"/>
				</Anchors>
				<Layers>
					<Layer level="BORDER">
						<FontString name="RecapMinDPSOut_Text" inherits="GameFontNormal" wraponspaces="false" justifyH="CENTER" text="0.0"/>
					</Layer>
				</Layers>
				<Scripts>
					<OnEnter>
						RecapMinimizedHeader_OnEnter(self, "TooltipMinDPSOut")
					</OnEnter>
					<OnLeave>
						recap_temp.RecapTooltip:Hide()
					</OnLeave>
					<OnMouseDown>
						Recap_OnMouseDown(self, button)
					</OnMouseDown>
					<OnMouseUp>
						Recap_OnMouseUp(self, button)
					</OnMouseUp>
				</Scripts>
			</Button>
			<Button name="RecapMinYourHPS" hidden="true">
				<Size>
					<AbsDimension x="80" y="16" />
				</Size>
				<Anchors>
					<Anchor point="TOPLEFT" relativeTo="RecapMinDPSOut" relativePoint="TOPRIGHT"/>
				</Anchors>
				<Layers>
					<Layer level="BORDER">
						<FontString name="RecapMinYourHPS_Text" inherits="GameFontNormal" wraponspaces="false" justifyH="CENTER" text="0.0">
							<Color r="1" g="1" b="1"/>
						</FontString>
					</Layer>
				</Layers>
				<Scripts>
					<OnEnter>
						RecapMinimizedHeader_OnEnter(self, "TooltipMinYourHPS")
					</OnEnter>
					<OnLeave>
						recap_temp.RecapTooltip:Hide()
					</OnLeave>
					<OnMouseDown>
						Recap_OnMouseDown(self, button)
					</OnMouseDown>
					<OnMouseUp>
						Recap_OnMouseUp(self, button)
					</OnMouseUp>
				</Scripts>
			</Button>
			<Button name="RecapMinHPS" hidden="true">
				<Size>
					<AbsDimension x="96" y="16" />
				</Size>
				<Anchors>
					<Anchor point="TOPLEFT" relativeTo="RecapMinYourHPS" relativePoint="TOPRIGHT"/>
				</Anchors>
				<Layers>
					<Layer level="BORDER">
						<FontString name="RecapMinHPS_Text" inherits="GameFontNormal" wraponspaces="false" justifyH="CENTER" text="0.0"/>
					</Layer>
				</Layers>
				<Scripts>
					<OnEnter>
						RecapMinimizedHeader_OnEnter(self, "TooltipMinHPS")
					</OnEnter>
					<OnLeave>
						recap_temp.RecapTooltip:Hide()
					</OnLeave>
					<OnMouseDown>
						Recap_OnMouseDown(self, button)
					</OnMouseDown>
					<OnMouseUp>
						Recap_OnMouseUp(self, button)
					</OnMouseUp>
				</Scripts>
			</Button>

			<Button name="RecapMinimizeButton" inherits="RecapButtonTemplate">
				<Anchors>
					<Anchor point="TOPRIGHT">
						<Offset>
							<AbsDimension x="-6" y="-6"/>
						</Offset>
					</Anchor>
				</Anchors>
				<Scripts>
					<OnEnter>
						Recap_Tooltip(self, "Minimize")
					</OnEnter>
					<OnLeave>
						recap_temp.RecapTooltip:Hide()
					</OnLeave>
					<OnClick>
						Recap_ButtonAction(self, "Minimize")
					</OnClick>
				</Scripts>
				<NormalTexture file="Interface\AddOns\Recap\Images\Recap-Buttons-Up">
					<TexCoords left="0.25" right="0.495" top="0" bottom="0.245"/>
				</NormalTexture>
				<PushedTexture file="Interface\AddOns\Recap\Images\Recap-Buttons-Down">
					<TexCoords left="0.25" right="0.495" top="0" bottom="0.245"/>
				</PushedTexture>
			</Button>
			<Button name="RecapCloseButton" inherits="RecapButtonTemplate">
				<Anchors>
					<Anchor point="TOPRIGHT" relativeTo="RecapMinimizeButton" relativePoint="TOPLEFT">
						<Offset>
							<AbsDimension x="-2" y="0"/>
						</Offset>
					</Anchor>
				</Anchors>
				<Scripts>
					<OnEnter>
						Recap_Tooltip(self, "Close")
					</OnEnter>
					<OnLeave>
						recap_temp.RecapTooltip:Hide()
					</OnLeave>
					<OnClick>
						Recap_ButtonAction(self, "Close")
					</OnClick>
				</Scripts>
				<NormalTexture file="Interface\AddOns\Recap\Images\Recap-Buttons-Up">
					<TexCoords left="0" right="0.245" top="0" bottom="0.245"/>
				</NormalTexture>
				<PushedTexture file="Interface\AddOns\Recap\Images\Recap-Buttons-Down">
					<TexCoords left="0" right="0.245" top="0" bottom="0.245"/>
				</PushedTexture>
			</Button>
			<Button name="RecapPinButton" inherits="RecapButtonTemplate">
				<Anchors>
					<Anchor point="TOPRIGHT" relativeTo="RecapCloseButton" relativePoint="TOPLEFT">
						<Offset>
							<AbsDimension x="-2" y="0"/>
						</Offset>
					</Anchor>
				</Anchors>
				<Scripts>
					<OnEnter>
						Recap_Tooltip(self, "Pin")
					</OnEnter>
					<OnLeave>
						recap_temp.RecapTooltip:Hide()
					</OnLeave>
					<OnClick>
						Recap_ButtonAction(self, "Pin")
					</OnClick>
				</Scripts>
				<NormalTexture file="Interface\AddOns\Recap\Images\Recap-Buttons-Up">
					<TexCoords left="0.5" right="0.745" top="0.25" bottom="0.495"/>
				</NormalTexture>
				<PushedTexture file="Interface\AddOns\Recap\Images\Recap-Buttons-Down">
					<TexCoords left="0.5" right="0.745" top="0.25" bottom="0.495"/>
				</PushedTexture>
			</Button>
			<Button name="RecapPauseButton" inherits="RecapButtonTemplate">
				<Anchors>
					<Anchor point="TOPRIGHT" relativeTo="RecapPinButton" relativePoint="TOPLEFT">
						<Offset>
							<AbsDimension x="-2" y="0"/>
						</Offset>
					</Anchor>
				</Anchors>
				<Scripts>
					<OnEnter>
						Recap_Tooltip(self, "Pause")
					</OnEnter>
					<OnLeave>
						recap_temp.RecapTooltip:Hide()
					</OnLeave>
					<OnClick>
						Recap_ButtonAction(self, "Pause")
					</OnClick>
				</Scripts>
				<NormalTexture file="Interface\AddOns\Recap\Images\Recap-Buttons-Up">
					<TexCoords left="0.75" right="0.995" top="0" bottom="0.245"/>
				</NormalTexture>
				<PushedTexture file="Interface\AddOns\Recap\Images\Recap-Buttons-Down">
					<TexCoords left="0.75" right="0.995" top="0" bottom="0.245"/>
				</PushedTexture>
			</Button>
			<Button name="RecapOptionsButton">
				<Size>
					<AbsDimension x="16" y="16"/>
				</Size>
				<Anchors>
					<Anchor point="TOPRIGHT" relativeTo="RecapPauseButton" relativePoint="TOPLEFT">
						<Offset>
							<AbsDimension x="-2" y="0"/>
						</Offset>
					</Anchor>
				</Anchors>
				<Scripts>
					<OnEnter>
						Recap_Tooltip(self, "Options")
					</OnEnter>
					<OnLeave>
						recap_temp.RecapTooltip:Hide()
					</OnLeave>
					<OnClick>
						Recap_ButtonAction(self, "Options")
					</OnClick>
				</Scripts>
				<NormalTexture file="Interface\AddOns\Recap\Images\Recap-Buttons-Up">
					<TexCoords left="0.5" right="0.745" top="0" bottom="0.245"/>
				</NormalTexture>
				<PushedTexture file="Interface\AddOns\Recap\Images\Recap-Buttons-Down">
					<TexCoords left="0.5" right="0.745" top="0" bottom="0.245"/>
				</PushedTexture>
				<HighlightTexture file="Interface\AddOns\Recap\Images\Status-Idle" alphaMode="ADD"/>
			</Button>
			<Button name="RecapShowAllButton">
				<Size>
					<AbsDimension x="16" y="16"/>
				</Size>
				<Anchors>
					<Anchor point="TOPRIGHT" relativeTo="RecapOptionsButton" relativePoint="TOPLEFT">
						<Offset>
							<AbsDimension x="-2" y="0"/>
						</Offset>
					</Anchor>
				</Anchors>
				<Scripts>
					<OnEnter>
						Recap_Tooltip(self, "ShowAll")
					</OnEnter>
					<OnLeave>
						recap_temp.RecapTooltip:Hide()
					</OnLeave>
					<OnClick>
						Recap_ButtonAction(self, "ShowAll")
					</OnClick>
				</Scripts>
				<NormalTexture file="Interface\AddOns\Recap\Images\Recap-Buttons-Up">
					<TexCoords left="0.25" right="0.495" top="0.25" bottom="0.495"/>
				</NormalTexture>
				<PushedTexture file="Interface\AddOns\Recap\Images\Recap-Buttons-Down">
					<TexCoords left="0.25" right="0.495" top="0.25" bottom="0.495"/>
				</PushedTexture>
				<HighlightTexture file="Interface\AddOns\Recap\Images\Status-Idle" alphaMode="ADD"/>
			</Button>
			<Button name="RecapSelfViewButton">
				<Size>
					<AbsDimension x="16" y="16"/>
				</Size>
				<Anchors>
					<Anchor point="TOPRIGHT" relativeTo="RecapShowAllButton" relativePoint="TOPLEFT">
						<Offset>
							<AbsDimension x="-2" y="0"/>
						</Offset>
					</Anchor>
				</Anchors>
				<Scripts>
					<OnEnter>
						Recap_Tooltip(self, "SelfView")
					</OnEnter>
					<OnLeave>
						recap_temp.RecapTooltip:Hide()
					</OnLeave>
					<OnClick>
						Recap_ButtonAction(self, "SelfView")
					</OnClick>
				</Scripts>
				<NormalTexture file="Interface\AddOns\Recap\Images\Recap-Buttons-Up">
					<TexCoords left="0" right="0.245" top="0.25" bottom="0.495"/>
				</NormalTexture>
				<PushedTexture file="Interface\AddOns\Recap\Images\Recap-Buttons-Down">
					<TexCoords left="0" right="0.245" top="0.25" bottom="0.495"/>
				</PushedTexture>
				<HighlightTexture file="Interface\AddOns\Recap\Images\Status-Idle" alphaMode="ADD"/>
			</Button>

			<Button name="RecapResetButton" inherits="GameMenuButtonTemplate" text="RECAP_RESET">
				<Size>
					<AbsDimension x="75" y="22"/>
				</Size>
				<Anchors>
					<Anchor point="BOTTOMLEFT">
						<Offset>
							<AbsDimension x="5" y="28"/>
						</Offset>
					</Anchor>
				</Anchors>
				<Scripts>
					<OnEnter>
						Recap_Tooltip(self, "Reset")
					</OnEnter>
					<OnLeave>
						recap_temp.RecapTooltip:Hide()
					</OnLeave>
					<OnClick>
						Recap_ButtonAction(self, "Reset")
					</OnClick>
				</Scripts>
				<NormalTexture inherits="UIPanelButtonUpTexture"/>
				<PushedTexture inherits="UIPanelButtonDownTexture"/>
				<DisabledTexture inherits="UIPanelButtonDisabledTexture"/>
				<HighlightTexture inherits="UIPanelButtonHighlightTexture"/>
			</Button>

			<Button name="RecentLabelButton">
				<Size>
					<AbsDimension x="75" y="20"/>
				</Size>
				<Anchors>
					<Anchor point="BOTTOMLEFT">
						<Offset>
							<AbsDimension x="30" y="4"/>
						</Offset>
					</Anchor>
				</Anchors>
				<Layers>
					<Layer level="BORDER">
						<FontString name="RecentLabel" inherits="GameFontNormal" wraponspaces="false" justifyH="LEFT" text="RECAP_RECENT_COLON"/>
					</Layer>
				</Layers>
			</Button>

			<Button name="RecapEventsButton" inherits="GameMenuButtonTemplate" motionScriptsWhileDisabled="true" text="RECAP_EVENTS">
				<Size>
					<AbsDimension x="75" y="18"/>
				</Size>
				<Anchors>
					<Anchor point="TOPLEFT" relativeTo="RecentLabel" relativePoint="TOPRIGHT">
						<Offset>
							<AbsDimension x="16" y="3"/>
						</Offset>
					</Anchor>
				</Anchors>
				<Scripts>
					<OnEnter>
						Recap_Tooltip(self, "RecentEvents")
					</OnEnter>
					<OnLeave>
						recap_temp.RecapTooltip:Hide()
					</OnLeave>
					<OnClick>
						Recap_ButtonAction(self, "RecentEvents")
					</OnClick>
				</Scripts>
				<NormalTexture inherits="UIPanelButtonUpTexture"/>
				<PushedTexture inherits="UIPanelButtonDownTexture"/>
				<DisabledTexture inherits="UIPanelButtonDisabledTexture"/>
				<HighlightTexture inherits="UIPanelButtonHighlightTexture"/>
			</Button>

			<Button name="RecapDispelsAndInterruptsButton" inherits="GameMenuButtonTemplate" motionScriptsWhileDisabled="true" text="RECAP_DISPELS_AND_INTERRUPTS">
				<Size>
					<AbsDimension x="155" y="18"/>
				</Size>
				<Anchors>
					<Anchor point="TOPLEFT" relativeTo="RecapEventsButton" relativePoint="TOPRIGHT">
						<Offset>
							<AbsDimension x="8" y="0"/>
						</Offset>
					</Anchor>
				</Anchors>
				<Scripts>
					<OnEnter>
						Recap_Tooltip(self, "RecentDispelsAndInterrupts")
					</OnEnter>
					<OnLeave>
						recap_temp.RecapTooltip:Hide()
					</OnLeave>
					<OnClick>
						Recap_ButtonAction(self, "RecentDispelsAndInterrupts")
					</OnClick>
				</Scripts>
				<NormalTexture inherits="UIPanelButtonUpTexture"/>
				<PushedTexture inherits="UIPanelButtonDownTexture"/>
				<DisabledTexture inherits="UIPanelButtonDisabledTexture"/>
				<HighlightTexture inherits="UIPanelButtonHighlightTexture"/>
			</Button>

			<Button name="RecapDeathsButton" inherits="GameMenuButtonTemplate" motionScriptsWhileDisabled="true" text="RECAP_DEATHS">
				<Size>
					<AbsDimension x="75" y="18"/>
				</Size>
				<Anchors>
					<Anchor point="TOPLEFT" relativeTo="RecapDispelsAndInterruptsButton" relativePoint="TOPRIGHT">
						<Offset>
							<AbsDimension x="8" y="0"/>
						</Offset>
					</Anchor>
				</Anchors>
				<Scripts>
					<OnEnter>
						Recap_Tooltip(self, "RecentDeaths")
					</OnEnter>
					<OnLeave>
						recap_temp.RecapTooltip:Hide()
					</OnLeave>
					<OnClick>
						Recap_ButtonAction(self, "RecentDeaths")
					</OnClick>
				</Scripts>
				<NormalTexture inherits="UIPanelButtonUpTexture"/>
				<PushedTexture inherits="UIPanelButtonDownTexture"/>
				<DisabledTexture inherits="UIPanelButtonDisabledTexture"/>
				<HighlightTexture inherits="UIPanelButtonHighlightTexture"/>
			</Button>

			<Button name="RecapLiveGraphAndTextButton" inherits="GameMenuButtonTemplate" motionScriptsWhileDisabled="true" text="RECAP_LIVE_GRAPH_AND_TEXT">
				<Size>
					<AbsDimension x="155" y="18"/>
				</Size>
				<Anchors>
					<Anchor point="TOPLEFT" relativeTo="RecapDeathsButton" relativePoint="TOPRIGHT">
						<Offset>
							<AbsDimension x="16" y="0"/>
						</Offset>
					</Anchor>
				</Anchors>
				<Scripts>
					<OnEnter>
						Recap_Tooltip(self, "LiveGraphAndText")
					</OnEnter>
					<OnLeave>
						recap_temp.RecapTooltip:Hide()
					</OnLeave>
					<OnClick>
						Recap_ButtonAction(self, "LiveGraphAndText")
					</OnClick>
				</Scripts>
				<NormalTexture inherits="UIPanelButtonUpTexture"/>
				<PushedTexture inherits="UIPanelButtonDownTexture"/>
				<DisabledTexture inherits="UIPanelButtonDisabledTexture"/>
				<HighlightTexture inherits="UIPanelButtonHighlightTexture"/>
			</Button>

			<Button name="RecapSelf1" inherits="RecapEffectsTemplate" id="1">
				<Anchors>
					<Anchor point="TOPLEFT">
						<Offset>
							<AbsDimension x="8" y="-42"/>
						</Offset>
					</Anchor>
				</Anchors>
			</Button>
			<Button name="RecapSelf2" inherits="RecapEffectsTemplate" id="2">
				<Anchors>
					<Anchor point="TOPLEFT" relativeTo="RecapSelf1" relativePoint="BOTTOMLEFT"/>
				</Anchors>
			</Button>
			<Button name="RecapSelf3" inherits="RecapEffectsTemplate" id="3">
				<Anchors>
					<Anchor point="TOPLEFT" relativeTo="RecapSelf2" relativePoint="BOTTOMLEFT"/>
				</Anchors>
			</Button>
			<Button name="RecapSelf4" inherits="RecapEffectsTemplate" id="4">
				<Anchors>
					<Anchor point="TOPLEFT" relativeTo="RecapSelf3" relativePoint="BOTTOMLEFT"/>
				</Anchors>
			</Button>
			<Button name="RecapSelf5" inherits="RecapEffectsTemplate" id="5">
				<Anchors>
					<Anchor point="TOPLEFT" relativeTo="RecapSelf4" relativePoint="BOTTOMLEFT"/>
				</Anchors>
			</Button>
			<Button name="RecapSelf6" inherits="RecapEffectsTemplate" id="6">
				<Anchors>
					<Anchor point="TOPLEFT" relativeTo="RecapSelf5" relativePoint="BOTTOMLEFT"/>
				</Anchors>
			</Button>
			<Button name="RecapSelf7" inherits="RecapEffectsTemplate" id="7">
				<Anchors>
					<Anchor point="TOPLEFT" relativeTo="RecapSelf6" relativePoint="BOTTOMLEFT"/>
				</Anchors>
			</Button>
			<Button name="RecapSelf8" inherits="RecapEffectsTemplate" id="8">
				<Anchors>
					<Anchor point="TOPLEFT" relativeTo="RecapSelf7" relativePoint="BOTTOMLEFT"/>
				</Anchors>
			</Button>
			<Button name="RecapSelf9" inherits="RecapEffectsTemplate" id="9">
				<Anchors>
					<Anchor point="TOPLEFT" relativeTo="RecapSelf8" relativePoint="BOTTOMLEFT"/>
				</Anchors>
			</Button>
			<Button name="RecapSelf10" inherits="RecapEffectsTemplate" id="10">
				<Anchors>
					<Anchor point="TOPLEFT" relativeTo="RecapSelf9" relativePoint="BOTTOMLEFT"/>
				</Anchors>
			</Button>
			<Button name="RecapSelf11" inherits="RecapEffectsTemplate" id="11">
				<Anchors>
					<Anchor point="TOPLEFT" relativeTo="RecapSelf10" relativePoint="BOTTOMLEFT"/>
				</Anchors>
			</Button>
			<Button name="RecapSelf12" inherits="RecapEffectsTemplate" id="12">
				<Anchors>
					<Anchor point="TOPLEFT" relativeTo="RecapSelf11" relativePoint="BOTTOMLEFT"/>
				</Anchors>
			</Button>
			<Button name="RecapSelf13" inherits="RecapEffectsTemplate" id="13">
				<Anchors>
					<Anchor point="TOPLEFT" relativeTo="RecapSelf12" relativePoint="BOTTOMLEFT"/>
				</Anchors>
			</Button>
			<Button name="RecapSelf14" inherits="RecapEffectsTemplate" id="14">
				<Anchors>
					<Anchor point="TOPLEFT" relativeTo="RecapSelf13" relativePoint="BOTTOMLEFT"/>
				</Anchors>
			</Button>
			<Button name="RecapSelf15" inherits="RecapEffectsTemplate" id="15">
				<Anchors>
					<Anchor point="TOPLEFT" relativeTo="RecapSelf14" relativePoint="BOTTOMLEFT"/>
				</Anchors>
			</Button>

			<Button name="RecapRecentSelf1" inherits="RecapRecentEffectTemplate" id="1">
				<Anchors>
					<Anchor point="TOPLEFT" relativeTo="RecapSelf1" relativePoint="TOPRIGHT">
						<Offset>
							<AbsDimension x="6" y="1"/>
						</Offset>
					</Anchor>
				</Anchors>
			</Button>
			<Button name="RecapRecentSelf2" inherits="RecapRecentEffectTemplate" id="2">
				<Anchors>
					<Anchor point="TOPLEFT" relativeTo="RecapRecentSelf1" relativePoint="BOTTOMLEFT"/>
				</Anchors>
			</Button>
			<Button name="RecapRecentSelf3" inherits="RecapRecentEffectTemplate" id="3">
				<Anchors>
					<Anchor point="TOPLEFT" relativeTo="RecapRecentSelf2" relativePoint="BOTTOMLEFT"/>
				</Anchors>
			</Button>
			<Button name="RecapRecentSelf4" inherits="RecapRecentEffectTemplate" id="4">
				<Anchors>
					<Anchor point="TOPLEFT" relativeTo="RecapRecentSelf3" relativePoint="BOTTOMLEFT"/>
				</Anchors>
			</Button>
			<Button name="RecapRecentSelf5" inherits="RecapRecentEffectTemplate" id="5">
				<Anchors>
					<Anchor point="TOPLEFT" relativeTo="RecapRecentSelf4" relativePoint="BOTTOMLEFT"/>
				</Anchors>
			</Button>
			<Button name="RecapRecentSelf6" inherits="RecapRecentEffectTemplate" id="6">
				<Anchors>
					<Anchor point="TOPLEFT" relativeTo="RecapRecentSelf5" relativePoint="BOTTOMLEFT"/>
				</Anchors>
			</Button>
			<Button name="RecapRecentSelf7" inherits="RecapRecentEffectTemplate" id="7">
				<Anchors>
					<Anchor point="TOPLEFT" relativeTo="RecapRecentSelf6" relativePoint="BOTTOMLEFT"/>
				</Anchors>
			</Button>
			<Button name="RecapRecentSelf8" inherits="RecapRecentEffectTemplate" id="8">
				<Anchors>
					<Anchor point="TOPLEFT" relativeTo="RecapRecentSelf7" relativePoint="BOTTOMLEFT"/>
				</Anchors>
			</Button>
			<Button name="RecapRecentSelf9" inherits="RecapRecentEffectTemplate" id="9">
				<Anchors>
					<Anchor point="TOPLEFT" relativeTo="RecapRecentSelf8" relativePoint="BOTTOMLEFT"/>
				</Anchors>
			</Button>
			<Button name="RecapRecentSelf10" inherits="RecapRecentEffectTemplate" id="10">
				<Anchors>
					<Anchor point="TOPLEFT" relativeTo="RecapRecentSelf9" relativePoint="BOTTOMLEFT"/>
				</Anchors>
			</Button>
			<Button name="RecapRecentSelf11" inherits="RecapRecentEffectTemplate" id="11">
				<Anchors>
					<Anchor point="TOPLEFT" relativeTo="RecapRecentSelf10" relativePoint="BOTTOMLEFT"/>
				</Anchors>
			</Button>
			<Button name="RecapRecentSelf12" inherits="RecapRecentEffectTemplate" id="12">
				<Anchors>
					<Anchor point="TOPLEFT" relativeTo="RecapRecentSelf11" relativePoint="BOTTOMLEFT"/>
				</Anchors>
			</Button>
			<Button name="RecapRecentSelf13" inherits="RecapRecentEffectTemplate" id="13">
				<Anchors>
					<Anchor point="TOPLEFT" relativeTo="RecapRecentSelf12" relativePoint="BOTTOMLEFT"/>
				</Anchors>
			</Button>
			<Button name="RecapRecentSelf14" inherits="RecapRecentEffectTemplate" id="14">
				<Anchors>
					<Anchor point="TOPLEFT" relativeTo="RecapRecentSelf13" relativePoint="BOTTOMLEFT"/>
				</Anchors>
			</Button>
			<Button name="RecapRecentSelf15" inherits="RecapRecentEffectTemplate" id="15">
				<Anchors>
					<Anchor point="TOPLEFT" relativeTo="RecapRecentSelf14" relativePoint="BOTTOMLEFT"/>
				</Anchors>
			</Button>

			<Button name="RecapList1" inherits="RecapListTemplate" id="1">
				<Anchors>
					<Anchor point="TOPLEFT">
						<Offset>
							<AbsDimension x="8" y="-42"/>
						</Offset>
					</Anchor>
				</Anchors>
			</Button>
			<Button name="RecapList2" inherits="RecapListTemplate" id="2">
				<Anchors>
					<Anchor point="TOPLEFT" relativeTo="RecapList1" relativePoint="BOTTOMLEFT"/>
				</Anchors>
			</Button>
			<Button name="RecapList3" inherits="RecapListTemplate" id="3">
				<Anchors>
					<Anchor point="TOPLEFT" relativeTo="RecapList2" relativePoint="BOTTOMLEFT"/>
				</Anchors>
			</Button>
			<Button name="RecapList4" inherits="RecapListTemplate" id="4">
				<Anchors>
					<Anchor point="TOPLEFT" relativeTo="RecapList3" relativePoint="BOTTOMLEFT"/>
				</Anchors>
			</Button>
			<Button name="RecapList5" inherits="RecapListTemplate" id="5">
				<Anchors>
					<Anchor point="TOPLEFT" relativeTo="RecapList4" relativePoint="BOTTOMLEFT"/>
				</Anchors>
			</Button>
			<Button name="RecapList6" inherits="RecapListTemplate" id="6">
				<Anchors>
					<Anchor point="TOPLEFT" relativeTo="RecapList5" relativePoint="BOTTOMLEFT"/>
				</Anchors>
			</Button>
			<Button name="RecapList7" inherits="RecapListTemplate" id="7">
				<Anchors>
					<Anchor point="TOPLEFT" relativeTo="RecapList6" relativePoint="BOTTOMLEFT"/>
				</Anchors>
			</Button>
			<Button name="RecapList8" inherits="RecapListTemplate" id="8">
				<Anchors>
					<Anchor point="TOPLEFT" relativeTo="RecapList7" relativePoint="BOTTOMLEFT"/>
				</Anchors>
			</Button>
			<Button name="RecapList9" inherits="RecapListTemplate" id="9">
				<Anchors>
					<Anchor point="TOPLEFT" relativeTo="RecapList8" relativePoint="BOTTOMLEFT"/>
				</Anchors>
			</Button>
			<Button name="RecapList10" inherits="RecapListTemplate" id="10">
				<Anchors>
					<Anchor point="TOPLEFT" relativeTo="RecapList9" relativePoint="BOTTOMLEFT"/>
				</Anchors>
			</Button>
			<Button name="RecapList11" inherits="RecapListTemplate" id="11">
				<Anchors>
					<Anchor point="TOPLEFT" relativeTo="RecapList10" relativePoint="BOTTOMLEFT"/>
				</Anchors>
			</Button>
			<Button name="RecapList12" inherits="RecapListTemplate" id="12">
				<Anchors>
					<Anchor point="TOPLEFT" relativeTo="RecapList11" relativePoint="BOTTOMLEFT"/>
				</Anchors>
			</Button>
			<Button name="RecapList13" inherits="RecapListTemplate" id="13">
				<Anchors>
					<Anchor point="TOPLEFT" relativeTo="RecapList12" relativePoint="BOTTOMLEFT"/>
				</Anchors>
			</Button>
			<Button name="RecapList14" inherits="RecapListTemplate" id="14">
				<Anchors>
					<Anchor point="TOPLEFT" relativeTo="RecapList13" relativePoint="BOTTOMLEFT"/>
				</Anchors>
			</Button>
			<Button name="RecapList15" inherits="RecapListTemplate" id="15">
				<Anchors>
					<Anchor point="TOPLEFT" relativeTo="RecapList14" relativePoint="BOTTOMLEFT"/>
				</Anchors>
			</Button>

			<Button name="RecapRecentList1" inherits="RecapRecentTemplate" id="1">
				<Anchors>
					<Anchor point="TOPLEFT" relativeTo="RecapList1" relativePoint="TOPRIGHT">
						<Offset>
							<AbsDimension x="6" y="1"/>
						</Offset>
					</Anchor>
				</Anchors>
			</Button>
			<Button name="RecapRecentList2" inherits="RecapRecentTemplate" id="2">
				<Anchors>
					<Anchor point="TOPLEFT" relativeTo="RecapRecentList1" relativePoint="BOTTOMLEFT"/>
				</Anchors>
			</Button>
			<Button name="RecapRecentList3" inherits="RecapRecentTemplate" id="3">
				<Anchors>
					<Anchor point="TOPLEFT" relativeTo="RecapRecentList2" relativePoint="BOTTOMLEFT"/>
				</Anchors>
			</Button>
			<Button name="RecapRecentList4" inherits="RecapRecentTemplate" id="4">
				<Anchors>
					<Anchor point="TOPLEFT" relativeTo="RecapRecentList3" relativePoint="BOTTOMLEFT"/>
				</Anchors>
			</Button>
			<Button name="RecapRecentList5" inherits="RecapRecentTemplate" id="5">
				<Anchors>
					<Anchor point="TOPLEFT" relativeTo="RecapRecentList4" relativePoint="BOTTOMLEFT"/>
				</Anchors>
			</Button>
			<Button name="RecapRecentList6" inherits="RecapRecentTemplate" id="6">
				<Anchors>
					<Anchor point="TOPLEFT" relativeTo="RecapRecentList5" relativePoint="BOTTOMLEFT"/>
				</Anchors>
			</Button>
			<Button name="RecapRecentList7" inherits="RecapRecentTemplate" id="7">
				<Anchors>
					<Anchor point="TOPLEFT" relativeTo="RecapRecentList6" relativePoint="BOTTOMLEFT"/>
				</Anchors>
			</Button>
			<Button name="RecapRecentList8" inherits="RecapRecentTemplate" id="8">
				<Anchors>
					<Anchor point="TOPLEFT" relativeTo="RecapRecentList7" relativePoint="BOTTOMLEFT"/>
				</Anchors>
			</Button>
			<Button name="RecapRecentList9" inherits="RecapRecentTemplate" id="9">
				<Anchors>
					<Anchor point="TOPLEFT" relativeTo="RecapRecentList8" relativePoint="BOTTOMLEFT"/>
				</Anchors>
			</Button>
			<Button name="RecapRecentList10" inherits="RecapRecentTemplate" id="10">
				<Anchors>
					<Anchor point="TOPLEFT" relativeTo="RecapRecentList9" relativePoint="BOTTOMLEFT"/>
				</Anchors>
			</Button>
			<Button name="RecapRecentList11" inherits="RecapRecentTemplate" id="11">
				<Anchors>
					<Anchor point="TOPLEFT" relativeTo="RecapRecentList10" relativePoint="BOTTOMLEFT"/>
				</Anchors>
			</Button>
			<Button name="RecapRecentList12" inherits="RecapRecentTemplate" id="12">
				<Anchors>
					<Anchor point="TOPLEFT" relativeTo="RecapRecentList11" relativePoint="BOTTOMLEFT"/>
				</Anchors>
			</Button>
			<Button name="RecapRecentList13" inherits="RecapRecentTemplate" id="13">
				<Anchors>
					<Anchor point="TOPLEFT" relativeTo="RecapRecentList12" relativePoint="BOTTOMLEFT"/>
				</Anchors>
			</Button>
			<Button name="RecapRecentList14" inherits="RecapRecentTemplate" id="14">
				<Anchors>
					<Anchor point="TOPLEFT" relativeTo="RecapRecentList13" relativePoint="BOTTOMLEFT"/>
				</Anchors>
			</Button>
			<Button name="RecapRecentList15" inherits="RecapRecentTemplate" id="15">
				<Anchors>
					<Anchor point="TOPLEFT" relativeTo="RecapRecentList14" relativePoint="BOTTOMLEFT"/>
				</Anchors>
			</Button>

			<Button name="RecapTotals" inherits="RecapTotalsTemplate">
				<Anchors>
					<Anchor point="BOTTOMLEFT">
						<Offset>
							<!-- see also the width correction in Recap_SetColumns -->
							<AbsDimension x="150" y="27"/> <!-- (offset) -->
						</Offset>
					</Anchor>
				</Anchors>
				<Scripts>
					<OnEnter>
						Recap_Totals_OnEnter(self)
					</OnEnter>
					<OnLeave>
						recap_temp.RecapTooltip:Hide()
					</OnLeave>
					<OnClick>
						Recap_List_Totals_OnClick(self, button, down)
					</OnClick>
				</Scripts>
			</Button>

			<Button name="RecapGroupTotalButton" hidden="true">
				<Size>
					<AbsDimension x="32" y="14" />
				</Size>
				<Anchors>
					<Anchor point="TOPLEFT" relativeTo="RecapTotals" relativePoint="TOPRIGHT">
						<Offset>
							<AbsDimension x="8" y="1"/>
						</Offset>
					</Anchor>
				</Anchors>
				<Layers>
					<Layer level="BORDER">
						<FontString name="RecapGroupTotalButton_Text" inherits="GameFontNormalSmall" wraponspaces="false" justifyH="CENTER" text="RECAP_TOTAL_DETAILS">
						</FontString>
					</Layer>
				</Layers>
				<Scripts>
					<OnEnter>
						Recap_Tooltip(self, "ShowGroupTotal")
						RecapGroupTotalButton_Text:SetTextColor(unpack(recap_temp.Color.Yellow))
					</OnEnter>
					<OnLeave>
						recap_temp.RecapTooltip:Hide()
						RecapGroupTotalButton_Text:SetTextColor(unpack(recap_temp.Color.Green))
					</OnLeave>
					<OnClick>
						Recap_GroupTotal_OnClick(self, button, down)
					</OnClick>
				</Scripts>
			</Button>

			<Button name="RecapNonGroupTotalButton" hidden="true">
				<Size>
					<AbsDimension x="32" y="14" />
				</Size>
				<Anchors>
					<Anchor point="TOPLEFT" relativeTo="RecapGroupTotalButton" relativePoint="TOPRIGHT">
						<Offset>
							<AbsDimension x="5" y="0"/>
						</Offset>
					</Anchor>
				</Anchors>
				<Layers>
					<Layer level="BORDER">
						<FontString name="RecapNonGroupTotalButton_Text" inherits="GameFontNormalSmall" wraponspaces="false" justifyH="CENTER" text="RECAP_TOTAL_DETAILS">
						</FontString>
					</Layer>
				</Layers>
				<Scripts>
					<OnEnter>
						Recap_Tooltip(self, "ShowNonGroupTotal")
						RecapNonGroupTotalButton_Text:SetTextColor(unpack(recap_temp.Color.Yellow))
					</OnEnter>
					<OnLeave>
						recap_temp.RecapTooltip:Hide()
						RecapNonGroupTotalButton_Text:SetTextColor(unpack(recap_temp.Color.White))
					</OnLeave>
					<OnClick>
						Recap_NonGroupTotal_OnClick(self, button, down)
					</OnClick>
				</Scripts>
			</Button>

			<Button name="RecapHeader_Ranks">
				<Size>
					<AbsDimension x="32" y="14"/>
				</Size>
				<Anchors>
					<Anchor point="TOPLEFT">
						<Offset>
							<AbsDimension x="8" y="-27"/>
						</Offset>
					</Anchor>
				</Anchors>
			</Button>
			<Button name="RecapHeader_Faction">
				<Size>
					<AbsDimension x="32" y="14"/>
				</Size>
				<Anchors>
					<Anchor point="TOPLEFT" relativeTo="RecapHeader_Ranks" relativePoint="TOPRIGHT">
						<Offset>
							<AbsDimension x="6" y="0"/>
						</Offset>
					</Anchor>
				</Anchors>
			</Button>
			<Button name="RecapHeader_Class" inherits="RecapHeaderTemplate" text="">
				<Size>
					<AbsDimension x="14" y="14"/>
				</Size>
				<Anchors>
					<Anchor point="TOPLEFT" relativeTo="RecapHeader_Faction" relativePoint="TOPRIGHT"/>
				</Anchors>
				<Layers>
					<Layer level="BORDER">
						<Texture>
							<TexCoords left="0.9" right="1.0" top="0.9" bottom="1.0"/>
						</Texture>
					</Layer>
				</Layers>
			</Button>
			<Button name="RecapHeader_Name" inherits="RecapHeaderTemplate" text="RECAP_COMBATANTS">
				<Size>
					<AbsDimension x="144" y="14" />
				</Size>
				<Anchors>
					<Anchor point="TOPLEFT" relativeTo="RecapHeader_Class" relativePoint="TOPRIGHT">
						<Offset>
							<AbsDimension x="4" y="0"/>
						</Offset>
					</Anchor>
				</Anchors>
				<ButtonText inherits="GameFontNormal" justifyH="LEFT"/>
			</Button>
			<Button name="RecapHeader_Seen" inherits="RecapHeaderTemplate" text="RECAP_SEEN">
				<Size>
					<AbsDimension x="62" y="14" />
				</Size>
				<Anchors>
					<Anchor point="TOPLEFT" relativeTo="RecapHeader_Name" relativePoint="TOPRIGHT">
						<Offset>
							<AbsDimension x="1" y="-1"/>
						</Offset>
					</Anchor>
				</Anchors>
				<ButtonText inherits="GameFontNormalSmall" justifyH="RIGHT"/>
			</Button>
			<Button name="RecapHeader_Deaths" inherits="RecapHeaderTemplate" text="RECAP_DIED">
				<Size>
					<AbsDimension x="31" y="14" />
				</Size>
				<Anchors>
					<Anchor point="TOPLEFT" relativeTo="RecapHeader_Seen" relativePoint="TOPRIGHT"/>
				</Anchors>
				<ButtonText inherits="GameFontNormalSmall" justifyH="RIGHT"/>
			</Button>
			<Button name="RecapHeader_Time" inherits="RecapHeaderTemplate" text="RECAP_TIME">
				<Size>
					<AbsDimension x="62" y="14" />
				</Size>
				<Anchors>
					<Anchor point="TOPLEFT" relativeTo="RecapHeader_Deaths" relativePoint="TOPRIGHT"/>
				</Anchors>
				<ButtonText inherits="GameFontNormalSmall" justifyH="RIGHT"/>
			</Button>
			<Button name="RecapHeader_DmgOut" inherits="RecapHeaderTemplate" text="RECAP_DMG_OUT">
				<Size>
					<AbsDimension x="84" y="14" />
				</Size>
				<Anchors>
					<Anchor point="TOPLEFT" relativeTo="RecapHeader_Time" relativePoint="TOPRIGHT"/>
				</Anchors>
				<ButtonText inherits="GameFontNormalSmall" justifyH="RIGHT"/>
			</Button>
			<Button name="RecapHeader_DmgOutP" inherits="RecapHeaderTemplate" text="%">
				<Size>
					<AbsDimension x="32" y="14" />
				</Size>
				<Anchors>
					<Anchor point="TOPLEFT" relativeTo="RecapHeader_DmgOut" relativePoint="TOPRIGHT"/>
				</Anchors>
				<ButtonText inherits="GameFontNormalSmall" justifyH="RIGHT"/>
			</Button>
			<Button name="RecapHeader_MaxHit" inherits="RecapHeaderTemplate" text="RECAP_MAX">
				<Size>
					<AbsDimension x="46" y="14" />
				</Size>
				<Anchors>
					<Anchor point="TOPLEFT" relativeTo="RecapHeader_DmgOutP" relativePoint="TOPRIGHT"/>
				</Anchors>
				<ButtonText inherits="GameFontNormalSmall" justifyH="RIGHT"/>
			</Button>
			<Button name="RecapHeader_DPS" inherits="RecapHeaderTemplate" text="RECAP_DPS">
				<Size>
					<AbsDimension x="60" y="14" />
				</Size>
				<Anchors>
					<Anchor point="TOPLEFT" relativeTo="RecapHeader_MaxHit" relativePoint="TOPRIGHT"/>
				</Anchors>
				<ButtonText inherits="GameFontNormalSmall" justifyH="RIGHT"/>
			</Button>
			<Button name="RecapHeader_DPSPerGear" inherits="RecapHeaderTemplate" text="RECAP_DPS_PER_GEAR">
				<Size>
					<AbsDimension x="80" y="14" />
				</Size>
				<Anchors>
					<Anchor point="TOPLEFT" relativeTo="RecapHeader_DPS" relativePoint="TOPRIGHT"/>
				</Anchors>
				<ButtonText inherits="GameFontNormalSmall" justifyH="RIGHT"/>
			</Button>
			<Button name="RecapHeader_DPSvsAll" inherits="RecapHeaderTemplate" text="RECAP_DPS_ALL">
				<Size>
					<AbsDimension x="60" y="14" />
				</Size>
				<Anchors>
					<Anchor point="TOPLEFT" relativeTo="RecapHeader_DPSPerGear" relativePoint="TOPRIGHT"/>
				</Anchors>
				<ButtonText inherits="GameFontNormalSmall" justifyH="RIGHT"/>
			</Button>
			<Button name="RecapHeader_TimeIn" inherits="RecapHeaderTemplate" text="RECAP_TIME_IN">
				<Size>
					<AbsDimension x="62" y="14" />
				</Size>
				<Anchors>
					<Anchor point="TOPLEFT" relativeTo="RecapHeader_DPSvsAll" relativePoint="TOPRIGHT"/>
				</Anchors>
				<ButtonText inherits="GameFontNormalSmall" justifyH="RIGHT"/>
			</Button>
			<Button name="RecapHeader_DmgIn" inherits="RecapHeaderTemplate" text="RECAP_DMG_IN">
				<Size>
					<AbsDimension x="84" y="14" />
				</Size>
				<Anchors>
					<Anchor point="TOPLEFT" relativeTo="RecapHeader_TimeIn" relativePoint="TOPRIGHT"/>
				</Anchors>
				<ButtonText inherits="GameFontNormalSmall" justifyH="RIGHT"/>
			</Button>
			<Button name="RecapHeader_DmgInP" inherits="RecapHeaderTemplate" text="%">
				<Size>
					<AbsDimension x="32" y="14" />
				</Size>
				<Anchors>
					<Anchor point="TOPLEFT" relativeTo="RecapHeader_DmgIn" relativePoint="TOPRIGHT"/>
				</Anchors>
				<ButtonText inherits="GameFontNormalSmall" justifyH="RIGHT"/>
			</Button>
			<Button name="RecapHeader_DPSIn" inherits="RecapHeaderTemplate" text="RECAP_DPS_IN">
				<Size>
					<AbsDimension x="60" y="14" />
				</Size>
				<Anchors>
					<Anchor point="TOPLEFT" relativeTo="RecapHeader_DmgInP" relativePoint="TOPRIGHT"/>
				</Anchors>
				<ButtonText inherits="GameFontNormalSmall" justifyH="RIGHT"/>
			</Button>
			<Button name="RecapHeader_TimeHeal" inherits="RecapHeaderTemplate" text="RECAP_TIME_HEAL">
				<Size>
					<AbsDimension x="62" y="14" />
				</Size>
				<Anchors>
					<Anchor point="TOPLEFT" relativeTo="RecapHeader_DPSIn" relativePoint="TOPRIGHT"/>
				</Anchors>
				<ButtonText inherits="GameFontNormalSmall" justifyH="RIGHT"/>
			</Button>
			<Button name="RecapHeader_Heal" inherits="RecapHeaderTemplate" text="RECAP_HEAL">
				<Size>
					<AbsDimension x="84" y="14" />
				</Size>
				<Anchors>
					<Anchor point="TOPLEFT" relativeTo="RecapHeader_TimeHeal" relativePoint="TOPRIGHT"/>
				</Anchors>
				<ButtonText inherits="GameFontNormalSmall" justifyH="RIGHT"/>
			</Button>
			<Button name="RecapHeader_HealP" inherits="RecapHeaderTemplate" text="%">
				<Size>
					<AbsDimension x="32" y="14" />
				</Size>
				<Anchors>
					<Anchor point="TOPLEFT" relativeTo="RecapHeader_Heal" relativePoint="TOPRIGHT"/>
				</Anchors>
				<ButtonText inherits="GameFontNormalSmall" justifyH="RIGHT"/>
			</Button>
			<Button name="RecapHeader_Over" inherits="RecapHeaderTemplate" text="%>">
				<Size>
					<AbsDimension x="32" y="14" />
				</Size>
				<Anchors>
					<Anchor point="TOPLEFT" relativeTo="RecapHeader_HealP" relativePoint="TOPRIGHT"/>
				</Anchors>
				<ButtonText inherits="GameFontNormalSmall" justifyH="RIGHT"/>
			</Button>
			<Button name="RecapHeader_HPS" inherits="RecapHeaderTemplate" text="RECAP_HPS">
				<Size>
					<AbsDimension x="60" y="14" />
				</Size>
				<Anchors>
					<Anchor point="TOPLEFT" relativeTo="RecapHeader_Over" relativePoint="TOPRIGHT"/>
				</Anchors>
				<ButtonText inherits="GameFontNormalSmall" justifyH="RIGHT"/>
			</Button>
			<Button name="RecapHeader_Dispels" inherits="RecapHeaderTemplate" text="RECAP_DISPELS">
				<Size>
					<AbsDimension x="45" y="14" />
				</Size>
				<Anchors>
					<Anchor point="TOPLEFT" relativeTo="RecapHeader_HPS" relativePoint="TOPRIGHT"/>
				</Anchors>
				<ButtonText inherits="GameFontNormalSmall" justifyH="RIGHT"/>
			</Button>
			<Button name="RecapHeader_Interrupts" inherits="RecapHeaderTemplate" text="RECAP_INTERRUPTS">
				<Size>
					<AbsDimension x="60" y="14" />
				</Size>
				<Anchors>
					<Anchor point="TOPLEFT" relativeTo="RecapHeader_Dispels" relativePoint="TOPRIGHT"/>
				</Anchors>
				<ButtonText inherits="GameFontNormalSmall" justifyH="RIGHT"/>
			</Button>


			<Button name="RecapHeader_EName" inherits="RecapEffectsHeaderTemplate" text="RECAP_SPELL_OR_ABILITY">
				<Size>
					<AbsDimension x="144" y="14" />
				</Size>
				<Anchors>
					<Anchor point="TOPLEFT">
						<Offset>
							<AbsDimension x="8" y="-27"/>
						</Offset>
					</Anchor>
				</Anchors>
				<ButtonText inherits="GameFontNormal" justifyH="LEFT"/>
			</Button>
			<Button name="RecapHeader_EElement" inherits="RecapEffectsHeaderTemplate" text="RECAP_SELF_EELEMENT">
				<Size>
					<AbsDimension x="32" y="14" />
				</Size>
				<Anchors>
					<Anchor point="TOPLEFT" relativeTo="RecapHeader_EName" relativePoint="TOPRIGHT">
						<Offset>
							<AbsDimension x="0" y="-1"/>
						</Offset>
					</Anchor>
				</Anchors>
				<ButtonText inherits="GameFontNormalSmall" justifyH="RIGHT"/>
			</Button>
			<Button name="RecapHeader_ETotal" inherits="RecapEffectsHeaderTemplate" text="RECAP_SELF_ETOTAL">
				<Size>
					<AbsDimension x="84" y="14" />
				</Size>
				<Anchors>
					<Anchor point="TOPLEFT" relativeTo="RecapHeader_EElement" relativePoint="TOPRIGHT">
						<Offset>
							<AbsDimension x="0" y="-1"/>
						</Offset>
					</Anchor>
				</Anchors>
				<ButtonText inherits="GameFontNormalSmall" justifyH="RIGHT"/>
			</Button>
			<Button name="RecapHeader_ETotalP" inherits="RecapEffectsHeaderTemplate" text="%">
				<Size>
					<AbsDimension x="32" y="14" />
				</Size>
				<Anchors>
					<Anchor point="TOPLEFT" relativeTo="RecapHeader_ETotal" relativePoint="TOPRIGHT"/>
				</Anchors>
				<ButtonText inherits="GameFontNormalSmall" justifyH="RIGHT"/>
			</Button>
			<Button name="RecapHeader_EMaxAll" inherits="RecapEffectsHeaderTemplate" text="RECAP_MAX">
				<Size>
					<AbsDimension x="46" y="14" />
				</Size>
				<Anchors>
					<Anchor point="TOPLEFT" relativeTo="RecapHeader_ETotalP" relativePoint="TOPRIGHT"/>
				</Anchors>
				<ButtonText inherits="GameFontNormalSmall" justifyH="RIGHT"/>
			</Button>
			<Button name="RecapHeader_EGlances" inherits="RecapEffectsHeaderTemplate" text="RECAP_GLANCES">
				<Size>
					<AbsDimension x="60" y="14" />
				</Size>
				<Anchors>
					<Anchor point="TOPLEFT" relativeTo="RecapHeader_EMaxAll" relativePoint="TOPRIGHT"/>
				</Anchors>
				<ButtonText inherits="GameFontNormalSmall" justifyH="RIGHT"/>
			</Button>
			<Button name="RecapHeader_EGlancesMin" inherits="RecapEffectsHeaderTemplate" text="RECAP_MIN">
				<Size>
					<AbsDimension x="46" y="14" />
				</Size>
				<Anchors>
					<Anchor point="TOPLEFT" relativeTo="RecapHeader_EGlances" relativePoint="TOPRIGHT"/>
				</Anchors>
				<ButtonText inherits="GameFontNormalSmall" justifyH="RIGHT"/>
			</Button>
			<Button name="RecapHeader_EGlancesAvg" inherits="RecapEffectsHeaderTemplate" text="RECAP_AVG">
				<Size>
					<AbsDimension x="46" y="14" />
				</Size>
				<Anchors>
					<Anchor point="TOPLEFT" relativeTo="RecapHeader_EGlancesMin" relativePoint="TOPRIGHT"/>
				</Anchors>
				<ButtonText inherits="GameFontNormalSmall" justifyH="RIGHT"/>
			</Button>
			<Button name="RecapHeader_EGlancesMax" inherits="RecapEffectsHeaderTemplate" text="RECAP_MAX">
				<Size>
					<AbsDimension x="46" y="14" />
				</Size>
				<Anchors>
					<Anchor point="TOPLEFT" relativeTo="RecapHeader_EGlancesAvg" relativePoint="TOPRIGHT"/>
				</Anchors>
				<ButtonText inherits="GameFontNormalSmall" justifyH="RIGHT"/>
			</Button>
			<Button name="RecapHeader_EHits" inherits="RecapEffectsHeaderTemplate" text="RECAP_HITS">
				<Size>
					<AbsDimension x="60" y="14" />
				</Size>
				<Anchors>
					<Anchor point="TOPLEFT" relativeTo="RecapHeader_EGlancesMax" relativePoint="TOPRIGHT"/>
				</Anchors>
				<ButtonText inherits="GameFontNormalSmall" justifyH="RIGHT"/>
			</Button>
			<Button name="RecapHeader_EHitsMin" inherits="RecapEffectsHeaderTemplate" text="RECAP_MIN">
				<Size>
					<AbsDimension x="46" y="14" />
				</Size>
				<Anchors>
					<Anchor point="TOPLEFT" relativeTo="RecapHeader_EHits" relativePoint="TOPRIGHT"/>
				</Anchors>
				<ButtonText inherits="GameFontNormalSmall" justifyH="RIGHT"/>
			</Button>
			<Button name="RecapHeader_EHitsAvg" inherits="RecapEffectsHeaderTemplate" text="RECAP_AVG">
				<Size>
					<AbsDimension x="46" y="14" />
				</Size>
				<Anchors>
					<Anchor point="TOPLEFT" relativeTo="RecapHeader_EHitsMin" relativePoint="TOPRIGHT"/>
				</Anchors>
				<ButtonText inherits="GameFontNormalSmall" justifyH="RIGHT"/>
			</Button>
			<Button name="RecapHeader_EHitsMax" inherits="RecapEffectsHeaderTemplate" text="RECAP_MAX">
				<Size>
					<AbsDimension x="46" y="14" />
				</Size>
				<Anchors>
					<Anchor point="TOPLEFT" relativeTo="RecapHeader_EHitsAvg" relativePoint="TOPRIGHT"/>
				</Anchors>
				<ButtonText inherits="GameFontNormalSmall" justifyH="RIGHT"/>
			</Button>
			<Button name="RecapHeader_ETicks" inherits="RecapEffectsHeaderTemplate" text="RECAP_TICKS">
				<Size>
					<AbsDimension x="60" y="14" />
				</Size>
				<Anchors>
					<Anchor point="TOPLEFT" relativeTo="RecapHeader_EHitsMax" relativePoint="TOPRIGHT"/>
				</Anchors>
				<ButtonText inherits="GameFontNormalSmall" justifyH="RIGHT"/>
			</Button>
			<Button name="RecapHeader_ETicksMin" inherits="RecapEffectsHeaderTemplate" text="RECAP_MIN">
				<Size>
					<AbsDimension x="46" y="14" />
				</Size>
				<Anchors>
					<Anchor point="TOPLEFT" relativeTo="RecapHeader_ETicks" relativePoint="TOPRIGHT"/>
				</Anchors>
				<ButtonText inherits="GameFontNormalSmall" justifyH="RIGHT"/>
			</Button>
			<Button name="RecapHeader_ETicksAvg" inherits="RecapEffectsHeaderTemplate" text="RECAP_AVG">
				<Size>
					<AbsDimension x="46" y="14" />
				</Size>
				<Anchors>
					<Anchor point="TOPLEFT" relativeTo="RecapHeader_ETicksMin" relativePoint="TOPRIGHT"/>
				</Anchors>
				<ButtonText inherits="GameFontNormalSmall" justifyH="RIGHT"/>
			</Button>
			<Button name="RecapHeader_ETicksMax" inherits="RecapEffectsHeaderTemplate" text="RECAP_MAX">
				<Size>
					<AbsDimension x="46" y="14" />
				</Size>
				<Anchors>
					<Anchor point="TOPLEFT" relativeTo="RecapHeader_ETicksAvg" relativePoint="TOPRIGHT"/>
				</Anchors>
				<ButtonText inherits="GameFontNormalSmall" justifyH="RIGHT"/>
			</Button>
			<Button name="RecapHeader_ECrits" inherits="RecapEffectsHeaderTemplate" text="RECAP_CRITS">
				<Size>
					<AbsDimension x="60" y="14" />
				</Size>
				<Anchors>
					<Anchor point="TOPLEFT" relativeTo="RecapHeader_ETicksMax" relativePoint="TOPRIGHT"/>
				</Anchors>
				<ButtonText inherits="GameFontNormalSmall" justifyH="RIGHT"/>
			</Button>
			<Button name="RecapHeader_ECritsMin" inherits="RecapEffectsHeaderTemplate" text="RECAP_MIN">
				<Size>
					<AbsDimension x="46" y="14" />
				</Size>
				<Anchors>
					<Anchor point="TOPLEFT" relativeTo="RecapHeader_ECrits" relativePoint="TOPRIGHT"/>
				</Anchors>
				<ButtonText inherits="GameFontNormalSmall" justifyH="RIGHT"/>
			</Button>
			<Button name="RecapHeader_ECritsAvg" inherits="RecapEffectsHeaderTemplate" text="RECAP_AVG">
				<Size>
					<AbsDimension x="46" y="14" />
				</Size>
				<Anchors>
					<Anchor point="TOPLEFT" relativeTo="RecapHeader_ECritsMin" relativePoint="TOPRIGHT"/>
				</Anchors>
				<ButtonText inherits="GameFontNormalSmall" justifyH="RIGHT"/>
			</Button>
			<Button name="RecapHeader_ECritsMax" inherits="RecapEffectsHeaderTemplate" text="RECAP_MAX">
				<Size>
					<AbsDimension x="46" y="14" />
				</Size>
				<Anchors>
					<Anchor point="TOPLEFT" relativeTo="RecapHeader_ECritsAvg" relativePoint="TOPRIGHT"/>
				</Anchors>
				<ButtonText inherits="GameFontNormalSmall" justifyH="RIGHT"/>
			</Button>
			<Button name="RecapHeader_ECritsP" inherits="RecapEffectsHeaderTemplate" text="RECAP_SELF_ECRITSP">
				<Size>
					<AbsDimension x="40" y="14" />
				</Size>
				<Anchors>
					<Anchor point="TOPLEFT" relativeTo="RecapHeader_ECritsMax" relativePoint="TOPRIGHT"/>
				</Anchors>
				<ButtonText inherits="GameFontNormalSmall" justifyH="RIGHT"/>
			</Button>
			<Button name="RecapHeader_EMiss" inherits="RecapEffectsHeaderTemplate" text="RECAP_MISS">
				<Size>
					<AbsDimension x="60" y="14" />
				</Size>
				<Anchors>
					<Anchor point="TOPLEFT" relativeTo="RecapHeader_ECritsP" relativePoint="TOPRIGHT"/>
				</Anchors>
				<ButtonText inherits="GameFontNormalSmall" justifyH="RIGHT"/>
			</Button>
			<Button name="RecapHeader_EMissP" inherits="RecapEffectsHeaderTemplate" text="RECAP_SELF_EMISSP">
				<Size>
					<AbsDimension x="40" y="14" />
				</Size>
				<Anchors>
					<Anchor point="TOPLEFT" relativeTo="RecapHeader_EMiss" relativePoint="TOPRIGHT"/>
				</Anchors>
				<ButtonText inherits="GameFontNormalSmall" justifyH="RIGHT"/>
			</Button>

			<ScrollFrame name="RecapScrollBar" inherits="FauxScrollFrameTemplate">
				<Size>
					<AbsDimension x="31" y="149"/>
				</Size>
				<Anchors>
					<Anchor point="TOPRIGHT" relativeTo="RecapFrame">
						<Offset>
							<AbsDimension x="-35" y="-32"/>
						</Offset>
					</Anchor>
				</Anchors>
				<Scripts>
					<OnVerticalScroll>
						<!-- patch 3.0.2, we don't seem to need to define 'offset' in the following -->
						FauxScrollFrame_OnVerticalScroll(self, offset, 14, RecapScrollBar_Update)
					</OnVerticalScroll>
				</Scripts>
			</ScrollFrame>

		</Frames>

		<Scripts>
			<OnLoad>
				RecapTopBar:SetVertexColor(.65,.65,.65,1)
				RecapBottomBar:SetVertexColor(.65,.65,.65,1)
				RecapExtraBottomBar:SetVertexColor(.65,.65,.65,1)
				<!-- Recap_OnLoad() now done via Ace3 -->
			</OnLoad>
			<OnEvent>
				<!-- Recap_OnEvent() now done via Ace3 -->
			</OnEvent>
			<OnMouseDown>
				Recap_OnMouseDown(self, button)
			</OnMouseDown>
			<OnMouseUp>
				Recap_OnMouseUp(self, button)
			</OnMouseUp>
			<OnShow>
				if recap_user.Minimized then
					if recap_temp.Opt.MinBack.value then
						RecapFrame:SetBackdropColor(1,1,1,1)
						RecapFrame:SetBackdropBorderColor(.5,.5,.5,1)
					else
						RecapFrame:SetBackdropColor(0,0,0,0)
						RecapFrame:SetBackdropBorderColor(0,0,0,0)
					end
				else
					if recap_temp.Opt.OpaqueBackground.value then
						-- took quite a while to find an actual solid black background file
						RecapFrame:SetBackdrop({bgFile = "Interface\\CharacterFrame\\UI-Party-Background", edgeFile = "Interface\\Tooltips\\UI-Tooltip-Border",
												tile = true, tileSize = 16, edgeSize = 16, insets = { left = 4, right = 4, top = 4, bottom = 4 }})
					else
						RecapFrame:SetBackdrop({bgFile = "Interface\\DialogFrame\\UI-DialogBox-Background", edgeFile = "Interface\\Tooltips\\UI-Tooltip-Border",
												tile = true, tileSize = 16, edgeSize = 16, insets = { left = 4, right = 4, top = 4, bottom = 4 }})
					end
				end
			</OnShow>
			<OnHide>
				<!-- code will trap Escape, and minimize instead -->
				<!-- we also add and remove RecapFrame from the list of special frames that see Escape -->
				RecapFrame_HideOrMinimize()
			</OnHide>
		</Scripts>
	</Frame>

	<Frame name="RecapMenu" frameStrata="DIALOG" toplevel="true" enableMouse="true" movable="false" parent="RecapFrame" hidden="true">
		<Size>
			<AbsDimension x="175" y="16"/>
		</Size>
		<Anchors>
			<Anchor point="CENTER"/>
		</Anchors>
		<Frames>
			<Frame name="RecapDropSubFrame">
				<Size>
					<AbsDimension x="175" y="16"/>
				</Size>
				<Anchors>
					<Anchor point="TOPLEFT" relativeTo="RecapMenu" relativePoint="TOPLEFT">
						<Offset>
							<AbsDimension x="0" y="-16"/>
						</Offset>
					</Anchor>
				</Anchors>
				<Backdrop name="RecapMenuBackdrop" bgFile="Interface\ChatFrame\ChatFrameBackground" edgeFile="Interface\Tooltips\UI-Tooltip-Border" tile="true">
					<BackgroundInsets>
						<AbsInset left="4" right="4" top="4" bottom="4" />
					</BackgroundInsets>
					<TileSize>
						<AbsValue val="16" />
					</TileSize>
					<EdgeSize>
						<AbsValue val="16" />
					</EdgeSize>
				</Backdrop>
				<Frames>
					<Button name="RecapMenu1" inherits="RecapMenuTemplate" id="1">
						<Anchors>
							<Anchor point="TOPLEFT">
								<Offset>
									<AbsDimension x="6" y="-6"/>
								</Offset>
							</Anchor>
						</Anchors>
					</Button>
					<Button name="RecapMenu2" inherits="RecapMenuTemplate" id="2">
						<Anchors>
							<Anchor point="TOPLEFT" relativeTo="RecapMenu1" relativePoint="BOTTOMLEFT"/>
						</Anchors>
					</Button>
					<Button name="RecapMenu3" inherits="RecapMenuTemplate" id="3">
						<Anchors>
							<Anchor point="TOPLEFT" relativeTo="RecapMenu2" relativePoint="BOTTOMLEFT"/>
						</Anchors>
					</Button>
					<Button name="RecapMenu4" inherits="RecapMenuTemplate" id="4">
						<Anchors>
							<Anchor point="TOPLEFT" relativeTo="RecapMenu3" relativePoint="BOTTOMLEFT"/>
						</Anchors>
					</Button>
					<Button name="RecapMenu5" inherits="RecapMenuTemplate" id="5">
						<Anchors>
							<Anchor point="TOPLEFT" relativeTo="RecapMenu4" relativePoint="BOTTOMLEFT"/>
						</Anchors>
					</Button>
					<Button name="RecapMenu6" inherits="RecapMenuTemplate" id="6">
						<Anchors>
							<Anchor point="TOPLEFT" relativeTo="RecapMenu5" relativePoint="BOTTOMLEFT"/>
						</Anchors>
					</Button>
					<Button name="RecapMenu7" inherits="RecapMenuTemplate" id="7">
						<Anchors>
							<Anchor point="TOPLEFT" relativeTo="RecapMenu6" relativePoint="BOTTOMLEFT"/>
						</Anchors>
					</Button>
					<Button name="RecapMenu8" inherits="RecapMenuTemplate" id="8">
						<Anchors>
							<Anchor point="TOPLEFT" relativeTo="RecapMenu7" relativePoint="BOTTOMLEFT"/>
						</Anchors>
					</Button>
					<Button name="RecapMenu9" inherits="RecapMenuTemplate" id="9">
						<Anchors>
							<Anchor point="TOPLEFT" relativeTo="RecapMenu8" relativePoint="BOTTOMLEFT"/>
						</Anchors>
					</Button>
					<Button name="RecapMenu10" inherits="RecapMenuTemplate" id="10">
						<Anchors>
							<Anchor point="TOPLEFT" relativeTo="RecapMenu9" relativePoint="BOTTOMLEFT"/>
						</Anchors>
					</Button>
					<Button name="RecapMenu11" inherits="RecapMenuTemplate" id="11">
						<Anchors>
							<Anchor point="TOPLEFT" relativeTo="RecapMenu10" relativePoint="BOTTOMLEFT"/>
						</Anchors>
					</Button>
					<Button name="RecapMenu12" inherits="RecapMenuTemplate" id="12">
						<Anchors>
							<Anchor point="TOPLEFT" relativeTo="RecapMenu11" relativePoint="BOTTOMLEFT"/>
						</Anchors>
					</Button>
					<Button name="RecapMenu13" inherits="RecapMenuTemplate" id="13">
						<Anchors>
							<Anchor point="TOPLEFT" relativeTo="RecapMenu12" relativePoint="BOTTOMLEFT"/>
						</Anchors>
					</Button>
					<Button name="RecapMenu14" inherits="RecapMenuTemplate" id="14">
						<Anchors>
							<Anchor point="TOPLEFT" relativeTo="RecapMenu13" relativePoint="BOTTOMLEFT"/>
						</Anchors>
					</Button>
					<Button name="RecapMenu15" inherits="RecapMenuTemplate" id="15">
						<Anchors>
							<Anchor point="TOPLEFT" relativeTo="RecapMenu14" relativePoint="BOTTOMLEFT"/>
						</Anchors>
					</Button>
					<Button name="RecapMenu16" inherits="RecapMenuTemplate" id="16">
						<Anchors>
							<Anchor point="TOPLEFT" relativeTo="RecapMenu15" relativePoint="BOTTOMLEFT"/>
						</Anchors>
					</Button>
					<Button name="RecapMenu17" inherits="RecapMenuTemplate" id="17">
						<Anchors>
							<Anchor point="TOPLEFT" relativeTo="RecapMenu16" relativePoint="BOTTOMLEFT"/>
						</Anchors>
					</Button>
					<Button name="RecapMenu18" inherits="RecapMenuTemplate" id="18">
						<Anchors>
							<Anchor point="TOPLEFT" relativeTo="RecapMenu17" relativePoint="BOTTOMLEFT"/>
						</Anchors>
					</Button>
					<Button name="RecapMenu19" inherits="RecapMenuTemplate" id="19">
						<Anchors>
							<Anchor point="TOPLEFT" relativeTo="RecapMenu18" relativePoint="BOTTOMLEFT"/>
						</Anchors>
					</Button>
					<Button name="RecapMenu20" inherits="RecapMenuTemplate" id="20">
						<Anchors>
							<Anchor point="TOPLEFT" relativeTo="RecapMenu19" relativePoint="BOTTOMLEFT"/>
						</Anchors>
					</Button>
					<Button name="RecapMenu21" inherits="RecapMenuTemplate" id="21">
						<Anchors>
							<Anchor point="TOPLEFT" relativeTo="RecapMenu20" relativePoint="BOTTOMLEFT"/>
						</Anchors>
					</Button>
					<Button name="RecapMenu22" inherits="RecapMenuTemplate" id="22">
						<Anchors>
							<Anchor point="TOPLEFT" relativeTo="RecapMenu21" relativePoint="BOTTOMLEFT"/>
						</Anchors>
					</Button>
					<Button name="RecapMenu23" inherits="RecapMenuTemplate" id="23">
						<Anchors>
							<Anchor point="TOPLEFT" relativeTo="RecapMenu22" relativePoint="BOTTOMLEFT"/>
						</Anchors>
					</Button>
					<Button name="RecapMenu24" inherits="RecapMenuTemplate" id="24">
						<Anchors>
							<Anchor point="TOPLEFT" relativeTo="RecapMenu23" relativePoint="BOTTOMLEFT"/>
						</Anchors>
					</Button>
					<Button name="RecapMenu25" inherits="RecapMenuTemplate" id="25">
						<Anchors>
							<Anchor point="TOPLEFT" relativeTo="RecapMenu24" relativePoint="BOTTOMLEFT"/>
						</Anchors>
					</Button>

				</Frames>
				<Scripts>
					<OnLoad>
						self:SetBackdropColor(0,0,0)
						self:SetBackdropBorderColor(.5,.5,.5,1)
					</OnLoad>
					<OnUpdate>
						RecapMenu_OnUpdate(self, elapsed)
					</OnUpdate>
				</Scripts>
			</Frame>
		</Frames>
		<Scripts>
			<OnMouseDown>
				RecapMenu:Hide()
			</OnMouseDown>
		</Scripts>
	</Frame>

	<!-- receives general events so they can be turned on/off completely -->
	<Frame name="RecapGeneralEvents" parent="RecapFrame" hidden="true">
		<Scripts>
			<OnLoad>
				<!-- apparently required so that the frame captures the very first events -->
				RecapGeneralEvents:RegisterEvent("PLAYER_REGEN_DISABLED")
				RecapGeneralEvents:RegisterEvent("PLAYER_REGEN_ENABLED")
				RecapGeneralEvents:RegisterEvent("ENCOUNTER_START") -- added for 5.43
				RecapGeneralEvents:RegisterEvent("ENCOUNTER_END") -- added for 5.43
				RecapGeneralEvents:RegisterEvent("GROUP_ROSTER_UPDATE") -- changed for 5.04
				RecapGeneralEvents:RegisterEvent("UNIT_NAME_UPDATE")
				RecapGeneralEvents:RegisterEvent("UNIT_PET")
				RecapGeneralEvents:RegisterEvent("PLAYER_ENTERING_WORLD")
				RecapGeneralEvents:RegisterEvent("PLAYER_LOGOUT")
			</OnLoad>
			<OnEvent>
				if recap_temp and recap_temp.Loaded then
					Recap_General_OnEvent(self, event, ...)
				end
			</OnEvent>
		</Scripts>
	</Frame>

	<!-- updated continually when visible -->
	<Frame name="RecapFadeFrame" toplevel="false" enableMouse="false" movable="false" parent="UIParent" hidden="true">
		<Size>
			<AbsDimension x="1" y="1"/>
		</Size>
		<Scripts>
			<OnUpdate>
				Recap_AutoFade(self, elapsed)
			</OnUpdate>
		</Scripts>
	</Frame>

	<!-- receives combat events so they can be turned on/off completely -->
	<Frame name="RecapCombatEvents" parent="RecapFrame" hidden="true">
		<Scripts>
			<OnLoad>
				<!-- apparently required so that the frame captures the very first events -->
				RecapCombatEvents:RegisterEvent("COMBAT_LOG_EVENT_UNFILTERED");
				RecapCombatEvents:RegisterEvent("UPDATE_MOUSEOVER_UNIT")
				RecapCombatEvents:RegisterEvent("PLAYER_TARGET_CHANGED")
			</OnLoad>
			<OnEvent>
				if recap_temp and recap_temp.FlagDataInitializationCompleted then
					if (event == "COMBAT_LOG_EVENT_UNFILTERED") then
						Recap_ProcessCombatLogEvent(self, event, ...)
					elseif (event == "UPDATE_MOUSEOVER_UNIT") then
						Recap_GetUnitInfo("mouseover")
					elseif (event == "PLAYER_TARGET_CHANGED") then
						Recap_GetUnitInfo("target")
					end
				end
			</OnEvent>
		</Scripts>
	</Frame>

	<Frame name="Recap_xml_4773" parent="RecapFrame" hidden="true">
		<Size>
			<AbsDimension x="1" y="1"/>
		</Size>
	</Frame>

</Ui>
