﻿<!-- Copyright 2006, 2007, 2008, 2009, 2010, 2011, 2012, 2013, 2014 by Hawksy, distributed under the terms of the GNU General Public License version 3, 2007-June-29, which is included by reference. -->

<Ui xmlns="http://www.blizzard.com/wow/ui/" xmlns:xsi="http://www.w3.org/2001/XMLSchema-instance" xsi:schemaLocation="http://www.blizzard.com/wow/ui/ ..\Recap\UI.xsd">

	<Button name="RecapGraphMenuButtonTemplate" inherits="UIPanelButtonTemplate" virtual="true">
		<Size>
			<AbsDimension x="144" y="21"/>
		</Size>
		<NormalFont style="GameFontHighlightSmall"/>
		<HighlightFont style="GameFontHighlightSmall"/>
		<DisabledFont style="GameFontDisableSmall"/>
	</Button>

	<CheckButton name="RecapGraphCheckTemplate" inherits="UICheckButtonTemplate" virtual="true">
		<Size>
			<AbsDimension x="14" y="14"/>
		</Size>
		<Scripts>
			<OnEnter>
				Recap_Tooltip(self, "GraphCheckbox")
			</OnEnter>
			<OnLeave>
				recap_temp.RecapTooltip:Hide()
			</OnLeave>
			<OnClick>
				RecapGraphCheck_OnClick(self, button, down)
			</OnClick>
		</Scripts>
	</CheckButton>

	<Button name="RecapGraphCombatantTemplate" virtual="true">
		<Size>
			<AbsDimension x="85" y="14"/>
		</Size>
		<Layers>
			<Layer level="BORDER">
				<FontString name="$parent_Text" inherits="GameFontNormalSmall" wraponspaces="false" justifyH="LEFT" text="">
				</FontString>
				<FontString name="$parent_SaveColor" inherits="GameFontNormalSmall" hidden="true" text="">
				</FontString>
				<FontString name="$parent_FullyQualifiedName" inherits="GameFontNormalSmall" hidden="true" text="">
				</FontString>
			</Layer>
		</Layers>
		<Scripts>
			<OnEnter>
				Recap_Tooltip(self, "GraphCombatant")
				_G[self:GetName().."_Text"]:SetTextColor(unpack(recap_temp.Color.Yellow), 0.85)
			</OnEnter>
			<OnLeave>
				recap_temp.RecapTooltip:Hide()
				local item = _G[self:GetName().."_Text"]
				item:Hide()
				item:SetTextColor(_G[self:GetName().."_SaveColor"]:GetTextColor())
				item:Show()
			</OnLeave>
			<OnClick>
				RecapGraphCombatant_OnClick(self, button, down)
			</OnClick>
		</Scripts>
	</Button>

	<Button name="RecapGraphTextHeaderTemplate" virtual="true">
		<HighlightTexture file="Interface\QuestFrame\UI-QuestTitleHighlight" alphaMode="ADD">
			<Anchors>
				<Anchor point="TOPLEFT" relativeTo="$parent" relativePoint="TOPLEFT"/>
				<Anchor point="BOTTOMRIGHT" relativeTo="$parent" relativePoint="BOTTOMRIGHT">
					<Offset>
						<AbsDimension x="8" y="0"/>
					</Offset>
				</Anchor>
			</Anchors>
		</HighlightTexture>
		<Scripts>
			<OnLeave>
				recap_temp.RecapTooltip:Hide()
			</OnLeave>
			<OnClick>
				RecapGraphListHeader_OnClick(self, button, down)
			</OnClick>
		</Scripts>
	</Button>

	<Button name="RecapGraphListTemplate" virtual="true">
		<HighlightTexture file="Interface\QuestFrame\UI-QuestTitleHighlight" alphaMode="ADD"/>
		<Size>
			<AbsDimension x="336" y="14" />
		</Size>
		<Layers>
			<Layer level="BORDER">
				<FontString name="$parent_Name" inherits="GameFontHighlightSmall" wraponspaces="false" justifyH="LEFT" text="">
					<Size>
						<AbsDimension x="85" y="14"/>
					</Size>
					<Anchors>
						<Anchor point="TOPLEFT"/>
					</Anchors>
					<Color r="0.85" g="0.85" b="0.85"/>
				</FontString>
				<FontString name="$parent_Total" inherits="GameFontHighlightSmall" justifyH="RIGHT" text="">
					<Size>
						<AbsDimension x="85" y="14"/>
					</Size>
					<Anchors>
						<Anchor point="TOPLEFT" relativeTo="$parent_Name" relativePoint="TOPRIGHT"/>
					</Anchors>
					<Color r="0.85" g="0.85" b="0.85"/>
				</FontString>
				<FontString name="$parent_Peak" inherits="GameFontHighlightSmall" justifyH="RIGHT" text="">
					<Size>
						<AbsDimension x="80" y="14"/>
					</Size>
					<Anchors>
						<Anchor point="TOPLEFT" relativeTo="$parent_Total" relativePoint="TOPRIGHT"/>
					</Anchors>
					<Color r="0.85" g="0.85" b="0.85"/>
				</FontString>
				<FontString name="$parent_Avg" inherits="GameFontHighlightSmall" justifyH="RIGHT" text="">
					<Size>
						<AbsDimension x="80" y="14"/>
					</Size>
					<Anchors>
						<Anchor point="TOPLEFT" relativeTo="$parent_Peak" relativePoint="TOPRIGHT"/>
					</Anchors>
					<Color r="0.85" g="0.85" b="0.85"/>
				</FontString>
			</Layer>
			<Layer level="BACKGROUND">
				<Texture name="$parent_Gauge" file="Interface\TargetingFrame\UI-StatusBar" hidden="true">
					<Size>
						<AbsDimension x="275" y="12"/>
					</Size>
					<Anchors>
						<Anchor point="TOPLEFT" relativeTo="$parent_Name" relativePoint="TOPLEFT">
							<Offset>
								<AbsDimension x="0" y="-2"/>
							</Offset>
						</Anchor>
					</Anchors>
					<TexCoords left=".8" right="1" top=".8" bottom="1"/>
				</Texture>
			</Layer>
		</Layers>
		<Scripts>
			<OnLoad>
				self:RegisterForClicks("LeftButtonUp", "RightButtonUp")
			</OnLoad>
			<OnEnter>
				RecapGraphList_OnEnter(self)
			</OnEnter>
			<OnLeave>
				recap_temp.RecapTooltip:Hide()
			</OnLeave>
			<OnClick>
				RecapGraphList_OnClick(self, button, down)
			</OnClick>
		</Scripts>
	</Button>

	<Frame name="RecapGraph" toplevel="true" frameStrata="LOW" enableMouse="true" movable="true" parent="UIParent" hidden="true">
		<Size>
			<AbsDimension x="388" y="222"/>
		</Size>
		<Anchors>
			<Anchor point="CENTER"/>
		</Anchors>
		<Backdrop name="RecapGraphBackdrop" bgFile="Interface\DialogFrame\UI-DialogBox-Background" edgeFile="Interface\Tooltips\UI-Tooltip-Border" tile="true">
			<BackgroundInsets>
				<AbsInset left="4" right="4" top="4" bottom="4" />
			</BackgroundInsets>
			<TileSize>
				<AbsValue val="16" />
			</TileSize>
			<EdgeSize>
				<AbsValue val="16" />
			</EdgeSize>
		</Backdrop>

		<Layers>
			<Layer level="ARTWORK">
				<Texture name="RecapGraphTopBar" file="Interface\TradeSkillFrame\UI-TradeSkill-SkillBorder">
					<Size>
						<AbsDimension x="365" y="8"/>
					</Size>
					<Anchors>
						<Anchor point="TOPLEFT">
							<Offset>
								<AbsDimension x="4" y="-22"/>
							</Offset>
						</Anchor>
					</Anchors>
					<TexCoords left="0.1" right="1.0" top="0" bottom="0.25"/>
				</Texture>
				<FontString name="RecapGraphLabel" inherits="GameFontNormal" wraponspaces="false" justifyH="LEFT" text="">
					<Size>
						<AbsDimension x="270" y="14"/>
					</Size>
					<Anchors>
						<Anchor point="TOPLEFT">
							<Offset>
								<AbsDimension x="8" y="-30"/>
							</Offset>
						</Anchor>
					</Anchors>
				</FontString>
			</Layer>
		</Layers>

		<Frames>

			<Frame name="RecapGraphGraph" toplevel="false" enableMouse="true" movable="false" parent="RecapGraph" hidden="true">
				<Size>
					<AbsDimension x="388" y="192"/>
				</Size>
				<Anchors>
					<Anchor point="TOPLEFT">
						<Offset>
							<AbsDimension x="0" y="-46"/>
						</Offset>
					</Anchor>
				</Anchors>
				<Layers>
					<Layer level="ARTWORK">
						<FontString name="RecapGraphXAxisText_0" inherits="GameFontNormalSmall" wraponspaces="false" justifyH="CENTER" text="">
							<Size>
								<AbsDimension x="40" y="14"/>
							</Size>
							<Anchors>
								<Anchor point="TOPLEFT">
									<Offset>
										<AbsDimension x="-9" y="-155"/>
									</Offset>
								</Anchor>
							</Anchors>
						</FontString>
						<FontString name="RecapGraphXAxisText_1" inherits="GameFontNormalSmall" wraponspaces="false" justifyH="CENTER" text="">
							<Size>
								<AbsDimension x="40" y="14"/>
							</Size>
							<Anchors>
								<Anchor point="TOPLEFT">
									<Offset>
										<AbsDimension x="51" y="-155"/>
									</Offset>
								</Anchor>
							</Anchors>
						</FontString>
						<FontString name="RecapGraphXAxisText_2" inherits="GameFontNormalSmall" wraponspaces="false" justifyH="CENTER" text="">
							<Size>
								<AbsDimension x="40" y="14"/>
							</Size>
							<Anchors>
								<Anchor point="TOPLEFT">
									<Offset>
										<AbsDimension x="111" y="-155"/>
									</Offset>
								</Anchor>
							</Anchors>
						</FontString>
						<FontString name="RecapGraphXAxisText_3" inherits="GameFontNormalSmall" wraponspaces="false" justifyH="CENTER" text="">
							<Size>
								<AbsDimension x="40" y="14"/>
							</Size>
							<Anchors>
								<Anchor point="TOPLEFT">
									<Offset>
										<AbsDimension x="171" y="-155"/>
									</Offset>
								</Anchor>
							</Anchors>
						</FontString>
						<FontString name="RecapGraphXAxisText_4" inherits="GameFontNormalSmall" wraponspaces="false" justifyH="CENTER" text="">
							<Size>
								<AbsDimension x="40" y="14"/>
							</Size>
							<Anchors>
								<Anchor point="TOPLEFT">
									<Offset>
										<AbsDimension x="231" y="-155"/>
									</Offset>
								</Anchor>
							</Anchors>
						</FontString>
						<FontString name="RecapGraphXAxisText_5" inherits="GameFontNormalSmall" wraponspaces="false" justifyH="CENTER" text="">
							<Size>
								<AbsDimension x="40" y="14"/>
							</Size>
							<Anchors>
								<Anchor point="TOPLEFT">
									<Offset>
										<AbsDimension x="291" y="-155"/>
									</Offset>
								</Anchor>
							</Anchors>
						</FontString>
						<FontString name="RecapGraphXAxisText_6" inherits="GameFontNormalSmall" wraponspaces="false" justifyH="CENTER" text="">
							<Size>
								<AbsDimension x="40" y="14"/>
							</Size>
							<Anchors>
								<Anchor point="TOPLEFT">
									<Offset>
										<AbsDimension x="351" y="-155"/>
									</Offset>
								</Anchor>
							</Anchors>
						</FontString>
					</Layer>
				</Layers>
				<Scripts>
					<OnMouseDown>
						RecapGraph_OnMouseDown(self, button)
					</OnMouseDown>
					<OnMouseUp>
						RecapGraph_OnMouseUp(self, button)
					</OnMouseUp>
				</Scripts>

			</Frame>

			<Frame name="RecapGraphText" toplevel="false" enableMouse="true" movable="false" parent="RecapGraph" hidden="true">
				<Size>
					<AbsDimension x="388" y="192"/>
				</Size>
				<Anchors>
					<Anchor point="TOPLEFT">
						<Offset>
							<AbsDimension x="0" y="-46"/>
						</Offset>
					</Anchor>
				</Anchors>

				<Frames>
					<Button name="RecapGraphListHeader_Name" inherits="RecapGraphTextHeaderTemplate" text="RECAP_COMBATANTS">
						<Size>
							<AbsDimension x="85" y="16"/>
						</Size>
						<Anchors>
							<Anchor point="TOPLEFT">
								<Offset>
									<AbsDimension x="14" y="0"/>
								</Offset>
							</Anchor>
						</Anchors>
						<ButtonText inherits="GameFontNormalSmall" justifyH="LEFT"/>
						<Scripts>
							<OnEnter>
								Recap_Tooltip(self, "GraphHeadingName")
							</OnEnter>
						</Scripts>
					</Button>
					<Button name="RecapGraphListHeader_Total" inherits="RecapGraphTextHeaderTemplate" justifyH="RIGHT" text="RECAP_TOTAL">
						<Size>
							<AbsDimension x="85" y="16" />
						</Size>
						<Anchors>
							<Anchor point="TOPLEFT" relativeTo="RecapGraphListHeader_Name" relativePoint="TOPRIGHT"/>
						</Anchors>
						<ButtonText inherits="GameFontNormalSmall" justifyH="RIGHT"/>
						<Scripts>
							<OnEnter>
								RecapGraphListHeader_OnEnter(self)
							</OnEnter>
						</Scripts>
					</Button>
					<Button name="RecapGraphListHeader_Peak" inherits="RecapGraphTextHeaderTemplate" justifyH="RIGHT" text="RECAP_PEAK">
						<Size>
							<AbsDimension x="80" y="16" />
						</Size>
						<Anchors>
							<Anchor point="TOPLEFT" relativeTo="RecapGraphListHeader_Total" relativePoint="TOPRIGHT"/>
						</Anchors>
						<ButtonText inherits="GameFontNormalSmall" justifyH="RIGHT"/>
						<Scripts>
							<OnEnter>
								RecapGraphListHeader_OnEnter(self)
							</OnEnter>
						</Scripts>
					</Button>
					<Button name="RecapGraphListHeader_Avg" inherits="RecapGraphTextHeaderTemplate" justifyH="RIGHT" text="RECAP_AVG">
						<Size>
							<AbsDimension x="80" y="16" />
						</Size>
						<Anchors>
							<Anchor point="TOPLEFT" relativeTo="RecapGraphListHeader_Peak" relativePoint="TOPRIGHT"/>
						</Anchors>
						<ButtonText inherits="GameFontNormalSmall" justifyH="RIGHT"/>
						<Scripts>
							<OnEnter>
								RecapGraphListHeader_OnEnter(self)
							</OnEnter>
						</Scripts>
					</Button>

					<Button name="RecapGraphList1" inherits="RecapGraphListTemplate" id="1">
						<Anchors>
							<Anchor point="TOPLEFT" relativeTo="RecapGraphListHeader_Name" relativePoint="BOTTOMLEFT">
								<Offset>
									<AbsDimension x="0" y="0"/>
								</Offset>
							</Anchor>
						</Anchors>
					</Button>
					<Button name="RecapGraphList2" inherits="RecapGraphListTemplate" id="2">
						<Anchors>
							<Anchor point="TOPLEFT" relativeTo="RecapGraphList1" relativePoint="BOTTOMLEFT"/>
						</Anchors>
					</Button>
					<Button name="RecapGraphList3" inherits="RecapGraphListTemplate" id="3">
						<Anchors>
							<Anchor point="TOPLEFT" relativeTo="RecapGraphList2" relativePoint="BOTTOMLEFT"/>
						</Anchors>
					</Button>
					<Button name="RecapGraphList4" inherits="RecapGraphListTemplate" id="4">
						<Anchors>
							<Anchor point="TOPLEFT" relativeTo="RecapGraphList3" relativePoint="BOTTOMLEFT"/>
						</Anchors>
					</Button>
					<Button name="RecapGraphList5" inherits="RecapGraphListTemplate" id="5">
						<Anchors>
							<Anchor point="TOPLEFT" relativeTo="RecapGraphList4" relativePoint="BOTTOMLEFT"/>
						</Anchors>
					</Button>
					<Button name="RecapGraphList6" inherits="RecapGraphListTemplate" id="6">
						<Anchors>
							<Anchor point="TOPLEFT" relativeTo="RecapGraphList5" relativePoint="BOTTOMLEFT"/>
						</Anchors>
					</Button>
					<Button name="RecapGraphList7" inherits="RecapGraphListTemplate" id="7">
						<Anchors>
							<Anchor point="TOPLEFT" relativeTo="RecapGraphList6" relativePoint="BOTTOMLEFT"/>
						</Anchors>
					</Button>
					<Button name="RecapGraphList8" inherits="RecapGraphListTemplate" id="8">
						<Anchors>
							<Anchor point="TOPLEFT" relativeTo="RecapGraphList7" relativePoint="BOTTOMLEFT"/>
						</Anchors>
					</Button>
					<Button name="RecapGraphList9" inherits="RecapGraphListTemplate" id="9">
						<Anchors>
							<Anchor point="TOPLEFT" relativeTo="RecapGraphList8" relativePoint="BOTTOMLEFT"/>
						</Anchors>
					</Button>
					<Button name="RecapGraphList10" inherits="RecapGraphListTemplate" id="10">
						<Anchors>
							<Anchor point="TOPLEFT" relativeTo="RecapGraphList9" relativePoint="BOTTOMLEFT"/>
						</Anchors>
					</Button>
					<Button name="RecapGraphList11" inherits="RecapGraphListTemplate" id="11">
						<Anchors>
							<Anchor point="TOPLEFT" relativeTo="RecapGraphList10" relativePoint="BOTTOMLEFT"/>
						</Anchors>
					</Button>

					<ScrollFrame name="RecapGraphListScrollBar" inherits="FauxScrollFrameTemplate">
						<Size>
							<AbsDimension x="346" y="162"/>
						</Size>
						<Anchors>
							<Anchor point="TOPRIGHT" relativeTo="RecapGraphList1" relativePoint="TOPRIGHT">
								<Offset>
									<AbsDimension x="4" y="16"/>
								</Offset>
							</Anchor>
						</Anchors>
						<Scripts>
							<OnVerticalScroll>
								FauxScrollFrame_OnVerticalScroll(self, offset, 14, RecapGraphListScrollBar_Update)
							</OnVerticalScroll>
						</Scripts>
					</ScrollFrame>

				</Frames>

				<Scripts>
					<OnMouseDown>
						RecapGraph_OnMouseDown(self, button)
					</OnMouseDown>
					<OnMouseUp>
						RecapGraph_OnMouseUp(self, button)
					</OnMouseUp>
				</Scripts>

			</Frame>

			<Frame name="RecapGraphOptions" toplevel="false" enableMouse="true" movable="false" parent="RecapGraph" hidden="true">
				<Size>
					<AbsDimension x="220" y="222"/>
				</Size>
				<Anchors>
					<Anchor point="TOPLEFT" relativeTo="RecapGraph" relativePoint="TOPRIGHT">
						<Offset>
							<AbsDimension x="-3" y="0"/>
						</Offset>
					</Anchor>
				</Anchors>

				<Backdrop name="RecapGraphBackdrop" bgFile="Interface\DialogFrame\UI-DialogBox-Background" edgeFile="Interface\Tooltips\UI-Tooltip-Border" tile="true">
					<BackgroundInsets>
						<AbsInset left="4" right="4" top="4" bottom="4" />
					</BackgroundInsets>
					<TileSize>
						<AbsValue val="16" />
					</TileSize>
					<EdgeSize>
						<AbsValue val="16" />
					</EdgeSize>
				</Backdrop>

				<Layers>
					<Layer level="ARTWORK">
						<FontString name="RecapGraphOpaqueBackgroundText" inherits="GameFontNormalSmall" wraponspaces="false" justifyH="LEFT" text="RECAP_OPAQUE_BACKGROUND">
							<Anchors>
								<Anchor point="TOPLEFT" relativeTo="RecapGraphOptions" relativePoint="TOPLEFT">
									<Offset>
										<AbsDimension x="24" y="-205"/>
									</Offset>
								</Anchor>
							</Anchors>
							<Color r="0.85" g="0.85" b="0.85"/>
						</FontString>
					</Layer>
				</Layers>

				<Frames>
					<Checkbutton name="RecapGraphCombatantCheck1" inherits="RecapGraphCheckTemplate" id="1">
						<Anchors>
							<Anchor point="TOPLEFT">
								<Offset>
									<AbsDimension x="10" y="-6"/>
								</Offset>
							</Anchor>
						</Anchors>
					</Checkbutton>
					<Checkbutton name="RecapGraphCombatantCheck2" inherits="RecapGraphCheckTemplate" id="2">
						<Anchors>
							<Anchor point="TOPLEFT" relativeTo="RecapGraphCombatantCheck1" relativePoint="BOTTOMLEFT"/>
						</Anchors>
					</Checkbutton>
					<Checkbutton name="RecapGraphCombatantCheck3" inherits="RecapGraphCheckTemplate" id="3">
						<Anchors>
							<Anchor point="TOPLEFT" relativeTo="RecapGraphCombatantCheck2" relativePoint="BOTTOMLEFT"/>
						</Anchors>
					</Checkbutton>
					<Checkbutton name="RecapGraphCombatantCheck4" inherits="RecapGraphCheckTemplate" id="4">
						<Anchors>
							<Anchor point="TOPLEFT" relativeTo="RecapGraphCombatantCheck3" relativePoint="BOTTOMLEFT"/>
						</Anchors>
					</Checkbutton>
					<Checkbutton name="RecapGraphCombatantCheck5" inherits="RecapGraphCheckTemplate" id="5">
						<Anchors>
							<Anchor point="TOPLEFT" relativeTo="RecapGraphCombatantCheck4" relativePoint="BOTTOMLEFT"/>
						</Anchors>
					</Checkbutton>
					<Checkbutton name="RecapGraphCombatantCheck6" inherits="RecapGraphCheckTemplate" id="6">
						<Anchors>
							<Anchor point="TOPLEFT" relativeTo="RecapGraphCombatantCheck5" relativePoint="BOTTOMLEFT"/>
						</Anchors>
					</Checkbutton>
					<Checkbutton name="RecapGraphCombatantCheck7" inherits="RecapGraphCheckTemplate" id="7">
						<Anchors>
							<Anchor point="TOPLEFT" relativeTo="RecapGraphCombatantCheck6" relativePoint="BOTTOMLEFT"/>
						</Anchors>
					</Checkbutton>
					<Checkbutton name="RecapGraphCombatantCheck8" inherits="RecapGraphCheckTemplate" id="8">
						<Anchors>
							<Anchor point="TOPLEFT" relativeTo="RecapGraphCombatantCheck7" relativePoint="BOTTOMLEFT"/>
						</Anchors>
					</Checkbutton>
					<Checkbutton name="RecapGraphCombatantCheck9" inherits="RecapGraphCheckTemplate" id="9">
						<Anchors>
							<Anchor point="TOPLEFT" relativeTo="RecapGraphCombatantCheck8" relativePoint="BOTTOMLEFT"/>
						</Anchors>
					</Checkbutton>
					<Checkbutton name="RecapGraphCombatantCheck10" inherits="RecapGraphCheckTemplate" id="10">
						<Anchors>
							<Anchor point="TOPLEFT" relativeTo="RecapGraphCombatantCheck9" relativePoint="BOTTOMLEFT"/>
						</Anchors>
					</Checkbutton>
					<Checkbutton name="RecapGraphCombatantCheck11" inherits="RecapGraphCheckTemplate" id="11">
						<Anchors>
							<Anchor point="TOPLEFT" relativeTo="RecapGraphCombatantCheck10" relativePoint="BOTTOMLEFT"/>
						</Anchors>
					</Checkbutton>
					<Checkbutton name="RecapGraphCombatantCheck12" inherits="RecapGraphCheckTemplate" id="12">
						<Anchors>
							<Anchor point="TOPLEFT" relativeTo="RecapGraphCombatantCheck11" relativePoint="BOTTOMLEFT"/>
						</Anchors>
					</Checkbutton>
					<Checkbutton name="RecapGraphCombatantCheck13" inherits="RecapGraphCheckTemplate" id="13">
						<Anchors>
							<Anchor point="TOPLEFT" relativeTo="RecapGraphCombatantCheck12" relativePoint="BOTTOMLEFT"/>
						</Anchors>
					</Checkbutton>
					<Checkbutton name="RecapGraphCombatantCheck14" inherits="RecapGraphCheckTemplate" id="14">
						<Anchors>
							<Anchor point="TOPLEFT">
								<Offset>
									<AbsDimension x="115" y="-6"/>
								</Offset>
							</Anchor>
						</Anchors>
					</Checkbutton>
					<Checkbutton name="RecapGraphCombatantCheck15" inherits="RecapGraphCheckTemplate" id="15">
						<Anchors>
							<Anchor point="TOPLEFT" relativeTo="RecapGraphCombatantCheck14" relativePoint="BOTTOMLEFT"/>
						</Anchors>
					</Checkbutton>
					<Checkbutton name="RecapGraphCombatantCheck16" inherits="RecapGraphCheckTemplate" id="16">
						<Anchors>
							<Anchor point="TOPLEFT" relativeTo="RecapGraphCombatantCheck15" relativePoint="BOTTOMLEFT"/>
						</Anchors>
					</Checkbutton>
					<Checkbutton name="RecapGraphCombatantCheck17" inherits="RecapGraphCheckTemplate" id="17">
						<Anchors>
							<Anchor point="TOPLEFT" relativeTo="RecapGraphCombatantCheck16" relativePoint="BOTTOMLEFT"/>
						</Anchors>
					</Checkbutton>
					<Checkbutton name="RecapGraphCombatantCheck18" inherits="RecapGraphCheckTemplate" id="18">
						<Anchors>
							<Anchor point="TOPLEFT" relativeTo="RecapGraphCombatantCheck17" relativePoint="BOTTOMLEFT"/>
						</Anchors>
					</Checkbutton>
					<Checkbutton name="RecapGraphCombatantCheck19" inherits="RecapGraphCheckTemplate" id="19">
						<Anchors>
							<Anchor point="TOPLEFT" relativeTo="RecapGraphCombatantCheck18" relativePoint="BOTTOMLEFT"/>
						</Anchors>
					</Checkbutton>
					<Checkbutton name="RecapGraphCombatantCheck20" inherits="RecapGraphCheckTemplate" id="20">
						<Anchors>
							<Anchor point="TOPLEFT" relativeTo="RecapGraphCombatantCheck19" relativePoint="BOTTOMLEFT"/>
						</Anchors>
					</Checkbutton>
					<Checkbutton name="RecapGraphCombatantCheck21" inherits="RecapGraphCheckTemplate" id="21">
						<Anchors>
							<Anchor point="TOPLEFT" relativeTo="RecapGraphCombatantCheck20" relativePoint="BOTTOMLEFT"/>
						</Anchors>
					</Checkbutton>
					<Checkbutton name="RecapGraphCombatantCheck22" inherits="RecapGraphCheckTemplate" id="22">
						<Anchors>
							<Anchor point="TOPLEFT" relativeTo="RecapGraphCombatantCheck21" relativePoint="BOTTOMLEFT"/>
						</Anchors>
					</Checkbutton>
					<Checkbutton name="RecapGraphCombatantCheck23" inherits="RecapGraphCheckTemplate" id="23">
						<Anchors>
							<Anchor point="TOPLEFT" relativeTo="RecapGraphCombatantCheck22" relativePoint="BOTTOMLEFT"/>
						</Anchors>
					</Checkbutton>
					<Checkbutton name="RecapGraphCombatantCheck24" inherits="RecapGraphCheckTemplate" id="24">
						<Anchors>
							<Anchor point="TOPLEFT" relativeTo="RecapGraphCombatantCheck23" relativePoint="BOTTOMLEFT"/>
						</Anchors>
					</Checkbutton>
					<Checkbutton name="RecapGraphCombatantCheck25" inherits="RecapGraphCheckTemplate" id="25">
						<Anchors>
							<Anchor point="TOPLEFT" relativeTo="RecapGraphCombatantCheck24" relativePoint="BOTTOMLEFT"/>
						</Anchors>
					</Checkbutton>

					<Button name="RecapGraphCombatantList1" inherits="RecapGraphCombatantTemplate" id="1">
						<Anchors>
							<Anchor point="TOPLEFT">
								<Offset>
									<AbsDimension x="25" y="-6"/>
								</Offset>
							</Anchor>
						</Anchors>
					</Button>
					<Button name="RecapGraphCombatantList2" inherits="RecapGraphCombatantTemplate" id="2">
						<Anchors>
							<Anchor point="TOPLEFT" relativeTo="RecapGraphCombatantList1" relativePoint="BOTTOMLEFT"/>
						</Anchors>
					</Button>
					<Button name="RecapGraphCombatantList3" inherits="RecapGraphCombatantTemplate" id="3">
						<Anchors>
							<Anchor point="TOPLEFT" relativeTo="RecapGraphCombatantList2" relativePoint="BOTTOMLEFT"/>
						</Anchors>
					</Button>
					<Button name="RecapGraphCombatantList4" inherits="RecapGraphCombatantTemplate" id="4">
						<Anchors>
							<Anchor point="TOPLEFT" relativeTo="RecapGraphCombatantList3" relativePoint="BOTTOMLEFT"/>
						</Anchors>
					</Button>
					<Button name="RecapGraphCombatantList5" inherits="RecapGraphCombatantTemplate" id="5">
						<Anchors>
							<Anchor point="TOPLEFT" relativeTo="RecapGraphCombatantList4" relativePoint="BOTTOMLEFT"/>
						</Anchors>
					</Button>
					<Button name="RecapGraphCombatantList6" inherits="RecapGraphCombatantTemplate" id="6">
						<Anchors>
							<Anchor point="TOPLEFT" relativeTo="RecapGraphCombatantList5" relativePoint="BOTTOMLEFT"/>
						</Anchors>
					</Button>
					<Button name="RecapGraphCombatantList7" inherits="RecapGraphCombatantTemplate" id="7">
						<Anchors>
							<Anchor point="TOPLEFT" relativeTo="RecapGraphCombatantList6" relativePoint="BOTTOMLEFT"/>
						</Anchors>
					</Button>
					<Button name="RecapGraphCombatantList8" inherits="RecapGraphCombatantTemplate" id="8">
						<Anchors>
							<Anchor point="TOPLEFT" relativeTo="RecapGraphCombatantList7" relativePoint="BOTTOMLEFT"/>
						</Anchors>
					</Button>
					<Button name="RecapGraphCombatantList9" inherits="RecapGraphCombatantTemplate" id="9">
						<Anchors>
							<Anchor point="TOPLEFT" relativeTo="RecapGraphCombatantList8" relativePoint="BOTTOMLEFT"/>
						</Anchors>
					</Button>
					<Button name="RecapGraphCombatantList10" inherits="RecapGraphCombatantTemplate" id="10">
						<Anchors>
							<Anchor point="TOPLEFT" relativeTo="RecapGraphCombatantList9" relativePoint="BOTTOMLEFT"/>
						</Anchors>
					</Button>
					<Button name="RecapGraphCombatantList11" inherits="RecapGraphCombatantTemplate" id="11">
						<Anchors>
							<Anchor point="TOPLEFT" relativeTo="RecapGraphCombatantList10" relativePoint="BOTTOMLEFT"/>
						</Anchors>
					</Button>
					<Button name="RecapGraphCombatantList12" inherits="RecapGraphCombatantTemplate" id="12">
						<Anchors>
							<Anchor point="TOPLEFT" relativeTo="RecapGraphCombatantList11" relativePoint="BOTTOMLEFT"/>
						</Anchors>
					</Button>
					<Button name="RecapGraphCombatantList13" inherits="RecapGraphCombatantTemplate" id="13">
						<Anchors>
							<Anchor point="TOPLEFT" relativeTo="RecapGraphCombatantList12" relativePoint="BOTTOMLEFT"/>
						</Anchors>
					</Button>
					<Button name="RecapGraphCombatantList14" inherits="RecapGraphCombatantTemplate" id="14">
						<Anchors>
							<Anchor point="TOPLEFT">
								<Offset>
									<AbsDimension x="130" y="-6"/>
								</Offset>
							</Anchor>
						</Anchors>
					</Button>
					<Button name="RecapGraphCombatantList15" inherits="RecapGraphCombatantTemplate" id="15">
						<Anchors>
							<Anchor point="TOPLEFT" relativeTo="RecapGraphCombatantList14" relativePoint="BOTTOMLEFT"/>
						</Anchors>
					</Button>
					<Button name="RecapGraphCombatantList16" inherits="RecapGraphCombatantTemplate" id="16">
						<Anchors>
							<Anchor point="TOPLEFT" relativeTo="RecapGraphCombatantList15" relativePoint="BOTTOMLEFT"/>
						</Anchors>
					</Button>
					<Button name="RecapGraphCombatantList17" inherits="RecapGraphCombatantTemplate" id="17">
						<Anchors>
							<Anchor point="TOPLEFT" relativeTo="RecapGraphCombatantList16" relativePoint="BOTTOMLEFT"/>
						</Anchors>
					</Button>
					<Button name="RecapGraphCombatantList18" inherits="RecapGraphCombatantTemplate" id="18">
						<Anchors>
							<Anchor point="TOPLEFT" relativeTo="RecapGraphCombatantList17" relativePoint="BOTTOMLEFT"/>
						</Anchors>
					</Button>
					<Button name="RecapGraphCombatantList19" inherits="RecapGraphCombatantTemplate" id="19">
						<Anchors>
							<Anchor point="TOPLEFT" relativeTo="RecapGraphCombatantList18" relativePoint="BOTTOMLEFT"/>
						</Anchors>
					</Button>
					<Button name="RecapGraphCombatantList20" inherits="RecapGraphCombatantTemplate" id="20">
						<Anchors>
							<Anchor point="TOPLEFT" relativeTo="RecapGraphCombatantList19" relativePoint="BOTTOMLEFT"/>
						</Anchors>
					</Button>
					<Button name="RecapGraphCombatantList21" inherits="RecapGraphCombatantTemplate" id="21">
						<Anchors>
							<Anchor point="TOPLEFT" relativeTo="RecapGraphCombatantList20" relativePoint="BOTTOMLEFT"/>
						</Anchors>
					</Button>
					<Button name="RecapGraphCombatantList22" inherits="RecapGraphCombatantTemplate" id="22">
						<Anchors>
							<Anchor point="TOPLEFT" relativeTo="RecapGraphCombatantList21" relativePoint="BOTTOMLEFT"/>
						</Anchors>
					</Button>
					<Button name="RecapGraphCombatantList23" inherits="RecapGraphCombatantTemplate" id="23">
						<Anchors>
							<Anchor point="TOPLEFT" relativeTo="RecapGraphCombatantList22" relativePoint="BOTTOMLEFT"/>
						</Anchors>
					</Button>
					<Button name="RecapGraphCombatantList24" inherits="RecapGraphCombatantTemplate" id="24">
						<Anchors>
							<Anchor point="TOPLEFT" relativeTo="RecapGraphCombatantList23" relativePoint="BOTTOMLEFT"/>
						</Anchors>
					</Button>
					<Button name="RecapGraphCombatantList25" inherits="RecapGraphCombatantTemplate" id="25">
						<Anchors>
							<Anchor point="TOPLEFT" relativeTo="RecapGraphCombatantList24" relativePoint="BOTTOMLEFT"/>
						</Anchors>
					</Button>

					<Button name="RecapGraphCheckAllButton" inherits="RecapGraphMenuButtonTemplate" text="RECAP_CHECK_ALL">
						<Size>
							<AbsDimension x="78" y="16"/>
						</Size>
						<Anchors>
							<Anchor point="TOPLEFT" relativeTo="RecapGraphOptions" relativePoint="TOPLEFT">
								<Offset>
									<AbsDimension x="26" y="-188"/>
								</Offset>
							</Anchor>
						</Anchors>
						<Scripts>
							<OnEnter>
								Recap_Tooltip(self, "CheckAll")
							</OnEnter>
							<OnLeave>
								recap_temp.RecapTooltip:Hide()
							</OnLeave>
							<OnClick>
								RecapGraph_CheckUncheckAll(true)
							</OnClick>
						</Scripts>
						<NormalTexture inherits="UIPanelButtonUpTexture"/>
						<PushedTexture inherits="UIPanelButtonDownTexture"/>
						<DisabledTexture inherits="UIPanelButtonDisabledTexture"/>
						<HighlightTexture inherits="UIPanelButtonHighlightTexture"/>
					</Button>

					<Button name="RecapGraphUncheckAllButton" inherits="RecapGraphMenuButtonTemplate" text="RECAP_UNCHECK_ALL">
						<Size>
							<AbsDimension x="78" y="16"/>
						</Size>
						<Anchors>
							<Anchor point="TOPLEFT" relativeTo="RecapGraphCheckAllButton" relativePoint="TOPRIGHT">
								<Offset>
									<AbsDimension x="27" y="0"/>
								</Offset>
							</Anchor>
						</Anchors>
						<Scripts>
							<OnEnter>
								Recap_Tooltip(self, "UncheckAll")
							</OnEnter>
							<OnLeave>
								recap_temp.RecapTooltip:Hide()
							</OnLeave>
							<OnClick>
								RecapGraph_CheckUncheckAll(false)
							</OnClick>
						</Scripts>
						<NormalTexture inherits="UIPanelButtonUpTexture"/>
						<PushedTexture inherits="UIPanelButtonDownTexture"/>
						<DisabledTexture inherits="UIPanelButtonDisabledTexture"/>
						<HighlightTexture inherits="UIPanelButtonHighlightTexture"/>
					</Button>

					<Checkbutton name="RecapGraphOpaqueBackground_Check" inherits="UICheckButtonTemplate">
						<Size>
							<AbsDimension x="16" y="16"/>
						</Size>
						<Anchors>
							<Anchor point="TOPRIGHT" relativeTo="RecapGraphOpaqueBackgroundText" relativePoint="TOPLEFT">
								<Offset>
									<AbsDimension x="1" y="2"/>
								</Offset>
							</Anchor>
						</Anchors>
						<Scripts>
							<OnEnter>
								Recap_Tooltip(self, "GraphOpaqueBackground")
							</OnEnter>
							<OnLeave>
								recap_temp.RecapTooltip:Hide()
							</OnLeave>
							<OnClick>
								RecapGraphOpaqueBackground_OnClick(self, button, down)
							</OnClick>
						</Scripts>
					</Checkbutton>

				</Frames>

				<Scripts>
					<OnLoad>
						self:SetBackdropBorderColor(.5,.5,.5,1)
					</OnLoad>
					<OnMouseDown>
						RecapGraph_OnMouseDown(self, button)
					</OnMouseDown>
					<OnMouseUp>
						RecapGraph_OnMouseUp(self, button)
					</OnMouseUp>
					<OnShow>
						if recap_temp.Graph.OpaqueBackground then
							self:SetBackdrop({bgFile = "Interface\\CharacterFrame\\UI-Party-Background", edgeFile = "Interface\\Tooltips\\UI-Tooltip-Border",
											 tile = true, tileSize = 16, edgeSize = 16, insets = { left = 4, right = 4, top = 4, bottom = 4 }})
						else
							self:SetBackdrop({bgFile = "Interface\\DialogFrame\\UI-DialogBox-Background", edgeFile = "Interface\\Tooltips\\UI-Tooltip-Border",
											 tile = true, tileSize = 16, edgeSize = 16, insets = { left = 4, right = 4, top = 4, bottom = 4 }})
							local r, g, b, a = self:GetBackdropColor()
							self:SetBackdropColor(r, g, b, 0.6*a)
						end
						RecapGraph_SetOptionsPanel()
					</OnShow>
					<OnHide>
						RecapGraph_SetOptionsPanel()
					</OnHide>
				</Scripts>

			</Frame>

			<Button name="RecapGraphCloseButton" inherits="RecapButtonTemplate">
				<Anchors>
					<Anchor point="TOPRIGHT">
						<Offset>
							<AbsDimension x="-5" y="-6"/>
						</Offset>
					</Anchor>
				</Anchors>
				<NormalTexture file="Interface\AddOns\Recap\Images\Recap-Buttons-Up">
					<TexCoords left="0" right="0.245" top="0" bottom="0.245"/>
				</NormalTexture>
				<PushedTexture file="Interface\AddOns\Recap\Images\Recap-Buttons-Down">
					<TexCoords left="0" right="0.245" top="0" bottom="0.245"/>
				</PushedTexture>
				<Scripts>
					<OnEnter>
						Recap_Tooltip(self, "CloseGraph")
					</OnEnter>
					<OnClick>
						PlaySound("GAMEGENERICBUTTONPRESS")
						RecapGraph_Close()
					</OnClick>
				</Scripts>
			</Button>
			<Button name="RecapGraphPauseButton" inherits="RecapButtonTemplate">
				<Anchors>
					<Anchor point="TOPRIGHT" relativeTo="RecapGraphCloseButton" relativePoint="TOPLEFT">
						<Offset>
							<AbsDimension x="-2" y="0"/>
						</Offset>
					</Anchor>
				</Anchors>
				<Scripts>
					<OnEnter>
						if recap_temp.Graph.Paused then
							Recap_Tooltip(self, "GraphResume")
						else
							Recap_Tooltip(self, "GraphPause")
						end
					</OnEnter>
					<OnLeave>
						recap_temp.RecapTooltip:Hide()
					</OnLeave>
					<OnClick>
						RecapGraph_GraphPauseResume()
					</OnClick>
				</Scripts>
				<NormalTexture file="Interface\AddOns\Recap\Images\Recap-Buttons-Up">
					<TexCoords left="0.75" right="0.995" top="0" bottom="0.245"/>
				</NormalTexture>
				<PushedTexture file="Interface\AddOns\Recap\Images\Recap-Buttons-Down">
					<TexCoords left="0.75" right="0.995" top="0" bottom="0.245"/>
				</PushedTexture>
			</Button>

			<Button name="RecapGraphShowHPSOutButton" inherits="RecapGraphMenuButtonTemplate" text="RECAP_HPS_OUT">
				<Size>
					<AbsDimension x="55" y="16"/>
				</Size>
				<Anchors>
					<Anchor point="TOPRIGHT" relativeTo="RecapGraphPauseButton" relativePoint="TOPLEFT">
						<Offset>
							<AbsDimension x="-68" y="0"/>
						</Offset>
					</Anchor>
				</Anchors>
				<Scripts>
					<OnEnter>
						Recap_Tooltip(self, "ShowHPSOut")
					</OnEnter>
					<OnLeave>
						recap_temp.RecapTooltip:Hide()
					</OnLeave>
					<OnClick>
						recap_temp.Graph.Statistic = RECAP_HPS_OUT
						RecapGraph_GraphOptionsRefresh()
						RecapGraph_GraphUpdate()
					</OnClick>
				</Scripts>
				<NormalTexture inherits="UIPanelButtonUpTexture"/>
				<PushedTexture inherits="UIPanelButtonDownTexture"/>
				<DisabledTexture inherits="UIPanelButtonDisabledTexture"/>
				<HighlightTexture inherits="UIPanelButtonHighlightTexture"/>
			</Button>

			<Button name="RecapGraphShowDPSInButton" inherits="RecapGraphMenuButtonTemplate" text="RECAP_DPS_IN">
				<Size>
					<AbsDimension x="45" y="16"/>
				</Size>
				<Anchors>
					<Anchor point="TOPRIGHT" relativeTo="RecapGraphShowHPSOutButton" relativePoint="TOPLEFT">
						<Offset>
							<AbsDimension x="-2" y="0"/>
						</Offset>
					</Anchor>
				</Anchors>
				<Scripts>
					<OnEnter>
						Recap_Tooltip(self, "ShowDPSIn")
					</OnEnter>
					<OnLeave>
						recap_temp.RecapTooltip:Hide()
					</OnLeave>
					<OnClick>
						recap_temp.Graph.Statistic = RECAP_DPS_IN
						RecapGraph_GraphOptionsRefresh()
						RecapGraph_GraphUpdate()
					</OnClick>
				</Scripts>
				<NormalTexture inherits="UIPanelButtonUpTexture"/>
				<PushedTexture inherits="UIPanelButtonDownTexture"/>
				<DisabledTexture inherits="UIPanelButtonDisabledTexture"/>
				<HighlightTexture inherits="UIPanelButtonHighlightTexture"/>
			</Button>

			<Button name="RecapGraphShowDPSOutButton" inherits="RecapGraphMenuButtonTemplate" text="RECAP_DPS_OUT">
				<Size>
					<AbsDimension x="55" y="16"/>
				</Size>
				<Anchors>
					<Anchor point="TOPRIGHT" relativeTo="RecapGraphShowDPSInButton" relativePoint="TOPLEFT">
						<Offset>
							<AbsDimension x="-2" y="0"/>
						</Offset>
					</Anchor>
				</Anchors>
				<Scripts>
					<OnEnter>
						Recap_Tooltip(self, "ShowDPSOut")
					</OnEnter>
					<OnLeave>
						recap_temp.RecapTooltip:Hide()
					</OnLeave>
					<OnClick>
						recap_temp.Graph.Statistic = RECAP_DPS_OUT
						RecapGraph_GraphOptionsRefresh()
						RecapGraph_GraphUpdate()
					</OnClick>
				</Scripts>
				<NormalTexture inherits="UIPanelButtonUpTexture"/>
				<PushedTexture inherits="UIPanelButtonDownTexture"/>
				<DisabledTexture inherits="UIPanelButtonDisabledTexture"/>
				<HighlightTexture inherits="UIPanelButtonHighlightTexture"/>
			</Button>

			<Button name="RecapGraphGraphTab" inherits="GameMenuButtonTemplate" text="RECAP_GRAPH">
				<Size>
					<AbsDimension x="48" y="16"/>
				</Size>
				<Anchors>
					<Anchor point="TOPRIGHT" relativeTo="RecapGraphShowDPSOutButton" relativePoint="TOPLEFT">
						<Offset>
							<AbsDimension x="-10" y="0"/>
						</Offset>
					</Anchor>
				</Anchors>
				<Scripts>
					<OnEnter>
						Recap_Tooltip(self, "ShowLiveGraph")
					</OnEnter>
					<OnLeave>
						recap_temp.RecapTooltip:Hide()
					</OnLeave>
					<OnClick>
						recap_temp.Graph.TextToggle = "graph"
						RecapGraph_SwitchGraphText()
						RecapGraph_GraphUpdate()
					</OnClick>
				</Scripts>
				<NormalTexture inherits="UIPanelButtonUpTexture"/>
				<PushedTexture inherits="UIPanelButtonDownTexture"/>
				<DisabledTexture inherits="UIPanelButtonDisabledTexture"/>
				<HighlightTexture inherits="UIPanelButtonHighlightTexture"/>
			</Button>

			<Button name="RecapGraphTextTab" inherits="GameMenuButtonTemplate" text="RECAP_TEXT">
				<Size>
					<AbsDimension x="36" y="16"/>
				</Size>
				<Anchors>
					<Anchor point="TOPRIGHT" relativeTo="RecapGraphGraphTab" relativePoint="TOPLEFT">
						<Offset>
							<AbsDimension x="-2" y="0"/>
						</Offset>
					</Anchor>
				</Anchors>
				<Scripts>
					<OnEnter>
						Recap_Tooltip(self, "ShowLiveText")
					</OnEnter>
					<OnLeave>
						recap_temp.RecapTooltip:Hide()
					</OnLeave>
					<OnClick>
						recap_temp.Graph.TextToggle = "text"
						RecapGraph_SwitchGraphText()
						RecapGraph_GraphUpdate()
					</OnClick>
				</Scripts>
				<NormalTexture inherits="UIPanelButtonUpTexture"/>
				<PushedTexture inherits="UIPanelButtonDownTexture"/>
				<DisabledTexture inherits="UIPanelButtonDisabledTexture"/>
				<HighlightTexture inherits="UIPanelButtonHighlightTexture"/>
			</Button>

			<Button name="RecapGraphOptionsButton" inherits="GameMenuButtonTemplate" text="RECAP_MORE_RIGHT">
				<Size>
					<AbsDimension x="55" y="16"/>
				</Size>
				<Anchors>
					<Anchor point="TOPLEFT" relativeTo="RecapGraph" relativePoint="TOPLEFT">
						<Offset>
							<AbsDimension x="326" y="-29"/>
						</Offset>
					</Anchor>
				</Anchors>
				<Scripts>
					<OnEnter>
						if RecapGraphOptions:IsVisible() then
							Recap_Tooltip(self, "HideGraphOptions")
						else
							Recap_Tooltip(self, "ShowGraphOptions")
						end
					</OnEnter>
					<OnLeave>
						recap_temp.RecapTooltip:Hide()
					</OnLeave>
					<OnClick>
						RecapGraphOptions_OnClick(self, button)
					</OnClick>
				</Scripts>
				<NormalTexture inherits="UIPanelButtonUpTexture"/>
				<PushedTexture inherits="UIPanelButtonDownTexture"/>
				<DisabledTexture inherits="UIPanelButtonDisabledTexture"/>
				<HighlightTexture inherits="UIPanelButtonHighlightTexture"/>
			</Button>

		</Frames>

		<Scripts>
			<OnLoad>
				self:SetBackdropBorderColor(.5,.5,.5,1)
				RecapGraphTopBar:SetVertexColor(.65,.65,.65,1)
			</OnLoad>
			<OnMouseDown>
				RecapGraph_OnMouseDown(self, button)
			</OnMouseDown>
			<OnMouseUp>
				RecapGraph_OnMouseUp(self, button)
			</OnMouseUp>
			<OnShow>
				if recap_temp.Graph.OpaqueBackground then
					self:SetBackdrop({bgFile = "Interface\\CharacterFrame\\UI-Party-Background", edgeFile = "Interface\\Tooltips\\UI-Tooltip-Border",
									 tile = true, tileSize = 16, edgeSize = 16, insets = { left = 4, right = 4, top = 4, bottom = 4 }})
				else
					self:SetBackdrop({bgFile = "Interface\\DialogFrame\\UI-DialogBox-Background", edgeFile = "Interface\\Tooltips\\UI-Tooltip-Border",
									 tile = true, tileSize = 16, edgeSize = 16, insets = { left = 4, right = 4, top = 4, bottom = 4 }})
					local r, g, b, a = self:GetBackdropColor()
					self:SetBackdropColor(r, g, b, 0.6*a)
				end
			</OnShow>
		</Scripts>

	</Frame>

	<Frame name="RecapGraph_xml_4773" parent="RecapGraph" hidden="true">
		<Size>
			<AbsDimension x="1" y="1"/>
		</Size>
	</Frame>

</Ui>
