﻿<!-- Copyright 2006, 2007, 2008, 2009, 2010, 2011, 2012, 2013, 2014 by Hawksy, distributed under the terms of the GNU General Public License version 3, 2007-June-29, which is included by reference. -->

<Ui xmlns="http://www.blizzard.com/wow/ui/" xmlns:xsi="http://www.w3.org/2001/XMLSchema-instance" xsi:schemaLocation="http://www.blizzard.com/wow/ui/ ..\Recap\UI.xsd">

	<Button name="RecapLoadHeaderTemplate" virtual="true">
		<HighlightTexture file="Interface\QuestFrame\UI-QuestTitleHighlight" alphaMode="ADD">
			<Anchors>
				<Anchor point="TOPLEFT" relativeTo="$parent" relativePoint="TOPLEFT"/>
				<Anchor point="BOTTOMRIGHT" relativeTo="$parent" relativePoint="BOTTOMRIGHT">
					<Offset>
						<AbsDimension x="8" y="0"/>
					</Offset>
				</Anchor>
			</Anchors>
		</HighlightTexture>
		<Scripts>
			<OnEnter>
				RecapLoadHeader_OnEnter(self)
			</OnEnter>
			<OnLeave>
				recap_temp.RecapTooltip:Hide()
			</OnLeave>
			<OnMouseUp>
				RecapLoadHeader_OnMouseUp(self, button)
			</OnMouseUp>
			<OnClick>
				RecapLoadHeader_OnClick(self, button, down)
			</OnClick>
		</Scripts>
	</Button>

	<Button name="RecapLoadTotalsTemplate" virtual="true">
		<HighlightTexture file="Interface\QuestFrame\UI-QuestTitleHighlight" alphaMode="ADD"/>
		<Size>
			<AbsDimension x="640" y="14" />
		</Size>
		<Layers>
			<Layer level="BORDER">
				<FontString name="$parent_Ranks" inherits="GameFontNormalSmall" justifyH="RIGHT" text="">
					<Size>
						<AbsDimension x="32" y="14"/>
					</Size>
					<Anchors>
						<Anchor point="TOPLEFT"/>
					</Anchors>
				</FontString>
				<Texture name="$parent_Faction">
					<Size>
						<AbsDimension x="14" y="14"/>
					</Size>
					<Anchors>
						<Anchor point="TOPLEFT" relativeTo="$parent_Ranks" relativePoint="TOPRIGHT">
							<Offset>
								<AbsDimension x="2" y="0"/>
							</Offset>
						</Anchor>
					</Anchors>
					<TexCoords left=".1" right="0.55" top=".07" bottom="0.55"/>
				</Texture>
				<FontString name="$parent_Level" inherits="GameFontNormalSmall" justifyH="CENTER" text="">
					<Size>
						<AbsDimension x="18" y="14"/>
					</Size>
					<Anchors>
						<Anchor point="TOPLEFT" relativeTo="$parent_Faction" relativePoint="TOPRIGHT">
							<Offset>
								<AbsDimension x="3" y="0"/>
							</Offset>
						</Anchor>
					</Anchors>
				</FontString>
				<Texture name="$parent_Class" file="Interface\AddOns\Recap\Images\Recap-Classes">
					<Size>
						<AbsDimension x="14" y="12"/>
					</Size>
					<Anchors>
						<Anchor point="TOPLEFT" relativeTo="$parent_Level" relativePoint="TOPRIGHT">
							<Offset>
								<AbsDimension x="2" y="-1"/>
							</Offset>
						</Anchor>
					</Anchors>
					<TexCoords left=".8" right="1" top=".8" bottom="1"/>
				</Texture>
				<FontString name="$parent_Name" inherits="GameFontNormal" wraponspaces="false" justifyH="LEFT" text="">
					<Size>
						<AbsDimension x="144" y="14"/>
					</Size>
					<Anchors>
						<Anchor point="TOPLEFT" relativeTo="$parent_Class" relativePoint="TOPRIGHT">
							<Offset>
								<AbsDimension x="3" y="2"/>
							</Offset>
						</Anchor>
					</Anchors>
				</FontString>
				<FontString name="$parent_Seen" inherits="GameFontNormalSmall" justifyH="RIGHT" text="">
					<Size>
						<AbsDimension x="62" y="14"/>
					</Size>
					<Anchors>
						<Anchor point="TOPLEFT" relativeTo="$parent_Name" relativePoint="TOPRIGHT"/>
					</Anchors>
					<Color r="0.85" g="0.85" b="0.85"/>
				</FontString>
				<FontString name="$parent_Deaths" inherits="GameFontNormalSmall" justifyH="RIGHT" text="0">
					<Size>
						<AbsDimension x="31" y="14"/>
					</Size>
					<Anchors>
						<Anchor point="TOPLEFT" relativeTo="$parent_Seen" relativePoint="TOPRIGHT"/>
					</Anchors>
					<Color r="0.85" g="0.85" b="0.85"/>
				</FontString>
				<FontString name="$parent_Time" inherits="GameFontHighlightSmall" justifyH="RIGHT" text="0">
					<Size>
						<AbsDimension x="62" y="14"/>
					</Size>
					<Anchors>
						<Anchor point="TOPLEFT" relativeTo="$parent_Deaths" relativePoint="TOPRIGHT"/>
					</Anchors>
					<Color r="0.85" g="0.85" b="0.85"/>
				</FontString>
				<FontString name="$parent_DmgOut" inherits="GameFontHighlightSmall" justifyH="RIGHT" text="Out">
					<Size>
						<AbsDimension x="84" y="14"/>
					</Size>
					<Anchors>
						<Anchor point="TOPLEFT" relativeTo="$parent_Time" relativePoint="TOPRIGHT"/>
					</Anchors>
				</FontString>
				<FontString name="$parent_DmgOutP" inherits="GameFontHighlightSmall" justifyH="RIGHT" text="">
					<Size>
						<AbsDimension x="32" y="14"/>
					</Size>
					<Anchors>
						<Anchor point="TOPLEFT" relativeTo="$parent_DmgOut" relativePoint="TOPRIGHT"/>
					</Anchors>
					<Color r="0.85" g="0.85" b="0.85"/>
				</FontString>
				<FontString name="$parent_MaxHit" inherits="GameFontHighlightSmall" justifyH="RIGHT" text="9999">
					<Size>
						<AbsDimension x="46" y="14"/>
					</Size>
					<Anchors>
						<Anchor point="TOPLEFT" relativeTo="$parent_DmgOutP" relativePoint="TOPRIGHT"/>
					</Anchors>
					<Color r="0.85" g="0.85" b="0.85"/>
				</FontString>
				<FontString name="$parent_DPS" inherits="GameFontHighlightSmall" justifyH="RIGHT" text="9999">
					<Size>
						<AbsDimension x="60" y="14"/>
					</Size>
					<Anchors>
						<Anchor point="TOPLEFT" relativeTo="$parent_MaxHit" relativePoint="TOPRIGHT"/>
					</Anchors>
					<Color r="0.85" g="0.85" b="0.85"/>
				</FontString>
				<FontString name="$parent_DPSPerGear" inherits="GameFontHighlightSmall" justifyH="RIGHT" text="9999">
					<Size>
						<AbsDimension x="80" y="14"/>
					</Size>
					<Anchors>
						<Anchor point="TOPLEFT" relativeTo="$parent_DPS" relativePoint="TOPRIGHT"/>
					</Anchors>
					<Color r="0.85" g="0.85" b="0.85"/>
				</FontString>
				<FontString name="$parent_DPSvsAll" inherits="GameFontHighlightSmall" justifyH="RIGHT" text="9999">
					<Size>
						<AbsDimension x="60" y="14"/>
					</Size>
					<Anchors>
						<Anchor point="TOPLEFT" relativeTo="$parent_DPSPerGear" relativePoint="TOPRIGHT"/>
					</Anchors>
					<Color r="0.85" g="0.85" b="0.85"/>
				</FontString>
				<FontString name="$parent_TimeIn" inherits="GameFontHighlightSmall" justifyH="RIGHT" text="0">
					<Size>
						<AbsDimension x="62" y="14"/>
					</Size>
					<Anchors>
						<Anchor point="TOPLEFT" relativeTo="$parent_DPSvsAll" relativePoint="TOPRIGHT"/>
					</Anchors>
					<Color r="0.85" g="0.85" b="0.85"/>
				</FontString>
				<FontString name="$parent_DmgIn" inherits="GameFontHighlightSmall" justifyH="RIGHT" text="In">
					<Size>
						<AbsDimension x="84" y="14"/>
					</Size>
					<Anchors>
						<Anchor point="TOPLEFT" relativeTo="$parent_TimeIn" relativePoint="TOPRIGHT"/>
					</Anchors>
				</FontString>
				<FontString name="$parent_DmgInP" inherits="GameFontHighlightSmall" justifyH="RIGHT" text="">
					<Size>
						<AbsDimension x="32" y="14"/>
					</Size>
					<Anchors>
						<Anchor point="TOPLEFT" relativeTo="$parent_DmgIn" relativePoint="TOPRIGHT"/>
					</Anchors>
					<Color r="0.85" g="0.85" b="0.85"/>
				</FontString>
				<FontString name="$parent_DPSIn" inherits="GameFontHighlightSmall" justifyH="RIGHT" text="9999">
					<Size>
						<AbsDimension x="60" y="14"/>
					</Size>
					<Anchors>
						<Anchor point="TOPLEFT" relativeTo="$parent_DmgInP" relativePoint="TOPRIGHT"/>
					</Anchors>
					<Color r="0.85" g="0.85" b="0.85"/>
				</FontString>
				<FontString name="$parent_TimeHeal" inherits="GameFontHighlightSmall" justifyH="RIGHT" text="0">
					<Size>
						<AbsDimension x="62" y="14"/>
					</Size>
					<Anchors>
						<Anchor point="TOPLEFT" relativeTo="$parent_DPSIn" relativePoint="TOPRIGHT"/>
					</Anchors>
					<Color r="0.85" g="0.85" b="0.85"/>
				</FontString>
				<FontString name="$parent_Heal" inherits="GameFontHighlightSmall" justifyH="RIGHT" text="0">
					<Size>
						<AbsDimension x="84" y="14"/>
					</Size>
					<Anchors>
						<Anchor point="TOPLEFT" relativeTo="$parent_TimeHeal" relativePoint="TOPRIGHT"/>
					</Anchors>
					<Color r="0.85" g="0.85" b="0.85"/>
				</FontString>
				<FontString name="$parent_HealP" inherits="GameFontHighlightSmall" justifyH="RIGHT" text="">
					<Size>
						<AbsDimension x="32" y="14"/>
					</Size>
					<Anchors>
						<Anchor point="TOPLEFT" relativeTo="$parent_Heal" relativePoint="TOPRIGHT"/>
					</Anchors>
					<Color r="0.85" g="0.85" b="0.85"/>
				</FontString>
				<FontString name="$parent_Over" inherits="GameFontHighlightSmall" justifyH="RIGHT" text="">
					<Size>
						<AbsDimension x="32" y="14"/>
					</Size>
					<Anchors>
						<Anchor point="TOPLEFT" relativeTo="$parent_HealP" relativePoint="TOPRIGHT"/>
					</Anchors>
					<Color r="0.85" g="0.85" b="0.85"/>
				</FontString>
				<FontString name="$parent_HPS" inherits="GameFontHighlightSmall" justifyH="RIGHT" text="9999">
					<Size>
						<AbsDimension x="60" y="14"/>
					</Size>
					<Anchors>
						<Anchor point="TOPLEFT" relativeTo="$parent_Over" relativePoint="TOPRIGHT"/>
					</Anchors>
					<Color r="0.85" g="0.85" b="0.85"/>
				</FontString>
				<FontString name="$parent_Dispels" inherits="GameFontHighlightSmall" justifyH="RIGHT" text="0">
					<Size>
						<AbsDimension x="45" y="14"/>
					</Size>
					<Anchors>
						<Anchor point="TOPLEFT" relativeTo="$parent_HPS" relativePoint="TOPRIGHT"/>
					</Anchors>
					<Color r="0.85" g="0.85" b="0.85"/>
				</FontString>
				<FontString name="$parent_Interrupts" inherits="GameFontHighlightSmall" justifyH="RIGHT" text="0">
					<Size>
						<AbsDimension x="45" y="14"/>
					</Size>
					<Anchors>
						<Anchor point="TOPLEFT" relativeTo="$parent_Dispels" relativePoint="TOPRIGHT"/>
					</Anchors>
					<Color r="0.85" g="0.85" b="0.85"/>
				</FontString>
			</Layer>
			<Layer level="BACKGROUND">
				<Texture name="$parent_Gauge" file="Interface\TargetingFrame\UI-StatusBar" hidden="true">
					<Size>
						<AbsDimension x="116" y="12"/>
					</Size>
					<Anchors>
						<Anchor point="TOPLEFT" relativeTo="$parent_Name" relativePoint="TOPLEFT">
							<Offset>
								<AbsDimension x="0" y="-2"/>
							</Offset>
						</Anchor>
					</Anchors>
					<TexCoords left=".8" right="1" top=".8" bottom="1"/>
				</Texture>
			</Layer>
		</Layers>
		<Scripts>
			<OnLoad>
				self:RegisterForClicks("LeftButtonUp", "RightButtonUp")
			</OnLoad>
			<OnLeave>
				recap_temp.RecapTooltip:Hide()
				RecapPanel_Hide()
			</OnLeave>
			<OnMouseDown>
				RecapLoad_OnMouseDown(self, button)
			</OnMouseDown>
			<OnMouseUp>
				RecapLoad_OnMouseUp(self, button)
			</OnMouseUp>
		</Scripts>
	</Button>

	<Button name="RecapLoadListTemplate" inherits="RecapLoadTotalsTemplate" virtual="true">
		<Scripts>
			<OnEnter>
				RecapLoad_List_OnEnter(self)
			</OnEnter>
			<OnClick>
				RecapLoad_List_OnClick(self, button, down)
			</OnClick>
		</Scripts>
	</Button>

	<Frame name="RecapLoad" toplevel="true" frameStrata="MEDIUM" enableMouse="true" movable="true" parent="UIParent" hidden="true" clampedToScreen="true">
		<Size>
			<AbsDimension x="200" y="240"/>
		</Size>
		<Anchors>
			<Anchor point="CENTER"/>
		</Anchors>
		<Backdrop name="RecapLoadBackDrop" bgFile="Interface\DialogFrame\UI-DialogBox-Background" edgeFile="Interface\Tooltips\UI-Tooltip-Border">
			<BackgroundInsets>
				<AbsInset left="4" right="4" top="4" bottom="4" />
			</BackgroundInsets>
			<TileSize>
				<AbsValue val="16" />
			</TileSize>
			<EdgeSize>
				<AbsValue val="16" />
			</EdgeSize>
		</Backdrop>
		<Layers>
			<Layer level="ARTWORK">

				<Texture name="RecapLoadTopBar" file="Interface\TradeSkillFrame\UI-TradeSkill-SkillBorder">
					<Size>
						<AbsDimension x="128" y="8"/>
					</Size>
					<Anchors>
						<Anchor point="TOPLEFT">
							<Offset>
								<AbsDimension x="4" y="-20"/>
							</Offset>
						</Anchor>
					</Anchors>
					<TexCoords left="0.1" right="1.0" top="0" bottom="0.25"/>
				</Texture>

				<Texture name="RecapLoadBottomBar" file="Interface\TradeSkillFrame\UI-TradeSkill-SkillBorder">
					<Size>
						<AbsDimension x="128" y="8"/>
					</Size>
					<Anchors>
						<Anchor point="BOTTOMLEFT">
							<Offset>
								<AbsDimension x="8" y="24"/>
							</Offset>
						</Anchor>
					</Anchors>
					<TexCoords left="0.1" right="1.0" top="0" bottom="0.25"/>
				</Texture>
				<Texture name="RecapLoadTitleBack" file="Interface\AddOns\Recap\Images\Recap-TitleBack">
					<Size>
						<AbsDimension x="200" y="23"/>
					</Size>
					<Anchors>
						<Anchor point="TOPLEFT">
							<Offset>
								<AbsDimension x="5" y="-5"/>
							</Offset>
						</Anchor>
						<Anchor point="BOTTOMRIGHT" relativeTo="RecapLoad" relativePoint="TOPRIGHT">
							<Offset>
								<AbsDimension x="-5" y="-24"/>
							</Offset>
						</Anchor>
					</Anchors>
				</Texture>
			</Layer>
		</Layers>

		<Frames>

			<Button name="RecapLoadView">
				<Size>
					<AbsDimension x="16" y="16" />
				</Size>
				<Anchors>
					<Anchor point="TOPLEFT" relativeTo="RecapLoad" relativePoint="TOPLEFT">
						<Offset>
							<AbsDimension x="6" y="-6" />
						</Offset>
					</Anchor>
				</Anchors>
				<Layers>
					<Layer level="BACKGROUND">
						<FontString name="RecapLoadTitle" inherits="GameFontNormal" wraponspaces="false" justifyH="LEFT" text="RECAP_RECAP"/>
					</Layer>
				</Layers>
			</Button>

			<Button name="RecapLoadCloseButton" inherits="RecapButtonTemplate">
				<Anchors>
					<Anchor point="TOPRIGHT">
						<Offset>
							<AbsDimension x="-6" y="-6"/>
						</Offset>
					</Anchor>
				</Anchors>
				<Scripts>
					<OnEnter>
						Recap_Tooltip(self, "CloseLoad")
					</OnEnter>
					<OnLeave>
						recap_temp.RecapTooltip:Hide()
					</OnLeave>
					<OnClick>
						RecapLoad_Hide()
					</OnClick>
				</Scripts>
				<NormalTexture file="Interface\AddOns\Recap\Images\Recap-Buttons-Up">
					<TexCoords left="0" right="0.245" top="0" bottom="0.245"/>
				</NormalTexture>
				<PushedTexture file="Interface\AddOns\Recap\Images\Recap-Buttons-Down">
					<TexCoords left="0" right="0.245" top="0" bottom="0.245"/>
				</PushedTexture>
			</Button>

			<Button name="RecapLoadList1" inherits="RecapLoadListTemplate" id="1">
				<Anchors>
					<Anchor point="TOPLEFT">
						<Offset>
							<AbsDimension x="8" y="-42"/>
						</Offset>
					</Anchor>
				</Anchors>
			</Button>
			<Button name="RecapLoadList2" inherits="RecapLoadListTemplate" id="2">
				<Anchors>
					<Anchor point="TOPLEFT" relativeTo="RecapLoadList1" relativePoint="BOTTOMLEFT"/>
				</Anchors>
			</Button>
			<Button name="RecapLoadList3" inherits="RecapLoadListTemplate" id="3">
				<Anchors>
					<Anchor point="TOPLEFT" relativeTo="RecapLoadList2" relativePoint="BOTTOMLEFT"/>
				</Anchors>
			</Button>
			<Button name="RecapLoadList4" inherits="RecapLoadListTemplate" id="4">
				<Anchors>
					<Anchor point="TOPLEFT" relativeTo="RecapLoadList3" relativePoint="BOTTOMLEFT"/>
				</Anchors>
			</Button>
			<Button name="RecapLoadList5" inherits="RecapLoadListTemplate" id="5">
				<Anchors>
					<Anchor point="TOPLEFT" relativeTo="RecapLoadList4" relativePoint="BOTTOMLEFT"/>
				</Anchors>
			</Button>
			<Button name="RecapLoadList6" inherits="RecapLoadListTemplate" id="6">
				<Anchors>
					<Anchor point="TOPLEFT" relativeTo="RecapLoadList5" relativePoint="BOTTOMLEFT"/>
				</Anchors>
			</Button>
			<Button name="RecapLoadList7" inherits="RecapLoadListTemplate" id="7">
				<Anchors>
					<Anchor point="TOPLEFT" relativeTo="RecapLoadList6" relativePoint="BOTTOMLEFT"/>
				</Anchors>
			</Button>
			<Button name="RecapLoadList8" inherits="RecapLoadListTemplate" id="8">
				<Anchors>
					<Anchor point="TOPLEFT" relativeTo="RecapLoadList7" relativePoint="BOTTOMLEFT"/>
				</Anchors>
			</Button>
			<Button name="RecapLoadList9" inherits="RecapLoadListTemplate" id="9">
				<Anchors>
					<Anchor point="TOPLEFT" relativeTo="RecapLoadList8" relativePoint="BOTTOMLEFT"/>
				</Anchors>
			</Button>
			<Button name="RecapLoadList10" inherits="RecapLoadListTemplate" id="10">
				<Anchors>
					<Anchor point="TOPLEFT" relativeTo="RecapLoadList9" relativePoint="BOTTOMLEFT"/>
				</Anchors>
			</Button>
			<Button name="RecapLoadList11" inherits="RecapLoadListTemplate" id="11">
				<Anchors>
					<Anchor point="TOPLEFT" relativeTo="RecapLoadList10" relativePoint="BOTTOMLEFT"/>
				</Anchors>
			</Button>
			<Button name="RecapLoadList12" inherits="RecapLoadListTemplate" id="12">
				<Anchors>
					<Anchor point="TOPLEFT" relativeTo="RecapLoadList11" relativePoint="BOTTOMLEFT"/>
				</Anchors>
			</Button>
			<Button name="RecapLoadList13" inherits="RecapLoadListTemplate" id="13">
				<Anchors>
					<Anchor point="TOPLEFT" relativeTo="RecapLoadList12" relativePoint="BOTTOMLEFT"/>
				</Anchors>
			</Button>
			<Button name="RecapLoadList14" inherits="RecapLoadListTemplate" id="14">
				<Anchors>
					<Anchor point="TOPLEFT" relativeTo="RecapLoadList13" relativePoint="BOTTOMLEFT"/>
				</Anchors>
			</Button>
			<Button name="RecapLoadList15" inherits="RecapLoadListTemplate" id="15">
				<Anchors>
					<Anchor point="TOPLEFT" relativeTo="RecapLoadList14" relativePoint="BOTTOMLEFT"/>
				</Anchors>
			</Button>

			<Button name="RecapLoadTotals" inherits="RecapLoadTotalsTemplate">
				<Anchors>
					<Anchor point="BOTTOMLEFT">
						<Offset>
							<!-- see also the width correction in RecapLoad_SetColumns (102) -->
							<AbsDimension x="110" y="9"/>
						</Offset>
					</Anchor>
				</Anchors>
				<Scripts>
					<OnEnter>
						RecapLoad_Totals_OnEnter(self)
					</OnEnter>
					<OnLeave>
						recap_temp.RecapTooltip:Hide()
					</OnLeave>
					<OnClick>
						RecapLoad_List_Totals_OnClick(self, button, down)
					</OnClick>
				</Scripts>
			</Button>

			<Button name="RecapLoadGroupTotalButton" hidden="true">
				<Size>
					<AbsDimension x="32" y="14" />
				</Size>
				<Anchors>
					<Anchor point="TOPLEFT" relativeTo="RecapLoadTotals" relativePoint="TOPRIGHT">
						<Offset>
							<AbsDimension x="8" y="1"/>
						</Offset>
					</Anchor>
				</Anchors>
				<Layers>
					<Layer level="BACKGROUND">
						<FontString name="RecapLoadGroupTotalButton_Text" inherits="GameFontNormalSmall" wraponspaces="false" justifyH="CENTER" text="RECAP_TOTAL_DETAILS">
						</FontString>
					</Layer>
				</Layers>
				<Scripts>
					<OnEnter>
						Recap_Tooltip(self, "ShowGroupTotal")
						RecapLoadGroupTotalButton_Text:SetTextColor(unpack(recap_temp.Color.Yellow))
					</OnEnter>
					<OnLeave>
						recap_temp.RecapTooltip:Hide()
						RecapLoadGroupTotalButton_Text:SetTextColor(unpack(recap_temp.Color.Green))
					</OnLeave>
					<OnClick>
						RecapLoad_GroupTotal_OnClick(self, button, down)
					</OnClick>
				</Scripts>
			</Button>

			<Button name="RecapLoadNonGroupTotalButton" hidden="true">
				<Size>
					<AbsDimension x="32" y="14" />
				</Size>
				<Anchors>
					<Anchor point="TOPLEFT" relativeTo="RecapLoadGroupTotalButton" relativePoint="TOPRIGHT">
						<Offset>
							<AbsDimension x="5" y="0"/>
						</Offset>
					</Anchor>
				</Anchors>
				<Layers>
					<Layer level="BACKGROUND">
						<FontString name="RecapLoadNonGroupTotalButton_Text" inherits="GameFontNormalSmall" wraponspaces="false" justifyH="CENTER" text="RECAP_TOTAL_DETAILS">
						</FontString>
					</Layer>
				</Layers>
				<Scripts>
					<OnEnter>
						Recap_Tooltip(self, "ShowNonGroupTotal")
						RecapLoadNonGroupTotalButton_Text:SetTextColor(unpack(recap_temp.Color.Yellow))
					</OnEnter>
					<OnLeave>
						recap_temp.RecapTooltip:Hide()
						RecapLoadNonGroupTotalButton_Text:SetTextColor(unpack(recap_temp.Color.White))
					</OnLeave>
					<OnClick>
						RecapLoad_NonGroupTotal_OnClick(self, button, down)
					</OnClick>
				</Scripts>
			</Button>

			<Button name="RecapLoadHeader_Ranks">
				<Size>
					<AbsDimension x="32" y="14"/>
				</Size>
				<Anchors>
					<Anchor point="TOPLEFT">
						<Offset>
							<AbsDimension x="8" y="-27"/>
						</Offset>
					</Anchor>
				</Anchors>
			</Button>
			<Button name="RecapLoadHeader_Faction">
				<Size>
					<AbsDimension x="32" y="14"/>
				</Size>
				<Anchors>
					<Anchor point="TOPLEFT" relativeTo="RecapLoadHeader_Ranks" relativePoint="TOPRIGHT">
						<Offset>
							<AbsDimension x="6" y="0"/>
						</Offset>
					</Anchor>
				</Anchors>
			</Button>
			<Button name="RecapLoadHeader_Class" inherits="RecapLoadHeaderTemplate" text="">
				<Size>
					<AbsDimension x="14" y="14"/>
				</Size>
				<Anchors>
					<Anchor point="TOPLEFT" relativeTo="RecapLoadHeader_Faction" relativePoint="TOPRIGHT"/>
				</Anchors>
				<Layers>
					<Layer level="BORDER">
						<Texture>
							<TexCoords left="0.9" right="1.0" top="0.9" bottom="1.0"/>
						</Texture>
					</Layer>
				</Layers>
			</Button>
			<Button name="RecapLoadHeader_Name" inherits="RecapLoadHeaderTemplate" text="RECAP_COMBATANTS">
				<Size>
					<AbsDimension x="144" y="14" />
				</Size>
				<Anchors>
					<Anchor point="TOPLEFT" relativeTo="RecapLoadHeader_Class" relativePoint="TOPRIGHT">
						<Offset>
							<AbsDimension x="4" y="0"/>
						</Offset>
					</Anchor>
				</Anchors>
				<ButtonText inherits="GameFontNormal" justifyH="LEFT"/>
			</Button>
			<Button name="RecapLoadHeader_Seen" inherits="RecapLoadHeaderTemplate" text="RECAP_SEEN">
				<Size>
					<AbsDimension x="62" y="14" />
				</Size>
				<Anchors>
					<Anchor point="TOPLEFT" relativeTo="RecapLoadHeader_Name" relativePoint="TOPRIGHT">
						<Offset>
							<AbsDimension x="1" y="-1"/>
						</Offset>
					</Anchor>
				</Anchors>
				<ButtonText inherits="GameFontNormalSmall" justifyH="RIGHT"/>
			</Button>
			<Button name="RecapLoadHeader_Deaths" inherits="RecapLoadHeaderTemplate" text="RECAP_DIED">
				<Size>
					<AbsDimension x="31" y="14" />
				</Size>
				<Anchors>
					<Anchor point="TOPLEFT" relativeTo="RecapLoadHeader_Seen" relativePoint="TOPRIGHT"/>
				</Anchors>
				<ButtonText inherits="GameFontNormalSmall" justifyH="RIGHT"/>
			</Button>
			<Button name="RecapLoadHeader_Time" inherits="RecapLoadHeaderTemplate" text="RECAP_TIME">
				<Size>
					<AbsDimension x="62" y="14" />
				</Size>
				<Anchors>
					<Anchor point="TOPLEFT" relativeTo="RecapLoadHeader_Deaths" relativePoint="TOPRIGHT"/>
				</Anchors>
				<ButtonText inherits="GameFontNormalSmall" justifyH="RIGHT"/>
			</Button>
			<Button name="RecapLoadHeader_DmgOut" inherits="RecapLoadHeaderTemplate" text="RECAP_DMG_OUT">
				<Size>
					<AbsDimension x="84" y="14" />
				</Size>
				<Anchors>
					<Anchor point="TOPLEFT" relativeTo="RecapLoadHeader_Time" relativePoint="TOPRIGHT"/>
				</Anchors>
				<ButtonText inherits="GameFontNormalSmall" justifyH="RIGHT"/>
			</Button>
			<Button name="RecapLoadHeader_DmgOutP" inherits="RecapLoadHeaderTemplate" text="%">
				<Size>
					<AbsDimension x="32" y="14" />
				</Size>
				<Anchors>
					<Anchor point="TOPLEFT" relativeTo="RecapLoadHeader_DmgOut" relativePoint="TOPRIGHT"/>
				</Anchors>
				<ButtonText inherits="GameFontNormalSmall" justifyH="RIGHT"/>
			</Button>
			<Button name="RecapLoadHeader_MaxHit" inherits="RecapLoadHeaderTemplate" text="RECAP_MAX">
				<Size>
					<AbsDimension x="46" y="14" />
				</Size>
				<Anchors>
					<Anchor point="TOPLEFT" relativeTo="RecapLoadHeader_DmgOutP" relativePoint="TOPRIGHT"/>
				</Anchors>
				<ButtonText inherits="GameFontNormalSmall" justifyH="RIGHT"/>
			</Button>
			<Button name="RecapLoadHeader_DPS" inherits="RecapLoadHeaderTemplate" text="RECAP_DPS">
				<Size>
					<AbsDimension x="60" y="14" />
				</Size>
				<Anchors>
					<Anchor point="TOPLEFT" relativeTo="RecapLoadHeader_MaxHit" relativePoint="TOPRIGHT"/>
				</Anchors>
				<ButtonText inherits="GameFontNormalSmall" justifyH="RIGHT"/>
			</Button>
			<Button name="RecapLoadHeader_DPSPerGear" inherits="RecapLoadHeaderTemplate" text="RECAP_DPS_PER_GEAR">
				<Size>
					<AbsDimension x="80" y="14" />
				</Size>
				<Anchors>
					<Anchor point="TOPLEFT" relativeTo="RecapLoadHeader_DPS" relativePoint="TOPRIGHT"/>
				</Anchors>
				<ButtonText inherits="GameFontNormalSmall" justifyH="RIGHT"/>
			</Button>
			<Button name="RecapLoadHeader_DPSvsAll" inherits="RecapLoadHeaderTemplate" text="RECAP_DPS_ALL">
				<Size>
					<AbsDimension x="60" y="14" />
				</Size>
				<Anchors>
					<Anchor point="TOPLEFT" relativeTo="RecapLoadHeader_DPSPerGear" relativePoint="TOPRIGHT"/>
				</Anchors>
				<ButtonText inherits="GameFontNormalSmall" justifyH="RIGHT"/>
			</Button>
			<Button name="RecapLoadHeader_TimeIn" inherits="RecapLoadHeaderTemplate" text="RECAP_TIME_IN">
				<Size>
					<AbsDimension x="62" y="14" />
				</Size>
				<Anchors>
					<Anchor point="TOPLEFT" relativeTo="RecapLoadHeader_DPSvsAll" relativePoint="TOPRIGHT"/>
				</Anchors>
				<ButtonText inherits="GameFontNormalSmall" justifyH="RIGHT"/>
			</Button>
			<Button name="RecapLoadHeader_DmgIn" inherits="RecapLoadHeaderTemplate" text="RECAP_DMG_IN">
				<Size>
					<AbsDimension x="84" y="14" />
				</Size>
				<Anchors>
					<Anchor point="TOPLEFT" relativeTo="RecapLoadHeader_TimeIn" relativePoint="TOPRIGHT"/>
				</Anchors>
				<ButtonText inherits="GameFontNormalSmall" justifyH="RIGHT"/>
			</Button>
			<Button name="RecapLoadHeader_DmgInP" inherits="RecapLoadHeaderTemplate" text="%">
				<Size>
					<AbsDimension x="32" y="14" />
				</Size>
				<Anchors>
					<Anchor point="TOPLEFT" relativeTo="RecapLoadHeader_DmgIn" relativePoint="TOPRIGHT"/>
				</Anchors>
				<ButtonText inherits="GameFontNormalSmall" justifyH="RIGHT"/>
			</Button>
			<Button name="RecapLoadHeader_DPSIn" inherits="RecapLoadHeaderTemplate" text="RECAP_DPS_IN">
				<Size>
					<AbsDimension x="60" y="14" />
				</Size>
				<Anchors>
					<Anchor point="TOPLEFT" relativeTo="RecapLoadHeader_DmgInP" relativePoint="TOPRIGHT"/>
				</Anchors>
				<ButtonText inherits="GameFontNormalSmall" justifyH="RIGHT"/>
			</Button>
			<Button name="RecapLoadHeader_TimeHeal" inherits="RecapLoadHeaderTemplate" text="RECAP_TIME_HEAL">
				<Size>
					<AbsDimension x="62" y="14" />
				</Size>
				<Anchors>
					<Anchor point="TOPLEFT" relativeTo="RecapLoadHeader_DPSIn" relativePoint="TOPRIGHT"/>
				</Anchors>
				<ButtonText inherits="GameFontNormalSmall" justifyH="RIGHT"/>
			</Button>
			<Button name="RecapLoadHeader_Heal" inherits="RecapLoadHeaderTemplate" text="RECAP_HEAL">
				<Size>
					<AbsDimension x="84" y="14" />
				</Size>
				<Anchors>
					<Anchor point="TOPLEFT" relativeTo="RecapLoadHeader_TimeHeal" relativePoint="TOPRIGHT"/>
				</Anchors>
				<ButtonText inherits="GameFontNormalSmall" justifyH="RIGHT"/>
			</Button>
			<Button name="RecapLoadHeader_HealP" inherits="RecapLoadHeaderTemplate" text="%">
				<Size>
					<AbsDimension x="32" y="14" />
				</Size>
				<Anchors>
					<Anchor point="TOPLEFT" relativeTo="RecapLoadHeader_Heal" relativePoint="TOPRIGHT"/>
				</Anchors>
				<ButtonText inherits="GameFontNormalSmall" justifyH="RIGHT"/>
			</Button>
			<Button name="RecapLoadHeader_Over" inherits="RecapLoadHeaderTemplate" text="%>">
				<Size>
					<AbsDimension x="32" y="14" />
				</Size>
				<Anchors>
					<Anchor point="TOPLEFT" relativeTo="RecapLoadHeader_HealP" relativePoint="TOPRIGHT"/>
				</Anchors>
				<ButtonText inherits="GameFontNormalSmall" justifyH="RIGHT"/>
			</Button>
			<Button name="RecapLoadHeader_HPS" inherits="RecapLoadHeaderTemplate" text="RECAP_HPS">
				<Size>
					<AbsDimension x="60" y="14" />
				</Size>
				<Anchors>
					<Anchor point="TOPLEFT" relativeTo="RecapLoadHeader_Over" relativePoint="TOPRIGHT"/>
				</Anchors>
				<ButtonText inherits="GameFontNormalSmall" justifyH="RIGHT"/>
			</Button>
			<Button name="RecapLoadHeader_Dispels" inherits="RecapLoadHeaderTemplate" text="RECAP_DISPELS">
				<Size>
					<AbsDimension x="45" y="14" />
				</Size>
				<Anchors>
					<Anchor point="TOPLEFT" relativeTo="RecapLoadHeader_HPS" relativePoint="TOPRIGHT"/>
				</Anchors>
				<ButtonText inherits="GameFontNormalSmall" justifyH="RIGHT"/>
			</Button>
			<Button name="RecapLoadHeader_Interrupts" inherits="RecapLoadHeaderTemplate" text="RECAP_INTERRUPTS">
				<Size>
					<AbsDimension x="45" y="14" />
				</Size>
				<Anchors>
					<Anchor point="TOPLEFT" relativeTo="RecapLoadHeader_Dispels" relativePoint="TOPRIGHT"/>
				</Anchors>
				<ButtonText inherits="GameFontNormalSmall" justifyH="RIGHT"/>
			</Button>


			<ScrollFrame name="RecapLoadScrollBar" inherits="FauxScrollFrameTemplate">
				<Size>
					<AbsDimension x="31" y="149"/>
				</Size>
				<Anchors>
					<Anchor point="TOPRIGHT" relativeTo="RecapLoad">
						<Offset>
							<AbsDimension x="-35" y="-32"/>
						</Offset>
					</Anchor>
				</Anchors>
				<Scripts>
					<OnVerticalScroll>
						<!-- patch 3.0.2, we don't seem to need to define 'offset' in the following -->
						FauxScrollFrame_OnVerticalScroll(self, offset, 14, RecapLoadScrollBar_Update)
					</OnVerticalScroll>
				</Scripts>
			</ScrollFrame>

		</Frames>

		<Scripts>
			<OnLoad>
				RecapLoadTopBar:SetVertexColor(.65,.65,.65,1)
				RecapLoadBottomBar:SetVertexColor(.65,.65,.65,1)
			</OnLoad>
			<OnMouseDown>
				RecapLoad_OnMouseDown(self, button)
			</OnMouseDown>
			<OnMouseUp>
				RecapLoad_OnMouseUp(self, button)
			</OnMouseUp>
			<OnShow>
				if recap_temp.Opt.OpaqueBackground.value then
					-- took quite a while to find an actual solid black background file
					RecapLoad:SetBackdrop({bgFile = "Interface\\CharacterFrame\\UI-Party-Background", edgeFile = "Interface\\Tooltips\\UI-Tooltip-Border",
												tile = true, tileSize = 16, edgeSize = 16, insets = { left = 4, right = 4, top = 4, bottom = 4 }})
				else
					RecapLoad:SetBackdrop({bgFile = "Interface\\DialogFrame\\UI-DialogBox-Background", edgeFile = "Interface\\Tooltips\\UI-Tooltip-Border",
												tile = true, tileSize = 16, edgeSize = 16, insets = { left = 4, right = 4, top = 4, bottom = 4 }})
				end
			</OnShow>
			<OnHide>
				<!-- code will trap Escape, and minimize instead -->
				<!-- we also add and remove RecapLoad from the list of special frames that see Escape -->
				RecapLoad_Hide()
			</OnHide>
		</Scripts>
	</Frame>

	<Frame name="RecapLoad_xml_4773" parent="RecapLoad" hidden="true">
		<Size>
			<AbsDimension x="1" y="1"/>
		</Size>
	</Frame>

</Ui>
