<Ui xmlns="http://www.blizzard.com/wow/ui/" xmlns:xsi="http://www.w3.org/2001/XMLSchema-instance" xsi:schemaLocation="http://www.blizzard.com/wow/ui/
..\FrameXML\UI.xsd">
	<Button name="ExRTUIChatDownButtonTemplate"  virtual="true" >
		<Size>
			<AbsDimension x="24" y="24"/>
		</Size>
		<Anchors>
			<Anchor point="TOPRIGHT" relativeTo="$parentRight">
				<Offset>
					<AbsDimension x="-16" y="-18"/>
				</Offset>
			</Anchor>
		</Anchors>
		<Scripts>
			<OnEnter>
				local parent = self:GetParent();
				local myscript = parent:GetScript("OnEnter");
				if(myscript ~= nil) then
					myscript(parent);
				end
			</OnEnter>
			<OnLeave>
				local parent = self:GetParent();
				local myscript = parent:GetScript("OnLeave");
				if(myscript ~= nil) then
					myscript(parent);
				end
			</OnLeave>
			<OnClick>
				ToggleDropDownMenu(nil, nil, self:GetParent());
				PlaySound("igMainMenuOptionCheckBoxOn");
			</OnClick>
		</Scripts>
		<NormalTexture file="Interface\ChatFrame\UI-ChatIcon-ScrollDown-Up" parentKey="NormalTexture">
			<Size>
				<AbsDimension x="24" y="24"/>
			</Size>
			<Anchors>
				<Anchor point="RIGHT"/>
			</Anchors>
		</NormalTexture>
		<PushedTexture file="Interface\ChatFrame\UI-ChatIcon-ScrollDown-Down" parentKey="PushedTexture">
			<Size>
				<AbsDimension x="24" y="24"/>
			</Size>
			<Anchors>
				<Anchor point="RIGHT"/>
			</Anchors>
		</PushedTexture>
		<DisabledTexture file="Interface\ChatFrame\UI-ChatIcon-ScrollDown-Disabled" parentKey="DisabledTexture">
			<Size>
				<AbsDimension x="24" y="24"/>
			</Size>
			<Anchors>
				<Anchor point="RIGHT"/>
			</Anchors>
		</DisabledTexture>
		<HighlightTexture file="Interface\Buttons\UI-Common-MouseHilight" alphaMode="ADD" parentKey="HighlightTexture">
			<Size>
				<AbsDimension x="24" y="24"/>
			</Size>
			<Anchors>
				<Anchor point="RIGHT"/>
			</Anchors>
		</HighlightTexture>
	</Button>
		
	<Frame name="ExRTTranslucentFrameTemplate" virtual="true">
		<Size x="338" y="424"/>
		<Layers>
			<Layer level="BACKGROUND" textureSubLevel="-8">
				<Texture parentKey="Bg">
					<Anchors>
						<Anchor point="TOPLEFT"  x="10" y="-10"/>
						<Anchor point="BOTTOMRIGHT"  x="-10" y="10"/>
					</Anchors>
					<Color r="0" g="0" b="0" a="0.8"/>
				</Texture>
			</Layer>
			<Layer level="BORDER" textureSubLevel="-5">
				<Texture inherits="Dialog-BorderTopLeft" parentKey="TopLeftCorner">
					<Anchors>
						<Anchor point="TOPLEFT"/>
					</Anchors>
				</Texture>
				<Texture inherits="Dialog-BorderTopRight" parentKey="TopRightCorner">
					<Anchors>
						<Anchor point="TOPRIGHT"/>
					</Anchors>
				</Texture>
				<Texture inherits="Dialog-BorderBottomLeft" parentKey="BottomLeftCorner">
					<Anchors>
						<Anchor point="BOTTOMLEFT"/>
					</Anchors>
				</Texture>
				<Texture inherits="Dialog-BorderBottomRight" parentKey="BottomRightCorner">
					<Anchors>
						<Anchor point="BOTTOMRIGHT"/>
					</Anchors>
				</Texture>
				<Texture inherits="Dialog-BorderTop" parentKey="TopBorder">
					<Anchors>
						<Anchor point="TOPLEFT" relativeKey="$parent.TopLeftCorner" relativePoint="TOPRIGHT"  x="0" y="-1"/>
						<Anchor point="TOPRIGHT" relativeKey="$parent.TopRightCorner" relativePoint="TOPLEFT"  x="0" y="-1"/>
					</Anchors>
				</Texture>
				<Texture inherits="Dialog-BorderBottom" parentKey="BottomBorder">
					<Anchors>
						<Anchor point="BOTTOMLEFT" relativeKey="$parent.BottomLeftCorner" relativePoint="BOTTOMRIGHT"/>
						<Anchor point="BOTTOMRIGHT" relativeKey="$parent.BottomRightCorner" relativePoint="BOTTOMLEFT"/>
					</Anchors>
				</Texture>
				<Texture inherits="Dialog-BorderLeft" parentKey="LeftBorder">
					<Anchors>
						<Anchor point="TOPLEFT" relativeKey="$parent.TopLeftCorner" relativePoint="BOTTOMLEFT" x="1" y="0"/>
						<Anchor point="BOTTOMLEFT" relativeKey="$parent.BottomLeftCorner" relativePoint="TOPLEFT" x="1" y="0"/>
					</Anchors>
				</Texture>
				<Texture inherits="Dialog-BorderRight" parentKey="RightBorder">
					<Anchors>
						<Anchor point="TOPRIGHT" relativeKey="$parent.TopRightCorner" relativePoint="BOTTOMRIGHT"/>
						<Anchor point="BOTTOMRIGHT" relativeKey="$parent.BottomRightCorner" relativePoint="TOPRIGHT"/>
					</Anchors>
				</Texture>
			</Layer>
		</Layers>
	</Frame>
	
	<Font name="ExRTFontNormal" font="Fonts\FRIZQT___CYR.TTF" virtual="true">
		<Shadow>
			<Offset>
				<AbsDimension x="1" y="-1"/>
			</Offset>
			<Color r="0" g="0" b="0"/>
		</Shadow>
		<FontHeight>
			<AbsValue val="12"/>
		</FontHeight>
		<Color r="1.0" g="0.82" b="0"/>
	</Font>
	
	<Button name="ExRTDropDownMenuButtonTemplate" virtual="true">
		<Size x="100" y="16"/>
		<Layers>
			<Layer level="BACKGROUND">
				<Texture file="Interface\QuestFrame\UI-QuestTitleHighlight" alphaMode="ADD" setAllPoints="true" hidden="true" parentKey="Highlight"/>
			</Layer>
			<Layer level="BACKGROUND" textureSubLevel="-8">
				<Texture setAllPoints="true" hidden="true" parentKey="Texture"/>
			</Layer>
			<Layer level="ARTWORK">
				<Texture hidden="true" parentKey="Icon">
					<Size>
						<AbsDimension x="16" y="16"/>
					</Size>
					<Anchors>
						<Anchor point="RIGHT">
							<Offset x="0" y="0"/>
						</Anchor>
					</Anchors>
				</Texture>
			</Layer>
		</Layers>
		<Scripts>
			<OnLoad>				
				self:SetFrameLevel(self:GetParent():GetFrameLevel()+2);
			</OnLoad>
			<OnClick>
				GExRT.lib.ScrollDropDown.OnClick(self, button, down);
			</OnClick>
			<OnEnter>
				self.Highlight:Show();
				UIDropDownMenu_StopCounting(self:GetParent());
				if ( self.tooltipTitle ) then
					if ( self.tooltipOnButton ) then
						GameTooltip:SetOwner(self, "ANCHOR_RIGHT");
						GameTooltip:AddLine(self.tooltipTitle, 1.0, 1.0, 1.0);
						GameTooltip:AddLine(self.tooltipText);
						GameTooltip:Show();
					else
						GameTooltip_AddNewbieTip(self, self.tooltipTitle, 1.0, 1.0, 1.0, self.tooltipText, 1);
					end
				end
				if ( self.NormalText:IsTruncated() ) then
					GameTooltip:SetOwner(self, "ANCHOR_RIGHT");
					GameTooltip:AddLine(self.NormalText:GetText());
					GameTooltip:Show();
				end
				GExRT.lib.ScrollDropDown.OnButtonEnter(self);
			</OnEnter>
			<OnLeave>
				self.Highlight:Hide();
				UIDropDownMenu_StartCounting(self:GetParent());
				GameTooltip:Hide();
				GExRT.lib.ScrollDropDown.OnButtonLeave(self);
			</OnLeave>
		</Scripts>
		<ButtonText parentKey="NormalText">
			<Anchors>
				<Anchor point="LEFT">
					<Offset x="0" y="0"/>
				</Anchor>
			</Anchors>
		</ButtonText>
		<NormalFont style="GameFontHighlightSmallLeft"/>
		<HighlightFont style="GameFontHighlightSmallLeft"/>
		<DisabledFont style="GameFontDisableSmallLeft"/>
	</Button>
	<Button name="ExRTDropDownListTemplate" hidden="true" frameStrata="DIALOG" enableMouse="true" virtual="true">
		<Frames>
			<Frame setAllPoints="true">
				<Backdrop bgFile="Interface\DialogFrame\UI-DialogBox-Background-Dark" edgeFile="Interface\DialogFrame\UI-DialogBox-Border" tile="true">
					<BackgroundInsets>
						<AbsInset left="11" right="12" top="12" bottom="9"/>
					</BackgroundInsets>
					<TileSize>
						<AbsValue val="32"/>
					</TileSize>
					<EdgeSize>
						<AbsValue val="32"/>
					</EdgeSize>
				</Backdrop>
			</Frame>
		</Frames>
		<Scripts>
			<OnClick>
				self:Hide();
			</OnClick>
			<OnEnter>
				UIDropDownMenu_StopCounting(self, motion);
			</OnEnter>
			<OnLeave>
				UIDropDownMenu_StartCounting(self, motion);
			</OnLeave>
			<OnHide>
				UIDropDownMenu_StopCounting(self, motion);
			</OnHide>
			<OnUpdate>
				GExRT.lib.ScrollDropDown.Update(self, elapsed);
			</OnUpdate>
		</Scripts>
	</Button>
	<Font name="ExRTDropDownListFont1" virtual="true"></Font>
	<Font name="ExRTDropDownListFont2" virtual="true"></Font>
	<Font name="ExRTDropDownListFont3" virtual="true"></Font>
	<Font name="ExRTDropDownListFont4" virtual="true"></Font>
	<Font name="ExRTDropDownListFont5" virtual="true"></Font>
	<Font name="ExRTDropDownListFont6" virtual="true"></Font>
	<Font name="ExRTDropDownListFont7" virtual="true"></Font>
	<Font name="ExRTDropDownListFont8" virtual="true"></Font>
	<Font name="ExRTDropDownListFont9" virtual="true"></Font>
	<Font name="ExRTDropDownListFont10" virtual="true"></Font>
	
	<Frame name="ExRTBWInterfaceFrame" toplevel="true" virtual="true" enableMouse="true" frameStrata="HIGH">
		<Size>
			<AbsDimension x="858" y="660"/>
		</Size>
		<Anchors>
			<Anchor point="CENTER"/>
		</Anchors>
		<Backdrop bgFile="Interface\DialogFrame\UI-DialogBox-Background" edgeFile="Interface\DialogFrame\UI-DialogBox-Border" tile="true">
			<BackgroundInsets>
				<AbsInset left="11" right="11" top="12" bottom="10"/>
			</BackgroundInsets>
			<TileSize>
				<AbsValue val="32"/>
			</TileSize>
			<EdgeSize>
				<AbsValue val="32"/>
			</EdgeSize>
		</Backdrop>
		<Layers>
			<Layer level="ARTWORK">
				<Texture file="Interface\DialogFrame\UI-DialogBox-Header" parentKey="Header">
					<Size>
						<AbsDimension x="300" y="68"/>
					</Size>
					<Anchors>
						<Anchor point="TOP">
							<Offset>
								<AbsDimension x="0" y="12"/>
							</Offset>
						</Anchor>
					</Anchors>
				</Texture>
				<FontString inherits="GameFontNormal" text="" parentKey="HeaderText">
					<Anchors>
						<Anchor point="TOP" relativeKey="$parent.Header">
							<Offset>
								<AbsDimension x="0" y="-14"/>
							</Offset>
						</Anchor>
					</Anchors>
				</FontString>
			</Layer>
		</Layers>
		<Frames>
			<Button inherits="UIPanelButtonTemplate" text="X" parentKey="buttonClose">
				<Size>
					<AbsDimension x="36" y="22"/>
				</Size>
				<Anchors>
					<Anchor point="TOPRIGHT">
						<Offset>
							<AbsDimension x="-16" y="-16"/>
						</Offset>
					</Anchor>
				</Anchors>
				<Scripts>
					<OnClick>
						local parent = self:GetParent();
						parent:Hide();
					</OnClick>
				</Scripts>
			</Button>
			<Button inherits="UIPanelButtonTemplate" text="" parentKey="backToInterface">
				<Size>
					<AbsDimension x="36" y="22"/>
				</Size>
				<Anchors>
					<Anchor point="BOTTOMRIGHT" relativeKey="$parent.buttonClose" relativePoint="BOTTOMLEFT"/>
				</Anchors>
				<Scripts>
					<OnClick>
						GExRT.Options:Open();
						local parent = self:GetParent();
						parent:Hide();
					</OnClick>
				</Scripts>
			</Button>
			<Button inherits="UIPanelButtonTemplate" text="" parentKey="bossButton">
				<Size>
					<AbsDimension x="250" y="22"/>
				</Size>
				<Anchors>
					<Anchor point="TOPLEFT">
						<Offset>
							<AbsDimension x="16" y="-16"/>
						</Offset>
					</Anchor>
				</Anchors>
				<Scripts>
					<OnClick>
						local parent = self:GetParent();
						parent:Hide();
					</OnClick>
				</Scripts>
			</Button>
		</Frames>
	</Frame>
</Ui>
