<Ui xmlns="http://www.blizzard.com/wow/ui/"
	xmlns:xsi="http://www.w3.org/2001/XMLSchema-instance" 
	xsi:schemaLocation="http://www.blizzard.com/wow/ui/ ..\..\UI.xsd">
	
<!--
	Total RP 3
	Copyright 2014 Sylvain Cossement (telkostrasz@telkostrasz.be)

	Licensed under the Apache License, Version 2.0 (the "License");
	you may not use this file except in compliance with the License.
	You may obtain a copy of the License at

		http://www.apache.org/licenses/LICENSE-2.0

	Unless required by applicable law or agreed to in writing, software
	distributed under the License is distributed on an "AS IS" BASIS,
	WITHOUT WARRANTIES OR CONDITIONS OF ANY KIND, either express or implied.
	See the License for the specific language governing permissions and
	limitations under the License.
-->
	
	<Button name="TRP3_TutorialButton" virtual="true" frameStrata="DIALOG" hidden="true">
		<Size x="46" y="46"/>
		<Layers>
			<Layer level="OVERLAY">
				<Texture file="Interface\common\help-i" setallpoints="true"/>
			</Layer>
		</Layers>
		<HighlightTexture alphaMode="ADD" file="Interface\Minimap\UI-Minimap-ZoomButton-Highlight">
			<Size x="46" y="46"/>
			<Anchors>
				<Anchor point="CENTER" x="-1" y="-1"/>
			</Anchors>
		</HighlightTexture>
	</Button>
	
	<Frame name="TRP3_TutorialTooltip" inherits="GlowBoxTemplate" parent="UIParent" hidden="true" frameStrata="FULLSCREEN_DIALOG">
		<Size x="220" y="100"/>
		<Layers>
			<Layer level="OVERLAY">
				<FontString parentKey="Text" inherits="GameFontHighlightLeft">
					<Size x="190" y="0"/>
					<Anchors>
						<Anchor point="TOPLEFT" x="15" y="-15"/>
					</Anchors>
				</FontString>
			</Layer>
			<Layer level="ARTWORK">
				<Texture parentKey="ArrowUP" inherits="HelpPlateArrowDOWN" hidden="true">
					<Size x="53" y="21"/>
					<Anchors>
						<Anchor point="TOP" relativePoint="BOTTOM" x="0" y="3"/>
					</Anchors>
				</Texture>
				<Texture parentKey="ArrowDOWN" inherits="HelpPlateArrowUP" hidden="true">
					<Size x="53" y="21"/>
					<Anchors>
						<Anchor point="BOTTOM" relativePoint="TOP" x="0" y="-3"/>
					</Anchors>
				</Texture>
				<Texture parentKey="ArrowRIGHT" inherits="HelpPlateArrowDOWN" hidden="true">
					<Size x="53" y="21"/>
					<Anchors>
						<Anchor point="RIGHT" relativePoint="LEFT" x="3" y="0"/>
					</Anchors>
				</Texture>
				<Texture parentKey="ArrowLEFT" inherits="HelpPlateArrowDOWN" hidden="true">
					<Size x="53" y="21"/>
					<Anchors>
						<Anchor point="LEFT" relativePoint="RIGHT" x="-3" y="0"/>
					</Anchors>
				</Texture>
			</Layer>
			<Layer level="BORDER">
				<Texture parentKey="ArrowGlowUP" inherits="HelpPlateArrow-GlowDOWN" hidden="true" alphaMode="ADD" alpha="0.5">
					<Size x="53" y="21"/>
					<Anchors>
						<Anchor point="TOP" relativePoint="BOTTOM" x="0" y="3"/>
					</Anchors>
				</Texture>
				<Texture parentKey="ArrowGlowDOWN" inherits="HelpPlateArrow-GlowUP" hidden="true" alphaMode="ADD" alpha="0.5">
					<Size x="53" y="21"/>
					<Anchors>
						<Anchor point="BOTTOM" relativePoint="TOP" x="0" y="-3"/>
					</Anchors>
				</Texture>
				<Texture parentKey="ArrowGlowRIGHT" inherits="HelpPlateArrow-GlowDOWN" hidden="true" alphaMode="ADD" alpha="0.5">
					<Size x="53" y="21"/>
					<Anchors>
						<Anchor point="RIGHT" relativePoint="LEFT" x="3" y="0"/>
					</Anchors>
				</Texture>
				<Texture parentKey="ArrowGlowLEFT" inherits="HelpPlateArrow-GlowDOWN" hidden="true" alphaMode="ADD" alpha="0.5">
					<Size x="53" y="21"/>
					<Anchors>
						<Anchor point="LEFT" relativePoint="RIGHT" x="-3" y="0"/>
					</Anchors>
				</Texture>
			</Layer>
		</Layers>
		<Scripts>
			<OnLoad>
				self.Text:SetSpacing(4);
				SetClampedTextureRotation(self.ArrowLEFT, 270);
				SetClampedTextureRotation(self.ArrowRIGHT, 90);
				SetClampedTextureRotation(self.ArrowGlowLEFT, 270);
				SetClampedTextureRotation(self.ArrowGlowRIGHT, 90);
			</OnLoad>
			<OnShow>
				self:SetHeight(self.Text:GetHeight()+30);
			</OnShow>
		</Scripts>
	</Frame>
	
    <Frame name="TRP3_MainFrame" toplevel="true" parent="UIParent" frameStrata="MEDIUM" enableMouse="true" clampedToScreen="true" hidden="true">
		<TitleRegion setAllPoints="true"/>
		<Size x="768" y="500"/>
		<Anchors>	
			<Anchor point="CENTER" x="0" y="0"/>
		</Anchors>
		<Backdrop edgeFile="Interface\AchievementFrame\UI-Achievement-WoodBorder" tile="true">
			<EdgeSize>
				<AbsValue val="64"/>
			</EdgeSize>
			<TileSize>
				<AbsValue val="32"/>
			</TileSize>
			<BackgroundInsets>
				<AbsInset left="5" right="5" top="5" bottom="5"/>
			</BackgroundInsets>
		</Backdrop>
		<Scripts>
			<OnLoad>
				tinsert(UISpecialFrames, self:GetName());
			</OnLoad>
		</Scripts>
		<Layers>
			<Layer level="BACKGROUND">
			    <Texture file="Interface\TutorialFrame\TutorialFrameBackground">
					<Anchors>
						<Anchor point="TOPLEFT" x="16" y="-16"/>
						<Anchor point="BOTTOMRIGHT" x="-16" y="16"/>
					</Anchors>
				</Texture>
			</Layer>
			<Layer level="ARTWORK">
				<Texture file="Interface\AchievementFrame\UI-Achievement-MetalBorder-Left">
					<Size x="16" y="436"/>
					<Anchors>
						<Anchor point="LEFT" x="14" y="0"/>
					</Anchors>
					<TexCoords left="0" right="1" top="0" bottom=".87"/>
				</Texture>
				<Texture file="Interface\AchievementFrame\UI-Achievement-MetalBorder-Left">
					<Size x="16" y="436"/>
					<Anchors>
						<Anchor point="RIGHT" x="-13" y="0"/>
					</Anchors>
					<TexCoords left="1" right="0" top=".87" bottom="0"/>
				</Texture>
				<Texture file="Interface\AchievementFrame\UI-Achievement-MetalBorder-Top">
					<Size x="450" y="16"/>
					<Anchors>
						<Anchor point="BOTTOMLEFT" x="28" y="13"/>
						<Anchor point="BOTTOMRIGHT" x="-28" y="13"/>
					</Anchors>
					<TexCoords left="0" right=".87" top="1.0" bottom="0"/>
				</Texture>
				<Texture file="Interface\AchievementFrame\UI-Achievement-MetalBorder-Top">
					<Size x="450" y="16"/>
					<Anchors>
						<Anchor point="TOPLEFT" x="28" y="-12"/>
						<Anchor point="TOPRIGHT" x="-28" y="-12"/>
					</Anchors>
					<TexCoords left=".87" right="0" top="0" bottom="1"/>
				</Texture>
				<Texture file="Interface\AchievementFrame\UI-Achievement-Parchment">
					<Size x="195" y="0"/>
					<Anchors>
						<Anchor point="TOPLEFT" x="22" y="-20"/>
						<Anchor point="BOTTOMLEFT" x="20" y="23"/>
					</Anchors>
					<TexCoords left="0" right="0.5" top="0" bottom="1"/>
				</Texture>
			</Layer>
			<Layer level="OVERLAY">
				<Texture file="Interface\AchievementFrame\UI-Achievement-MetalBorder-Joint">
					<Size x="32" y="32"/>
					<Anchors>
						<Anchor point="TOPLEFT" x="9" y="-7"/>
					</Anchors>
					<TexCoords left="1" right="0" top="1" bottom="0"/>
				</Texture>
				<Texture file="Interface\AchievementFrame\UI-Achievement-MetalBorder-Joint">
					<Size x="32" y="32"/>
					<Anchors>
						<Anchor point="TOPRIGHT" x="-8" y="-7"/>
					</Anchors>
					<TexCoords left="0" right="1" top="1" bottom="0"/>
				</Texture>
				<Texture file="Interface\AchievementFrame\UI-Achievement-MetalBorder-Joint">
					<Size x="32" y="32"/>
					<Anchors>
						<Anchor point="BOTTOMLEFT" x="9" y="8"/>
					</Anchors>
					<TexCoords left="1" right="0" top="0" bottom="1"/>				
				</Texture>
				<Texture file="Interface\AchievementFrame\UI-Achievement-MetalBorder-Joint">
					<Size x="32" y="32"/>
					<Anchors>
						<Anchor point="BOTTOMRIGHT" x="-8" y="8"/>
					</Anchors>
					<TexCoords left="0" right="1" top="0" bottom="1"/>				
				</Texture>
				<Texture file="Interface\AchievementFrame\UI-Achievement-WoodBorder-Corner">
					<Size x="64" y="64"/>
					<Anchors>
						<Anchor point="TOPLEFT" x="4" y="-2"/>
					</Anchors>
					<TexCoords left="0" right="1" top="0" bottom="1"/>
				</Texture>
				<Texture file="Interface\AchievementFrame\UI-Achievement-WoodBorder-Corner">
					<Size x="64" y="64"/>
					<Anchors>
						<Anchor point="TOPRIGHT" x="-4" y="-2"/>
					</Anchors>
					<TexCoords left="1" right="0" top="0" bottom="1"/>
				</Texture>		
				<Texture file="Interface\AchievementFrame\UI-Achievement-WoodBorder-Corner">
					<Size x="64" y="64"/>
					<Anchors>
						<Anchor point="BOTTOMLEFT" x="4" y="3"/>
					</Anchors>
					<TexCoords left="0" right="1" top="1" bottom="0"/>
				</Texture>		
				<Texture file="Interface\AchievementFrame\UI-Achievement-WoodBorder-Corner">
					<Size x="64" y="64"/>
					<Anchors>
						<Anchor point="BOTTOMRIGHT" x="-4" y="3"/>
					</Anchors>
					<TexCoords left="1" right="0" top="1" bottom="0"/>
				</Texture>
			</Layer>
		</Layers>
		<Frames>
			<!-- RIGHT PART : Place for content -->
		    <Frame name="TRP3_MainFramePageContainer">
		        <Size x="533" y="0"/>
				<Anchors>
					<Anchor point="TOPRIGHT" x="-20" y="-20"/>
					<Anchor point="BOTTOMRIGHT" x="-20" y="17"/>
				</Anchors>
		    </Frame>
		    <!-- LEFT PART : Menu -->
		    <ScrollFrame name="TRP3_MainFrameMenuScroll" inherits="UIPanelScrollFrameTemplate">
				<Size x="175" y="0"/>
				<Anchors>
					<Anchor point="TOPLEFT" x="20" y="-23"/>
					<Anchor point="BOTTOM" x="0" y="20"/>
				</Anchors>
				<ScrollChild>
					<Frame name="TRP3_MainFrameMenuContainer">
						<Size x="195" y="10"/>
						<Frames>
						</Frames>
					</Frame>
				</ScrollChild>
				<Frames>
					<Button name="TRP3_MainTutorialButton">
						<Size x="46" y="46"/>
						<Anchors><Anchor point="BOTTOMLEFT" x="75" y="-15"/></Anchors>
						<Layers>
							<Layer level="BACKGROUND">
								<Texture parentKey="I" file="Interface\common\help-i">
									<Size x="46" y="46"/><Anchors><Anchor point="CENTER"/></Anchors>
								</Texture>
							</Layer>
							<Layer level="BORDER">
								<Texture parentKey="Ring" file="Interface\Minimap\MiniMap-TrackingBorder">
									<Size x="64" y="64"/><Anchors><Anchor point="CENTER" x="12" y="-13"/></Anchors>
								</Texture>
							</Layer>
						</Layers>
						<HighlightTexture alphaMode="ADD" file="Interface\Minimap\UI-Minimap-ZoomButton-Highlight">
							<Size x="46" y="46"/><Anchors><Anchor point="CENTER" x="-1" y="1"/></Anchors>
						</HighlightTexture>
						<Scripts>
							<PostClick>
								TRP3_API.ui.misc.playUISound("gsCharacterSelection");
							</PostClick>
						</Scripts>
					</Button>
				</Frames>
			</ScrollFrame>
			
			<!-- RIGHT PART : STATIC POPUP : blocking access to content behind it -->
			<Frame name="TRP3_PopupsFrame" frameStrata="DIALOG" enableMouse="true" hidden="true">
				<Backdrop bgFile="Interface\DialogFrame\UI-DialogBox-Background" edgeFile="Interface\GLUES\COMMON\TextPanel-Border" tile="true">
					<EdgeSize><AbsValue val="16"/></EdgeSize><TileSize><AbsValue val="415"/></TileSize>
					<BackgroundInsets><AbsInset left="5" right="5" top="5" bottom="5"/></BackgroundInsets>
				</Backdrop>
				<Size x="535" y="0"/>
				<Anchors>
					<Anchor point="TOPRIGHT" x="-20" y="-20"/>
					<Anchor point="BOTTOMRIGHT" x="-20" y="20"/>
				</Anchors>
			</Frame>
			<!-- RIGHT PART : TUTORIAL FRAME : blocking access to content behind it -->
			<Frame name="TRP3_TutorialFrame" frameStrata="DIALOG" enableMouse="true" hidden="true">
				<Size x="535" y="0"/>
				<Anchors>
					<Anchor point="TOPRIGHT" x="-20" y="-20"/>
					<Anchor point="BOTTOMRIGHT" x="-20" y="20"/>
				</Anchors>
			</Frame>
			<!-- CLOSE MAIN FRAME -->
			<Button name="TRP3_MainFrameClose" inherits="UIPanelCloseButton">
				<Anchors>
					<Anchor point="TOPRIGHT" relativePoint="TOPRIGHT" x="0" y="0"/>
				</Anchors>
			</Button>
		</Frames>
	</Frame>
	
	<Button name="TRP3_MinimapButton" parent="Minimap" frameStrata="MEDIUM" toplevel="true" enableMouse="true" movable="true" hidden="false">
		<Size>
			<AbsDimension x="33" y="33"/>
		</Size>
		<Anchors>
			<Anchor point="TOPLEFT"/>
		</Anchors>
		<Layers>
			<Layer level="BACKGROUND">
				<Texture name="TRP3_MinimapButton_Icon" file="Interface\AddOns\totalRP3\resources\trp3minimap.tga">
					<Size>
						<AbsDimension x="21" y="21"/>
					</Size>
					<Anchors>
						<Anchor point="TOPLEFT">
							<Offset>
								<AbsDimension x="7" y="-6"/>
							</Offset>
						</Anchor>
					</Anchors>
				</Texture>
			</Layer>
			<Layer level="OVERLAY">
				<Texture file="Interface\Minimap\MiniMap-TrackingBorder">
					<Size>
						<AbsDimension x="56" y="56"/>
					</Size>
					<Anchors>
						<Anchor point="TOPLEFT"/>
					</Anchors>
				</Texture>
			</Layer>
		</Layers>
		<HighlightTexture alphaMode="ADD" file="Interface\Minimap\UI-Minimap-ZoomButton-Highlight"/>
		<Scripts>
			<OnLoad>
				self:RegisterForClicks("LeftButtonUp","RightButtonUp")
				self:RegisterForDrag("LeftButton","RightButton")
			</OnLoad>
			<OnDragStart>
				self.isDraging = true;
				self:LockHighlight();
			</OnDragStart>
			<OnDragStop>
				self.isDraging = nil;
				self:UnlockHighlight();
			</OnDragStop>
		</Scripts>
	</Button>
	
	<ScrollFrame name="TRP3_DEBUG_CODE_FRAME" inherits="UIPanelScrollFrameTemplate" parent="UIParent" hidden="true">
		<Backdrop edgeFile="Interface\GLUES\COMMON\TextPanel-Border" tile="true" bgFile="Interface\DialogFrame\UI-DialogBox-Background">
			<EdgeSize><AbsValue val="32"/></EdgeSize><TileSize><AbsValue val="400"/></TileSize>
			<BackgroundInsets><AbsInset left="5" right="5" top="5" bottom="5"/></BackgroundInsets>
		</Backdrop>
		<Size x="200" y="200"/>
		<Anchors>
			<Anchor point="CENTER" x="0" y="0"/>
		</Anchors>
		<ScrollChild>
			<EditBox name="TRP3_DEBUG_CODE_FRAME_TEXT" multiLine="true" enableMouse="false" autoFocus="false">
				<Size x="200" y="200"/>
				<Scripts>
					<OnTextChanged>
						if self:IsVisible() and self:GetCursorPosition() == string.len(self:GetText()) then
							self:GetParent():SetVerticalScroll(self:GetParent():GetVerticalScrollRange());
						end
					</OnTextChanged>
					<OnEscapePressed>
						self:ClearFocus();
					</OnEscapePressed>
					<OnEditFocusGained>
						self:HighlightText();
					</OnEditFocusGained>
					<OnEditFocusLost>
						self:HighlightText(0,0);
					</OnEditFocusLost>
				</Scripts>
				<FontString inherits="GameFontNormalSmall"/>
			</EditBox>
		</ScrollChild>
	</ScrollFrame>

</Ui>