﻿<Ui xmlns="http://www.blizzard.com/wow/ui/" xmlns:xsi="http://www.w3.org/2001/XMLSchema-instance" xsi:schemaLocation="http://www.blizzard.com/wow/ui/ ..\..\UI.xsd">

<!--
	Total RP 3
	Copyright 2014 Sylvain Cossement (telkostrasz@telkostrasz.be)

	Licensed under the Apache License, Version 2.0 (the "License");
	you may not use this file except in compliance with the License.
	You may obtain a copy of the License at

		http://www.apache.org/licenses/LICENSE-2.0

	Unless required by applicable law or agreed to in writing, software
	distributed under the License is distributed on an "AS IS" BASIS,
	WITHOUT WARRANTIES OR CONDITIONS OF ANY KIND, either express or implied.
	See the License for the specific language governing permissions and
	limitations under the License.
-->

	<!-- Profile manager : Line -->
	<Frame name="TRP3_ProfileManagerLine" virtual="true">
		<Backdrop bgFile="Interface\TutorialFrame\TutorialFrameBackground" edgeFile="Interface\GLUES\COMMON\TextPanel-Border" tile="true">
			<EdgeSize>
				<AbsValue val="24" />
			</EdgeSize>
			<TileSize>
				<AbsValue val="418" />
			</TileSize>
			<BackgroundInsets>
				<AbsInset left="5" right="5" top="5" bottom="5" />
			</BackgroundInsets>
		</Backdrop>
		<Size x="425" y="65" />
		<Frames>
			<Frame name="$parentIcon" inherits="TRP3_SimpleIcon">
				<Size x="40" y="40" />
				<Anchors>
					<Anchor point="LEFT" x="15" y="0" />
				</Anchors>
			</Frame>
			<Button name="$parentSelect" inherits="UIPanelButtonTemplate" text="[SELECT]">
				<Size>
					<AbsDimension x="80" y="25" />
				</Size>
				<Anchors>
					<Anchor point="TOPRIGHT" x="-8" y="-8" />
				</Anchors>
				<Scripts>
					<PostClick>
						TRP3_API.ui.misc.playUISound("gsCharacterSelection");
					</PostClick>
				</Scripts>
			</Button>
			<Button name="$parentAction" inherits="TRP3_ActionButton">
				<Anchors>
					<Anchor point="BOTTOMRIGHT" x="-4" y="4" />
				</Anchors>
			</Button>
			<Button name="$parentInfo" inherits="TRP3_HelpButton">
				<Anchors>
					<Anchor point="BOTTOMLEFT" relativePoint="BOTTOMRIGHT" relativeTo="$parentIcon" x="5" y="2" />
				</Anchors>
			</Button>
			<Frame name="$parentHighlight" inherits="GlowBorderTemplate" hidden="true">
				<Anchors>
					<Anchor point="TOPLEFT" x="5" y="-2"/>
					<Anchor point="BOTTOMRIGHT" x="-3" y="5"/>
				</Anchors>
				<Scripts>
					<OnLoad>
						self:SetAlpha(0.55);
					</OnLoad>
				</Scripts>
			</Frame>
		</Frames>
		<Scripts>
			<OnEnter>
				TRP3_RefreshTooltipForFrame(self);
				_G[self:GetName().."Highlight"]:Show();
			</OnEnter>
			<OnLeave>
				TRP3_MainTooltip:Hide();
				_G[self:GetName().."Highlight"]:Hide();
			</OnLeave>
		</Scripts>
		<Layers>
			<Layer level="OVERLAY">
				<FontString name="$parentCurrent" inherits="GameFontNormalSmall" justifyH="LEFT" text="[current_profile]" hidden="true">
					<Anchors>
						<Anchor point="TOPLEFT" x="20" y="3" />
					</Anchors>
					<Color r="0.0" g="0.95" b="0.0" />
				</FontString>
				<FontString name="$parentName" inherits="GameFontNormalLarge" justifyH="LEFT" text="[PROFILE_NAME]">
					<Size x="270" y="20" />
					<Anchors>
						<Anchor point="TOPLEFT" relativePoint="TOPRIGHT" relativeTo="$parentIcon" x="5" y="0" />
					</Anchors>
					<Color r="0.95" g="0.95" b="0.95" />
				</FontString>
				<FontString name="$parentCount" inherits="GameFontNormalSmall" justifyH="LEFT" text="[PROFILE_COUNT]">
					<Size x="230" y="10" />
					<Anchors>
						<Anchor point="BOTTOMLEFT" relativePoint="BOTTOMRIGHT" relativeTo="$parentIcon" x="25" y="5" />
					</Anchors>
					<Color r="0.95" g="0.75" b="0.10" />
				</FontString>
			</Layer>
		</Layers>
	</Frame>

	<!-- Profile manager -->
	<Frame name="TRP3_ProfileManagerTemplate" virtual="true">
		<Backdrop edgeFile="Interface\GLUES\COMMON\TextPanel-Border" bgFile="Interface\ACHIEVEMENTFRAME\UI-GuildAchievement-Parchment-Horizontal-Desaturated" tile="true">
			<EdgeSize>
				<AbsValue val="24" />
			</EdgeSize>
			<BackgroundInsets left="5" right="5" top="5" bottom="5" />
			<TileSize val="425" />
		</Backdrop>
		<Size x="530" y="0" />
		<Frames>
			<Frame frameLevel="2">
				<Backdrop edgeFile="Interface\GLUES\COMMON\TextPanel-Border">
					<EdgeSize>
						<AbsValue val="32" />
					</EdgeSize>
				</Backdrop>
				<Anchors>
					<Anchor point="TOPRIGHT" x="-8" y="-33" />
					<Anchor point="BOTTOMLEFT" x="8" y="8" />
				</Anchors>
				<Layers>
					<Layer level="BACKGROUND">
						<Texture file="Interface\SPELLBOOK\Spellbook-Page-1">
							<Size x="506" y="0" />
							<Anchors>
								<Anchor point="TOPRIGHT" x="-4" y="0" />
								<Anchor point="BOTTOMRIGHT" x="-4" y="0" />
							</Anchors>
							<TexCoords left="0.07" right="1" top="0" bottom="0.98" />
						</Texture>
					</Layer>
				</Layers>
				<Frames>
					<Frame name="$parentList">
						<Backdrop bgFile="Interface\TutorialFrame\TutorialFrameBackground" edgeFile="Interface\GLUES\COMMON\TextPanel-Border" tile="true">
							<EdgeSize>
								<AbsValue val="32" />
							</EdgeSize>
							<TileSize>
								<AbsValue val="418" />
							</TileSize>
							<BackgroundInsets>
								<AbsInset left="5" right="5" top="5" bottom="5" />
							</BackgroundInsets>
						</Backdrop>
						<Size x="450" y="350" />
						<Anchors>
							<Anchor point="BOTTOM" x="0" y="20" />
						</Anchors>
						<Layers>
							<Layer level="OVERLAY">
								<FontString name="$parentEmpty" inherits="GameFontNormalLarge" justifyH="LEFT" text="[EMPTY]" hidden="true">
									<Size x="0" y="10" />
									<Anchors>
										<Anchor point="CENTER" x="0" y="0" />
									</Anchors>
									<Color r="0.95" g="0.95" b="0.95" />
								</FontString>
							</Layer>
						</Layers>
						<Frames>
							<Frame name="$parentLine1" inherits="TRP3_ProfileManagerLine">
								<Anchors>
									<Anchor point="TOPLEFT" relativePoint="TOPLEFT" x="12" y="-10" />
								</Anchors>
							</Frame>
							<Frame name="$parentLine2" inherits="TRP3_ProfileManagerLine">
								<Anchors>
									<Anchor point="TOP" relativePoint="BOTTOM" relativeTo="$parentLine1" x="0" y="-1" />
								</Anchors>
							</Frame>
							<Frame name="$parentLine3" inherits="TRP3_ProfileManagerLine">
								<Anchors>
									<Anchor point="TOP" relativePoint="BOTTOM" relativeTo="$parentLine2" x="0" y="-1" />
								</Anchors>
							</Frame>
							<Frame name="$parentLine4" inherits="TRP3_ProfileManagerLine">
								<Anchors>
									<Anchor point="TOP" relativePoint="BOTTOM" relativeTo="$parentLine3" x="0" y="-1" />
								</Anchors>
							</Frame>
							<Frame name="$parentLine5" inherits="TRP3_ProfileManagerLine">
								<Anchors>
									<Anchor point="TOP" relativePoint="BOTTOM" relativeTo="$parentLine4" x="0" y="-1" />
								</Anchors>
							</Frame>
							<Slider name="$parentSlider" inherits="OptionsSliderTemplate">
								<Size x="15" y="340" />
								<Anchors>
									<Anchor point="RIGHT" x="4" y="2" />
								</Anchors>
								<Scripts>
									<OnLoad>
								local name = self:GetName();
								_G[name .. "Text"]:SetText("");
								_G[name .. "High"]:SetText("");
								_G[name .. "Low"]:SetText("");
								self:SetMinMaxValues(0, 6);
								self:SetValueStep(1);
								self:SetOrientation("VERTICAL");
							</OnLoad>
								</Scripts>
							</Slider>
						</Frames>
					</Frame>
					<Button name="$parentAdd" inherits="UIPanelButtonTemplate">
						<Size x="150" y="20" />
						<Anchors>
							<Anchor point="BOTTOM" relativePoint="TOP" relativeTo="$parentList" x="0" y="5" />
						</Anchors>
					</Button>
				</Frames>
			</Frame>
		</Frames>
	</Frame>

	<Frame name="TRP3_ProfileManager" inherits="TRP3_ProfileManagerTemplate" hidden="true" />
</Ui>