<Ui xmlns="http://www.blizzard.com/wow/ui/"
	xmlns:xsi="http://www.w3.org/2001/XMLSchema-instance" 
	xsi:schemaLocation="http://www.blizzard.com/wow/ui/ ..\..\UI.xsd">
	
<!--
	Total RP 3
	Copyright 2014 Sylvain Cossement (telkostrasz@telkostrasz.be)

	Licensed under the Apache License, Version 2.0 (the "License");
	you may not use this file except in compliance with the License.
	You may obtain a copy of the License at

		http://www.apache.org/licenses/LICENSE-2.0

	Unless required by applicable law or agreed to in writing, software
	distributed under the License is distributed on an "AS IS" BASIS,
	WITHOUT WARRANTIES OR CONDITIONS OF ANY KIND, either express or implied.
	See the License for the specific language governing permissions and
	limitations under the License.
-->	

	<!-- Common close button  -->
	<Button name="TRP3_CloseButton" inherits="UIPanelCloseButton" virtual="true">
		<Scripts>
			<OnEnter>
				TRP3_RefreshTooltipForFrame(self);
			</OnEnter>
			<OnLeave>
				TRP3_MainTooltip:Hide();
			</OnLeave>
			<PostClick>
				TRP3_API.ui.misc.playUISound("gsCharacterSelection");
			</PostClick>
		</Scripts>
	</Button>	

	<!-- Common red Wow button template  -->
	<Button name="TRP3_CommonButton" inherits="UIPanelButtonTemplate" virtual="true">
		<Size x="90" y="20"/>
		<Scripts>
			<OnEnter>
				TRP3_RefreshTooltipForFrame(self);
			</OnEnter>
			<OnLeave>
				TRP3_MainTooltip:Hide();
			</OnLeave>
			<PostClick>
				TRP3_API.ui.misc.playUISound("gsCharacterSelection");
			</PostClick>
		</Scripts>
	</Button>
	
	<!-- Common icon button  -->
	<Button name="TRP3_IconButton" virtual="true">
		<Size x="26" y="26"/>
	    <Layers>
			<Layer level="OVERLAY">
				<Texture name="$parentIcon" file="Interface\ICONS\INV_Misc_QuestionMark">
					<Size x="26" y="26"/>
					<Anchors>
						<Anchor point="CENTER" x="0" y="0"/>
					</Anchors>
				</Texture>
			</Layer>
	    </Layers>
	    <NormalTexture file="Interface\AchievementFrame\UI-Achievement-IconFrame">
			<Size x="65" y="65"/>
			<Anchors><Anchor point="CENTER" x="14" y="-14"/></Anchors>
	    </NormalTexture>
	    <PushedTexture file="Interface\Buttons\UI-EmptySlot">
			<Size x="50" y="50"/>
			<Anchors><Anchor point="CENTER" x="0" y="0"/></Anchors>
		</PushedTexture>
		<DisabledTexture file="Interface\Buttons\UI-EmptySlot-Disabled">
			<Size x="47" y="47"/>
			<Anchors><Anchor point="CENTER" x="0" y="0"/></Anchors>
		</DisabledTexture>
	    <HighlightTexture alphaMode="ADD" file="Interface\Buttons\UI-Quickslot-Depress"/>
		<Scripts>
			<OnEnter>
				TRP3_RefreshTooltipForFrame(self);
			</OnEnter>
			<OnLeave>
				TRP3_MainTooltip:Hide();
			</OnLeave>
			<PostClick>
				TRP3_API.ui.misc.playUISound("gsCharacterSelection");
			</PostClick>
		</Scripts>
	</Button>
	
	<Button name="TRP3_ActionButton" virtual="true">
		<Size x="32" y="32" />
		<NormalTexture file="Interface\Buttons\UI-Panel-SmallerButton-Up" />
		<PushedTexture file="Interface\Buttons\UI-Panel-SmallerButton-Down" />
		<HighlightTexture file="Interface\Buttons\UI-Panel-MinimizeButton-Highlight" alphaMode="ADD" />
		<Scripts>
			<OnEnter>
				TRP3_RefreshTooltipForFrame(self);
			</OnEnter>
			<OnLeave>
				TRP3_MainTooltip:Hide();
			</OnLeave>
			<PostClick>
				TRP3_API.ui.misc.playUISound("gsCharacterSelection");
			</PostClick>
		</Scripts>
	</Button>
	
	<!-- Help button  -->
	<Button name="TRP3_HelpButton" virtual="true">
		<Size x="16" y="16"/>
	    <NormalTexture file="Interface\FriendsFrame\InformationIcon"/>
	    <HighlightTexture file="Interface\FriendsFrame\InformationIcon-Highlight"/>
		<Scripts>
			<OnEnter>
				TRP3_RefreshTooltipForFrame(self);
			</OnEnter>
			<OnLeave>
				TRP3_MainTooltip:Hide();
			</OnLeave>
		</Scripts>
	</Button>
	
	<!-- Category button -->
	<Button name="TRP3_CategoryButton" virtual="true">
		<Size x="158" y="24"/>
		<Layers>
			<Layer level="BACKGROUND">
				<Texture name="$parentBackground" file="Interface\AchievementFrame\UI-Achievement-Category-Background">
					<Size x="170" y="32"/>
					<Anchors>
						<Anchor point="TOPLEFT"/>
						<Anchor point="TOPRIGHT"/>
					</Anchors>
					<TexCoords left="0" right="0.6640625" top="0" bottom="1"/>
				</Texture>
			</Layer>
			<Layer level="BORDER">
				<Texture name="$parentIcon" file="Interface\ICONS\pet_type_beast" hidden="true">
					<Size x="16" y="16"/>
					<Anchors>
						<Anchor point="LEFT" x="9" y="-2"/>
					</Anchors>
				</Texture>
			</Layer>
			<Layer level="ARTWORK">
				<FontString name="$parentLabel" inherits="GameFontNormalLeftBottom" wordwrap="false" justifyH="CENTER">
					<Anchors>
						<Anchor point="BOTTOMLEFT" x="24" y="4"/> 
						<Anchor point="TOPRIGHT" x="-16" y="-4"/> 
					</Anchors>					
				</FontString>
			</Layer>
		</Layers>
		<HighlightTexture file="Interface\AchievementFrame\UI-Achievement-Category-Highlight" alphaMode="ADD">
			<Anchors>
				<Anchor point="TOPLEFT" x="0" y="0"/>
				<Anchor point="BOTTOMRIGHT" x="-1" y="-7"/>
			</Anchors>
			<TexCoords left="0" right="0.6640625" top="0" bottom="1"/>
		</HighlightTexture>
		<Frames>
			<Button name="$parentClose" inherits="TRP3_CloseButton">
				<Anchors>
					<Anchor point="RIGHT" relativePoint="LEFT" x="5" y="-2"/>
				</Anchors>
			</Button>
		</Frames>
	</Button>
	
	<!-- A bordered frame with a title -->
	<Frame name="TRP3_FieldSetFrame" virtual="true">
		<Backdrop bgFile="Interface\DialogFrame\UI-DialogBox-Background" edgeFile="Interface\GLUES\COMMON\TextPanel-Border" tile="true">
			<EdgeSize><AbsValue val="32"/></EdgeSize><TileSize><AbsValue val="380"/></TileSize>
			<BackgroundInsets><AbsInset left="5" right="5" top="5" bottom="5"/></BackgroundInsets>
		</Backdrop>
		<Frames>
			<Frame name="$parentCaptionPanel">
				<Backdrop bgFile="Interface\BankFrame\Bank-Background" edgeFile="Interface\GLUES\COMMON\TextPanel-Border" tile="true">
					<EdgeSize><AbsValue val="16"/></EdgeSize><TileSize><AbsValue val="100"/></TileSize>
					<BackgroundInsets><AbsInset left="4" right="2" top="2" bottom="2"/></BackgroundInsets>
				</Backdrop>
				<Size x="150" y="20"/>
				<Layers>
					<Layer level="OVERLAY">
						<FontString name="$parentCaption" text="[Caption text]" inherits="GameFontNormal" wordwrap="false" >
							<Anchors>
								<Anchor point="LEFT" x="10" y="2"/>
								<Anchor point="RIGHT" x="-10" y="2"/>
							</Anchors>
							<Color r="0.95" g="0.95" b="0.95"/>
						</FontString>
					</Layer>
				</Layers>
				<Anchors>	
					<Anchor point="TOPLEFT" x="16" y="10"/>
				</Anchors>
			</Frame>
		</Frames>
	</Frame>
	
	<!-- A bordered icon -->
	<Frame name="TRP3_SimpleIcon" virtual="true">
		<Size x="35" y="35"/>
		<Layers>
			<Layer level="BACKGROUND">
				<Texture name="$parentIcon" file="Interface\ICONS\INV_Misc_QuestionMark">
					<Anchors>
						<Anchor point="TOPLEFT" x="0" y="0"/>
						<Anchor point="BOTTOMRIGHT" x="0" y="0"/>
					</Anchors>
				</Texture>
			</Layer>
		</Layers>
	</Frame>
	
	<!-- Titled edit box, TRP2 style -->
	<EditBox name="TRP3_TitledEditBox" letters="0" historyLines="10" autoFocus="false" virtual="true">
		<Size x="100" y="18"/>
		<Layers>
			<Layer level="BACKGROUND">
				<Texture name="$parentLeft" file="Interface\Common\Common-Input-Border">
					<Size x="12" y="28"/>
					<Anchors>
						<Anchor point="TOPLEFT" x="-5" y="0"/>
					</Anchors>
					<TexCoords left="0" right="0.09375" top="0" bottom="1.0"/>
				</Texture>
				<Texture name="$parentRight" file="Interface\Common\Common-Input-Border">
					<Size x="12" y="28"/>
					<Anchors>
						<Anchor point="TOPRIGHT" x="5" y="0"/>
					</Anchors>
					<TexCoords left="0.90625" right="1.0" top="0" bottom="1.0"/>
				</Texture>
				<Texture name="$parentCenter" file="Interface\Common\Common-Input-Border">
					<Size x="0" y="28"/>
					<Anchors>
						<Anchor point="LEFT" relativeTo="$parentLeft" relativePoint="RIGHT"/>
						<Anchor point="RIGHT" relativeTo="$parentRight" relativePoint="LEFT"/>
					</Anchors>
					<TexCoords left="0.09375" right="0.90625" top="0" bottom="1.0"/>
				</Texture>
			</Layer>
			<Layer level="OVERLAY">
				<FontString name="$parentText" text="[title]" inherits="GameFontNormalSmall" justifyH="LEFT">
					<Anchors>
						<Anchor point="TOPLEFT" x="5" y="5"/>
						<Anchor point="TOPRIGHT" x="0" y="5"/>
					</Anchors>
					<Color r="0.95" g="0.75" b="0.1"/>
				</FontString>
			</Layer>
		</Layers>
		<FontString inherits="GameFontWhite"/>
		<Scripts>
			<OnEscapePressed>
				self:ClearFocus()
			</OnEscapePressed>
			<OnEditFocusGained>
				if self.disabled then
					self:ClearFocus();
				else
					self:HighlightText();
				end
			</OnEditFocusGained>
			<OnEditFocusLost>
				self:HighlightText(0,0);
			</OnEditFocusLost>
			<OnEnter>
				TRP3_RefreshTooltipForFrame(self);
			</OnEnter>
			<OnLeave>
				TRP3_MainTooltip:Hide();
			</OnLeave>
		</Scripts>
	</EditBox>
	
	<!-- Titled edit box, TRP2 style, with help TT button -->
	<EditBox name="TRP3_TitledHelpEditBox" inherits="TRP3_TitledEditBox" virtual="true">
		<Frames>
			<Button name="$parentHelp" inherits="TRP3_HelpButton" hidden="true">
				<Size x="14" y="14"/>
				<Anchors>
					<Anchor point="RIGHT" x="2" y="0"/>
				</Anchors>
			</Button>
		</Frames>
		<Scripts>
			<OnEditFocusGained>
				if self.disabled then
					self:ClearFocus();
				else
					self:HighlightText();
				end
				if _G[self:GetName().."Help"].titleText then
					_G[self:GetName().."Help"]:Show();
				end
			</OnEditFocusGained>
			<OnEditFocusLost>
				self:HighlightText(0,0);
				_G[self:GetName().."Help"]:Hide();
			</OnEditFocusLost>
		</Scripts>
	</EditBox>
	
	<!-- Checkbox with small label and TT compatible -->
	<CheckButton name="TRP3_CheckBox" inherits="OptionsCheckButtonTemplate" virtual="true" checked="false">
		<Scripts>
			<OnLoad>
				getglobal(self:GetName().."Text"):SetFontObject(GameFontNormalSmall);
			</OnLoad>
			<OnEnter>
				TRP3_RefreshTooltipForFrame(self);
			</OnEnter>
			<OnLeave>
				TRP3_MainTooltip:Hide();
			</OnLeave>
			<PostClick>
				TRP3_API.ui.misc.playUISound("gsCharacterSelection");
			</PostClick>
		</Scripts>
	</CheckButton>
	
	<!-- Tab bar tab button -->
	<Button name="TRP3_TabBar_Tab" virtual="true">
        <Size><AbsDimension x="10" y="32"/></Size>
        <Layers>
        	<Layer level="BACKGROUND">
				<Texture name="$parentLeft" file="Interface\PaperDollInfoFrame\UI-Character-InActiveTab">
        			<Size><AbsDimension x="10" y="32"/></Size>
        			<Anchors>
        				<Anchor point="BOTTOMLEFT" x="0" y="0"/>
        			</Anchors>
					<TexCoords left="0.08" right="0.15625" top="1.0" bottom="0"/>
        		</Texture>
        		<Texture name="$parentRight" file="Interface\PaperDollInfoFrame\UI-Character-InActiveTab">
        			<Size><AbsDimension x="10" y="32"/></Size>
        			<Anchors>
        				<Anchor point="BOTTOMRIGHT" x="0" y="0"/>
        			</Anchors>
					<TexCoords left="0.84375" right="0.92" top="1.0" bottom="0"/>
        		</Texture>
				<Texture name="$parentMiddle" file="Interface\PaperDollInfoFrame\UI-Character-InActiveTab">
        			<Anchors>
        				<Anchor point="TOPLEFT" relativeTo="$parentLeft" relativePoint="TOPRIGHT"/>
        				<Anchor point="BOTTOMRIGHT" relativeTo="$parentRight" relativePoint="BOTTOMLEFT"/>
					</Anchors>
					<TexCoords left="0.15625" right="0.84375" top="1.0" bottom="0"/>
        		</Texture>
        	</Layer>
        </Layers>
		<ButtonText name="$parentText">
			<Size><AbsDimension x="0" y="32"/></Size>
			<Anchors>
				<Anchor point="CENTER">
					<Offset><AbsDimension x="0" y="-2"/></Offset>
				</Anchor>
			</Anchors>
		</ButtonText>
		<NormalFont style="GameFontHighlightSmall"/>
		<HighlightFont style="GameFontHighlightSmall"/>
		<DisabledFont style="GameFontHighlight"/>
		<HighlightTexture name="$parentHighlightTexture" file="Interface\PaperDollInfoFrame\UI-Character-Tab-Highlight-yellow" alphaMode="ADD">
			<Anchors>
				<Anchor point="TOPLEFT">
					<Offset>
						<AbsDimension x="5" y="-2"/>
					</Offset>
				</Anchor>
				<Anchor point="BOTTOMRIGHT">
					<Offset>
						<AbsDimension x="-5" y="-2"/>
					</Offset>
				</Anchor>
			</Anchors>
		</HighlightTexture>
		<Scripts>
			<PostClick>
				TRP3_API.ui.misc.playUISound("igCharacterInfoTab");
			</PostClick>
		</Scripts>
    </Button>
    
    <!-- Text area -->
    <Frame name="TRP3_TextArea" virtual="true">
		<Backdrop edgeFile="Interface\GLUES\COMMON\TextPanel-Border" bgFile="Interface\DialogFrame\UI-DialogBox-Background" tile="true">
			<EdgeSize><AbsValue val="32"/></EdgeSize><TileSize><AbsValue val="200"/></TileSize>
			<BackgroundInsets><AbsInset left="5" right="5" top="5" bottom="5"/></BackgroundInsets>
		</Backdrop>
		<Frames>
			<ScrollFrame name="$parentScroll" inherits="UIPanelScrollFrameTemplate">
				<Anchors>
					<Anchor point="TOP" x="0" y="-10"/>
					<Anchor point="BOTTOM" x="0" y="10"/>
					<Anchor point="LEFT" x="15" y="0"/>
					<Anchor point="RIGHT" x="-18" y="0"/>
				</Anchors>
				<ScrollChild>
					<EditBox name="$parentText" letters="5000" multiLine="true" enableMouse="false" autoFocus="false">
						<Scripts>
							<OnShow>
								self:SetWidth(self:GetParent():GetParent():GetWidth() - 40);
							</OnShow>
							<OnTextChanged>
								if self:IsVisible() and self:GetCursorPosition() == string.len(self:GetText()) then
									self:GetParent():SetVerticalScroll(self:GetParent():GetVerticalScrollRange());
								end
							</OnTextChanged>
							<OnEscapePressed>
								self:ClearFocus();
							</OnEscapePressed>
							<OnEditFocusGained>
								self:HighlightText();
								_G[self:GetParent():GetParent():GetName() .. "FocusDummy"]:Hide();
							</OnEditFocusGained>
							<OnEditFocusLost>
								self:HighlightText(0,0);
								_G[self:GetParent():GetParent():GetName() .. "FocusDummy"]:Show();
							</OnEditFocusLost>
						</Scripts>
						<FontString inherits="ChatFontNormal"/>
					</EditBox>
				</ScrollChild>
			</ScrollFrame>
			<Button name="$parentFocusDummy">
				<Scripts>
					<OnLoad>
						self:SetAllPoints(self:GetParent():GetName() .. "Scroll");
					</OnLoad>
					<OnClick>
						_G[self:GetParent():GetName() .. "ScrollText"]:SetFocus();
					</OnClick>
				</Scripts>
			</Button>
		</Frames>
	</Frame>
	
	<!-- Color picker button -->
	<Button name="TRP3_SearchButton" virtual="true" inherits="TRP3_IconButton">
		<Scripts>
			<OnLoad>
				self:SetScale(0.8);
				self:RegisterForClicks("LeftButtonUp", "RightButtonUp");
				_G[self:GetName() .. "Icon"]:SetTexture("Interface\\MINIMAP\\TRACKING\\None");
			</OnLoad>
		</Scripts>
	</Button>
	
	<!-- Color picker button -->
	<Button name="TRP3_ColorPickerButton" virtual="true">
		<Size x="16" y="16"/>
	    <HighlightTexture alphaMode="ADD" name="$parentSwatchBgHighlight" file="Interface\SpellActivationOverlay\IconAlert">
	    	<Size x="71" y="68"/>
			<Anchors>
				<Anchor x="-11" y="11" point="TOPLEFT"/>
			</Anchors>
			<TexCoords left="0" right="1" top="0.53" bottom="1" />
			<Color r="1.0" g="1.0" b="1.0" a="0.40"/>
	    </HighlightTexture>
		<Layers>
			<Layer level="BACKGROUND">
				<Texture name="$parentSwatchBg">
					<Color r="1.0" g="1.0" b="1.0"/>
				</Texture>
			</Layer>
			<Layer level="BORDER">
				<Texture file="Interface\ACHIEVEMENTFRAME\UI-Achievement-IconFrame">
					<Size>
						<AbsDimension x="45" y="45"/>
					</Size>
					<Anchors>
						<Anchor x="-5" y="5" point="TOPLEFT"/>
					</Anchors>
				</Texture>
			</Layer>
			<Layer level="OVERLAY">
				<Texture file="Interface\Cooldown\star4" name="$parentBlink" alpha="0.0" alphaMode="ADD">
					<Animations>
						<AnimationGroup name="$parentAnimate" looping="NONE">
							<Alpha duration="0.4" change="1" smoothing="IN" order="1"/>
							<Rotation degrees="-45" duration="0.4" smoothing="IN" order="1"/>
							<Alpha duration="0.4" change="-1" smoothing="OUT" startDelay="0.4" order="1"/>
							<Rotation degrees="-45" duration="0.4" smoothing="OUT" startDelay="0.4" order="1"/>
							
						</AnimationGroup>
					</Animations>
					<Size x="40" y="40"/>
					<Anchors><Anchor x="0" y="0" point="CENTER"/></Anchors>
				</Texture>
			</Layer>
		</Layers>
		<Scripts>
			<OnLoad>
				self:RegisterForClicks("LeftButtonUp", "RightButtonUp");
				self.setColor = function(red, green, blue)
					self.red = red;
					self.green = green;
					self.blue = blue;
					if red and green and blue then
						_G[self:GetName() .. "SwatchBg"]:SetTexture(red / 255, green / 255, blue / 255);
						_G[self:GetName() .. "SwatchBgHighlight"]:SetVertexColor(red / 255, green / 255, blue / 255);
					else
						_G[self:GetName() .. "SwatchBg"]:SetTexture("Interface\\ICONS\\icon_petfamily_mechanical");
						_G[self:GetName() .. "SwatchBgHighlight"]:SetVertexColor(1.0, 1.0, 1.0);
					end
					if self.onSelection then
						self.onSelection(red, green, blue);
					end
					_G[self:GetName() .. "BlinkAnimate"]:Play();
					_G[self:GetName() .. "BlinkAnimate"]:Finish();
				end
				self.setColor();
			</OnLoad>
			<OnClick>
				if button == "LeftButton" then
					TRP3_API.popup.showColorBrowser(self.setColor, self.red, self.green, self.blue);
				elseif  button == "RightButton" then
					self.setColor(nil, nil, nil);
				end
			</OnClick>
			<OnEnter>
				TRP3_RefreshTooltipForFrame(self);
			</OnEnter>
			<OnLeave>
				TRP3_MainTooltip:Hide();
			</OnLeave>
			<PostClick>
				TRP3_API.ui.misc.playUISound("gsCharacterSelection");
			</PostClick>
		</Scripts>
	</Button>
</Ui>