<Ui xmlns="http://www.blizzard.com/wow/ui/" xmlns:xsi="http://www.w3.org/2001/XMLSchema-instance" xsi:schemaLocation="http://www.blizzard.com/wow/ui/
..\FrameXML\UI.xsd">
	<Frame name="MiniMainBar_StanceBar" parent="MainMenuBar" enableMouse="true" frameStrata="BACKGROUND" hidden="false">
		<Size>
			<AbsDimension x="383" y="45"/> 
		</Size>
		<Anchors>
			<Anchor point="BOTTOMLEFT" relativePoint="TOPLEFT">
				<Offset>
					<AbsDimension x="0" y="0"/>
				</Offset>
			</Anchor>
		</Anchors>
		<Backdrop bgFile="Interface\DialogFrame\UI-DialogBox-Background" tile="false">
		</Backdrop>
		<Scripts>
			<OnDragStart>
				MiniMainBar_StanceBar_OnDragStart()
			</OnDragStart>
			<OnDragStop>
				MiniMainBar_StanceBar_OnDragStop()
			</OnDragStop>
			<OnEnter>
				MiniMainBar_StanceBar_OnMouseOver()
			</OnEnter>
			<OnLeave>
				MiniMainBar_StanceBar_OnMouseOut()
			</OnLeave>
		</Scripts>		
	</Frame>
</Ui>