﻿<Ui xmlns:xsi="http://www.w3.org/2001/XMLSchema-instance" xmlns:xsd="http://www.w3.org/2001/XMLSchema" xmlns="http://www.blizzard.com/wow/ui/">
	<Script file="ShadowTimerFrame.lua" />
	<Frame name="ShadowTimerFrame" setAllPoints="true" alpha="10" toplevel="true" movable="true" frameStrata="BACKGROUND" protected="true">	
		<Size>
			<AbsDimension x="320" y="40" />
		</Size>
		<Anchors>
			<Anchor point="CENTER">
				<Offset x="0" y="-70" />
			</Anchor>
		</Anchors>
		<Layers>
			<Layer>
				<Texture name="Texture12">
					<Size x="40" y="40" />
					<Anchors>
						<Anchor point="TOPLEFT">
							<Offset x="200" y="39" />
						</Anchor>
					</Anchors>
				</Texture>		
				<Texture name="Texture11">
					<Size x="80" y="80" />
					<Anchors>
						<Anchor point="TOPLEFT">
							<Offset x="240" y="79" />
						</Anchor>
					</Anchors>
				</Texture>			
				<Texture name="Texture10">
					<Size x="39" y="39" />
					<Anchors>
						<Anchor point="TOPLEFT">
							<Offset x="80" y="39" />
						</Anchor>
					</Anchors>
				</Texture>
				<Texture name="Texture9">
					<Size x="39" y="39" />
					<Anchors>
						<Anchor point="TOPLEFT">
							<Offset x="0" y="39" />
						</Anchor>
					</Anchors>
				</Texture>		
				<Texture name="Texture8">
					<Size x="39" y="39" />
					<Anchors>
						<Anchor point="TOPLEFT">
							<Offset x="280" y="-1" />
						</Anchor>
					</Anchors>
				</Texture>
				<Texture name="Texture7">
					<Size x="39" y="39" />
					<Anchors>
						<Anchor point="TOPLEFT">
							<Offset x="240" y="-1" />
						</Anchor>
					</Anchors>
				</Texture>
				<Texture name="Texture6">
					<Size x="39" y="39" />
					<Anchors>
						<Anchor point="TOPLEFT">
							<Offset x="200" y="-1" />
						</Anchor>
					</Anchors>
				</Texture>
				<Texture name="Texture5">
					<Size x="39" y="39" />
					<Anchors>
						<Anchor point="TOPLEFT">
							<Offset x="160" y="-1" />
						</Anchor>
					</Anchors>
				</Texture>
				<Texture name="Texture4">
					<Size x="39" y="39" />
					<Anchors>
						<Anchor point="TOPLEFT">
							<Offset x="120" y="-1" />
						</Anchor>
					</Anchors>
				</Texture>
				<Texture name="Texture3">
					<Size x="39" y="39" />
					<Anchors>
						<Anchor point="TOPLEFT">
							<Offset x="80" y="-1" />
						</Anchor>
					</Anchors>
				</Texture>
				<Texture name="Texture2">
					<Size x="39" y="39" />
					<Anchors>
						<Anchor point="TOPLEFT">
							<Offset x="40" y="-1" />
						</Anchor>
					</Anchors>
				</Texture>
				<Texture name="Texture1">
					<Size x="39" y="39" />
					<Anchors>
						<Anchor point="TOPLEFT">
							<Offset x="0" y="-1" />
						</Anchor>
					</Anchors>
				</Texture>
			</Layer>
			<Layer level="OVERLAY">
				<FontString name="TEXT1" inherits="GameFontNormal" text="win1">
					<Anchors>
						<Anchor point="TOPLEFT" relativeTo="Texture1" relativePoint="TOPLEFT">
							<Offset x="0" y="0" />
						</Anchor>
					</Anchors>
				</FontString>
			</Layer>
			<Layer level="OVERLAY">
				<FontString name="TEXT2" inherits="GameFontNormal" text="win2">
					<Anchors>
						<Anchor point="TOPLEFT" relativeTo="Texture2" relativePoint="TOPLEFT">
							<Offset x="0" y="0" />
						</Anchor>
					</Anchors>
				</FontString>
			</Layer>
			<Layer level="OVERLAY">
				<FontString name="TEXT3" inherits="GameFontNormal" text="win3">
					<Anchors>
						<Anchor point="TOPLEFT" relativeTo="Texture3" relativePoint="TOPLEFT">
							<Offset x="0" y="0" />
						</Anchor>
					</Anchors>
				</FontString>
			</Layer>
			<Layer level="OVERLAY">
				<FontString name="TEXT4" inherits="GameFontNormal" text="win4">
					<Anchors>
						<Anchor point="TOPLEFT" relativeTo="Texture4" relativePoint="TOPLEFT">
							<Offset x="0" y="0" />
						</Anchor>
					</Anchors>
				</FontString>
			</Layer>
			<Layer level="OVERLAY">
				<FontString name="TEXT5" inherits="GameFontNormal" text="win5">
					<Anchors>
						<Anchor point="TOPLEFT" relativeTo="Texture5" relativePoint="TOPLEFT">
							<Offset x="0" y="0" />
						</Anchor>
					</Anchors>
				</FontString>
			</Layer>
			<Layer level="OVERLAY">
				<FontString name="TEXT6" inherits="GameFontNormal" text="win6">
					<Anchors>
						<Anchor point="TOPLEFT" relativeTo="Texture6" relativePoint="TOPLEFT">
							<Offset x="0" y="0" />
						</Anchor>
					</Anchors>
				</FontString>
			</Layer>
			<Layer level="OVERLAY">
				<FontString name="TEXT7" inherits="GameFontNormal" text="win7">
					<Anchors>
						<Anchor point="TOPLEFT" relativeTo="Texture7" relativePoint="TOPLEFT">
							<Offset x="0" y="0" />
						</Anchor>
					</Anchors>
				</FontString>
			</Layer>
			<Layer level="OVERLAY">
				<FontString name="TEXT8" inherits="GameFontNormal" text="win8">
					<Anchors>
						<Anchor point="TOPLEFT" relativeTo="Texture8" relativePoint="TOPLEFT">
							<Offset x="0" y="0" />
						</Anchor>
					</Anchors>
				</FontString>
			</Layer>
			<Layer level="OVERLAY">
				<FontString name="TEXT9" inherits="GameFontNormal" text="win9">
					<Anchors>
						<Anchor point="TOPLEFT" relativeTo="Texture9" relativePoint="TOPLEFT">
							<Offset x="0" y="0" />
						</Anchor>
					</Anchors>
				</FontString>
			</Layer>
			<Layer level="OVERLAY">
				<FontString name="TEXT10" inherits="GameFontNormal" text="win10">
					<Anchors>
						<Anchor point="TOPLEFT" relativeTo="Texture10" relativePoint="TOPLEFT">
							<Offset x="0" y="0" />
						</Anchor>
					</Anchors>
				</FontString>
			</Layer>
			<Layer level="OVERLAY">
				<FontString name="TEXT11" inherits="GameFontNormal" text="win11">
					<Anchors>
						<Anchor point="TOPLEFT" relativeTo="Texture11" relativePoint="TOPLEFT">
							<Offset x="0" y="0" />
						</Anchor>
					</Anchors>
				</FontString>
			</Layer>
		</Layers>
		<Scripts>
			<OnLoad>ShadowTimerFrame_OnLoad();</OnLoad>
			<OnUpdate>ShadowTimerFrame_OnUpdate(elapsed);</OnUpdate>
			<OnEvent>ShadowTimerFrame_OnEvent(self, event, ...);</OnEvent>
			<OnMouseDown>
				if STmode == 2 then
				if button == "LeftButton" and not self.isLocked then
				self:StartMoving();
				self.isMoving = true;
				end
				end
			</OnMouseDown>
			<OnMouseUp>
				if button == "LeftButton" and self.isMoving then
				self:StopMovingOrSizing();
				self.isMoving = false;
				point, relativeTo, relativePoint, xOffset, yOffset = self:GetPoint(1);
				ShadowtimerxPosiFrame = xOffset
				DEFAULT_CHAT_FRAME:AddMessage("-shadowtimer moved x:"..xOffset.." y:"..yOffset);
				end
			</OnMouseUp>
			<OnHide>
				if ( self.isMoving ) then
				self:StopMovingOrSizing();
				self.isMoving = false;
				end
			</OnHide>
		</Scripts>
	</Frame>
</Ui>