﻿<Ui xmlns = "http://www.blizzard.com/wow/ui/" xmlns:xsi = "http://www.w3.org/2001/XMLSchema-instance" xsi:schemaLocation = "http://www.blizzard.com/wow/ui/ http://wowprogramming.com/FrameXML/UI.xsd">
<Script file = "PVPSound_Localizations.lua"/>
<Script file = "PVPSound.lua"/>
<Script file = "PVPSound_DataShare.lua"/>
<Script file = "PVPSound_PaybackEngine.lua"/>
<Script file = "PVPSound_SctEngine.lua"/>
<Script file = "PVPSound_SoundEngine.lua"/>
<Script file = "PVPSound_SoundLengths.lua"/>
	<Frame name = "PVPSoundFrame">
		<Scripts>
			<OnLoad function = "PVPSound_OnLoad"/>
			<OnEvent function = "PVPSound_OnEvent"/>
		</Scripts>
	</Frame>
	<Frame name = "PVPSoundFrameTwo">
		<Scripts>
			<OnLoad function = "PVPSound_OnLoadTwo"/>
			<OnEvent function = "PVPSound_OnEventTwo"/>
		</Scripts>
	</Frame>
	<Frame name = "PVPSoundFrameThree">
		<Scripts>
			<OnLoad function = "PVPSound_OnLoadThree"/>
			<OnEvent function = "PVPSound_OnEventThree"/>
		</Scripts>
	</Frame>
	<Frame name = "PVPSoundDataFrame">
		<Scripts>
			<OnLoad function = "PVPSound_DataOnLoad"/>
			<OnEvent function = "PVPSound_DataOnEvent"/>
		</Scripts>
	</Frame>
	<Frame name = "PVPSoundPaysoundFrame">
		<Scripts>
			<OnLoad>
				self.TimeSinceLastPayUpdate = 0
			</OnLoad>
			<OnUpdate function = "PVPSound_UpdatePaybackSound"/>
		</Scripts>
	</Frame>
	<Frame name = "PVPSoundRetributionFrame">
		<Scripts>
			<OnLoad>
				self.TimeSinceLastRetUpdate = 0
			</OnLoad>
			<OnUpdate function = "PVPSound_UpdateRetributionSound"/>
		</Scripts>
	</Frame>
	<Frame name = "PVPSoundRecentlyPaybackFrame">
		<Scripts>
			<OnLoad>
				self.TimeSinceLastRecPayUpdate = 0
			</OnLoad>
			<OnUpdate function = "PVPSound_UpdateRecentlyPayback"/>
		</Scripts>
	</Frame>
	<Frame name = "PVPSoundRecentlyKilledFrame">
		<Scripts>
			<OnLoad>
				self.TimeSinceLastRecKillUpdate = 0
			</OnLoad>
			<OnUpdate function = "PVPSound_UpdateRecentlyKilled"/>
		</Scripts>
	</Frame>
	<Frame name = "PVPSoundSctEngineFrame">
		<Scripts>
			<OnLoad>
				self.TimeSinceLastSctUpdate = 0
			</OnLoad>
			<OnUpdate function = "PVPSound_UpdateSctEngine"/>
		</Scripts>
	</Frame>
	<Frame name = "PVPSoundSoundEngineFrame">
		<Scripts>
			<OnLoad>
				self.TimeSinceLastUpdate = 0
			</OnLoad>
			<OnUpdate function = "PVPSound_UpdateSoundEngine"/>
		</Scripts>
	</Frame>
	<Frame name = "PVPSoundKillSoundEngineFrame">
		<Scripts>
			<OnLoad>
				self.TimeSinceLastKillUpdate = 0
			</OnLoad>
			<OnUpdate function = "PVPSound_UpdateKillSoundEngine"/>
		</Scripts>
	</Frame>
	<Frame name = "PVPSoundEffectSoundEngineFrame">
		<Scripts>
			<OnLoad>
				self.TimeSinceLastEffectUpdate = 0
			</OnLoad>
			<OnUpdate function = "PVPSound_UpdateSoundEffectEngine"/>
		</Scripts>
	</Frame>
</Ui>