<Ui xmlns="http://www.blizzard.com/wow/ui/" xmlns:xsi="http://www.w3.org/2001/XMLSchema-instance" xsi:schemaLocation="http://www.blizzard.com/wow/ui/">
  <Script file="Tetra.lua"/>
  <!-- Here the Scripts that have to be Executed -->

  
  <Frame name="Tetra_Core" parent="UIParent" visible="true" toplevel="true" movable="true" >
  <Size>
      <AbsDimension x="436" y="26" />
    </Size>
    <Anchors>
      <Anchor point="TOPLEFT"/>
    </Anchors>
    <Backdrop bgFile="Interface\TutorialFrame\TutorialFrameBackground"
      edgeFile="Interface\DialogFrame\UI-DialogBox-Border" tile="true" >
      <EdgeSize>
        <AbsValue val="8"/>
      </EdgeSize>
      <TileSize>
        <AbsValue val="32"/>
      </TileSize>
      <BackgroundInsets>
        <AbsInset left="5" right="5" top="5" bottom="5"/>
      </BackgroundInsets>
    </Backdrop>


    <Layers>

      <Layer level="ARTWORK">
        <FontString name="Tetra_Title_Text" inherits="GameTooltipTextSmall" text="  Tetra. "> <!--         www.OverAweProductions.com"> -->
          <Anchors>
            <Anchor point="TOPLEFT">
              <Offset>
                <AbsDimension x="6" y="-7"/>
              </Offset>
            </Anchor>
          </Anchors>        
        </FontString>

        <FontString name="Tetra_Score_Caption" inherits="GameFontNormalLarge" text="SCORE">
          <Anchors>
            <Anchor point="TOPLEFT">                                     
              <Offset>
                <AbsDimension x="280" y="-270"/>
              </Offset>
            </Anchor>
          </Anchors>
        </FontString>

        <FontString name="Tetra_Lines_Caption" inherits="GameFontNormalLarge" text="LINES">
          <Anchors>
            <Anchor point="TOPLEFT">
              <Offset>
                <AbsDimension x="280" y="-310"/>
              </Offset>
            </Anchor>
          </Anchors>
        </FontString>

        <FontString name="Tetra_Level_Caption" inherits="GameFontNormalLarge" text="LEVEL">
          <Anchors>
            <Anchor point="TOPLEFT">
              <Offset>
                <AbsDimension x="280" y="-350"/>
              </Offset>
            </Anchor>
          </Anchors>
        </FontString>

        <FontString name="Tetra_Score_Text" inherits="GameFontNormalLarge" text="0">
          <Anchors>
            <Anchor point="TOPLEFT">
              <Offset>
                <AbsDimension x="300" y="-290"/>
              </Offset>
            </Anchor>
          </Anchors>
        </FontString>

        <FontString name="Tetra_Lines_Text" inherits="GameFontNormalLarge" text="0">
          <Anchors>
            <Anchor point="TOPLEFT">
              <Offset>
                <AbsDimension x="300" y="-330"/>
              </Offset>
            </Anchor>
          </Anchors>
        </FontString>

        <FontString name="Tetra_Level_Text" inherits="GameFontNormalLarge" text="1">
          <Anchors>
            <Anchor point="TOPLEFT">
              <Offset>
                <AbsDimension x="300" y="-370"/>
              </Offset>
            </Anchor>
          </Anchors>
        </FontString>

        <FontString name="Tetra_LevelSel_Caption" inherits="GameTooltipTextSmall" text="Level Select">
          <Anchors>
            <Anchor point="TOPLEFT">
              <Offset>
                <AbsDimension x="350" y="-510"/>
              </Offset>
            </Anchor>
          </Anchors>
        </FontString>

        <FontString name="Tetra_NextBlock_Caption" inherits="GameTooltipTextSmall" text="Next">
          <Anchors>
            <Anchor point="TOPLEFT">
              <Offset>
                <AbsDimension x="338" y="-37"/>
              </Offset>
            </Anchor>
          </Anchors>
        </FontString>

        <FontString name="Tetra_HoldBlock_Caption" inherits="GameTooltipTextSmall" text="Saved Block">
          <Anchors>
            <Anchor point="TOPLEFT">
              <Offset>
                <AbsDimension x="319" y="-150"/>
              </Offset>
            </Anchor>
          </Anchors>
        </FontString>

        <FontString name="Tetra_Mode_StaticCaption" inherits="GameTooltipTextSmall" text="    Mode            Current">
          <Anchors>
            <Anchor point="TOPLEFT">
              <Offset>
                <AbsDimension x="280" y="-428"/>
              </Offset>
            </Anchor>
          </Anchors>
        </FontString>

        <FontString name="Tetra_Mode_Caption" inherits="GameFontNormalLarge" text="Classic">
          <Anchors>
            <Anchor point="TOPLEFT">
              <Offset>
                <AbsDimension x="350" y="-448"/>
              </Offset>
            </Anchor>
          </Anchors>
        </FontString>

      </Layer>
    </Layers>

    <frames>

    <Button name="Tetra_ButtonClose" inherits="OptionsButtonTemplate" text="X">
        <Size>
          <AbsDimension x="20" y="20"/>
        </Size>
        <Anchors>
          <Anchor point="TOPRight">
            <Offset>
              <AbsDimension x="-5" y="-4"/>
            </Offset>
          </Anchor>
        </Anchors>
        <Scripts>
          <OnClick>
            Tetra_HideGUI();
          </OnClick>
        </Scripts>
      </Button>

    <Button name="Tetra_Mode1" inherits="OptionsButtonTemplate" text="Classic">
        <Size>
          <AbsDimension x="58" y="22"/>
        </Size>
        <Anchors>
          <Anchor point="TOPLEFT">
            <Offset>
              <AbsDimension x="280" y="-490"/>
            </Offset>
          </Anchor>
        </Anchors>
        <Scripts>
          <OnClick>
            Tetra_Mode_SetConfirmation("Classic");
          </OnClick>
        </Scripts>
      </Button>

    <Button name="Tetra_Mode2" inherits="OptionsButtonTemplate" text="Up">
        <Size>
          <AbsDimension x="58" y="22"/>
        </Size>
        <Anchors>
          <Anchor point="TOPLEFT">
            <Offset>
              <AbsDimension x="280" y="-468"/>
            </Offset>
          </Anchor>
        </Anchors>
        <Scripts>
          <OnClick>
            Tetra_Mode_SetConfirmation("-  Up  -");
          </OnClick>
        </Scripts>
      </Button>

    <Button name="Tetra_Mode3" inherits="OptionsButtonTemplate" text="Twist">
        <Size>
          <AbsDimension x="58" y="22"/>
        </Size>
        <Anchors>
          <Anchor point="TOPLEFT">
            <Offset>
              <AbsDimension x="280" y="-446"/>
            </Offset>
          </Anchor>
        </Anchors>
        <Scripts>
          <OnClick>
            Tetra_Mode_SetConfirmation("-Twist-");
          </OnClick>
        </Scripts>
      </Button>

    <Button name="Tetra_Button1" inherits="OptionsButtonTemplate" text="Start">
        <Size>
          <AbsDimension x="58" y="22"/>
        </Size>
        <Anchors>
          <Anchor point="TOPLEFT">
            <Offset>
              <AbsDimension x="280" y="-528"/>
            </Offset>
          </Anchor>
        </Anchors>
        <Scripts>
          <OnClick>
            Tetra_StartGame();
          </OnClick>
        </Scripts>
      </Button>

    <Button name="Tetra_Button2" inherits="OptionsButtonTemplate" text="Mute">
        <Size>
          <AbsDimension x="58" y="22"/>
        </Size>
        <Anchors>
          <Anchor point="TOPLEFT">
            <Offset>
              <AbsDimension x="280" y="-550"/>
            </Offset>
          </Anchor>
        </Anchors>
        <Scripts>
          <OnClick>
            Tetra_MuteSound();
          </OnClick>
        </Scripts>
      </Button>

    <Button name="Tetra_PublishButton" inherits="OptionsButtonTemplate" text="PUBLISH">
        <Size>
          <AbsDimension x="128" y="44"/>
        </Size>
        <Anchors>
          <Anchor point="TOPLEFT">
            <Offset>
              <AbsDimension x="90" y="-260"/>
            </Offset>
          </Anchor>
        </Anchors>
        <Scripts>
          <OnClick>
            Tetra_PublishScore();
          </OnClick>
        </Scripts>
      </Button>

    </frames>

    <Scripts>
      <OnLoad>
        Tetra_OnLoad();
        self:RegisterForDrag("LeftButton");
        self:RegisterEvent("VARIABLES_LOADED");
      </OnLoad>
      <OnEvent>
        Tetra_Event();
      </OnEvent>
      <OnKeyDown>
        Tetra_ReceiveInput(key);
      </OnKeyDown>
      <OnKeyUp>
        Tetra_ReceiveInputtwo(key);
      </OnKeyUp>
      <OnUpdate>
        Tetra_OnUpdate(self, elapsed);
        Tetra_ReceiveInput(key);
      </OnUpdate>
      <OnDragStart>
        self:StartMoving();
        self.isMoving = true;
      </OnDragStart>
      <OnDragStop>
        self:StopMovingOrSizing();
        self.isMoving = false;
      </OnDragStop>
    </Scripts>
  </Frame>





  	<Button name="Tetra_MinimapButton" parent="Minimap" enableMouse="true" movable="true" hidden="false">
		<Size>
			<AbsDimension x="33" y="33"/>
		</Size>
		<Anchors>
			<Anchor point="TOPLEFT"/>
		</Anchors>
		<Layers>
			<Layer level="BACKGROUND">
				<Texture name="Tetra_MinimapButton_Icon" file="interface\\addons\\Tetra\\Images\\L1">
					<Size>
						<AbsDimension x="21" y="21"/>
					</Size>
					<Anchors>
						<Anchor point="TOPLEFT">
							<Offset>
								<AbsDimension x="7" y="-6"/>
							</Offset>
						</Anchor>
					</Anchors>
				</Texture>
			</Layer>
			<Layer level="OVERLAY">
				<Texture file="Interface\Minimap\MiniMap-TrackingBorder">
					<Size>
						<AbsDimension x="56" y="56"/>
					</Size>
					<Anchors>
						<Anchor point="TOPLEFT"/>
					</Anchors>
				</Texture>
			</Layer>
		</Layers>
		<Frames>
			<Frame name="Tetra_MinimapButton_DraggingFrame" hidden="true">
				<Scripts>
					<OnUpdate>
						Tetra_MinimapButton_DraggingFrame_OnUpdate()
					</OnUpdate>
				</Scripts>
			</Frame>
		</Frames>
		<HighlightTexture alphaMode="ADD" file="Interface\Minimap\UI-Minimap-ZoomButton-Highlight"/>
		<Scripts>
			<OnLoad>
				self:RegisterForClicks("LeftButtonUp","RightButtonUp")
				self:RegisterForDrag("LeftButton","RightButton")
                Tetra_MinimapButton_Reposition()
			</OnLoad>
			<OnDragStart>
				self:LockHighlight()
				Tetra_MinimapButton_DraggingFrame:Show()
			</OnDragStart>
			<OnDragStop>
				self:UnlockHighlight()
				Tetra_MinimapButton_DraggingFrame:Hide()
			</OnDragStop>
            <OnEnter>
                Tetra_MinimapButton_OnEnter()
            </OnEnter>
            <OnLeave>
               Tetra_MinimapButton_OnLeave()
            </OnLeave>   

			<OnClick>
				Tetra_MinimapButton_OnClick() -- do your thing in here, arg1 is mouse button clicked
			</OnClick>
		</Scripts>
	</Button>




</Ui>