<Ui xmlns="http://www.blizzard.com/wow/ui/" xmlns:xsi="http://www.w3.org/2001/XMLSchema-instance" xsi:schemaLocation="http://www.blizzard.com/wow/ui/
..\FrameXML\UI.xsd">

  <Frame name="MonkTimersFrame" clampedToScreen="true" frameStrata="LOW" movable="true" enableMouse="true" hidden="true">
    <Size>
      <AbsDimension x="30" y="30" />
    </Size>
    <Anchors>
      <Anchor point="CENTER" relativePoint="CENTER"/>
    </Anchors>
    <Scripts>
      <OnLoad>
        self:RegisterEvent("PLAYER_ENTERING_WORLD")
      </OnLoad>
    </Scripts>
  </Frame>
  
    <Frame name="MonkTimers_LongCooldownsFrame" clampedToScreen="true" frameStrata="LOW" movable="true" enableMouse="true" hidden="true">
    <Size>
      <AbsDimension x="30" y="30" />
    </Size>
    <Anchors>
      <Anchor point="CENTER" relativePoint="CENTER"/>
    </Anchors>
  </Frame>
  
  
  	<Frame name="MonkTimersHarmonyBar" parent="UIParent" hidden="true" inherits="SecureHandlerBaseTemplate">
		<Size x="1" y="60"/>
		<Layers>
			<Layer level="BACKGROUND">
				<Texture name="$parentGlow" inherits="MonkUI-background-shadow">
					<Anchors>
						<Anchor point="CENTER" x="0" y="0"/>
					</Anchors>
				</Texture>
			</Layer>
			<Layer level="BORDER">
				<Texture name="$parentGlow" inherits="MonkUI-background">
					<Anchors>
						<Anchor point="CENTER" x="0" y="0"/>
					</Anchors>
				</Texture>
			</Layer>
		</Layers>
		<Frames>
			<StatusBar name="$parentEnergyBar">
				<Size x="100" y="10"/>
				<Anchors>
					<Anchor point="CENTER" y="1"/>					
				</Anchors>
				<Layers>
					<Layer level="OVERLAY">
						<FontString name="$parentText" parentKey="text" inherits="GameFontNormalSmall" justifyH="CENTER">
							<Color r="0.8" g="0.8" b="0" a="0.7"/>
							<Anchors>
								<Anchor point="TOP" relativePoint="BOTTOM" y="-2"/>
							</Anchors>
						</FontString>
					</Layer>
				</Layers>
				<BarTexture file="Interface\TargetingFrame\UI-StatusBar"/> 
				<BarColor r="0.8" g="0.8" b="0.0" a="1.0"/>
				<Scripts>
					<OnLoad>
						self:SetMinMaxValues(0,100)
						self:SetValue(100)
					</OnLoad>
				</Scripts>
			</StatusBar>
			<Frame name="$parentLightEnergy1" inherits="MonkLightEnergyTemplate" parentKey="lightEnergy1">
				<Anchors>
					<Anchor point="LEFT" x="-43" y="1"/>
				</Anchors>
			</Frame>
			<Frame name="$parentLightEnergy2" inherits="MonkLightEnergyTemplate" parentKey="lightEnergy2">
				<Anchors>
					<Anchor point="LEFT" relativeTo="$parentLightEnergy1" relativePoint="RIGHT" x="5" y="0"/>
				</Anchors>
			</Frame>
			<Frame name="$parentLightEnergy3" inherits="MonkLightEnergyTemplate" parentKey="lightEnergy3">
				<Anchors>
					<Anchor point="LEFT" relativeTo="$parentLightEnergy2" relativePoint="RIGHT" x="5" y="0"/>
				</Anchors>
			</Frame>
			<Frame name="$parentLightEnergy4" inherits="MonkLightEnergyTemplate" parentKey="lightEnergy4">
				<Anchors>
					<Anchor point="LEFT" relativeTo="$parentLightEnergy3" relativePoint="RIGHT" x="5" y="0"/>
				</Anchors>
			</Frame>
			<Frame name="$parentLightEnergy5" inherits="MonkLightEnergyTemplate" parentKey="lightEnergy5" hidden="true">
				<Anchors>
					<Anchor point="LEFT" relativeTo="$parentLightEnergy4" relativePoint="RIGHT" x="1" y="0"/>
				</Anchors>
			</Frame>
		</Frames>
	</Frame>

</Ui>


