<Ui xmlns="http://www.blizzard.com/wow/ui/" xmlns:xsi="http://www.w3.org/2001/XMLSchema-instance" xsi:schemaLocation="http://www.blizzard.com/wow/ui/
..\FrameXML\UI.xsd">

  <CheckButton name="XiTimersLiteTemplate" clampedToScreen="true" movable="true" enableMouse="true" virtual="true"
    inherits="ActionButtonTemplate, SecureActionButtonTemplate, SecureHandlerEnterLeaveTemplate, SecureHandlerBaseTemplate, SecureHandlerAttributeTemplate,SecureHandlerDragTemplate,SecureHandlerMouseUpDownTemplate">
    <Size x="36" y="36"/>
	<Frames>
      <StatusBar name="$parentBar">
        <Size>
          <AbsDimension x="36" y="36"/>
        </Size>
        <Anchors>
          <Anchor point="CENTER" relativePoint="CENTER"/>
        </Anchors>
		<BarTexture file="Interface\TargetingFrame\UI-StatusBar"/> 
        <BarColor r="0.0" g="0.8" b="0.0" a="0.7"/>
        <Scripts>
          <OnLoad>
            self:SetMinMaxValues(0,5)
            self:SetValue(0)
            self:SetOrientation("VERTICAL")
          </OnLoad>
        </Scripts>
      </StatusBar>
	</Frames>
  </CheckButton>

  <CheckButton name="XiTimersLiteUnsecureTemplate" clampedToScreen="true" movable="true" enableMouse="true" virtual="true"
    inherits="ActionButtonTemplate">
    <Size x="36" y="36"/>
	<Frames>
      <StatusBar name="$parentBar">
        <Size>
          <AbsDimension x="36" y="36"/>
        </Size>
        <Anchors>
          <Anchor point="CENTER" relativePoint="CENTER"/>
        </Anchors>
		<BarTexture file="Interface\TargetingFrame\UI-StatusBar"/> 
        <BarColor r="0.0" g="0.8" b="0.0" a="0.7"/>
        <Scripts>
          <OnLoad>
            self:SetMinMaxValues(0,5)
            self:SetValue(0)
            self:SetOrientation("VERTICAL")
          </OnLoad>
        </Scripts>
      </StatusBar>
    </Frames>
  </CheckButton>

  
	<StatusBar name="XiTimersTimerBarTemplate" virtual="true" minValue="0" maxValue="5" defaultValue="0" hidden="true">
		<Size>
		  <AbsDimension x="36" y="12"/>
		</Size>
		<Anchors>
		  <Anchor point="TOP" relativePoint="BOTTOM"/>
		</Anchors>
		<BarTexture file="Interface\TargetingFrame\UI-StatusBar"/> 
		<BarColor r="0.4" g="0.4" b="1.0" a="1.0"/>
		<Layers>
		  <Layer level="OVERLAY">
            <Texture name="$parentIcon" hidden="false">
                <Size x="12" y="12"/>
                <Anchors>
                    <Anchor point="RIGHT" relativePoint="LEFT">
                        <Offset x="5"/>
                    </Anchor>
                </Anchors>
            </Texture>	
            <FontString name="$parentTime" inherits="GameFontNormalSmall" justifyH="CENTER">
			  <Anchors>
				<Anchor point="CENTER" relativePoint="CENTER"/>
			  </Anchors>
			</FontString>
          </Layer>
        </Layers>
        <Frames>
        	<StatusBar name="$parentBackground" minValue="0" maxValue="1" defaultValue="0" hidden="true">
        		<Size>
        		  <AbsDimension x="36" y="12"/>
        		</Size>
        		<Anchors>
        		  <Anchor point="CENTER"/>
        		</Anchors>
        		<BarTexture file="Interface\TargetingFrame\UI-StatusBar"/> 
        		<BarColor r="0.7" g="0.7" b="1.0" a="0.4"/>
                <Scripts>
                    <OnLoad> self:SetFrameLevel(self:GetParent():GetFrameLevel()-1) </OnLoad>
                </Scripts>
            </StatusBar>
        </Frames>
	</StatusBar>
</Ui>


