<Ui xmlns="http://www.blizzard.com/wow/ui/" xmlns:xsi="http://www.w3.org/2001/XMLSchema-instance" xsi:schemaLocation="http://www.blizzard.com/wow/ui/
..\FrameXML\UI.xsd">
	<Script File="AbsorbBar.lua" />
	
	<Texture name="ArenaLive_AbsorbBarTemplate" virtual="true" file="Interface\RaidFrame\Shield-Fill"/>
	<Texture name="ArenaLive_AbsorbBarOverlayTemplate" virtual="true" file="Interface\RaidFrame\Shield-Overlay" vertTile="true" horizTile="true"/>
	<Texture name="ArenaLive_AbsorbFullHPIndicator" virtual="true">
		<Size>
			<AbsDimension x="2" />
		</Size>
		<Color r="0" g="0" b="0"/>
	</Texture>

</Ui>