<Ui xmlns="http://www.blizzard.com/wow/ui/" xmlns:xsi="http://www.w3.org/2001/XMLSchema-instance" xsi:schemaLocation="http://www.blizzard.com/wow/ui/
..\FrameXML\UI.xsd">
	<Script File="DRTracker.lua" />
	
	<Frame name="ArenaLive_DrTrackerIconTemplate" virtual="true">
		<Layers>
			<Layer level="BACKGROUND">
				<Texture name="$parentTexture" file="Interface\Icons\INV_Misc_QuestionMark" />
			</Layer>
		</Layers>
		<Frames>
			<Frame setAllPoints="true">
				<Frames>
					<Frame setAllPoints="true">
						<Layers>
							<Layer level="OVERLAY">
								<Texture name="$parentCount">
									<Anchors>
										<Anchor point="TOPRIGHT" />
									</Anchors>
								</Texture>
							</Layer>
						</Layers>
					</Frame>
				</Frames>
			</Frame>
			<Cooldown name="$parentCooldown" inherits="ArenaLive_CooldownTemplate" reverse="true" />
		</Frames>
	</Frame>
</Ui>