<Ui xmlns="http://www.blizzard.com/wow/ui/" xmlns:xsi="http://www.w3.org/2001/XMLSchema-instance" xsi:schemaLocation="http://www.blizzard.com/wow/ui/
..\FrameXML\UI.xsd">
<!--Template for a Background frame-->

	<Frame name ="DugisSmallFrameTemplate"  parent = "UIParent" movable="true" virtual="true"> 
	<!-- <Frame name ="DugisSmallFrame"  parent = "UIParent" movable="true"> -->
			<Scripts>
				<OnMouseDown> 
					if DugisGuideViewer.Modules.SmallFrame then
						DugisGuideViewer.Modules.SmallFrame:OnClick(self, button)
					end
				</OnMouseDown>		
				<OnEnter> 
					if DugisGuideViewer.Modules.SmallFrame then
						DugisGuideViewer.Modules.SmallFrame:OnEnter(self, event)
					end
				</OnEnter>
				<OnLeave>
					if DugisGuideViewer.Modules.SmallFrame then
						DugisGuideViewer.Modules.SmallFrame:OnLeave(self, event)
					end
				</OnLeave>
			</Scripts>
		<Layers>
			<Layer >
			<FontString name="$parentText" parentKey="Text" inherits="GameFontNormal"  justifyH="LEFT" text="">
				
					<Size>
					<!-- <AbsDimension x="75" y="14"/> -->
					<Size x="200" y="50"/>
					</Size>
					<Anchors>
						<Anchor point="LEFT" relativeTo = "$parent">
							<Offset>
								<AbsDimension x="65" y="0"/>
							</Offset>
						</Anchor>
						<Anchor point="TOP" relativeTo = "$parent"/>
					</Anchors>
				</FontString>			
				<FontString name="$parentDesc" parentKey="Desc" inherits="GameFontHighlightSmall" wraponspaces="true" wordwrap="true" justifyH="LEFT" justifyV="TOP" text="" visible ="false">
					<Anchors>
						<Anchor point="LEFT" relativeTo="$parent" relativePoint="LEFT">
							<Offset>
								<AbsDimension x="16" y="0"/>
							</Offset>
						</Anchor>	
						<Anchor point="TOP" relativeTo="$parentText" relativePoint="BOTTOM">
							<Offset>
								<AbsDimension x="0" y="-8"/>
							</Offset>
						</Anchor>
						<Anchor point="RIGHT" relativeTo="$parent" relativePoint="RIGHT">
							<Offset>
								<AbsDimension x="-16" y="0"/>
							</Offset>
						</Anchor>
					</Anchors>
				</FontString>
				<!--<FontString name="$parentObjectives" parentKey="Objectives" inherits="WatchFontTemplate">
					<Size x="160" y="0"/>
					<Anchors>
						<Anchor point="LEFT" relativeTo="$parent">
							<Offset>
								<AbsDimension x="16" y="0"/>
							</Offset>
						</Anchor>
						<Anchor point="RIGHT" relativeTo="$parent">
							<Offset>
								<AbsDimension x="-16" y="0"/>
							</Offset>
						</Anchor>
						<Anchor point="BOTTOM" relativeTo="$parent">
							<Offset>
								<AbsDimension x="0" y="13"/>
							</Offset>
						</Anchor>
					</Anchors>
				</FontString>-->
			</Layer>
		</Layers>
		<Frames>
			<Button name ="$parentIcon" parentKey="Icon">	
				<Size x="22" y="22"/>
				<NormalTexture  setAllPoints ="true"/>
				
				<!--<HighlightTexture alphaMode ="ADD"
				file ="Interface\Buttons\ButtonHilight-Square"/>-->	
				<Anchors>
					<Anchor point="RIGHT" relativeTo="$parentText" relativePoint = "LEFT"/>
				</Anchors>
			</Button>
			<Button name ="$parentWayPoint" parentKey="Waypoint">
				<Size x="22" y="22"/>
				<NormalTexture file ="Interface\AddOns\DugisGuideViewerZ\Artwork\waypoint.tga"/>
				<Disabledtexture file="Interface\AddOns\DugisGuideViewerZ\Artwork\GreyDot.tga"/>
				<HighlightTexture alphaMode ="ADD" file ="Interface\BUTTONS\UI-Panel-MinimizeButton-Highlight"/>
				<pushedtexture file = "Interface\AddOns\DugisGuideViewerZ\Artwork\waypoint_pressed.tga"/>
				<Anchors>
					<Anchor point="RIGHT" relativeTo="$parentIcon" relativePoint = "LEFT">
					<Offset> <AbsDimension x="5" y="0"/> </Offset>
					</Anchor>
				</Anchors>
				<Scripts> <OnClick> 
					DugisGuideViewer:WayPoint_OnClick(self)
				</OnClick></Scripts> 
			</Button>
			<CheckButton name = "$parentChk" inherits ="UICheckButtonTemplate" parentKey="Chk" >
				<Size x="15" y="15"/>
				<Anchors>
					<Anchor point="RIGHT" relativeTo="$parentWayPoint" relativePoint="LEFT" >
						<Offset> <AbsDimension x="4" y="0"/> </Offset>
					</Anchor>
				</Anchors>
				<Scripts>
				<OnClick> 
					if DugisGuideViewer.Modules.SmallFrame then
						DugisGuideViewer.Modules.SmallFrame:CheckButton_OnEvent(self, event)
					end
				</OnClick>
				</Scripts>
			</CheckButton>
			
			
			<Button name ="$parentModelButton" parentKey="ModelButton" visible ="true">
				<Size x="22" y="22"/>
				<NormalTexture file ="Interface\AddOns\DugisGuideViewerZ\Artwork\y_waypoint.tga"/>
				<Disabledtexture file="Interface\AddOns\DugisGuideViewerZ\Artwork\GreyDot.tga"/>
				<HighlightTexture alphaMode ="ADD" file ="Interface\BUTTONS\UI-Panel-MinimizeButton-Highlight"/>
				<pushedtexture file = "Interface\AddOns\DugisGuideViewerZ\Artwork\y_waypoint_pressed.tga"/>
				<Anchors>
					<Anchor point="RIGHT" relativeTo="$parent">
						<Offset>
							<AbsDimension x="-9" y="0"/>
						</Offset>
					</Anchor>
					<Anchor point="TOP" relativeTo="$parentWayPoint"/>
				</Anchors>
				<Scripts> <OnClick> DugisGuideViewer.Modules.ModelViewer:ModelButton_OnClick(self, button, down); </OnClick></Scripts>
			</Button>
			<Frame name="$parentObjectives" parentKey="Objectives" visible ="true">
				<Size x="0" y="0"/>
				<Anchors>
					<Anchor point="LEFT" relativeTo="$parent">
						<Offset>
							<AbsDimension x="40" y="0"/>
						</Offset>
					</Anchor>
					<Anchor point="RIGHT" relativeTo="$parent">
						<Offset>
							<AbsDimension x="-16" y="0"/>
						</Offset>
					</Anchor>
					<Anchor point="BOTTOM" relativeTo="$parent"/>
				</Anchors>
			</Frame>
		</Frames>
	</Frame>
	<!--Template for a row with checkbox, picture and quest text -->
	<Button name = "DugisQuestRowTemplate" virtual="true" >
		<Size> 
			<!-- <AbsDimension x="545" y="35" /> -->
			<AbsDimension x="400" y="35" />
		</Size>
	<!--	<HighlightTexture alphaMode ="ADD"
				file ="Interface\Buttons\ButtonHilight-Square"/>-->
		<Scripts>
			<OnEnter>
				DugisGuideViewer:Tooltip_OnEnter(self, event)
			</OnEnter>
			<OnLeave>
				DugisGuideViewer:Tooltip_OnLeave(self, event)		
			</OnLeave>
			<OnClick>
				if IsShiftKeyDown() then DugisGuideViewer.Modules.StickyFrame:AddRow(self) end
			</OnClick>
		</Scripts>
		
			<Frames>
				<CheckButton name = "$parentChk" parentKey="Chk" inherits ="UICheckButtonTemplate" visible ="false">
					<Size x="25" y="25"/>
					<Anchors>
					<Anchor point = "TOPLEFT">
					<Offset> 
					<AbsDimension x="0" y = "-5"/> 
					</Offset>
					</Anchor>
					</Anchors>
					<Scripts>
					<OnClick function="DugisGuideViewer_CheckButton_OnEvent">
					</OnClick>
					</Scripts>
				</CheckButton>	
				<Button name ="$parentWayPoint" parentKey="WayPoint">
					<Size x="25" y="25"/>
					<NormalTexture file ="Interface\AddOns\DugisGuideViewerZ\Artwork\waypoint.tga"/>
					<Disabledtexture file="Interface\AddOns\DugisGuideViewerZ\Artwork\GreyDot.tga"/>
					<HighlightTexture alphaMode ="ADD" file ="Interface\BUTTONS\UI-Panel-MinimizeButton-Highlight"/>
					<pushedtexture file = "Interface\AddOns\DugisGuideViewerZ\Artwork\waypoint_pressed.tga"/>
					<Anchors>
					<Anchor point="LEFT" relativeTo="$parentChk" relativePoint="RIGHT" >
						<Offset> <AbsDimension x="-5" y="0"/> </Offset>
					</Anchor>
					</Anchors>
					<Scripts> <OnClick> DugisGuideViewer:WayPoint_OnClick(self) </OnClick></Scripts> 
				</Button>
				<Button name ="$parentButton" parentKey="Button">
					<Size x="32" y="32"/>
					<NormalTexture  setAllPoints ="true"/>
					<!--<HighlightTexture alphaMode ="ADD"
					file ="Interface\Buttons\ButtonHilight-Square"/>-->	
					<Anchors>
					<Anchor point="LEFT" relativeTo="$parentWayPoint" relativePoint="RIGHT" >
						<Offset> <AbsDimension x="-5" y="0"/> </Offset>
					</Anchor>
					</Anchors>
				</Button>
			</Frames>
		<Layers>
			<Layer >
				<FontString name="$parentName" parentKey="Name" inherits="GameFontNormal" wraponspaces="false" justifyH="LEFT" text=""> <!--GameFontHighlight-->
					<Size>
					<!-- <AbsDimension x="475" y="14"/> -->

					<AbsDimension x="415" y="14"/>
					</Size>
					<Anchors>
						<Anchor point="LEFT" relativeTo="$parentButton" relativePoint="RIGHT" >
						<!-- <Anchor point="LEFT"  > -->
						<Offset>
						<AbsDimension x="0" y="5"/>
						</Offset>
						</Anchor>
					</Anchors>
				</FontString>
				<FontString name="$parentOpt" parentKey="Opt" inherits="GameFontNormal" wraponspaces="false" justifyH="LEFT"  > <!--GameFontHighlight-->
					<Size>
					<AbsDimension x="475" y="14"/>
					</Size>
					<Anchors>
					<Anchor point="LEFT" relativeTo="$parentName" relativePoint="RIGHT" >
					<Offset>
					<AbsDimension x="0" y="0"/>
					</Offset>
					</Anchor>
					</Anchors>
				</FontString>
				<FontString name="$parentDesc" parentKey="Desc" inherits="GameFontHighlightSmall" wraponspaces="false" justifyH="LEFT" text="">
					<Size>
					<!-- <AbsDimension x="475" y="14"/> -->
					<AbsDimension x="415" y="14"/>
					</Size>
					<Anchors>
					<!--<Anchor point="TOP" relativeTo="$parentName" relativePoint="BOTTOM"/>-->
					<Anchor point="LEFT" relativeTo="$parentName" relativePoint="LEFT">
					<Offset>
					<AbsDimension x="0" y="-14"/>
					</Offset>
					</Anchor>
					</Anchors>
				</FontString>			
				
				
				
			</Layer>
		</Layers>
		

	</Button> ><!--End of virutual button row-->

	<!--Template for the small window with icon and text -->
	<Button name = "IconReferenceTemplate" virtual="true" >
		<Size> 
			<AbsDimension x="300" y="35" />
		</Size>
		<!--
		<Backdrop
			   bgFile="Interface\DialogFrame\UI-DialogBox-Background"
			   edgeFile="Interface\DialogFrame\UI-DialogBox-Border"
			   tile="true">
		</Backdrop>
	-->
		
	<!--	<HighlightTexture alphaMode ="ADD"
				file ="Interface\Buttons\ButtonHilight-Square"/>-->
		<Frames>
		<Button name ="$parentButton" parentKey="Button">
	<!--		<Size x="25" y="25"/> -->
			<Size x="22" y="22"/>
			<NormalTexture  setAllPoints ="true"/>
		<!--	<HighlightTexture alphaMode ="ADD"
			file ="Interface\Buttons\ButtonHilight-Square"/>-->
			<Anchors>
			<Anchor point="LEFT" relativeTo="$parent" relativePoint="LEFT" />
			</Anchors>
		</Button>
			</Frames>	
		
		<Layers>
			<Layer >
				<FontString name="$parentName" parentKey="Name" inherits="GameFontNormal" wraponspaces="false" text=""> <!--GameFontHighlight-->
					<Size>
					<AbsDimension x="75" y="14"/>
					</Size>
					<Anchors>
					<Anchor point="LEFT" relativePoint="RIGHT" relativeTo="$parentButton">
					<!--<Anchor point="LEFT" relativePoint="LEFT" relativeTo="$parent">-->
					<Offset>
					<AbsDimension x="0" y="0"/>
					</Offset>
					</Anchor>
					</Anchors>
				</FontString>			
				
			</Layer>
		</Layers>
	</Button> ><!--End of virutual button row-->
	
	<Button name="DugisGuideListingTemplate" virtual="true">
        <Size x="400" y="16"/>
        <Layers>
            <Layer level="BACKGROUND">
				<FontString name="$parentPercent" parentKey="Percent" inherits="GameFontHighlight" wraponspaces="false" justifyH="RIGHT" text=""> 
					<Size>
					<AbsDimension x="105" y="14"/>
					</Size>
					<Anchors>
					<Anchor point="RIGHT">
						<Offset>
							<AbsDimension x="-10" y="0"/>
						</Offset>
					</Anchor>
					</Anchors>
				</FontString>
            </Layer>
        </Layers>
        <Scripts>
            <OnClick function="DugisGuideViewer_TabRow_OnEvent">
			</OnClick>
			<OnUpdate>
				self:SetWidth(self:GetParent():GetWidth()) --Anchoring right is not performant, but for some reason this is fine.
			</OnUpdate>
        </Scripts>
        <NormalTexture file="Interface\Buttons\UI-MinusButton-UP">
            <Size x="16" y="16"/>
            <Anchors>
                <Anchor point="LEFT" x="3" y="0"/>
            </Anchors>
        </NormalTexture>
        <HighlightTexture name="$parentHighlight" parentKey="highlight" file="Interface\Buttons\UI-PlusButton-Hilight" alphaMode="ADD">
            <Size x="16" y="16"/>
            <Anchors>
                <Anchor point="LEFT" x="3" y="0"/>
            </Anchors>
        </HighlightTexture>
        <ButtonText name="$parentTitle" nonspacewrap="true" parentKey="Title">
            <Size x="0" y="10"/>
            <Anchors>
                <Anchor point="LEFT" x="20" y="0"/>
            </Anchors> 
        </ButtonText>
        <NormalFont style="GameFontHighlightLeft"/>
        <HighlightFont style="GameFontHighlightLeft"/>
        <DisabledFont style="GameFontHighlightLeft"/>
    </Button>
			
	<Button name = "DugisCloseButton" inherits="UIPanelCloseButton">
		<Anchors>
			<Anchor point="TOPRIGHT" relativeTo="DugisMain" >
			<Offset>
					<AbsDimension x="-6" y="-8"/>
				</Offset>
			</Anchor>
		</Anchors>
		<Scripts>
			<OnClick>DugisGuideViewer_Close_ButtonClick();</OnClick>
		</Scripts> 
	</Button>
	
	<Button name="DugisOnOffButton" parent = "UIParent"  movable="true" enableMouse='true' frameStrata="MEDIUM" >
		<Size x="32" y="32"/>
		<NormalTexture file ="Interface\AddOns\DugisGuideViewerZ\Artwork\iconbutton.tga"/>
		<HighlightTexture alphaMode ="ADD" file ="Interface\Minimap\UI-Minimap-ZoomButton-Highlight"/>
		<Anchors>
		<!-- <Anchor point="RIGHT" relativeTo="DugisSmallFrame" relativePoint = "LEFT" > -->
		<Anchor point="RIGHT" relativeTo="Minimap" relativePoint = "LEFT" >
			<Offset>
			<!-- <AbsDimension x="0" y="0"/>  -->
			<AbsDimension x="13" y="35"/>
			</Offset>
		</Anchor>
		</Anchors>
	<Scripts>
		<OnLoad>
			self:RegisterForDrag("LeftButton");
			self:SetClampedToScreen(true);
			self:RegisterForClicks("AnyUp")
		</OnLoad>	
		<OnClick>
			DugisGuideViewer:OnOff_OnClick(self, button)
		</OnClick>
		<OnDragStart>
			DugisGuideViewer:OnDragStart(self);
		</OnDragStart>
		<OnDragStop>
			DugisGuideViewer:OnDragStop(self);
		</OnDragStop>
	</Scripts>	
	</Button>
	
	<Button name='GearOptionButtonTemplate' virtual='true' >
		<Size>
			<AbsDimension x="180" y="68"/>
		</Size>
		<Layers>
			<!--<Layer level="BACKGROUND">
				<Texture file="Interface\Buttons\ButtonHilight-Square" />
			</Layer>-->
			<Layer>
				<FontString name="$parentTitleFont" parentKey="titleFont" inherits="GameFontHighlight" wraponspaces="true" justifyH="LEFT" font="GameFontNormal"> 
					<Size>
						<AbsDimension x="180" y="12"/>
					</Size>
					<Anchors>
						<Anchor point="TOP" />
					</Anchors>
				</FontString>
			</Layer>
		</Layers>
		<!--<HighlightTexture alphaMode="ADD" file="Interface\Buttons\UI-ActionButton-Border"/>
		<PushedTexture file="Interface\Buttons\UI-Quickslot-Depress"/>-->
		<Frames>
			<Button name="$parentItemButton" parentKey="itemButton" inherits="LargeItemButtonTemplate" objectType="item">
				<Size>
					<AbsDimension x="147" y="41"/>
				</Size>
				<Anchors>
					<Anchor point="TOPLEFT" relativeTo="$parentTitleFont" relativePoint="bottomleft">
						<Offset>
							<AbsDimension y="-10"/>
						</Offset>
					</Anchor>
				</Anchors>
				<Scripts>
					<OnShow>
						local item = self:GetParent().item
						local name, texture, _
						if item then
							name, _, _, _, _, _, _, _, _, texture = GetItemInfo(item)
							
						else
							 name, texture = DugisGuideViewer.Modules.GearAdvisor:GetSlotBackgroundInfo(DugisEquipPromptFrame.slot)
						end
						self.name:SetText(name);
						SetItemButtonTexture(self, texture)
						SetItemButtonNameFrameVertexColor(self, 1.0, 1.0, 1.0);
					</OnShow>
					<OnEnter>
						local item = self:GetParent().item
						if item then
							GameTooltip:SetOwner(self, "ANCHOR_BOTTOM");
							GameTooltip:SetHyperlink(item)
							if GetInventoryItemLink("player", self:GetParent():GetParent().slot)~=item then
								GameTooltip_ShowCompareItem(GameTooltip)
							end
							CursorUpdate(self)
						end
					</OnEnter>
					<OnLeave>
						GameTooltip:Hide()
						ResetCursor()
					</OnLeave>            
					<OnUpdate>
						CursorOnUpdate(self, elapsed)
					</OnUpdate>
					<OnClick>
						DugisGuideViewer.Modules.GearAdvisor:OnGearOptionClicked(self:GetParent())
						DugisEquipItemHighlight:SetPoint("TOPLEFT", self, "TOPLEFT", -8, 7)
						DugisEquipItemHighlight:Show()
					</OnClick>
				</Scripts>
			</Button>
		</Frames>
		<Scripts>
			<OnShow>
				self.titleFont:SetText(self.title)
			</OnShow>
        </Scripts>
	</Button>
	
	<Frame name='DugisEquipPromptFrame' parent='UIParent' movable='true' enableMouse='true' hidden='true' >
		<Size> <AbsDimension x="410" y="270"/> </Size>
		<Anchors> 
			<Anchor point="CENTER"></Anchor>
		</Anchors>
		<Frames>
			<Frame name="DugisEquipItemHighlight" hidden="true">
                <Size>
                    <AbsDimension x="256" y="64"/>
                </Size>
                <Anchors>
                    <Anchor point="TOPLEFT"/>
                </Anchors>
                <Layers>
                    <Layer level="BACKGROUND">
                        <Texture file="Interface\QuestFrame\UI-QuestItemHighlight" alphaMode="ADD">
                            <Size>
                                <AbsDimension x="256" y="64"/>
                            </Size>
                            <Anchors>
                                <Anchor point="TOPLEFT"/>
                            </Anchors>
                        </Texture>
                    </Layer>
                </Layers>
                <Scripts>
                    <OnLoad function="RaiseFrameLevel"/>
                </Scripts>
            </Frame>
			<Button name="$parentRecommendedGearOption" parentKey="recommended" inherits="GearOptionButtonTemplate">
				<Anchors>
					<Anchor point="TOPLEFT">
						<Offset>
							<AbsDimension x="25" y="-20"/>
						</Offset>
					</Anchor>
				</Anchors>
			</Button>
			<Button name="$parentExistingGearOption" parentKey="existing" inherits="GearOptionButtonTemplate">
				<Anchors>
					<Anchor point="TOPLEFT" relativeTo="$parentRecommendedGearOption" relativePoint="bottomleft">
						<Offset>
							<AbsDimension y="-10" />
						</Offset>
					</Anchor>
				</Anchors>
			</Button>
			<Button name="$parentOKButton" inherits="UIPanelButtonTemplate" text ="Okay">
				<Size>
					<AbsDimension x='75' y='23'/>
				</Size>
				<Anchors>
					<Anchor point="BOTTOMLEFT">
						<Offset>
							<AbsDimension x="25" y="20"/>
						</Offset>
					</Anchor>
				</Anchors>
				<Scripts>
					<OnClick>
						self:GetParent():Hide()
					</OnClick> 
				</Scripts>
			</Button>
			<Button name="$parentCancelButton" inherits="UIPanelButtonTemplate" text ="Cancel">
				<Size>
					<AbsDimension x='75' y='23'/>
				</Size>
				<Anchors>
					<Anchor point="LEFT" relativeTo="$parentOKButton" relativePoint="RIGHT">
						<Offset>
							<AbsDimension x="5" y="0"/>
						</Offset>
					</Anchor>
				</Anchors>
				<Scripts>
					<OnClick>
						local parent = self:GetParent()
						parent.action = "CANCEL"
						parent.blacklist:SetChecked(false)
						parent:Hide()
					</OnClick> 
				</Scripts>
			</Button>
			<CheckButton name = "$parentBlacklistChk" inherits ="UICheckButtonTemplate" parentKey="blacklist" >
				<Anchors>
					<Anchor point="BOTTOMLEFT" relativeTo="$parentOKButton" relativePoint="topleft" >
						<Offset>
							<AbsDimension x="-3" />
						</Offset>
					</Anchor>
				</Anchors>
				<Scripts>
					<OnClick>
						local checked = self:GetChecked()
						local forAll = self:GetParent().forAll
						if checked then
							forAll:SetChecked(false)
							forAll:Disable()
							forAll.text:SetTextColor(GRAY_FONT_COLOR.r, GRAY_FONT_COLOR.g, GRAY_FONT_COLOR.b)
						else
							forAll:Enable()
							forAll.text:SetTextColor(1.0, 0.82, 0)
						end
					</OnClick>
					<OnShow>
						self.text:SetFont((self.text:GetFont()), 12)
					</OnShow>
				</Scripts>
			</CheckButton>
			<CheckButton name = "$parentForAllChk" inherits ="UICheckButtonTemplate" parentKey="forAll" >
				<Anchors>
					<Anchor point="BOTTOMLEFT" relativeTo="$parentBlacklistChk" relativePoint="topleft" >
						<Offset>
							<AbsDimension y="-5"/>
						</Offset>
					</Anchor>
				</Anchors>
				<Scripts>
					<OnShow>
						self.text:SetFont((self.text:GetFont()), 12)
					</OnShow>
				</Scripts>
			</CheckButton>
		</Frames>
		<Scripts>
			<OnLoad>
				self:RegisterForDrag("LeftButton")
				self:SetClampedToScreen(true);
			</OnLoad>     
			<OnDragStart>
				self:StartMoving()
			</OnDragStart>
			<OnDragStop>
				self:StopMovingOrSizing()
			</OnDragStop> 		      
			<OnHide>
				DugisGuideViewer.Modules.GearAdvisor:OnPromptHidden(self)
			</OnHide>
        </Scripts>
	</Frame>
	
	<Frame name='DugisGuideSuggestFrame'  parent='UIParent' movable='true' enableMouse='true' hidden='true' > 
		 <Size> <AbsDimension x="340" y="120"/> </Size>
		
			<Anchors> 
			<Anchor point="CENTER"></Anchor>
			</Anchors> 
		 <Layers>
			<Layer>
				<FontString name="$parentTitle" parentKey="Title" inherits="GameFontHighlight" justifyH="CENTER" font="GameFontNormal"> 
					<Size>
					<AbsDimension x="300" y="20"/>
					</Size>
					<Anchors>
					<Anchor point="TOP" >
					<Offset>
					<AbsDimension x="0" y="-15"/>
					</Offset>
					</Anchor>
					</Anchors>
				</FontString>
				<FontString name="$parentGuideTitle" parentKey="GuideTitle" inherits="GameFontHighlight" justifyH="LEFT" font="GameFontNormal"> 
					<Size>
					<AbsDimension x="240" y="25"/>
					</Size>
					<Anchors>
					<Anchor point="TOP" relativeTo="$parentTitle" relativePoint="bottom">
					</Anchor>
					<Anchor point="LEFT" relativeTo="$parent" relativePoint="LEFT">
					<Offset> <AbsDimension x='20' /> </Offset>
					</Anchor>
					</Anchors>
				</FontString>
				<FontString name="$parentOr" parentKey="Or" text="Alternative Leveling Guides:" inherits="GameFontHighlight" justifyH="CENTER" font="GameFontNormal"> 
					<Size>
					<AbsDimension x="340" y="20"/>
					</Size>
					<Anchors>
					<Anchor point="TOP" relativeTo="$parentGuideTitle" relativePoint="bottom">
					<Offset> 
						<AbsDimension y="-5" /> 
					</Offset>
					</Anchor>
					<Anchor point="LEFT" relativeTo="$parent" relativePoint="LEFT">
					</Anchor>
					</Anchors>
				</FontString>
				<FontString name="$parentTitle2" parentKey="Title2" inherits="GameFontHighlight" wraponspaces="true" justifyH="CENTER" text="OR complete Quests in Log first" font="GameFontNormal"> 
					<Size>
					<AbsDimension x="300" y="30"/>
					</Size>
					<Anchors>
					<Anchor point="TOP" relativeTo="$parent" relativePoint="bottom">
					<Offset>
					<AbsDimension x="0" y="70"/>
					</Offset>
					</Anchor>
					</Anchors>
				</FontString>
			</Layer>
		</Layers>
		<Frames>
			<Button name='$parentYesButton' inherits='UIPanelButtonTemplate' text = 'Go'>
				<Size> <AbsDimension x='55' y='23'/> </Size>
				<Anchors> <Anchor point='LEFT' relativeTo="$parentGuideTitle" relativePoint="right" ><Offset><AbsDimension x="5"/></Offset></Anchor> </Anchors>
				<Scripts> <OnClick> DugisGuideViewer:SuggestButtonOnClick() </OnClick> </Scripts>
			</Button>
			<Button name='$parentCompleteYesButton' parentKey="CompleteYesButton" inherits='UIPanelButtonTemplate' text = 'Complete'>
				<Size> <AbsDimension x='95' y='23'/> </Size>
				<Anchors> <Anchor point='TOPRIGHT' relativeTo="$parentTitle2" relativePoint="bottom"><Offset><AbsDimension x="-5"/></Offset></Anchor> </Anchors>
				<Scripts> <OnClick> DugisGuideViewer:CompleteCurrentQuest() </OnClick> </Scripts>
			</Button>
			<Button name='$parentNoButton' inherits='UIPanelButtonTemplate' text = 'Not Now'>
				<Size> <AbsDimension x='95' y='23'/> </Size>
				<Anchors> <Anchor point='LEFT' relativeTo="$parentCompleteYesButton" relativePoint="right"><Offset><AbsDimension x="5"/></Offset></Anchor> </Anchors>
				<Scripts> <OnClick> self:GetParent():Hide() </OnClick> </Scripts>
			</Button> 
		</Frames>
		
		<Scripts>
			 <OnLoad>
			
				self:RegisterForDrag("LeftButton")
				self:SetClampedToScreen(true);
				self:SetBackdrop({
					bgFile = "Interface\\Tooltips\\UI-Tooltip-Background", edgeFile = "Interface/Tooltips/UI-Tooltip-Border", 
                                            tile = true, tileSize = 16, edgeSize = 16, 
                                            insets = { left = 4, right = 4, top = 4, bottom = 4 }}); 
				self:SetBackdropColor(0,0,0,1);	
			</OnLoad>
			<OnDragStart>
				self:StartMoving()
			</OnDragStart>
			<OnDragStop>
				self:StopMovingOrSizing()
			</OnDragStop>
			
		</Scripts>
	</Frame>
	
	<Frame name='DugisCoinRewardAdornment' parent='QuestInfoRewardsFrame' hidden='true' >
		<Layers>
			<Layer level="ARTWORK">
				<Texture file="Interface\AddOns\DugisGuideViewerZ\Artwork\GearAdvisor.tga" >
					<TexCoords left="0" right=".5" top=".5" bottom="1" />
				</Texture>
			</Layer>
		</Layers>
	</Frame>
	
	<Frame name='DugisGreenArrowRewardAdornment' parent='QuestInfoRewardsFrame' hidden='true' >
		<Layers>
			<Layer level="ARTWORK">
				<Texture file="Interface\AddOns\DugisGuideViewerZ\Artwork\GearAdvisor.tga" >
					<TexCoords left=".5" right="1" top="0" bottom=".5" />
				</Texture>
			</Layer>
		</Layers>
	</Frame>
	
	<Frame name='DugisYellowArrowRewardAdornment' parent='QuestInfoRewardsFrame' hidden='true' >
		<Layers>
			<Layer level="ARTWORK">
				<Texture file="Interface\AddOns\DugisGuideViewerZ\Artwork\GearAdvisor.tga" >
					<TexCoords left="0" right=".5" top="0" bottom=".5" />
				</Texture>
			</Layer>
		</Layers>
	</Frame>
	
	<Frame name='DugisGreenArrowAdornmentTemplate' virtual="true">
		<Layers>
			<Layer level="ARTWORK">
				<Texture file="Interface\AddOns\DugisGuideViewerZ\Artwork\GearAdvisor.tga" >
					<TexCoords left=".5" right="1" top="0" bottom=".5" />
				</Texture>
			</Layer>
		</Layers>
	</Frame>
	
	<Frame name='DugisYellowArrowAdornmentTemplate' virtual="true">
		<Layers>
			<Layer level="ARTWORK">
				<Texture file="Interface\AddOns\DugisGuideViewerZ\Artwork\GearAdvisor.tga" >
					<TexCoords left="0" right=".5" top="0" bottom=".5" />
				</Texture>
			</Layer>
		</Layers>
	</Frame>
	
	<Button name = "DugisArrowLFGFrameTemplate" virtual="true" >
		<Size> 
			<AbsDimension x="100" y="50" />
		</Size>
		<Layers>
			<Layer >
				<FontString name="$parentOr" parentKey="Or" inherits="GameFontNormal" wraponspaces="false" justifyH="CENTER" text=" Or "> <!--GameFontHighlight-->
					<Size>
						<AbsDimension x="40" y="14"/>
					</Size>
					<Anchors>
						<Anchor point="LEFT" relativeTo="DugisArrowFrame" relativePoint="RIGHT" >
							<Offset><AbsDimension x="5" /></Offset>
						</Anchor>
					</Anchors>
				</FontString>
			</Layer>
		</Layers>
		<Frames>
			<Button name ="$parentButton" parentKey="button">
				<HighlightTexture alphaMode ="BLEND" file ="Interface\AddOns\DugisGuideViewerZ\Artwork\Micro-Highlight.tga"/>
				<Size x="38.46" y="50"/>				
				<NormalTexture file ="INTERFACE\BUTTONS\UI-MicroButton-LFG-Up">
					<TexCoords left="0" right="1" top=".35" bottom="1" />
				</NormalTexture>
				<pushedtexture file ="INTERFACE\BUTTONS\UI-MicroButton-LFG-Down">
					<TexCoords left="0" right="1" top=".35" bottom="1" />
				</pushedtexture>
				<Anchors>
					<Anchor point="LEFT" relativeTo="$parentOr" relativePoint="RIGHT" >
						<Offset> <AbsDimension x="5" /> </Offset>
					</Anchor>
				</Anchors>
				<Scripts><OnClick> DugisGuideViewer:LFGSelected(self.queue) </OnClick></Scripts> 
			</Button>
		</Frames>
	</Button>
	
	<Frame name="DugisOrderedListItemTemplate" virtual="true" hidden="true">
		<Frames>
			<Button name="$parentRemove" parentKey="remove" hidden="true">
				<NormalTexture  file="Interface\RaidFrame\ReadyCheck-NotReady" />
				<Size>
					<AbsDimension x="20" y="20"/>
				</Size>
				<Anchors>
					<Anchor point="RIGHT"/>
				</Anchors>
				<Scripts>
					<OnClick>
						local parent = self:GetParent()
						local container = parent:GetParent()
						local index = parent:GetID()
						local options = DugisGuideViewer.chardb[container.optionIndex].options
						tremove(options, index)
						for i=3,math.min(3,#options),-1 do
							options[i] = options[i] or false
						end
						DugisGuideViewer:UpdateOrderedListView(container.optionIndex, container:GetChildren())
					</OnClick>
				</Scripts>
			</Button>
			<Button name="$parentDown" parentKey="down" hidden="true">
				<NormalTexture  file="Interface\AddOns\DugisGuideViewerZ\Artwork\GearAdvisor.tga" >
					<TexCoords left=".5" right="1" top=".5" bottom="0" />
				</NormalTexture>
				<Size>
					<AbsDimension x="20" y="20"/>
				</Size>
				<Anchors>
					<Anchor point="RIGHT">
						<Offset>
							<AbsDimension x="-20" />
						</Offset>
					</Anchor>
				</Anchors>
				<Scripts>
					<OnClick>
						local parent = self:GetParent()
						local container = parent:GetParent()
						local options = DugisGuideViewer.chardb[container.optionIndex].options
						local index = parent:GetID()
						if index~=#options then
							local value = tremove(options, index)
							tinsert(options, index+1, value)
							DugisGuideViewer:UpdateOrderedListView(container.optionIndex, container:GetChildren())
						end
					</OnClick>
				</Scripts>
			</Button>
			<Button name="$parentUp" parentKey="up" hidden="true">
				<NormalTexture  file="Interface\AddOns\DugisGuideViewerZ\Artwork\GearAdvisor.tga">
					<TexCoords left=".5" right="1" top="0" bottom=".5" />
				</NormalTexture>
				<Size>
					<AbsDimension x="20" y="20"/>
				</Size>
				<Anchors>
					<Anchor point="RIGHT">
						<Offset>
							<AbsDimension x="-40" />
						</Offset>
					</Anchor>
				</Anchors>
				<Scripts>
					<OnClick>
						local parent = self:GetParent()
						local container = parent:GetParent()
						local options = DugisGuideViewer.chardb[container.optionIndex].options
						local index = parent:GetID()
						if index~=1 then
							local value = tremove(options, index)
							tinsert(options, index-1, value)
							DugisGuideViewer:UpdateOrderedListView(container.optionIndex, container:GetChildren())
						end
					</OnClick>
				</Scripts>
			</Button>
		</Frames>
		<Size>
			<AbsDimension y="16" />
		</Size>
		<Anchors>
			<Anchor point="RIGHT"/>
			<Anchor point="LEFT"/>
		</Anchors>
		<Layers>
			<Layer level="ARTWORK">
				<FontString name="$parentText" parentKey="text" inherits="GameFontNormal" justifyH="LEFT" justifyV="CENTER" font="GameFontNormal">
					<Color a="1" r="1" g="1" b="1" />
					<Size>
						<AbsDimension x="12" />
					</Size>
					<Anchors>
						<Anchor point="RIGHT"/>
						<Anchor point="LEFT"/>
					</Anchors>
				</FontString>
			</Layer>
		</Layers>
		<Scripts>
			<OnEnter>
				local container = self:GetParent()
				local options = DugisGuideViewer.chardb[container.optionIndex].options
				local index = self:GetID()
				if index~=#options then
					self.down:Show()
				end
				if index~=1 then
					self.up:Show()
				end
				self.remove:Show()
			</OnEnter>
			<OnUpdate>
				local focusFrame = GetMouseFocus()
				if focusFrame and focusFrame~=self and focusFrame:GetParent()~=self then
					self.up:Hide()
					self.down:Hide()
					self.remove:Hide()
				end
			</OnUpdate>
		</Scripts>
	</Frame>
	
	<Frame name="DugisProgressIcon" toplevel="true" parent="UIParent" hidden="true">
        <Animations>
            <AnimationGroup parentKey="Loop" looping="REPEAT" >
                <Rotation target="DugisProgressIconSpin" order="1" duration="1" degrees="-360" />
            </AnimationGroup>
        </Animations>
        <Size x="80" y="80"/>
        <Frames>
            <Frame name="$parentFrame" setAllPoints="true" >
                <Layers>
                    <Layer level="BACKGROUND">
                        <Texture file="Interface\COMMON\StreamBackground" name="$parentBackground" setAllPoints="true" />
                    </Layer>
                    <Layer level="ARTWORK">
                        <Texture file="Interface\COMMON\StreamFrame" name="$parentAlpha" setAllPoints="true" />
                    </Layer>
                </Layers>
            </Frame>
            <Frame name="$parentSpin" setAllPoints="true" >
                <Layers>
                    <Layer level="BACKGROUND">
                        <Texture file="Interface\COMMON\StreamCircle" name="$parentSpinner" setAllPoints="true" />
                    </Layer>
                    <Layer level="OVERLAY" >
                        <Texture file="Interface\COMMON\StreamSpark" setAllPoints="true" />
                    </Layer>
                </Layers>
            </Frame>
        </Frames>
		<Scripts>
            <OnLoad>
				DugisProgressIconSpinSpinner:SetVertexColor(1,.82,0);
				DugisProgressIconFrameBackground:SetVertexColor(1,0.82,0);
				DugisProgressIcon.Loop:Play()
			</OnLoad>
        </Scripts>
    </Frame>
	
	<Frame name="DugisSelectionPanelTemplate" virtual="true" hidden="true">
		<Size x="206" y="32" />
		<Layers>
			<Layer level="OVERLAY">
				<Texture name="$parentIcon" parentKey="icon">
					<Size>
						<AbsDimension x="32" y="32"/>
					</Size>
					<Anchors>
						<Anchor point="LEFT" />
					</Anchors> 
				</Texture>
				<FontString name="$parentText" inherits="QuestFont_Super_Huge" justifyH="LEFT" parentKey="text">
					<Size x="0" y="0"/>
					<Anchors>
						<Anchor point="LEFT" x="10" relativePoint="RIGHT" relativeTo="$parentIcon" />
					</Anchors>
					<Color r="0.961" g="0.824" b="0.412"/>
				</FontString>
			</Layer>
		</Layers>
	</Frame>
	
	<CheckButton name = "DugisSelectionTemplate" inherits="DugisSelectionPanelTemplate" virtual="true" hidden="false">
		<HighlightTexture alphaMode ="ADD" file ="Interface\AddOns\DugisGuideViewerZ\Artwork\highlight"/>
		<CheckedTexture alphaMode ="ADD" file ="Interface\AddOns\DugisGuideViewerZ\Artwork\highlight"/>

		<Scripts>
			<OnClick>
				self.tabInfo:Activate()
				PlaySound("igCharacterInfoTab");
			</OnClick>
			<OnEnter>
				GameTooltip:SetOwner(self, "ANCHOR_RIGHT");
				GameTooltip:SetText(self.tooltip);
			</OnEnter>
			<OnLeave>
				GameTooltip:Hide();
			</OnLeave>
		</Scripts>
	</CheckButton>
	
	<Button name="TopTabTemplate" virtual="true">
        <Size x="120" y="36"/>    
        <HitRectInsets>
            <AbsInset left="-12" right="-12" top="0" bottom="0"/>
        </HitRectInsets>
        <Layers>
            <Layer level="BACKGROUND">
                <Texture name="$parentMid" file="Interface\EncounterJournal\UI-EncounterJournalTextures_Tile" virtual="true" parentKey="mid" horizTile="true">
					<Size x="64" y="36"/> 
					<TexCoords left="0.00000000" right="1.00000000" top="0.67382813" bottom="0.74414063"/>    
                    <Anchors>
                        <Anchor point="TOPLEFT" x="0" y="0"/>
                        <Anchor point="BOTTOMRIGHT" x="0" y="0"/>
                    </Anchors>
                </Texture>
                <Texture name="$parentLeft" file="Interface\EncounterJournal\UI-EncounterJournalTextures" virtual="true" parentKey="left">
					<Size x="12" y="36"/> 
					<TexCoords left="0.81835938" right="0.84179688" top="0.02246094" bottom="0.05761719"/>
                    <Anchors>
                        <Anchor point="TOPRIGHT" relativePoint="TOPLEFT" x="0" y="0"/>
                        <Anchor point="BOTTOMRIGHT" relativePoint="BOTTOMRIGHT" x="0" y="0"/>
                    </Anchors>
                </Texture>
                <Texture name="$parentRight" file="Interface\EncounterJournal\UI-EncounterJournalTextures" virtual="true" parentKey="right">
					<Size x="12" y="36"/> 
					<TexCoords left="0.84570313" right="0.86914063" top="0.05957031" bottom="0.09472656"/> 
                    <Anchors>
                        <Anchor point="TOPLEFT" relativePoint="TOPRIGHT" x="0" y="0"/>
                        <Anchor point="BOTTOMLEFT" relativePoint="BOTTOMRIGHT" x="0" y="0"/>
                    </Anchors>
                </Texture>
            </Layer>
            <Layer level="OVERLAY">   
                <Texture name="$parentMidSelect" file="Interface\EncounterJournal\UI-EncounterJournalTextures_Tile" virtual="true" horizTile="true" parentKey="midSelect" hidden="true">
					<Size x="64" y="36"/> 
					<TexCoords left="0.00000000" right="1.00000000" top="0.59960938" bottom="0.66992188"/> 
                    <Anchors>
                        <Anchor point="TOPLEFT" x="0" y="0"/>
                        <Anchor point="BOTTOMRIGHT" x="0" y="0"/>
                    </Anchors>
                </Texture>
                <Texture name="$parentLeftSelect" file="Interface\EncounterJournal\UI-EncounterJournalTextures" virtual="true" parentKey="leftSelect" hidden="true">
					<Size x="12" y="36"/> 
					<TexCoords left="0.84570313" right="0.86914063" top="0.02246094" bottom="0.05761719"/> 
                    <Anchors>
                        <Anchor point="TOPRIGHT" relativePoint="TOPLEFT" x="0" y="0"/>
                        <Anchor point="BOTTOMRIGHT" relativePoint="BOTTOMRIGHT" x="0" y="0"/>
                    </Anchors>
                </Texture>
                <Texture name="$parentRightSelect" file="Interface\EncounterJournal\UI-EncounterJournalTextures" virtual="true" parentKey="rightSelect" hidden="true">
					<Size x="12" y="36"/> 
					<TexCoords left="0.87304688" right="0.89648438" top="0.05957031" bottom="0.09472656"/> 
                    <Anchors>
                        <Anchor point="TOPLEFT" relativePoint="TOPRIGHT" x="0" y="0"/>
                        <Anchor point="BOTTOMLEFT" relativePoint="BOTTOMRIGHT" x="0" y="0"/>
                    </Anchors>
                </Texture>
                <Texture name="$parentSelectedGlow" file="Interface\EncounterJournal\UI-EncounterJournalTextures" virtual="true" parentKey="selectedGlow" hidden="true">
					<Size x="64" y="15"/> 
					<TexCoords left="0.52343750" right="0.64843750" top="0.00097656" bottom="0.01562500"/> 
                    <Anchors>
                        <Anchor point="BOTTOMLEFT" x="-18" y="0"/>
                        <Anchor point="BOTTOMRIGHT" x="18" y="0"/>
                    </Anchors>
                </Texture>
            </Layer>
            <Layer level="HIGHLIGHT"> 
                <Texture name="$parentMidHighlight" file="Interface\EncounterJournal\UI-EncounterJournalTextures_Tile" virtual="true" horizTile="true" parentKey="midHighlight">
					<Size x="64" y="36"/> 
					<TexCoords left="0.00000000" right="1.00000000" top="0.52539063" bottom="0.59570313"/>  
                    <Anchors>
                        <Anchor point="TOPLEFT" x="0" y="0"/>
                        <Anchor point="BOTTOMRIGHT" x="0" y="0"/>
                    </Anchors>
                </Texture>
                <Texture name="$parentLeftHighlight" file="Interface\EncounterJournal\UI-EncounterJournalTextures" virtual="true" parentKey="leftHighlight">
					<Size x="12" y="36"/> 
					<TexCoords left="0.81835938" right="0.84179688" top="0.05957031" bottom="0.09472656"/> 
                    <Anchors>
                        <Anchor point="TOPRIGHT" relativePoint="TOPLEFT" x="0" y="0"/>
                        <Anchor point="BOTTOMRIGHT" relativePoint="BOTTOMRIGHT" x="0" y="0"/>
                    </Anchors>
                </Texture>
                <Texture name="$parentRightHighlight" file="Interface\EncounterJournal\UI-EncounterJournalTextures" virtual="true" parentKey="rightHighlight">
					<Size x="12" y="36"/> 
					<TexCoords left="0.87304688" right="0.89648438" top="0.02246094" bottom="0.05761719"/> 
                    <Anchors>
                        <Anchor point="TOPLEFT" relativePoint="TOPRIGHT" x="0" y="0"/>
                        <Anchor point="BOTTOMLEFT" relativePoint="BOTTOMRIGHT" x="0" y="0"/>
                    </Anchors>
                </Texture>
            </Layer>
        </Layers>
        <Frames>
            <Frame enableMouse="true" parentKey="grayBox" hidden="true">
                <Size x="140" y="55"/>    
                <Anchors>
                    <Anchor point="BOTTOM"/>
                </Anchors>
                <Layers>
                    <Layer level="BACKGROUND">
                        <Texture>
                            <Size x="134" y="26"/>    
                            <Anchors>
                                <Anchor point="BOTTOM"/>
                            </Anchors>
                            <Color a="0.6"/>
                        </Texture>
                    </Layer>
                </Layers>
            </Frame>
        </Frames>
        <NormalFont style="GameFontNormalLarge"/>
        <ButtonText>
            <Anchors>
                <Anchor point="CENTER" x="0" y="-3"/>
            </Anchors>
        </ButtonText>
        <Scripts>
            <OnLoad>
                self.storedHeight = self:GetHeight();
                self:SetHeight(self.storedHeight-4);
            </OnLoad>
            <OnEnable>
                self.leftSelect:Hide();
                self.midSelect:Hide();
                self.rightSelect:Hide();
                self:SetHeight(self.storedHeight-4);
            </OnEnable>
            <OnDisable>
                self.leftSelect:Show();
                self.midSelect:Show();
                self.rightSelect:Show();
                self:SetHeight(self.storedHeight);
            </OnDisable>
			<OnClick>
				DugisGuideViewer.DeselectTopTabs()
				
				self:Disable();
				self:GetFontString():SetTextColor(NORMAL_FONT_COLOR.r, NORMAL_FONT_COLOR.g, NORMAL_FONT_COLOR.b);
				self.selectedGlow:SetVertexColor(1.0, 0.8, 0);
				self.selectedGlow:Show();
			
				self.tabInfo:Activate()
				PlaySound("igCharacterInfoTab");
			</OnClick>
        </Scripts>
    </Button>
	
	<Frame name="DugisMainBorder" parent='UIParent' movable ="true" visible="false">
		<Size x="550" y="420"/>
		<Anchors>
            <Anchor point="CENTER" x="0" y="0"/>
        </Anchors>
			<Layers>
				<Layer level="BACKGROUND">
					<Texture name="$parentBG" file="Interface\AddOns\DugisGuideViewerZ\Artwork\bg_home.tga" parentKey="bg">
						<Anchors>
							<Anchor point="TOPLEFT" x="10" y="-10"/>
							<Anchor point="BOTTOMRIGHT" x="-3" y="5"/>
						</Anchors>
					</Texture>
				</Layer>
			</Layers>		
		<Frames>
			<Frame name="DugisMain">
				<Anchors>
					<Anchor point="TOPLEFT" x="10" y="-12"/>
					<Anchor point="BOTTOMRIGHT" x="-8" y="8"/>
				</Anchors>
				<Layers>
					<Layer>
						<FontString name="$parentTitle" inherits="QuestFont_Super_Huge" justifyH="CENTER" parentKey="title">
							<Size x="400" y="44" />   
							<Anchors>
								<Anchor point="TOPRIGHT" x="-25"/>
							</Anchors>
							<Color r="0.961" g="0.824" b="0.412"/>
						</FontString>
					</Layer>
				</Layers>
				<Frames>
					<Frame name="DGVHomeFrame">
						<Size x="350" y="356"/>
						<Frames>
							<Button name="$parentSelection1" inherits="DugisSelectionTemplate" id="1" parentKey="selection1" >
							   <Anchors>
								   <Anchor point="TOPLEFT">
										<Offset>
											<AbsDimension x="12" y="-10"/> 
										</Offset>
									</Anchor>
							   </Anchors>
						   </Button>
						   <Button name="$parentSelection2" inherits="DugisSelectionTemplate" id="2" parentKey="selection2" >
							   <Anchors>
								   <Anchor point="TOPLEFT" relativeTo="$parentSelection1" relativePoint="BOTTOMLEFT">
										<Offset>
											<AbsDimension x="0" y="-10"/> 
										</Offset>
									</Anchor>
							   </Anchors>
						   </Button>
						   <Button name="$parentSelection3" inherits="DugisSelectionTemplate" id="3" parentKey="selection3" >
							   <Anchors>
								   <Anchor point="TOPLEFT" relativeTo="$parentSelection2" relativePoint="BOTTOMLEFT">
										<Offset>
											<AbsDimension x="0" y="-10"/> 
										</Offset>
									</Anchor>
							   </Anchors>
						   </Button>
						   <Button name="$parentSelection4" inherits="DugisSelectionTemplate" id="4" parentKey="selection4" >
							   <Anchors>
								   <Anchor point="TOPLEFT" relativeTo="$parentSelection3" relativePoint="BOTTOMLEFT">
										<Offset>
											<AbsDimension x="0" y="-10"/> 
										</Offset>
									</Anchor>
							   </Anchors>
						   </Button>
						   <Button name="$parentSelection5" inherits="DugisSelectionTemplate" id="5" parentKey="selection5" >
							   <Anchors>
								   <Anchor point="TOPLEFT" relativeTo="$parentSelection4" relativePoint="BOTTOMLEFT">
										<Offset>
											<AbsDimension x="0" y="-10"/> 
										</Offset>
									</Anchor>
							   </Anchors>
						   </Button>
						   <Button name="$parentSelection6" inherits="DugisSelectionTemplate" id="6" parentKey="selection6" >
							   <Anchors>
								   <Anchor point="TOPLEFT" relativeTo="$parentSelection5" relativePoint="BOTTOMLEFT">
										<Offset>
											<AbsDimension x="0" y="-10"/> 
										</Offset>
									</Anchor>
							   </Anchors>
						   </Button>
						   <Button name="$parentSelection7" inherits="DugisSelectionTemplate" id="7" parentKey="selection7" >
							   <Anchors>
								   <Anchor point="TOPLEFT" relativeTo="$parentSelection6" relativePoint="BOTTOMLEFT">
										<Offset>
											<AbsDimension x="0" y="-10"/> 
										</Offset>
									</Anchor>
							   </Anchors>
						   </Button>
						   <Button name="$parentSelection8" inherits="DugisSelectionTemplate" id="8" parentKey="selection8" >
							<Size x="115" y="32" />
							   <Anchors>
								   <Anchor point="TOPLEFT" relativeTo="$parentSelection1" relativePoint="TOPRIGHT">
										<Offset>
											<AbsDimension x="17" /> 
										</Offset>
									</Anchor>
							   </Anchors>
						   </Button>
						</Frames>
					</Frame>
	
					<Frame name ="DGVSearchFrame"  movable ="true" visible="true"> 
						<Size x="350" y="356"/>
					</Frame>	
				
					<Frame name ="DGVScrollFrame3"  movable ="true"> 
						<Size x="350" y="356"/>
					</Frame>	

					<Frame name ="DGVScrollFrame4"  movable ="true" > 
						<Size x="350" y="356"/>
					</Frame>	
				
					<Frame name ="DGVScrollFrame5"  movable ="true" > 
						<Size x="350" y="356"/>
					</Frame>	

					<Frame name ="DGVScrollFrame6"  movable ="true" > 
						<Size x="350" y="356"/>
					</Frame>	
				
					<Frame name ="DGVScrollFrame7"  movable ="true" visible="true"> 
						<Size x="350" y="356"/>		
					</Frame>	

					<Frame name ="DGVScrollFrame8"  movable ="true" visible="true"> 
						<Size x="350" y="356"/>	
					</Frame>
					
					<Frame name ="DGVScrollFrame9"  movable ="true" visible="true"> 
						<Size x="350" y="356"/>
					</Frame>	
				
					<Frame name ="DGVScrollFrame10"  movable ="true" visible="true"> 
						<Size x="350" y="356"/>
					</Frame>
					
					<Frame name ="DGVScrollFrame11"  movable ="true" visible="true"> 
						<Size x="350" y="356"/>
					</Frame>
					<Button name="$parentHomeTab" inherits="TopTabTemplate" text="Home" parentKey="homeTab">
						<Anchors>
							<Anchor point="BOTTOMLEFT" relativePoint="TOPLEFT" x="20" y="-40"/>
						</Anchors>
					</Button>
					<Button name="$parentCurrentGuideTab" inherits="TopTabTemplate" text="Current Guide" parentKey="currentGuideTab">
						<Anchors>
							<Anchor point="BOTTOMLEFT" relativeTo="$parentHomeTab" relativePoint="BOTTOMRIGHT" x="32" y="0"/>
						</Anchors>
					</Button>
					<CheckButton name="$parentSettingsTab" inherits="UIPanelSquareButton" parentKey="settingsTab">
						<Size x="30" y="30"/>
						<Anchors>
							<Anchor point="BOTTOMLEFT" relativeTo="$parentCurrentGuideTab" relativePoint="BOTTOMRIGHT" x="18" y="0"/>
						</Anchors>
						<Layers>
							<Layer level="ARTWORK" textureSubLevel="1">
								<Texture name="$parentArt" file="Interface\Buttons\UI-OptionsButton" parentKey="art">
									<Size x="18" y="18"/>
									<Anchors>
										<Anchor point="CENTER" x="0" y="0"/>
									</Anchors>
								</Texture>
							</Layer>
						</Layers>
						<CheckedTexture file="Interface\Buttons\CheckButtonGlow" alphaMode="ADD">
							<TexCoords left="0.1" right="0.9" top="0.1" bottom="0.9"/>
						</CheckedTexture>
						<Scripts>
							<OnShow>
								self.icon:Hide()
							</OnShow>
							<OnClick>
								DugisGuideViewer.DeselectTopTabs()
								self:SetChecked(true)
								self.tabInfo:Activate()
								PlaySound("igCharacterInfoTab");
							</OnClick>
						</Scripts>
					</CheckButton>
					
					<!--<Button name="$parentScrollDownButton" inherits="UIPanelScrollDownButtonTemplate">
						<Size x="32" y="32"/>
						<Anchors>
							<Anchor point="LEFT" relativeTo="$parentTier" relativePoint="RIGHT" x="10" y="0"/>
						</Anchors>
						<Scripts>
							<OnClick> 
								PlaySound("igMainMenuOptionCheckBoxOn");
								ToggleDropDownMenu(1, nil, EJTierDropDown, self:GetName(), 74, 15);
							</OnClick>
						</Scripts>
						<NormalTexture file="Interface\ChatFrame\UI-ChatIcon-ScrollDown-Up"/>
						<PushedTexture file="Interface\ChatFrame\UI-ChatIcon-ScrollDown-Down"/>
						<DisabledTexture file="Interface\ChatFrame\UI-ChatIcon-ScrollDown-Disabled"/>
						<HighlightTexture file="Interface\Buttons\UI-Common-MouseHilight" alphaMode="ADD"/>
					</Button>-->
					
					<Frame name="$parentLeftFrameHost" parentKey="leftFrameHost">
						<Size x="350"/>
						<Anchors>
							<Anchor point="TOPLEFT" y="-44"/>
							<Anchor point="BOTTOM"/>
						</Anchors>
					</Frame>
					
					<ScrollFrame name="$parentLeftScrollFrame" parentKey="leftScroll" inherits="UIPanelScrollFrameCodeTemplate" visible="false">
						<Anchors>
							<Anchor point="TOPLEFT" relativeTo="$parentLeftFrameHost"/>
							<Anchor point="BOTTOMRIGHT" relativeTo="$parentLeftFrameHost"/>
						</Anchors>
						<Frames>
							<Slider name="$parentScrollBar" inherits="MinimalScrollBarTemplate" parentKey="bar">
								<Anchors>
									<Anchor point="TOPRIGHT" x="25" y="-14"/>
									<Anchor point="BOTTOMRIGHT" x="25" y="20"/>
								</Anchors>
								<Scripts>
									<OnLoad>
										self.trackBG:SetVertexColor(0.2, 0.13, 0.08, 0);
									</OnLoad>		
								</Scripts>
							</Slider>
						</Frames>
						<Scripts>
							<OnMouseWheel>
								Dugis_OnMouseWheel(self, delta);
							</OnMouseWheel>
						</Scripts>
					</ScrollFrame>
					
					<Frame name="$parentRightFrameHost" parentKey="rightFrameHost">
						<Anchors>
							<Anchor point="TOPLEFT" x="375" y="-44"/>
							<Anchor point="BOTTOMRIGHT" x="-25" />
						</Anchors>
					</Frame>
					
					<ScrollFrame name="$parentRightScrollFrame" parentKey="rightScroll" inherits="UIPanelScrollFrameCodeTemplate" visible="false">
						<Anchors>
							<Anchor point="TOP" relativeTo="$parentRightFrameHost"/>
							<Anchor point="LEFT" relativeTo="$parentRightFrameHost"/>
							<Anchor point="RIGHT" relativeTo="$parentRightFrameHost"/>
							<Anchor point="BOTTOM" relativeTo="$parentRightFrameHost"/>
						</Anchors>
						<Frames>
							<Slider name="$parentScrollBar" inherits="MinimalScrollBarTemplate" parentKey="bar">
								<Anchors>
									<Anchor point="TOPRIGHT" x="25" y="-14"/>
									<Anchor point="BOTTOMRIGHT" x="25" y="20"/>
								</Anchors>
								<Scripts>
									<OnLoad>
										self.trackBG:SetVertexColor(0.2, 0.13, 0.08, 0);
									</OnLoad>		
								</Scripts>
							</Slider>
						</Frames>
						<Scripts>
							<OnMouseWheel>
								Dugis_OnMouseWheel(self, delta);
							</OnMouseWheel>
						</Scripts>
					</ScrollFrame>
					<Button name="DugisResetButton" inherits="UIPanelButtonTemplate" text="Reset" hidden="false">
						<Size>
							<AbsDimension x="70" y="23"/>
						</Size>
						<Anchors>
							<Anchor point="BOTTOMLEFT" relativeTo="DugisMainRightFrameHost">
								<Offset>
									<AbsDimension x="13" y="3"/>
								</Offset>
							</Anchor>
						</Anchors>
						<Scripts>
							<OnClick>DugisGuideViewer.ResetButtonOnClick()</OnClick>
						</Scripts> 
					</Button>
					<Button name="DugisReloadButton" inherits="UIPanelButtonTemplate" text="Reload" hidden="false">
						<Size>
							<AbsDimension x="70" y="23"/>
						</Size>
						<Anchors>
							<Anchor point="LEFT" relativeTo="DugisResetButton" relativePoint ="RIGHT" >
								<Offset>
									<AbsDimension x="2" y="0"/>
								</Offset>
							</Anchor>
						</Anchors>
						<Scripts>
							<OnClick>DugisGuideViewer.ReloadButtonOnClick()</OnClick>
						</Scripts> 
					</Button>
					<Button name = "DugisPercentButton"  hidden="false">
						<Size>
							<AbsDimension x="100" y="20"/>
						</Size>
						<Layers>
							<Layer >
								<FontString name="$parentName" inherits="GameFontNormal" wraponspaces="false" justifyH="LEFT" > <!--GameFontHighlight-->
									<Size>
									<AbsDimension x="100" y="20"/>
									</Size>
									<Anchors>
									<Anchor point="BOTTOMRIGHT" relativeTo="DugisMain" relativePoint ="BOTTOMRIGHT" >
									<Offset>
									<AbsDimension x="-20" y="4"/>
									</Offset>
									</Anchor>
									</Anchors>
								</FontString>
							</Layer>
						</Layers>
					</Button>
					<Button name = "DugisPreloadButton" inherits="UIPanelButtonTemplate" text = "Preload" hidden="true">
						 <Size>
							<AbsDimension x="95" y="23"/>
						</Size>
						<Anchors>
							<Anchor point="BOTTOMLEFT" relativeTo="DugisMainRightFrameHost">
								<Offset>
									<AbsDimension x="13" y="3"/>
								</Offset>
							</Anchor>
						</Anchors>
						<Scripts>
							<OnClick>DugisGuideViewer:PreloadButtonOnClick()</OnClick>
						</Scripts> 
					</Button>
				</Frames>
			</Frame>
		</Frames>
		<Scripts> <!--Mainframe scripts--> 
			<OnLoad> tinsert(UISpecialFrames,self:GetName());self:SetClampedToScreen(true); </OnLoad>
			<OnMouseDown> self:StartMoving();  </OnMouseDown>
			<OnMouseUp>  self:StopMovingOrSizing(); </OnMouseUp>
			<OnDragStop> self:StopMovingOrSizing(); </OnDragStop>
		</Scripts>
	</Frame>
	
	<Frame name="DugisRecordFrame" parent='UIParent' movable ="true" visible="false">
		<Size x="540" y="400"/>
		<Anchors>
            <Anchor point="CENTER" x="0" y="0"/>
        </Anchors>
		<Frames>
			<ScrollFrame name="$parentScrollFrame" parentKey="scroll" inherits="UIPanelScrollFrameCodeTemplate" visible="false">
				<Size x="540" y="360"/>
				<Anchors>
                       <Anchor point="CENTER" />
                </Anchors>
				<Frames>
					<Slider name="$parentScrollBar" inherits="MinimalScrollBarTemplate" parentKey="bar">
						<Anchors>
							<Anchor point="TOPRIGHT" x="-10" y="-10"/>
							<Anchor point="BOTTOMRIGHT" x="-10" y="10"/>
						</Anchors>
						<Scripts>
							<OnLoad>
								self.trackBG:SetVertexColor(0.2, 0.13, 0.08, 0);
							</OnLoad>		
						</Scripts>
					</Slider>
				</Frames>
				<ScrollChild > 
					<Frame parentKey="child">                                        
						<Size x="550" y="360"/>
						<Anchors>
							<Anchor point="TOPLEFT" relativeTo="DugisRecordFrame"/>
						</Anchors>                                        
					</Frame>
				</ScrollChild>
				<Scripts>
					<OnMouseWheel>
						Dugis_OnMouseWheel(self, delta);
					</OnMouseWheel>
				</Scripts>
			</ScrollFrame>
		</Frames>
		<Scripts>
			<OnLoad> tinsert(UISpecialFrames,self:GetName());self:SetClampedToScreen(true); </OnLoad>
			<OnMouseDown> self:StartMoving();  </OnMouseDown>
			<OnMouseUp>  self:StopMovingOrSizing(); </OnMouseUp>
			<OnDragStop> self:StopMovingOrSizing(); </OnDragStop>
		</Scripts>
	</Frame>
		
	
	<Frame name = "DGVCurrentGuideFrame">					
		<Size x="400" y="10000"/>
	</Frame>

	<!--<Button name = "DugisSuggestButton" inherits="UIPanelButtonTemplate" text = "Suggest" hidden="false">
		 <Size>
			<AbsDimension x="70" y="23"/>
		</Size>
		<Anchors>			
			<Anchor point="LEFT" relativeTo="DugisPreloadButton" relativePoint="RIGHT" >
				<Offset>
					<AbsDimension x="0" y="0"/>
				</Offset>
			</Anchor>
		</Anchors>
		<Scripts>
			<OnClick>DugisGuideViewer:DugisSuggestButtonOnClick()</OnClick>
		</Scripts> 
	</Button>-->
</Ui>