<Bindings>
	<Binding name="SCAMSHOWUI" header="SCAM">
		CameraPlus.showUI();
	</Binding>
	<Binding name="SCAMMOVIE">
		CameraPlus.modeFilm();
	</Binding>
	
	<Binding name="SCAMROTR" runOnUp="true">
		if (keystate == "down") then
			MoveViewLeftStart();
		else
			MoveViewLeftStop();
		end;
	</Binding>
	<Binding name="SCAMROTL" runOnUp="true">
		if (keystate == "down") then
			MoveViewRightStart();
		else
			MoveViewRightStop();
		end;
	</Binding>
	
	<Binding name="SCAMDOWN" runOnUp="true">
		if (keystate == "down") then
			MoveViewUpStart();
		else
			MoveViewUpStop();
		end;
	</Binding>
	<Binding name="SCAMUP" runOnUp="true">
		if (keystate == "down") then
			MoveViewDownStart();
		else
			MoveViewDownStop();
		end;
	</Binding>
	
	<Binding name="SCAMZOOMIN" runOnUp="true">
		if (keystate == "down") then
			MoveViewInStart();
		else
			MoveViewInStop();
		end;
	</Binding>
	<Binding name="SCAMZOOMOUT" runOnUp="true">
		if (keystate == "down") then
			MoveViewOutStart();
		else
			MoveViewOutStop();
		end;
	</Binding>
	
	
	<Binding name="SCAMYAWUP">
		CameraPlus.yawChange(SCAM_UP_DOWN);
	</Binding>
	<Binding name="SCAMYAWDOWN">
		CameraPlus.yawChange(-SCAM_UP_DOWN);
	</Binding>
	<Binding name="SCAMPITCHUP">
		CameraPlus.pitchChange(SCAM_UP_DOWN);
	</Binding>
	<Binding name="SCAMPITCHDOWN">
		CameraPlus.pitchChange(-SCAM_UP_DOWN);
	</Binding>
	<Binding name="SCAMZOOMUP">
		CameraPlus.zoomChange(SCAM_UP_DOWN);
	</Binding>
	<Binding name="SCAMZOOMDOWN">
		CameraPlus.zoomChange(-SCAM_UP_DOWN);
	</Binding>
</Bindings>
