<Ui xmlns="http://www.blizzard.com/wow/ui/">
	<script file="CameraPlus.lua"/>
	<Script file="localization.lua"/>
	
	<!-- =========================== TEMPLATES ============================== -->
	
	<!-- ========================== EVENT CATCHER =========================== -->
	<Frame name="Scam_ui_eventFrame">
		<Scripts>
			<OnLoad>
				self:RegisterEvent("PLAYER_LOGIN");
				self:RegisterEvent("PLAYER_LOGOUT");
			</OnLoad>
			<OnEvent>
				CameraPlus.eventHandler(self,event,...);
			</OnEvent>
		</Scripts>
	</Frame>
			
	<!-- =========================== UI SETTINGS ============================ -->
	<Frame name="Scam_ui_mainFrame" toplevel="true" frameStrata="DIALOG" movable="true" hidden="true">
		<Size><AbsDimension x="525" y="535"/></Size>
		<Anchors>
			<Anchor point="CENTER" relativeTo="UIParent" relativePoint="CENTER">
				<Offset><AbsDimension x="0" y="50"/></Offset>
			</Anchor>
		</Anchors>
		<TitleRegion setAllPoints="true"/>
		<Backdrop bgFile="Interface\DialogFrame\UI-DialogBox-Background" edgeFile="Interface\DialogFrame\UI-DialogBox-Border" tile="true">
			<BackgroundInsets><AbsInset left="11" right="12" top="12" bottom="11"/></BackgroundInsets>
			<TileSize><AbsValue val="32"/></TileSize>
			<EdgeSize><AbsValue val="32"/></EdgeSize>
		</Backdrop>
		<!-- ================ CARTOUCHE TITRE =============== -->
		<Layers>
			<Layer level="ARTWORK">
				<Texture name="$parent_Bk" file="Interface\DialogFrame\UI-DialogBox-Header">
					<Size><AbsDimension x="320" y="64"/></Size>
					<Anchors>
						<Anchor point="TOP">
							<Offset><AbsDimension x="1" y="12"/></Offset>
						</Anchor>
					</Anchors>
				</Texture>
				<FontString name="Scam_ui_titre_Text" inherits="GameFontNormal" nonspacewrap="true">
					<Anchors>
						<Anchor point="TOP" relativeTo="$parent_Bk">
							<Offset><AbsDimension x="0" y="-13"/></Offset>
						</Anchor>
					</Anchors>
				</FontString>
			</Layer>
		</Layers>
		<Frames>
			<!-- ==================== VERSION =================== -->
			<Frame name="Scam_ui_version">
				<Size><AbsDimension x="100" y="16"/>
				</Size>
				<Anchors>
					<Anchor point="TOPRIGHT" relativeTo="$parent" relativePoint="TOPRIGHT">
						<Offset><AbsDimension x="-23" y="-15"/></Offset>
					</Anchor>
				</Anchors>
				<Layers>
					<Layer level="ARTWORK">
						<FontString name="Scam_ui_version_Text" inherits="GameFontNormalSmall" nonspacewrap="true">
							<Anchors>
								<Anchor point="TOPRIGHT" relativeTo="$parent" relativePoint="TOPRIGHT">
									<Offset><AbsDimension x="0" y="0"/></Offset>
								</Anchor>
							</Anchors>
							<Color r="0.5" g="0.5" b="0.5" a="1"/>
						</FontString>
					</Layer>
				</Layers>
				<Scripts>
					<OnShow>
						Scam_ui_titre_Text:SetText(SCAM_NAME.." "..CameraPlus.getLocal("settings"));
						Scam_ui_version_Text:SetText("v "..SCAM_VERS);
					</OnShow>
				</Scripts>
			</Frame>
			<!-- ================= RAPPEL BIND KEY ============== -->
			<Frame name="Scam_ui_rappel">
				<Size><AbsDimension x="500" y="16"/></Size>
				<Anchors>
					<Anchor point="TOP" relativeTo="$parent" relativePoint="TOP">
						<Offset><AbsDimension x="0" y="-28"/></Offset>
					</Anchor>
				</Anchors>
				<Layers>
					<Layer level="ARTWORK">
						<FontString name="Scam_ui_rappel_Text" inherits="GameFontNormalSmall" text="" nonspacewrap="true" justifyH="center">
							<Anchors>
								<Anchor point="TOP" relativeTo="$parent" relativePoint="TOP">
									<Offset><AbsDimension x="0" y="0"/></Offset>
								</Anchor>
							</Anchors>
						</FontString>
					</Layer>
				</Layers>
				<Scripts>
					<OnShow>
						local touche = ZaxLib:getBindedKey("SCAMMOVIE");
						if (touche == nil) then
							Scam_ui_rappel_Text:SetText(CameraPlus.getLocal("Bind keys to switch to Movie Environment and for camera movements."));
							Scam_ui_rappel_Text:SetTextColor(0.8,0.4,0.4,1);
						else
							Scam_ui_rappel_Text:SetText(touche.." "..CameraPlus.getLocal("is defined to switch to Movie Environment"));
							Scam_ui_rappel_Text:SetTextColor(0.6,0.6,0.6,1);
						end;
					</OnShow>
				</Scripts>
			</Frame>
			<!-- ============= CURSEUR ALPHA MAIN UI ============ -->
			<!-- ======= LEGENDE ALPHA ====== -->
			<Frame name="Scam_ui_alpha">
				<Size><AbsDimension x="250" y="32"/></Size>
				<Anchors>
					<Anchor point="TOPLEFT" relativeTo="$parent" relativePoint="TOPLEFT">
						<Offset><AbsDimension x="0" y="-50"/></Offset>
					</Anchor>
				</Anchors>
				<Layers>
					<Layer level="ARTWORK">
						<FontString name="Scam_ui_alpha_Text" inherits="GameFontNormalSmall" text="" nonspacewrap="true">
							<Anchors>
								<Anchor point="TOPLEFT" relativeTo="$parent" relativePoint="TOPLEFT">
									<Offset><AbsDimension x="15" y="0"/></Offset>
								</Anchor>
							</Anchors>
							<Color r="0.8" g="0.8" b="0.8" a="1"/>
						</FontString>
					</Layer>
				</Layers>
				<Scripts>
					<OnShow>
						Scam_ui_alpha_Text:SetText(CameraPlus.getLocal("Main UI transparency in Movie Environment:"));
					</OnShow>
				</Scripts>
			</Frame>
			<!-- ======= CURSEUR ALPHA ======= -->
			<Slider name="Scam_ui_alpha_Slider" inherits="OptionsSliderTemplate" minValue="0" maxValue="10" valueStep="1">
				<Size><AbsDimension x="475" y="17"/></Size>
				<Anchors>
					<anchor point="TOPLEFT" relativeTo="Scam_ui_alpha_Text" relativePoint="TOPLEFT">
						<offset><AbsDimension x="15" y="-20"/></offset>
					</anchor>
				</Anchors>
				<Scripts>
					<OnShow>
						_G[self:GetName() .. "Low"]:SetText(CameraPlus.getLocal("Hidden"));
						_G[self:GetName() .. "High"]:SetText(CameraPlus.getLocal("Visible"));
						_G[self:GetName() .. "Text"]:SetText(ZaxLib:nombreParDefaut(SCAM_SAVED["alphaMainUI"]*10,0,10,0));
						_G[self:GetName() .. "Text"]:SetTextColor(0.5,0.9,0.5,1);
						self:SetValue(ZaxLib:nombreParDefaut(SCAM_SAVED["alphaMainUI"]*10,0,10,0));
					</OnShow>
					<OnValueChanged>
						_G[self:GetName().."Text"]:SetText(ZaxLib:arrondi(_G[self:GetName()]:GetValue()));
						SCAM_SAVED["alphaMainUI"] = ZaxLib:arrondi(self:GetValue())/10;
						UIParent:SetAlpha(SCAM_SAVED["alphaMainUI"]);
					</OnValueChanged>
				</Scripts>
			</Slider>
			
			<!-- ============== OPTION VISIBLE FILM ============= -->
			<Frame name="Scam_ui_visible">
				<Size><AbsDimension x="250" y="32"/></Size>
				<Anchors>
					<Anchor point="TOPLEFT" relativeTo="Scam_ui_alpha" relativePoint="TOPLEFT">
						<Offset><AbsDimension x="15" y="-60"/></Offset>
					</Anchor>
				</Anchors>
				<Layers>
					<Layer level="ARTWORK">
						<FontString name="Scam_ui_visible_Text" inherits="GameFontNormalSmall" text="" nonspacewrap="true">
							<Anchors>
								<Anchor point="TOPLEFT" relativeTo="$parent" relativePoint="TOPLEFT">
									<Offset><AbsDimension x="0" y="0"/></Offset>
								</Anchor>
							</Anchors>
							<Color r="0.8" g="0.8" b="0.8" a="1"/>
						</FontString>
					</Layer>
				</Layers>
				<Scripts>
					<OnShow>
						Scam_ui_visible_Text:SetText(CameraPlus.getLocal("Hide these UI parts in Movie Environment:"));
					</OnShow>
				</Scripts>
			</Frame>
			<!-- =============== CASES A COCHER FILM ============ -->
			<!-- ======= Own name ======= -->
			<CheckButton name="Scam_ui_ownName_Chk" inherits="OptionsCheckButtonTemplate">
				<Anchors>
					<Anchor point="TOPLEFT" relativeTo="Scam_ui_visible" relativePoint="TOPLEFT">
						<Offset><AbsDimension x="15" y="-15"/></Offset>
					</Anchor>
				</Anchors>
				<Scripts>
					<OnLoad>
						_G[self:GetName().."Text"]:SetText(CameraPlus.getLocal("Own name visible"));
					</OnLoad>
					<OnShow>
						self:SetChecked(SCAM_SAVED["showOwnName"] == 1);
					</OnShow>
					<OnClick>
						SCAM_SAVED["showOwnName"] = ZaxLib:booleanToInt(self:GetChecked());
						SetCVar(SCAM_NOMSCVAR[1],SCAM_SAVED["showOwnName"]);
					</OnClick>
				</Scripts>
			</CheckButton>
			<!-- ======== Players name ======= -->
			<CheckButton name="Scam_ui_playerName_Chk" inherits="OptionsCheckButtonTemplate">
				<Anchors>
					<Anchor point="TOPLEFT" relativeTo="Scam_ui_ownName_Chk" relativePoint="TOPLEFT">
						<Offset><AbsDimension x="0" y="-25"/></Offset>
					</Anchor>
				</Anchors>
				<Scripts>
					<OnLoad>
						_G[self:GetName().."Text"]:SetText(CameraPlus.getLocal("Players\' name visible"));
					</OnLoad>
					<OnShow>
						self:SetChecked(SCAM_SAVED["showPlayersName"] == 1);
					</OnShow>
					<OnClick>
						if not (self:GetChecked()) then
							Scam_ui_guildName_Chk:SetChecked(false);
							SCAM_SAVED["showPlayersGuild"] = 0;
							SetCVar(SCAM_NOMSCVAR[4],0);
							SetCVar(SCAM_NOMSCVAR[30],0);
							Scam_ui_pvpName_Chk:SetChecked(false);
							SCAM_SAVED["showPlayersPVPrank"] = 0;
							SetCVar(SCAM_NOMSCVAR[5],0);
						end;
						SCAM_SAVED["showPlayersName"] = ZaxLib:booleanToInt(self:GetChecked());
						SetCVar(SCAM_NOMSCVAR[2],SCAM_SAVED["showPlayersName"]);
						SetCVar(SCAM_NOMSCVAR[3],SCAM_SAVED["showPlayersName"]);
					</OnClick>
				</Scripts>
			</CheckButton>
			<!-- ======== Players guild ======= -->
			<CheckButton name="Scam_ui_guildName_Chk" inherits="OptionsCheckButtonTemplate">
				<Anchors>
					<Anchor point="TOPLEFT" relativeTo="Scam_ui_playerName_Chk" relativePoint="TOPLEFT">
						<Offset><AbsDimension x="0" y="-25"/></Offset>
					</Anchor>
				</Anchors>
				<Scripts>
					<OnLoad>
						_G[self:GetName().."Text"]:SetText(CameraPlus.getLocal("Guild\'s name visible"));
					</OnLoad>
					<OnShow>
						self:SetChecked(SCAM_SAVED["showPlayersGuild"] == 1);
					</OnShow>
					<OnClick>
						if (self:GetChecked()) then
							Scam_ui_playerName_Chk:SetChecked(true);
							SCAM_SAVED["showPlayersName"] = 1;
							SetCVar(SCAM_NOMSCVAR[2],1);
							SetCVar(SCAM_NOMSCVAR[3],1);
						end;
						SCAM_SAVED["showPlayersGuild"] = ZaxLib:booleanToInt(self:GetChecked());
						SetCVar(SCAM_NOMSCVAR[4],SCAM_SAVED["showPlayersGuild"]);
						SetCVar(SCAM_NOMSCVAR[30],SCAM_SAVED["showPlayersGuild"]);
					</OnClick>
				</Scripts>
			</CheckButton>
			<!-- ======== PVP rank ======= -->
			<CheckButton name="Scam_ui_pvpName_Chk" inherits="OptionsCheckButtonTemplate">
				<Anchors>
					<Anchor point="TOPLEFT" relativeTo="Scam_ui_guildName_Chk" relativePoint="TOPLEFT">
						<Offset><AbsDimension x="0" y="-25"/></Offset>
					</Anchor>
				</Anchors>
				<Scripts>
					<OnLoad>
						_G[self:GetName().."Text"]:SetText(CameraPlus.getLocal("Players\' PVP title visible"));
					</OnLoad>
					<OnShow>
						self:SetChecked(SCAM_SAVED["showPlayersPVPrank"] == 1);
					</OnShow>
					<OnClick>
						if (self:GetChecked()) then
							Scam_ui_playerName_Chk:SetChecked(true);
							SCAM_SAVED["showPlayersName"] = 1;
							SetCVar(SCAM_NOMSCVAR[2],1);
							SetCVar(SCAM_NOMSCVAR[3],1);
						end;
						SCAM_SAVED["showPlayersPVPrank"] = ZaxLib:booleanToInt(self:GetChecked());
						SetCVar(SCAM_NOMSCVAR[5],SCAM_SAVED["showPlayersPVPrank"]);
					</OnClick>
				</Scripts>
			</CheckButton>
			<!-- ======= PNJ name ======= -->
			<CheckButton name="Scam_ui_pnjName_Chk" inherits="OptionsCheckButtonTemplate">
				<Anchors>
					<Anchor point="TOPLEFT" relativeTo="Scam_ui_pvpName_Chk" relativePoint="TOPLEFT">
						<Offset><AbsDimension x="0" y="-25"/></Offset>
					</Anchor>
				</Anchors>
				<Scripts>
					<OnLoad>
						_G[self:GetName().."Text"]:SetText(CameraPlus.getLocal("NPCs\'name visible"));
					</OnLoad>
					<OnShow>
						self:SetChecked(SCAM_SAVED["showPNJsName"] == 1);
					</OnShow>
					<OnClick>
						SCAM_SAVED["showPNJsName"] = ZaxLib:booleanToInt(self:GetChecked());
						SetCVar(SCAM_NOMSCVAR[6],SCAM_SAVED["showPNJsName"]);
						SetCVar(SCAM_NOMSCVAR[31],SCAM_SAVED["showPNJsName"]);
						SetCVar(SCAM_NOMSCVAR[32],SCAM_SAVED["showPNJsName"]);
					</OnClick>
				</Scripts>
			</CheckButton>
			
			<!-- ======= Pets name ======= -->
			<CheckButton name="Scam_ui_petName_Chk" inherits="OptionsCheckButtonTemplate">
				<Anchors>
					<Anchor point="TOPLEFT" relativeTo="Scam_ui_ownName_Chk" relativePoint="TOPLEFT">
						<Offset><AbsDimension x="250" y="0"/></Offset>
					</Anchor>
				</Anchors>
				<Scripts>
					<OnLoad>
						_G[self:GetName().."Text"]:SetText(CameraPlus.getLocal("Pets\'name visible"));
					</OnLoad>
					<OnShow>
						self:SetChecked(SCAM_SAVED["showPetName"] == 1);
					</OnShow>
					<OnClick>
						SCAM_SAVED["showPetName"] = ZaxLib:booleanToInt(self:GetChecked());
						for i = 7,11,1 do
							SetCVar(SCAM_NOMSCVAR[i],SCAM_SAVED["showPetName"]);
						end;
						for i = 28,29,1 do
							SetCVar(SCAM_NOMSCVAR[i],SCAM_SAVED["showPetName"]);
						end;
					</OnClick>
				</Scripts>
			</CheckButton>
			<!-- ==== Dialog bubbles ==== -->
			<CheckButton name="Scam_ui_bubbles_Chk" inherits="OptionsCheckButtonTemplate">
				<Anchors>
					<Anchor point="TOPLEFT" relativeTo="Scam_ui_petName_Chk" relativePoint="TOPLEFT">
						<Offset><AbsDimension x="0" y="-25"/></Offset>
					</Anchor>
				</Anchors>
				<Scripts>
					<OnLoad>
						_G[self:GetName().."Text"]:SetText(CameraPlus.getLocal("Chat bubbles visible"));
					</OnLoad>
					<OnShow>
						self:SetChecked(SCAM_SAVED["showBubbles"] == 1);
					</OnShow>
					<OnClick>
						SCAM_SAVED["showBubbles"] = ZaxLib:booleanToInt(self:GetChecked());
						SetCVar(SCAM_NOMSCVAR[14],SCAM_SAVED["showBubbles"]);
						SetCVar(SCAM_NOMSCVAR[15],SCAM_SAVED["showBubbles"]);
					</OnClick>
				</Scripts>
			</CheckButton>
			<!-- ==== Combat text ==== -->
			<CheckButton name="Scam_ui_combat_Chk" inherits="OptionsCheckButtonTemplate">
				<Anchors>
					<Anchor point="TOPLEFT" relativeTo="Scam_ui_bubbles_Chk" relativePoint="TOPLEFT">
						<Offset><AbsDimension x="0" y="-25"/></Offset>
					</Anchor>
				</Anchors>
				<Scripts>
					<OnLoad>
						_G[self:GetName().."Text"]:SetText(CameraPlus.getLocal("Combat text visible"));
					</OnLoad>
					<OnShow>
						self:SetChecked(SCAM_SAVED["showCombat"] == 1);
					</OnShow>
					<OnClick>
						SCAM_SAVED["showCombat"] = ZaxLib:booleanToInt(self:GetChecked());
						for i = 16,19,1 do
							SetCVar(SCAM_NOMSCVAR[i],SCAM_SAVED["showCombat"]);
						end;
					</OnClick>
				</Scripts>
			</CheckButton>
			<!-- =============== -->
			<CheckButton name="Scam_ui_target_Chk" inherits="OptionsCheckButtonTemplate">
				<Anchors>
					<Anchor point="TOPLEFT" relativeTo="Scam_ui_combat_Chk" relativePoint="TOPLEFT">
						<Offset><AbsDimension x="0" y="-25"/></Offset>
					</Anchor>
				</Anchors>
				<Scripts>
					<OnLoad>
						_G[self:GetName().."Text"]:SetText(CameraPlus.getLocal("Hilite target"));
					</OnLoad>
					<OnShow>
						self:SetChecked(SCAM_SAVED["showTarget"] == 1);
					</OnShow>
					<OnClick>
						SCAM_SAVED["showTarget"] = ZaxLib:booleanToInt(self:GetChecked());
						SetCVar(SCAM_NOMSCVAR[12],SCAM_SAVED["showTarget"]);
						SetCVar(SCAM_NOMSCVAR[13],SCAM_SAVED["showTarget"]);
					</OnClick>
				</Scripts>
			</CheckButton>
			<!-- =============== -->
			
			<!-- ============ INTRO CURSEURS MODE FILM ========== -->
			<Frame name="Scam_ui_camera">
				<Size><AbsDimension x="250" y="32"/></Size>
				<Anchors>
					<Anchor point="TOPLEFT" relativeTo="$parent" relativePoint="TOPLEFT">
						<Offset><AbsDimension x="0" y="-265"/></Offset>
					</Anchor>
				</Anchors>
				<Layers>
					<Layer level="ARTWORK">
						<FontString name="Scam_ui_camera_Text" inherits="GameFontNormalSmall" text="" nonspacewrap="true">
							<Anchors>
								<Anchor point="TOPLEFT" relativeTo="$parent" relativePoint="TOPLEFT">
									<Offset><AbsDimension x="15" y="0"/></Offset>
								</Anchor>
							</Anchors>
							<Color r="0.8" g="0.8" b="0.8" a="1"/>
						</FontString>
					</Layer>
					<Layer level="ARTWORK">
						<FontString name="Scam_ui_yaw_Text" inherits="GameFontNormalSmall" nonspacewrap="false" maxLines="0" justifyH="LEFT" text="">
							<Anchors>
								<Anchor point="TOPLEFT" relativeTo="Scam_ui_camera_Text" relativePoint="TOPLEFT">
									<Offset><AbsDimension x="15" y="-15"/></Offset>
								</Anchor>
							</Anchors>
						</FontString>
					</Layer>
					<Layer level="ARTWORK">
						<FontString name="Scam_ui_pitch_Text" inherits="GameFontNormalSmall" nonspacewrap="false" maxLines="0" justifyH="LEFT" text="">
							<Anchors>
								<Anchor point="TOPLEFT" relativeTo="Scam_ui_yaw_Text" relativePoint="TOPLEFT">
									<Offset><AbsDimension x="0" y="-45"/></Offset>
								</Anchor>
							</Anchors>
						</FontString>
					</Layer>
					<Layer level="ARTWORK">
						<FontString name="Scam_ui_zoom_Text" inherits="GameFontNormalSmall" nonspacewrap="false" maxLines="0" justifyH="LEFT" text="">
							<Anchors>
								<Anchor point="TOPLEFT" relativeTo="Scam_ui_pitch_Text" relativePoint="TOPLEFT">
									<Offset><AbsDimension x="0" y="-45"/></Offset>
								</Anchor>
							</Anchors>
						</FontString>
					</Layer>
				</Layers>
				<Scripts>
					<OnShow>
						Scam_ui_camera_Text:SetText(CameraPlus.getLocal("Camera movements speed in Movie Environment:"));
						Scam_ui_yaw_Text:SetText(CameraPlus.getLocal("Horizontal rotation speed (yaw)"));
						Scam_ui_pitch_Text:SetText(CameraPlus.getLocal("Vertical rotation speed (pitch)"));
						Scam_ui_zoom_Text:SetText(CameraPlus.getLocal("Zoom speed"));
					</OnShow>
				</Scripts>
			</Frame>
				
			<!-- ===== CURSEUR YAW SPEED ===== -->
			<Slider name="Scam_ui_yaw_Slider" inherits="OptionsSliderTemplate" minValue="2" maxValue="200" valueStep="2">
				<Size><AbsDimension x="475" y="17"/></Size>
				<Anchors>
					<Anchor point="TOPLEFT" relativeTo="Scam_ui_yaw_Text" relativePoint="TOPLEFT">
						<Offset><AbsDimension x="0" y="-15"/></Offset>
					</Anchor>
				</Anchors>
				<Scripts>
					<OnShow>
						_G[self:GetName() .. "Low"]:SetText("2");
						_G[self:GetName() .. "High"]:SetText("200");
						_G[self:GetName() .. "Text"]:SetText(ZaxLib:nombreParDefaut(SCAM_SAVED["yawSpeed"],2,200,180));
						_G[self:GetName() .. "Text"]:SetTextColor(0.5,0.9,0.5,1);
						self:SetValue(ZaxLib:nombreParDefaut(SCAM_SAVED["yawSpeed"],2,200,180));
					</OnShow>
					<OnValueChanged>
						_G[self:GetName().."Text"]:SetText(ZaxLib:arrondi(_G[self:GetName()]:GetValue()));
						SCAM_SAVED["yawSpeed"] = ZaxLib:arrondi(self:GetValue());
					</OnValueChanged>
				</Scripts>
			</Slider>
			<!-- ==== CURSEUR PITCH SPEED ==== -->
			<Slider name="Scam_ui_pitch_Slider" inherits="OptionsSliderTemplate" minValue="2" maxValue="200" valueStep="2">
				<Size><AbsDimension x="475" y="17"/></Size>
				<Anchors>
					<Anchor point="TOPLEFT" relativeTo="Scam_ui_pitch_Text" relativePoint="TOPLEFT">
						<Offset><AbsDimension x="0" y="-15"/></Offset>
					</Anchor>
				</Anchors>
				<Scripts>
					<OnShow>
						_G[self:GetName() .. "Low"]:SetText("2");
						_G[self:GetName() .. "High"]:SetText("200");
						_G[self:GetName() .. "Text"]:SetText(ZaxLib:nombreParDefaut(SCAM_SAVED["pitchSpeed"],2,200,80));
						_G[self:GetName() .. "Text"]:SetTextColor(0.5,0.9,0.5,1);
						self:SetValue(ZaxLib:nombreParDefaut(SCAM_SAVED["pitchSpeed"],2,200,80));
					</OnShow>
					<OnValueChanged>
						_G[self:GetName().."Text"]:SetText(ZaxLib:arrondi(_G[self:GetName()]:GetValue()));
						SCAM_SAVED["pitchSpeed"] = ZaxLib:arrondi(self:GetValue());
					</OnValueChanged>
				</Scripts>
			</Slider>
			<!-- ==== CURSEUR ZOOM SPEED ==== -->
			<Slider name="Scam_ui_zoom_Slider" inherits="OptionsSliderTemplate" minValue="1" maxValue="50" valueStep="1">
				<Size><AbsDimension x="475" y="17"/></Size>
				<Anchors>
					<Anchor point="TOPLEFT" relativeTo="Scam_ui_zoom_Text" relativePoint="TOPLEFT">
						<Offset><AbsDimension x="0" y="-15"/></Offset>
					</Anchor>
				</Anchors>
				<Scripts>
					<OnShow>
						_G[self:GetName() .. "Low"]:SetText("1");
						_G[self:GetName() .. "High"]:SetText("50");
						_G[self:GetName() .. "Text"]:SetText(ZaxLib:nombreParDefaut(SCAM_SAVED["zoomSpeed"],1,50,50));
						_G[self:GetName() .. "Text"]:SetTextColor(0.5,0.9,0.5,1);
						self:SetValue(ZaxLib:nombreParDefaut(SCAM_SAVED["zoomSpeed"],1,50,50));
					</OnShow>
					<OnValueChanged>
						_G[self:GetName().."Text"]:SetText(ZaxLib:arrondi(_G[self:GetName()]:GetValue()));
						SCAM_SAVED["zoomSpeed"] = ZaxLib:arrondi(self:GetValue());
					</OnValueChanged>
				</Scripts>
			</Slider>
			
			<!-- ============ INTRO CURSEURS GENERAUX =========== -->
			<Frame name="Scam_ui_general">
				<Size><AbsDimension x="250" y="32"/></Size>
				<Anchors>
					<Anchor point="TOPLEFT" relativeTo="$parent" relativePoint="TOPLEFT">
						<Offset><AbsDimension x="0" y="-425"/></Offset>
					</Anchor>
				</Anchors>
				<Layers>
					<Layer level="ARTWORK">
						<FontString name="Scam_ui_general_Text" inherits="GameFontNormalSmall" text="" nonspacewrap="true">
							<Anchors>
								<Anchor point="TOPLEFT" relativeTo="$parent" relativePoint="TOPLEFT">
									<Offset><AbsDimension x="15" y="0"/></Offset>
								</Anchor>
							</Anchors>
							<Color r="0.8" g="0.8" b="0.8" a="1"/>
						</FontString>
					</Layer>
					<Layer level="ARTWORK">
						<FontString name="Scam_ui_distance_Text" inherits="GameFontNormalSmall" nonspacewrap="false" maxLines="0" justifyH="LEFT" text="">
							<Anchors>
								<Anchor point="TOPLEFT" relativeTo="Scam_ui_general_Text" relativePoint="TOPLEFT">
									<Offset><AbsDimension x="15" y="-15"/></Offset>
								</Anchor>
							</Anchors>
						</FontString>
					</Layer>
					<Layer level="ARTWORK">
						<FontString name="Scam_ui_factor_Text" inherits="GameFontNormalSmall" nonspacewrap="false" maxLines="0" justifyH="LEFT" text="">
							<Anchors>
								<Anchor point="TOPLEFT" relativeTo="Scam_ui_distance_Text" relativePoint="TOPLEFT">
									<Offset><AbsDimension x="255" y="0"/></Offset>
								</Anchor>
							</Anchors>
						</FontString>
					</Layer>
				</Layers>
				<Scripts>
					<OnShow>
						Scam_ui_general_Text:SetText(CameraPlus.getLocal("Camera distance (out of Movie Environment):"));
						Scam_ui_distance_Text:SetText(CameraPlus.getLocal("Distance max"));
						Scam_ui_factor_Text:SetText(CameraPlus.getLocal("Distance max factor"));
					</OnShow>
				</Scripts>
			</Frame>
			
			<!-- === CURSEUR DISTANCE MAX === -->
			<Slider name="Scam_ui_distance_Slider" inherits="OptionsSliderTemplate" minValue="15" maxValue="25" valueStep="10">
				<Size><AbsDimension x="220" y="17"/></Size>
				<Anchors>
					<Anchor point="TOPLEFT" relativeTo="Scam_ui_distance_Text" relativePoint="TOPLEFT">
						<Offset><AbsDimension x="0" y="-15"/></Offset>
					</Anchor>
				</Anchors>
				<Scripts>
					<OnShow>
						_G[self:GetName() .. "Low"]:SetText("15");
						_G[self:GetName() .. "High"]:SetText("25");
						_G[self:GetName() .. "Text"]:SetText(ZaxLib:nombreParDefaut(SCAM_SAVED["distanceMax"],15,25,15));
						_G[self:GetName() .. "Text"]:SetTextColor(0.5,0.9,0.5,1);
						self:SetValue(ZaxLib:nombreParDefaut(SCAM_SAVED["distanceMax"],15,25,15));
					</OnShow>
					<OnValueChanged>
						_G[self:GetName().."Text"]:SetText(ZaxLib:arrondi(_G[self:GetName()]:GetValue()));
						SCAM_SAVED["distanceMax"] = ZaxLib:arrondi(self:GetValue());
						SetCVar("cameraDistanceMax",SCAM_SAVED["distanceMax"]);
					</OnValueChanged>
				</Scripts>
			</Slider>
			<!-- === CURSEUR DIST MAX FACT=== -->
			<Slider name="Scam_ui_distance_SliderFactor" inherits="OptionsSliderTemplate" minValue="1" maxValue="3" valueStep="1">
				<Size><AbsDimension x="220" y="17"/></Size>
				<Anchors>
					<Anchor point="TOPLEFT" relativeTo="Scam_ui_factor_Text" relativePoint="TOPLEFT">
						<Offset><AbsDimension x="0" y="-15"/></Offset>
					</Anchor>
				</Anchors>
				<Scripts>
					<OnShow>
						_G[self:GetName() .. "Low"]:SetText("1");
						_G[self:GetName() .. "High"]:SetText("3");
						_G[self:GetName() .. "Text"]:SetText(ZaxLib:nombreParDefaut(SCAM_SAVED["distanceMaxFactor"],1,3,1));
						_G[self:GetName() .. "Text"]:SetTextColor(0.5,0.9,0.5,1);
						self:SetValue(ZaxLib:nombreParDefaut(SCAM_SAVED["distanceMaxFactor"],1,3,1));
					</OnShow>
					<OnValueChanged>
						_G[self:GetName().."Text"]:SetText(ZaxLib:arrondi(_G[self:GetName()]:GetValue()));
						SCAM_SAVED["distanceMaxFactor"] = ZaxLib:arrondi(self:GetValue());
						SetCVar("cameraDistanceMaxFactor",SCAM_SAVED["distanceMaxFactor"]);
					</OnValueChanged>
				</Scripts>
			</Slider>
			
			<!-- ================= BOUTONS DLOG ================= -->
			<Button name="Scam_ui_close_Btn" text="" inherits="UIPanelButtonTemplate">
				<Size><AbsDimension x="80" y="25"/></Size>
				<Anchors>
					<Anchor point="BOTTOMRIGHT" relativeTo="$parent" relativePoint="BOTTOMRIGHT">
						<Offset><AbsDimension x="-50" y="20"/></Offset>
					</Anchor>
				</Anchors>
				<Scripts>
					<OnShow>
						Scam_ui_close_Btn:SetText(CameraPlus.getLocal("Close"));
					</OnShow>
					<OnClick>
						Scam_ui_mainFrame:Hide();
					</OnClick>
				</Scripts>
			</Button>
			<Button name="Scam_ui_default_Btn" text="" inherits="UIPanelButtonTemplate">
				<Size><AbsDimension x="80" y="25"/></Size>
				<Anchors>
					<Anchor point="BOTTOMLEFT" relativeTo="$parent" relativePoint="BOTTOMLEFT">
						<Offset><AbsDimension x="50" y="20"/></Offset>
					</Anchor>
				</Anchors>
				<Scripts>
					<OnShow>
						Scam_ui_default_Btn:SetText(CameraPlus.getLocal("Default"));
					</OnShow>
					<OnClick>
						CameraPlus.reset();
					</OnClick>
				</Scripts>
			</Button>
			<!-- =============================================== -->
		</Frames>

		<Scripts>
			<OnLoad>
				Scam_ui_mainFrame:SetClampedToScreen("true");
				tinsert(UISpecialFrames,"Scam_ui_mainFrame");
 				self:RegisterForDrag("RightButton");
			</OnLoad>
			<OnDragStart>
				self:StartMoving();
				self.isMoving = true;
			</OnDragStart>
			<OnDragStop>
				self:StopMovingOrSizing();
				self.isMoving = false;
			</OnDragStop>
			<OnShow>
				CameraPlus.uiShown();
			</OnShow>
			<OnHide>
				-- tous process de fermeture, y compris escape key
				CameraPlus.uiClosed();
			</OnHide>
		</Scripts>
	</Frame>
</Ui>
