<Ui xmlns="http://www.blizzard.com/wow/ui/">
	<script file="CameraPlus.lua"/>
	<Script file="localization.lua"/>
	
	<Frame name="Scam_cfg_frame" toplevel="true" parent="UIParent" frameStrata="DIALOG" hidden="true" enableMouse="true">
		<Frames>
			<!-- ============================== TITRE ET VERSION ============================== -->
			<Frame name="Scam_cfg_title" inherits="TitleFrameTemplate">
				<Size><AbsDimension x="500" y="16"/></Size>
				<Anchors>
					<Anchor point="TOPLEFT" relativeTo="$parent" relativePoint="TOPLEFT">
						<Offset><AbsDimension x="15" y="-15"/></Offset>
					</Anchor>
				</Anchors>
				<Scripts>
					<OnShow>
						self:SetText(SCAM_NAME.." v"..SCAM_VERS); -- voir template
					</OnShow>
				</Scripts>
			</Frame>
			
			<!-- ======================= TEXTE INFO ======================= -->
			<Frame name="Scam_cfg_info" inherits="InfosFrameTemplate">
				<Size><AbsDimension x="480" y="20"/></Size>
				<Anchors>
					<Anchor point="TOPLEFT" relativeTo="Scam_cfg_title" relativePoint="BOTTOMLEFT">
						<Offset><AbsDimension x="20" y="-15"/></Offset>
					</Anchor>
				</Anchors>
				<Scripts>
					<OnShow>
						local name, title, notes = GetAddOnInfo(SCAM_NAME);
						self:SetText(notes); -- voir template
					</OnShow>
				</Scripts>
			</Frame>
		
			<!-- ====================== AUTEUR + WEB ====================== -->
			<Frame name="Scam_cfg_author" inherits="AuthorFrameTemplate">
				<Size><AbsDimension x="480" y="15"/></Size>
				<Anchors>
					<Anchor point="TOPLEFT" relativeTo="Scam_cfg_info" relativePoint="BOTTOMLEFT">
						<Offset><AbsDimension x="0" y="-5"/></Offset>
					</Anchor>
				</Anchors>
				<Scripts>
					<OnShow>
						self:SetText("Copyright "..GetAddOnMetadata(SCAM_NAME,"Author").." - "..ZaxLib:videSiNul(GetAddOnMetadata(SCAM_NAME,"X-Website"))); -- voir template
					</OnShow>
				</Scripts>
			</Frame>
			
			<!-- ======================= TEXTE AIDE ======================= -->
			<Frame name="Scam_cfg_help" inherits="TextFrameWithBorderTemplate">
				<Size><AbsDimension x="480" y="10"/></Size>
				<Anchors>
					<Anchor point="TOPLEFT" relativeTo="Scam_cfg_author" relativePoint="BOTTOMLEFT">
						<Offset><AbsDimension x="0" y="-20"/></Offset>
					</Anchor>
				</Anchors>
				<Scripts>
					<OnShow>
						self:SetText(CameraPlus.getHelpText()); -- script special du template
					</OnShow>
				</Scripts>
			</Frame>
			
			<!-- ======================== BTN SHOW ======================== -->
			<Button name="Scam_cfg_show_Btn" text="" inherits="UIPanelButtonTemplate">
				<Size><AbsDimension x="90" y="25"/></Size>
				<Anchors>
					<Anchor point="TOPLEFT" relativeTo="Scam_cfg_help" relativePoint="BOTTOMLEFT">
						<Offset><AbsDimension x="0" y="-20"/></Offset>
					</Anchor>
				</Anchors>
				<Scripts>
					<OnShow>
						Scam_cfg_show_Btn:SetText(CameraPlus.getLocal("Settings"));
					</OnShow>
					<OnClick>
						CameraPlus.showUI();
					</OnClick>
				</Scripts>
			</Button>
			 
		</Frames>
		
		<Scripts>
			<OnLoad>
				CameraPlus.config(self);
			</OnLoad>
			<OnShow>
				-- pas besoin : CameraPlus.settingsTemp = ZaxLib:copyTable(SCAM_SAVED["set1"]);
			</OnShow>
		</Scripts>
	</Frame>
</Ui>
