<Ui xmlns="http://www.blizzard.com/wow/ui" xmlns:xsi="http://www.w3.org/2001/XMLSchema-instance"
    xsi:schemaLocation="http://www.blizzard.com/wow/ui">
    <Button name="GHM_ToolbarPageButtonTemplate" virtual="true">
        <Layers>
            <Layer level="BACKGROUND">

                <Texture name="$parentBg">
                    <Anchors>
                        <Anchor point="TOPLEFT" relativeTo="$parent" relativePoint="TOPLEFT">
                            <Offset>
                                <AbsDimension x="3" y="-3"/>
                            </Offset>
                        </Anchor>
                        <Anchor point="BOTTOMRIGHT" relativeTo="$parent" relativePoint="BOTTOMRIGHT">
                            <Offset>
                                <AbsDimension x="-3" y="0"/>
                            </Offset>
                        </Anchor>
                    </Anchors>
                </Texture>
            </Layer>
        </Layers>
        <ButtonText name="$parentText">
            <Anchors>
                <Anchor point="LEFT">
                    <Offset>
                        <AbsDimension x="8" y="0"/>
                    </Offset>
                </Anchor>
            </Anchors>
        </ButtonText>
        <NormalFont style="GameFontHighlightSmall"/>
        <HighlightTexture file="Interface\PaperDollInfoFrame\UI-Character-Tab-Highlight" alphaMode="ADD">
            <Size>
                <AbsDimension x="5" y="24"/>
            </Size>
            <Anchors>
                <Anchor point="LEFT">
                    <Offset>
                        <AbsDimension x="0" y="0"/>
                    </Offset>
                </Anchor>
                <Anchor point="RIGHT">
                    <Offset>
                        <AbsDimension x="4" y="0"/>
                    </Offset>
                </Anchor>
            </Anchors>
        </HighlightTexture>
    </Button>
</Ui>