<Ui xmlns="http://www.blizzard.com/wow/ui/" xmlns:xsi="http://www.w3.org/2001/XMLSchema-instance" xsi:schemaLocation="http://www.blizzard.com/wow/ui/ ..\FrameXML\UI.xsd">
	<Frame name="GHI_ExtraButtonFrame" frameStrata="LOW" parent="MainMenuBar" enableMouse="true" movable="true" toplevel="true" hidden="true">
		<Size x="96" y="96" />
		<Anchors>
			<Anchor point="BOTTOM" x="0" y="160" />
		</Anchors>
		<Scripts>
			<OnLoad>self:RegisterForDrag("LeftButton");</OnLoad>
			<OnDragStart>self:StartMoving();</OnDragStart>
			<OnDragStop>self:StopMovingOrSizing();</OnDragStop>
		</Scripts>
		<Animations>
			<AnimationGroup parentKey="intro">
				<Alpha change="1.0" duration="0.3" order="1" />
				<Scripts>
					<OnFinished>self:GetParent():SetAlpha(1.0);</OnFinished>
				</Scripts>
			</AnimationGroup>
			<AnimationGroup parentKey="outro">
				<Alpha change="-1.0" duration="0.3" order="1" />
				<Scripts>
					<OnFinished>self:GetParent():SetAlpha(0.0);
						self:GetParent():Hide();</OnFinished>
				</Scripts>
			</AnimationGroup>
		</Animations>
		<Frames>
			<Button name="$parentButton" parentKey="button">
				<Size x="52" y="52" />
				<Anchors>
					<Anchor point="CENTER" x="0" y="0" />
				</Anchors>
				<Layers>
					<Layer level="BACKGROUND">
						<Texture name="$parentIcon" parentKey="icon" setAllPoints="true" />
					</Layer>
					<Layer level="ARTWORK" textureSubLevel="2">
						<FontString name="$parentCount" inherits="NumberFontNormal" justifyH="RIGHT" parentKey="charges">
							<Anchors>
								<Anchor point="BOTTOMRIGHT" x="-10" y="10" />
							</Anchors>
						</FontString>
					</Layer>
					<Layer level="OVERLAY">
						<Texture file="Interface\UnitPowerBarAlt\SpellPush-Frame" parentKey="style">
							<Size x="256" y="128" />
							<Anchors>
								<Anchor point="CENTER" x="-2" y="0" />
							</Anchors>
						</Texture>
					</Layer>
				</Layers>
				<Frames>
					<Cooldown name="$parentCooldown" inherits="CooldownFrameTemplate" parentKey="cooldown">
						<Anchors>
							<Anchor point="TOPLEFT" x="5" y="-4" />
							<Anchor point="BOTTOMRIGHT" x="-5" y="5" />
						</Anchors>
					</Cooldown>
				</Frames>
				<NormalTexture name="$parentNormalTexture" file="Interface\Buttons\UI-Quickslot2">
					<Anchors>
						<Anchor point="TOPLEFT" x="-15" y="15" />
						<Anchor point="BOTTOMRIGHT" x="15" y="-15" />
					</Anchors>
				</NormalTexture>
				<HighlightTexture alphaMode="ADD" file="Interface\Buttons\ButtonHilight-Square" />
				<PushedTexture alphaMode="ADD" file="Interface\Buttons\UI-Quickslot-Depress" />
				<DisabledTexture file="Interface\Buttons\UI-QuickslotRed" alphaMode="BLEND">
					<Color r="0" g="0.25" b="0.25" a="0.5" />
				</DisabledTexture>
			</Button>
		</Frames>
	</Frame>
</Ui>