<Ui xmlns="http://www.blizzard.com/wow/ui/" xmlns:xsi="http://www.w3.org/2001/XMLSchema-instance" xsi:schemaLocation="http://www.blizzard.com/wow/ui/
..\FrameXML\UI.xsd">
	<Script file="LibPlayerSpells-1.0.lua"/>
	<Script file="data\Racials.lua"/>
	<Script file="data\Tradeskills.lua"/>
	<Script file="data\Deathknight.lua"/>
	<Script file="data\Druid.lua"/>
	<Script file="data\Hunter.lua"/>
	<Script file="data\Mage.lua"/>
	<Script file="data\Monk.lua"/>
	<Script file="data\Paladin.lua"/>
	<Script file="data\Priest.lua"/>
	<Script file="data\Rogue.lua"/>
	<Script file="data\Shaman.lua"/>
	<Script file="data\Warlock.lua"/>
	<Script file="data\Warrior.lua"/>
</Ui>
