<Ui xmlns="http://www.blizzard.com/wow/ui/" xmlns:xsi="http://www.w3.org/2001/XMLSchema-instance" xsi:schemaLocation="http://www.blizzard.com/wow/ui/
..\..\FrameXML\UI.xsd">
	<Script file='profile.lua'/>
	<Texture name='pNameplatesClearWrapperTemplate' virtual='true'>
		<Size x='0' y='30'/>
		<Color r='0' g='0' b='0' a='0'/>
	</Texture>
	<Frame name='pNameplatesProfile' toplevel='true' parent='UIParent' frameStrata='DIALOG' hidden='true' enableMouse='true' enableKeyboard='true'>
		<Anchors> <Anchor point='CENTER'/> </Anchors>
		<Layers>
			<Layer level='BACKGROUND'>
				<!-- Wrappers -->
				<Texture name='$parentResetWrap' inherits='pNameplatesClearWrapperTemplate'>
					<Anchors> <Anchor point='TOPLEFT' relativeTo='$parent'> <Offset x='21' y='-85'/> </Anchor> </Anchors>
				</Texture>
				<Texture name='$parentSelectWrap' inherits='pNameplatesClearWrapperTemplate'>
					<Anchors> <Anchor point='TOPLEFT' relativeTo='$parentResetWrap' relativePoint='BOTTOMLEFT'> <Offset x='0' y='-50'/> </Anchor> </Anchors>
				</Texture>
				<Texture name='$parentCopyWrap' inherits='pNameplatesClearWrapperTemplate'>
					<Anchors> <Anchor point='TOPLEFT' relativeTo='$parentSelectWrap' relativePoint='BOTTOMLEFT'> <Offset x='0' y='-70'/> </Anchor> </Anchors>
				</Texture>
				<Texture name='$parentDeleteWrap' inherits='pNameplatesClearWrapperTemplate'>
					<Anchors> <Anchor point='TOPLEFT' relativeTo='$parentCopyWrap' relativePoint='BOTTOMLEFT'> <Offset x='0' y='-70'/> </Anchor> </Anchors>
				</Texture>
			</Layer>

			<Layer level='ARTWORK'>
				<!-- Headers -->
				<FontString name='$parentHeader' inherits='GameFontNormalLarge' text='pNameplatesConfig_HEADER'>
					<Anchors> <Anchor point='TOPLEFT' relativeTo='$parent'> <Offset x='11' y='-15'/> </Anchor> </Anchors>
				</FontString>
				<FontString name='$parentVersion' inherits='GameFontNormal' text='pNameplatesConfig_VERSION'>
					<Anchors> <Anchor point='LEFT' relativeTo='$parentHeader' relativePoint='RIGHT'> <Offset x='5' y='-1'/> </Anchor> </Anchors>
				</FontString>
				<FontString name='$parentSubtext' inherits='GameFontHighlightSmall' text='pNameplatesProfile_SUBTEXT'>
					<Anchors> <Anchor point='TOPLEFT' relativeTo='$parentHeader' relativePoint='BOTTOMLEFT'> <Offset x='0' y='-14'/> </Anchor> </Anchors>
				</FontString>

				<!-- Reset/Current -->
				<FontString name='ActiveTag' inherits='GameFontHighlightSmall' text='Active Profile:'>
					<Anchors> <Anchor point='TOPLEFT' relativeTo='$parentResetWrap'> <Offset x='170' y='-8'/> </Anchor> </Anchors>
				</FontString>
				<FontString name='ActiveProfile' inherits='GameFontNormalSmall'>
					<Anchors> <Anchor point='TOPLEFT' relativeTo='ActiveTag' relativePoint='TOPRIGHT'> <Offset x='7' y='0'/> </Anchor> </Anchors>
				</FontString>

				<!-- Selection -->
				<FontString name='$parentSelectHeader' inherits='GameFontHighlightSmall' text='pNameplatesProfile_DESC_SELECT'>
					<Anchors> <Anchor point='BOTTOMLEFT' relativeTo='$parentSelectWrap' relativePoint='TOPLEFT'> <Offset x='0' y='3'/> </Anchor> </Anchors>
				</FontString>
				<FontString name='$parentNewText' inherits='GameFontNormalSmall' text='New'>
					<Anchors> <Anchor point='TOPLEFT' relativeTo='$parentSelectHeader' relativePoint='BOTTOMLEFT'> <Offset x='0' y='-15'/> </Anchor> </Anchors>
				</FontString>
				<FontString name='$parentExistText' inherits='GameFontNormalSmall' text='Existing Profiles'>
					<Anchors> <Anchor point='TOPLEFT' relativeTo='$parentNewText' relativePoint='TOPRIGHT'> <Offset x='150' y='0'/> </Anchor> </Anchors>
				</FontString>

				<!-- Copy -->
				<FontString name='$parentCopyHeader' inherits='GameFontHighlightSmall' text='pNameplatesProfile_DESC_COPY'>
					<Anchors> <Anchor point='BOTTOMLEFT' relativeTo='$parentCopyWrap' relativePoint='TOPLEFT'> <Offset x='0' y='3'/> </Anchor> </Anchors>
				</FontString>
				<FontString name='$parentCopyText' inherits='GameFontNormalSmall' text='Copy From'>
					<Anchors> <Anchor point='TOPLEFT' relativeTo='$parentCopyHeader' relativePoint='BOTTOMLEFT'> <Offset x='1' y='-15'/> </Anchor> </Anchors>
				</FontString>

				<!-- Delete -->
				<FontString name='$parentDeletionHeader' inherits='GameFontHighlightSmall' text='pNameplatesProfile_DESC_DELETE'>
					<Anchors> <Anchor point='BOTTOMLEFT' relativeTo='$parentDeleteWrap' relativePoint='TOPLEFT'> <Offset x='0' y='3'/> </Anchor> </Anchors>
				</FontString>
				<FontString name='$parentDeletionText' inherits='GameFontNormalSmall' text='Delete Profile'>
					<Anchors> <Anchor point='TOPLEFT' relativeTo='$parentDeletionHeader' relativePoint='BOTTOMLEFT'> <Offset x='0' y='-15'/> </Anchor> </Anchors>
				</FontString>
			</Layer>
		</Layers>
		<Frames>
			<!-- Reset Button -->
			<Button name='$parentReset' inherits='UIPanelButtonTemplate'>
				<Anchors> <Anchor point='TOPLEFT' relativeTo='$parentResetWrap'/> </Anchors>
				<Scripts>
					<OnLoad>  Reset_OnLoad( self )  </OnLoad>
					<OnClick> Reset_OnClick( self ) </OnClick>
				</Scripts>
			</Button>

			<!-- New Profile -->
			<Editbox name='$parentNew' inherits='InputBoxTemplate'>
				<Anchors> <Anchor point='TOPLEFT' relativeTo='$parentNewText'> <Offset x='5' y='-15'/> </Anchor> </Anchors>
				<Scripts>
					<OnLoad>          New_OnLoad( self )         </OnLoad>
					<OnEnterPressed>  New_OnEnterPressed( self ) </OnEnterPressed>
					<OnEscapePressed> self:ClearFocus()          </OnEscapePressed>
				</Scripts>
			</Editbox>

			<!-- Existing Profiles -->
			<Button name='$parentExisting' inherits='UIDropDownMenuTemplate'>
				<Anchors> <Anchor point='TOPLEFT' relativeTo='$parentExistText'> <Offset x='-18' y='-15'/> </Anchor> </Anchors>
			</Button>

			<!-- Copy Profile -->
			<Button name='$parentCopyMenu' inherits='UIDropDownMenuTemplate'>
				<Anchors> <Anchor point='TOPLEFT' relativeTo='$parentCopyText'> <Offset x='-18' y='-15'/> </Anchor> </Anchors>
			</Button>

			<!-- Delete Profile -->
			<Button name='$parentDelete' inherits='UIDropDownMenuTemplate'>
				<Anchors> <Anchor point='TOPLEFT' relativeTo='$parentDeletionText'> <Offset x='-18' y='-15'/> </Anchor> </Anchors>
			</Button>
		</Frames>
		<Scripts>
			<OnLoad>  Profile_OnLoad( self )              </OnLoad>
			<OnEvent> Profile_OnEvent( self, event, ... ) </OnEvent>
			<OnHide>  collectgarbage()                    </OnHide>
		</Scripts>
	</Frame>
</Ui>