<Ui xmlns="http://www.blizzard.com/wow/ui/" xmlns:xsi="http://www.w3.org/2001/XMLSchema-instance" xsi:schemaLocation="http://www.blizzard.com/wow/ui/
..\FrameXML\UI.xsd">
	<Script file="localization.lua"/>
	<Script file="SmartQuest.lua"/>
	<Frame name="SmartQuestFrame" parent="UIParent" hidden="false">
		<Scripts>
			<OnEvent>
				SmartQuest_OnEvent(self, event, ...);
			</OnEvent>
			<OnLoad>
				SmartQuest_OnLoad(); 
			</OnLoad>
			<OnUpdate>
				SmartQuest_OnUpdate(self, elapsed);
			</OnUpdate>
		</Scripts>
	</Frame>
	<GameTooltip name="SmartQuestTooltip" hidden="true" frameStrata="TOOLTIP" inherits="GameTooltipTemplate">
		<Scripts>
			<OnLoad>
				SmartQuestTooltip:SetOwner(UIParent, "ANCHOR_NONE");
			</OnLoad>
		</Scripts>
	</GameTooltip>

	<!-- Color Button Template (Thanks SCT!) -->
	<Button name="SmartQuestColorTemplate" virtual="true">
		<Size>
			<AbsDimension x="16" y="16"/>
		</Size>
		<Anchors>
			<Anchor point="LEFT">
				<Offset>
					<AbsDimension x="0" y="0"/>
				</Offset>
			</Anchor>
		</Anchors>
		<Layers>
			<Layer level="BACKGROUND">
				<FontString name="$parent_Label" inherits="GameFontNormalSmall">
					<Anchors>
						<Anchor point="TOPLEFT" relativePoint="TOPLEFT">
							<Offset>
								<AbsDimension x="21" y="0"/>
							</Offset>
						</Anchor>
					</Anchors>
				</FontString>
				<Texture name="$parent_SwatchBg">
					<Size>
						<AbsDimension x="14" y="14"/>
					</Size>
					<Anchors>
						<Anchor point="CENTER">
							<Offset>
								<AbsDimension x="0" y="0"/>
							</Offset>
						</Anchor>
					</Anchors>
					<Color r="1.0" g="1.0" b="1.0"/>
				</Texture>
			</Layer>
		</Layers>
		<Scripts>
			<OnClick>
				SmartQuest_OpenColorPicker(self);
			</OnClick>
			<OnEnter>
				_G[self:GetName().."_SwatchBg"]:SetVertexColor(NORMAL_FONT_COLOR.r, NORMAL_FONT_COLOR.g, NORMAL_FONT_COLOR.b);
			</OnEnter>
			<OnLeave>
				_G[self:GetName().."_SwatchBg"]:SetVertexColor(HIGHLIGHT_FONT_COLOR.r, HIGHLIGHT_FONT_COLOR.g, HIGHLIGHT_FONT_COLOR.b);
			</OnLeave>
		</Scripts>
		<NormalTexture name="$parentNormalTexture" file="Interface\ChatFrame\ChatFrameColorSwatch"/>
	</Button>
</Ui>
