<!-- 
/////////////////////////////////////////////////////////////////////////////
	This is a modified version of Blizzard's WorldMapFrameTemplates.xml file (v5.0.4 r16016)
/////////////////////////////////////////////////////////////////////////////
-->
<Ui xmlns="http://www.blizzard.com/wow/ui/" xmlns:xsi="http://www.w3.org/2001/XMLSchema-instance" xsi:schemaLocation="http://www.blizzard.com/wow/ui/
..\FrameXML\UI.xsd">

	<Frame name="OmegaMapUnitTemplate" hidden="true" virtual="true">
		<Size>
			<AbsDimension x="16" y="16"/>
		</Size>
		<Anchors>
			<Anchor point="CENTER"/>
		</Anchors>
		<Layers>
			<Layer level="ARTWORK">
				<Texture name="$parentIcon" file="Interface\Minimap\PartyRaidBlips" setAllPoints="true" parentKey="icon"/>
			</Layer>
		</Layers>
		<Scripts>
			<OnLoad>
				OmegaMapUnit_OnLoad(self)
			</OnLoad>
			<OnEnter>
				OmegaMapUnit_OnEnter(self, motion)
			</OnEnter>
			<OnLeave>
				OmegaMapUnit_OnLeave(self, motion)
			</OnLeave>
			<OnEvent>
				OmegaMapUnit_OnEvent(self, event, ...)
			</OnEvent>
			<OnMouseUp>
				OmegaMapUnit_OnMouseUp(self, button, "OmegaMapRaid", "OmegaMapParty")
			</OnMouseUp>
			<OnShow>
				OmegaMapUnit_OnShow(self)
			</OnShow>
			<OnHide>
				OmegaMapUnit_OnHide(self)
			</OnHide>
		</Scripts>
	</Frame>
	<Frame name="OmegaMapPartyUnitTemplate" inherits="OmegaMapUnitTemplate" virtual="true">
		<Scripts>
			<OnLoad>
				OmegaMapUnit_OnLoad(self)
				self.unit = "party"..self:GetID()
			</OnLoad>
		</Scripts>
	</Frame>
	<Frame name="OmegaMapRaidUnitTemplate" inherits="OmegaMapUnitTemplate" virtual="true">
		<Scripts>
			<OnLoad>
				OmegaMapUnit_OnLoad(self)
				self.unit = "raid"..self:GetID()
			</OnLoad>
		</Scripts>
	</Frame>
	<Frame name="OmegaMapFlagTemplate" hidden="true" virtual="true">
		<Size>
			<AbsDimension x="24" y="24"/>
		</Size>
		<Anchors>
			<Anchor point="CENTER"/>
		</Anchors>
		<Layers>
			<Layer level="ARTWORK">
				<Texture name="$parentTexture" setAllPoints="true"/>
			</Layer>
		</Layers>
		<Scripts>
			<OnLoad>
				RaiseFrameLevelByTwo(self)
			</OnLoad>			
		</Scripts>
	</Frame>
	<Frame name="OmegaMapVehicleTemplate" hidden="true" virtual="true">
		<Size>
			<AbsDimension x="45" y="45"/>
		</Size>
		<Anchors>
			<Anchor point="CENTER"/>
		</Anchors>
		<HitRectInsets>
			<AbsInset left="10" right="10" top="10" bottom="10"/>
		</HitRectInsets>
		<Layers>
			<Layer level="ARTWORK">
				<Texture name="$parentTexture" setAllPoints="true"/>
			</Layer>
		</Layers>
		<Scripts>
			<OnLoad>
				RaiseFrameLevelByTwo(self)
			</OnLoad>
			<OnEnter>
				OmegaMapUnit_OnEnter(self, motion)
			</OnEnter>
			<OnLeave>
				OmegaMapUnit_OnLeave(self, motion)
			</OnLeave>
		</Scripts>
	</Frame>
	<Frame name="OmegaMapCorpseTemplate" hidden="true" virtual="true">
		<Size>
			<AbsDimension x="16" y="16"/>
		</Size>
		<Anchors>
			<Anchor point="CENTER"/>
		</Anchors>
		<Layers>
			<Layer level="ARTWORK">
				<Texture file="Interface\Minimap\POIIcons" setAllPoints="true">
					<TexCoords left="0.56640625" right="0.6328125" top="0.001953125" bottom="0.03515625"/>
				</Texture>
			</Layer>
		</Layers>
		<Scripts>
			<OnLoad>
				RaiseFrameLevel(self)
			</OnLoad>
			<OnEnter>
				OmegaMapPOIFrame.allowBlobTooltip = false
				local x, y = self:GetCenter()
				local parentX, parentY = self:GetParent():GetCenter()
				if ( x > parentX ) then
					OmegaMapTooltip:SetOwner(self, "ANCHOR_LEFT")
				else
					OmegaMapTooltip:SetOwner(self, "ANCHOR_RIGHT")
				end
				OmegaMapTooltip:SetText(CORPSE_RED)
				OmegaMapTooltip:Show()
			</OnEnter>
			<OnLeave>
				OmegaMapPOIFrame.allowBlobTooltip = true
				OmegaMapTooltip:Hide()
			</OnLeave>
		</Scripts>
	</Frame>

	<Frame name="OmegaMapQuestFrameTemplate" enableMouse="false" virtual="true">
		<Size>
			<AbsDimension x="281" y="100"/>
		</Size>
		<Layers>
			<Layer level="BACKGROUND">
				<FontString name="$parentTitle" inherits="GameFontNormal" justifyH="LEFT"  justifyV="TOP" spacing="2" parentKey="title">
					<Size>
						<AbsDimension x="240" y="0"/>
					</Size>					
					<Anchors>
						<Anchor point="TOPLEFT">
							<Offset>
								<AbsDimension x="34" y="-8"/>
							</Offset>						
						</Anchor>
					</Anchors>
					<Color r="1" g="0.82" b="0" />
				</FontString>
				<Texture name="$parentCheck" file="Interface\Buttons\UI-CheckBox-Check" hidden="true" parentKey="check">
					<Size>
						<AbsDimension x="16" y="16"/>
					</Size>
					<Anchors>
						<Anchor point="TOPLEFT" relativeTo="$parentTitle" relativePoint="TOPRIGHT" />
					</Anchors> 
				</Texture>
				<FontString name="$parentDashes" inherits="GameFontNormal" justifyH="LEFT"  justifyV="BOTTOM" spacing="2" parentKey="dashes">
					<Anchors>
						<Anchor point="TOPLEFT" relativeTo="$parentTitle" relativePoint="BOTTOMLEFT">
							<Offset>
								<AbsDimension x="0" y="-4"/>
							</Offset>						
						</Anchor>
					</Anchors>
					<Color r="0.8" g="0.8" b="0.8" />				
				</FontString>
				<FontString name="$parentObjectives" inherits="GameFontNormal" justifyH="LEFT"  justifyV="BOTTOM" spacing="2" parentKey="objectives">
					<Size>
						<AbsDimension x="232" y="0"/>
					</Size>					
					<Anchors>
						<Anchor point="TOPLEFT" relativeTo="$parentTitle" relativePoint="BOTTOMLEFT">
							<Offset>
								<AbsDimension x="8" y="-4"/>
							</Offset>						
						</Anchor>
					</Anchors>
					<Color r="0.8" g="0.8" b="0.8" />
				</FontString>				
			</Layer>
		</Layers>		
		<Scripts>
		<OnEnter function="OmegaMapQuestFrame_OnEnter" />
			<OnLeave function="OmegaMapQuestFrame_OnLeave" />
			<OnMouseDown function="OmegaMapQuestFrame_OnMouseDown" />
			<OnMouseUp function="OmegaMapQuestFrame_OnMouseUp" /> 
		</Scripts>
	</Frame>
	<Button name="OmegaMapMaelstromButtonTemplate" hidden="true" virtual="true">
		<Scripts>
			<OnLoad>
				self:RegisterForClicks("LeftButtonUp", "RightButtonUp")
				local zoneName = self:GetText()
				self.zoneID = MAELSTROM_ZONES_ID[zoneName]
				self.minLevel = MAELSTROM_ZONES_LEVELS[zoneName].minLevel
				self.maxLevel = MAELSTROM_ZONES_LEVELS[zoneName].maxLevel
				self.petMinLevel = MAELSTROM_ZONES_LEVELS[zoneName].petMinLevel;
				self.petMaxLevel = MAELSTROM_ZONES_LEVELS[zoneName].petMaxLevel;

			</OnLoad>
			<OnClick>
				if ( button == "LeftButton" ) then
					SetMapByID(self.zoneID)
				else
					OmegaMapZoomOutButton_OnClick()
				end
			</OnClick>
			<OnEnter>
				OmegaMapFrame.maelstromZoneText = GetMapNameByID(self.zoneID)
				OmegaMapFrame.minLevel = self.minLevel
				OmegaMapFrame.maxLevel = self.maxLevel
				OmegaMapFrame.petMinLevel = self.petMinLevel;
				OmegaMapFrame.petMaxLevel = self.petMaxLevel;

			</OnEnter>
			<OnLeave>
				OmegaMapFrame.maelstromZoneText = nil
				OmegaMapFrame.minLevel = nil
				OmegaMapFrame.maxLevel = nil
				OmegaMapFrame.petMinLevel = nil;
				OmegaMapFrame.petMaxLevel = nil;
			</OnLeave>
		</Scripts>
	</Button>

	 <Button name="OmegaMapEncounterButtonTemplate" virtual="true">
        <Size x="50" y="49"/>
        <Layers>
            <Layer level="BACKGROUND">
                <Texture name="$parentbgImage" parentKey="bgImage">
                    <Size x="36" y="36"/>
                    <Anchors>
                        <Anchor point="CENTER" x="0" y="0"/>
                    </Anchors>
                </Texture>
            </Layer>
        </Layers>
		<NormalTexture file="Interface\EncounterJournal\UI-EncounterJournalTextures">
			<TexCoords left="0.84960938" right="0.97070313" top="0.42871094" bottom="0.48828125"/>
		</NormalTexture>
		<PushedTexture file="Interface\EncounterJournal\UI-EncounterJournalTextures">
			<TexCoords left="0.77734375" right="0.89843750" top="0.26953125" bottom="0.32910156"/>
		</PushedTexture>
		<HighlightTexture file="Interface\EncounterJournal\UI-EncounterJournalTextures">
			<TexCoords left="0.68945313" right="0.81054688" top="0.33300781" bottom="0.39257813"/>
		</HighlightTexture>
        <Scripts>
            <OnEnter>
                if self.tooltipTitle then
                    OmegaMapTooltip:SetOwner(self, "ANCHOR_LEFT")
                    OmegaMapTooltip:SetText(self.tooltipTitle,1,1,1)
                    OmegaMapTooltip:AddLine(self.tooltipText, nil, nil, nil, 1)
                    OmegaMapTooltip:Show()
                    OmegaMapTooltip.EJ_using = true
               end
            </OnEnter>
            <OnLeave>
                OmegaMapTooltip:Hide()
                OmegaMapTooltip.EJ_using = false
            </OnLeave>
            <OnShow>
                self:SetFrameLevel(self:GetParent():GetFrameLevel() + 10)
            </OnShow>
            <OnClick>
                --if WORLDMAP_SETTINGS.size ~= WORLDMAP_WINDOWED_SIZE then
                   -- ToggleFrame(WorldMapFrame)
               -- end
             
                if not EncounterJournal or not EncounterJournal:IsShown() then
                    ToggleFrame(EncounterJournal)
                end
                EncounterJournal_ListInstances()
                EncounterJournal_DisplayInstance(self.instanceID)
                EncounterJournal_DisplayEncounter(self.encounterID)
            </OnClick>
        </Scripts>
    </Button>



	<Button name="OmegaMapCTNoteTemplate"  hidden="true" virtual="true">
		<Size>
			<AbsDimension x="16" y="16"/>
		</Size>
		<Anchors>
			<Anchor point="CENTER"/>
		</Anchors>
		<Layers>
			<Layer level="BACKGROUND">
				<Texture name="$parentIcon" file="">
					<Size>
						<AbsDimension x="16" y="16"/>
					</Size>
					<Anchors>
						<Anchor point="CENTER"/>
					</Anchors>
				</Texture>
			</Layer>
		</Layers>
		<Scripts>
			<OnLoad>
				self:RegisterForClicks("LeftButtonUp", "RightButtonUp")
				self:SetFrameLevel( self:GetFrameLevel() + 1)
				self.unit = "player"
			</OnLoad>
			<OnEnter>
				OmegaMapCTMapNotes_OnEnter( self, self:GetID() ) 
			</OnEnter>
			<OnLeave>
				GameTooltip:Hide()
			</OnLeave>
			<OnClick>
				OmegaMapCTNote_OnClick(self, button)
			</OnClick>
		</Scripts>
	</Button>


		<Frame name="OmegaMapPOINoteTemplate" enableMouse="false" virtual="true">
		<Size>
			<AbsDimension x="281" y="20"/>
		</Size>
		<Layers>
			<Layer level="BACKGROUND">
				<FontString name="$parentTitle" inherits="GameFontNormal" justifyH="LEFT"  justifyV="TOP" spacing="2" parentKey="title">
					<Size>
						<AbsDimension x="240" y="0"/>
					</Size>					
					<Anchors>
						<Anchor point="TOPLEFT">
							<Offset>
								<AbsDimension x="50" y="-8"/>
							</Offset>						
						</Anchor>
					</Anchors>
					<Color r="1" g="0.82" b="0" />
				</FontString>
				<FontString name="$parentTooltip" inherits="GameFontNormal" justifyH="LEFT"  justifyV="TOP" spacing="2" parentKey="tooltip" hidden="true">
					<Size>
						<AbsDimension x="0" y="0"/>
					</Size>					
					<Anchors>
						<Anchor point="TOPLEFT">
							<Offset>
								<AbsDimension x="50" y="-8"/>
							</Offset>						
						</Anchor>
					</Anchors>
				</FontString>	
			</Layer>
		</Layers>
		<Frames>

		</Frames>
		<Scripts>
		</Scripts>
	</Frame>

	<Button name="NoteButtonTemplate"  virtual="true" enableMouse="false" >
				<Size x="35" y="35"/>
		<ButtonText name="$parentText"/>
		<NormalFont style="GameFontNormal"/>
		<HighlightFont style="GameFontHighlight"/>
				<Scripts>
							<OnLoad>
				self:RegisterForClicks("LeftButtonUp", "RightButtonUp")
				</OnLoad>
					<OnEnter>
						buttonOnEnter(self)
					</OnEnter>
					<OnLeave>
						buttonOnLeave(self)
					</OnLeave>
					<OnClick>
					if button == "LeftButton" then
						LeftClickMenu(self)
					elseif button == "RightButton" then
						RightClickMenu(self)
					end
				
					</OnClick>
				</Scripts>
				<NormalTexture file="Interface\WorldMap\GravePicker-Unselected"/>
				<HighlightTexture file="Interface\AddOns\OmegaMap\Icons\Note-Selected" />
			</Button>
</Ui>
