<Ui xmlns="http://www.blizzard.com/wow/ui/" xmlns:xsi="http://www.w3.org/2001/XMLSchema-instance" xsi:schemaLocation="http://www.blizzard.com/wow/ui/ C:\Projects\WoW\Bin\Interface\FrameXML\UI.xsd">
	<Script file="localization.lua"/> 
	<Script file="localization.de.lua"/> 
	<Script file="localization.fr.lua"/> 
	<Script file="CooldownCount.lua"/> 
	<Script file="CooldownCount_Options.lua"/> 
	
	<Frame name="CooldownCountFrame" frameStrata="LOW" enableMouse="false" parent="UIParent" hidden="false">
		<Scripts>
			<OnLoad>
				CooldownCount_OnLoad();
			</OnLoad>
			<OnEvent>
				CooldownCount_OnEvent(event);
			</OnEvent>
			<OnUpdate>
				CooldownCount_OnUpdate(arg1);
			</OnUpdate>
		</Scripts>
	</Frame>
	<Frame name="ActionButton1CooldownCountFrame" parent="ActionButton1" hidden="true">
        <Size>
            <AbsDimension x="32" y="32"/>
        </Size>
        <Anchors>
            <Anchor point="CENTER" relativeTo="$parent" relativePoint="CENTER">
                <Offset>
                    <AbsDimension x="0" y="0"/>
                </Offset>
            </Anchor>
        </Anchors>
		<Layers>
			<Layer level="ARTWORK">
				<FontString name="ActionButton1CooldownCount" inherits="GameFontNormalLarge" hidden="true" justifyH="CENTER">
					<Anchors>
						<Anchor point="CENTER">
							<Offset>
								<AbsDimension x="0" y="0"/>
							</Offset>
						</Anchor>
					</Anchors>
				</FontString>
			</Layer>
		</Layers>
	</Frame>
	<Frame name="ActionButton2CooldownCountFrame" parent="ActionButton2" hidden="true">
        <Size>
            <AbsDimension x="32" y="32"/>
        </Size>
        <Anchors>
            <Anchor point="CENTER" relativeTo="$parent" relativePoint="CENTER">
                <Offset>
                    <AbsDimension x="0" y="0"/>
                </Offset>
            </Anchor>
        </Anchors>
		<Layers>
			<Layer level="ARTWORK">
				<FontString name="ActionButton2CooldownCount" inherits="GameFontNormalLarge" hidden="true" justifyH="CENTER">
					<Anchors>
						<Anchor point="CENTER">
							<Offset>
								<AbsDimension x="0" y="0"/>
							</Offset>
						</Anchor>
					</Anchors>
				</FontString>
			</Layer>
		</Layers>
	</Frame>
	<Frame name="ActionButton3CooldownCountFrame" parent="ActionButton3" hidden="true">
        <Size>
            <AbsDimension x="32" y="32"/>
        </Size>
        <Anchors>
            <Anchor point="CENTER" relativeTo="$parent" relativePoint="CENTER">
                <Offset>
                    <AbsDimension x="0" y="0"/>
                </Offset>
            </Anchor>
        </Anchors>
		<Layers>
			<Layer level="ARTWORK">
				<FontString name="ActionButton3CooldownCount" inherits="GameFontNormalLarge" hidden="true" justifyH="CENTER">
					<Anchors>
						<Anchor point="CENTER">
							<Offset>
								<AbsDimension x="0" y="0"/>
							</Offset>
						</Anchor>
					</Anchors>
				</FontString>
			</Layer>
		</Layers>
	</Frame>
	<Frame name="ActionButton4CooldownCountFrame" parent="ActionButton4" hidden="true">
        <Size>
            <AbsDimension x="32" y="32"/>
        </Size>
        <Anchors>
            <Anchor point="CENTER" relativeTo="$parent" relativePoint="CENTER">
                <Offset>
                    <AbsDimension x="0" y="0"/>
                </Offset>
            </Anchor>
        </Anchors>
		<Layers>
			<Layer level="ARTWORK">
				<FontString name="ActionButton4CooldownCount" inherits="GameFontNormalLarge" hidden="true" justifyH="CENTER">
					<Anchors>
						<Anchor point="CENTER">
							<Offset>
								<AbsDimension x="0" y="0"/>
							</Offset>
						</Anchor>
					</Anchors>
				</FontString>
			</Layer>
		</Layers>
	</Frame>
	<Frame name="ActionButton5CooldownCountFrame" parent="ActionButton5" hidden="true">
        <Size>
            <AbsDimension x="32" y="32"/>
        </Size>
        <Anchors>
            <Anchor point="CENTER" relativeTo="$parent" relativePoint="CENTER">
                <Offset>
                    <AbsDimension x="0" y="0"/>
                </Offset>
            </Anchor>
        </Anchors>
		<Layers>
			<Layer level="ARTWORK">
				<FontString name="ActionButton5CooldownCount" inherits="GameFontNormalLarge" hidden="true" justifyH="CENTER">
					<Anchors>
						<Anchor point="CENTER">
							<Offset>
								<AbsDimension x="0" y="0"/>
							</Offset>
						</Anchor>
					</Anchors>
				</FontString>
			</Layer>
		</Layers>
	</Frame>
	<Frame name="ActionButton6CooldownCountFrame" parent="ActionButton6" hidden="true">
        <Size>
            <AbsDimension x="32" y="32"/>
        </Size>
        <Anchors>
            <Anchor point="CENTER" relativeTo="$parent" relativePoint="CENTER">
                <Offset>
                    <AbsDimension x="0" y="0"/>
                </Offset>
            </Anchor>
        </Anchors>
		<Layers>
			<Layer level="ARTWORK">
				<FontString name="ActionButton6CooldownCount" inherits="GameFontNormalLarge" hidden="true" justifyH="CENTER">
					<Anchors>
						<Anchor point="CENTER">
							<Offset>
								<AbsDimension x="0" y="0"/>
							</Offset>
						</Anchor>
					</Anchors>
				</FontString>
			</Layer>
		</Layers>
	</Frame>
	<Frame name="ActionButton7CooldownCountFrame" parent="ActionButton7" hidden="true">
        <Size>
            <AbsDimension x="32" y="32"/>
        </Size>
        <Anchors>
            <Anchor point="CENTER" relativeTo="$parent" relativePoint="CENTER">
                <Offset>
                    <AbsDimension x="0" y="0"/>
                </Offset>
            </Anchor>
        </Anchors>
		<Layers>
			<Layer level="ARTWORK">
				<FontString name="ActionButton7CooldownCount" inherits="GameFontNormalLarge" hidden="true" justifyH="CENTER">
					<Anchors>
						<Anchor point="CENTER">
							<Offset>
								<AbsDimension x="0" y="0"/>
							</Offset>
						</Anchor>
					</Anchors>
				</FontString>
			</Layer>
		</Layers>
	</Frame>
	<Frame name="ActionButton8CooldownCountFrame" parent="ActionButton8" hidden="true">
        <Size>
            <AbsDimension x="32" y="32"/>
        </Size>
        <Anchors>
            <Anchor point="CENTER" relativeTo="$parent" relativePoint="CENTER">
                <Offset>
                    <AbsDimension x="0" y="0"/>
                </Offset>
            </Anchor>
        </Anchors>
		<Layers>
			<Layer level="ARTWORK">
				<FontString name="ActionButton8CooldownCount" inherits="GameFontNormalLarge" hidden="true" justifyH="CENTER">
					<Anchors>
						<Anchor point="CENTER">
							<Offset>
								<AbsDimension x="0" y="0"/>
							</Offset>
						</Anchor>
					</Anchors>
				</FontString>
			</Layer>
		</Layers>
	</Frame>
	<Frame name="ActionButton9CooldownCountFrame" parent="ActionButton9" hidden="true">
        <Size>
            <AbsDimension x="32" y="32"/>
        </Size>
        <Anchors>
            <Anchor point="CENTER" relativeTo="$parent" relativePoint="CENTER">
                <Offset>
                    <AbsDimension x="0" y="0"/>
                </Offset>
            </Anchor>
        </Anchors>
		<Layers>
			<Layer level="ARTWORK">
				<FontString name="ActionButton9CooldownCount" inherits="GameFontNormalLarge" hidden="true" justifyH="CENTER">
					<Anchors>
						<Anchor point="CENTER">
							<Offset>
								<AbsDimension x="0" y="0"/>
							</Offset>
						</Anchor>
					</Anchors>
				</FontString>
			</Layer>
		</Layers>
	</Frame>
	<Frame name="ActionButton10CooldownCountFrame" parent="ActionButton10" hidden="true">
        <Size>
            <AbsDimension x="32" y="32"/>
        </Size>
        <Anchors>
            <Anchor point="CENTER" relativeTo="$parent" relativePoint="CENTER">
                <Offset>
                    <AbsDimension x="0" y="0"/>
                </Offset>
            </Anchor>
        </Anchors>
		<Layers>
			<Layer level="ARTWORK">
				<FontString name="ActionButton10CooldownCount" inherits="GameFontNormalLarge" hidden="true" justifyH="CENTER">
					<Anchors>
						<Anchor point="CENTER">
							<Offset>
								<AbsDimension x="0" y="0"/>
							</Offset>
						</Anchor>
					</Anchors>
				</FontString>
			</Layer>
		</Layers>
	</Frame>
	<Frame name="ActionButton11CooldownCountFrame" parent="ActionButton11" hidden="true">
        <Size>
            <AbsDimension x="32" y="32"/>
        </Size>
        <Anchors>
            <Anchor point="CENTER" relativeTo="$parent" relativePoint="CENTER">
                <Offset>
                    <AbsDimension x="0" y="0"/>
                </Offset>
            </Anchor>
        </Anchors>
		<Layers>
			<Layer level="ARTWORK">
				<FontString name="ActionButton11CooldownCount" inherits="GameFontNormalLarge" hidden="true" justifyH="CENTER">
					<Anchors>
						<Anchor point="CENTER">
							<Offset>
								<AbsDimension x="0" y="0"/>
							</Offset>
						</Anchor>
					</Anchors>
				</FontString>
			</Layer>
		</Layers>
	</Frame>
	<Frame name="ActionButton12CooldownCountFrame" parent="ActionButton12" hidden="true">
        <Size>
            <AbsDimension x="32" y="32"/>
        </Size>
        <Anchors>
            <Anchor point="CENTER" relativeTo="$parent" relativePoint="CENTER">
                <Offset>
                    <AbsDimension x="0" y="0"/>
                </Offset>
            </Anchor>
        </Anchors>
		<Layers>
			<Layer level="ARTWORK">
				<FontString name="ActionButton12CooldownCount" inherits="GameFontNormalLarge" hidden="true" justifyH="CENTER">
					<Anchors>
						<Anchor point="CENTER">
							<Offset>
								<AbsDimension x="0" y="0"/>
							</Offset>
						</Anchor>
					</Anchors>
				</FontString>
			</Layer>
		</Layers>
	</Frame>
	<Frame name="BonusActionButton1CooldownCountFrame" parent="BonusActionButton1" hidden="true">
        <Size>
            <AbsDimension x="32" y="32"/>
        </Size>
        <Anchors>
            <Anchor point="CENTER" relativeTo="$parent" relativePoint="CENTER">
                <Offset>
                    <AbsDimension x="0" y="0"/>
                </Offset>
            </Anchor>
        </Anchors>
		<Layers>
			<Layer level="ARTWORK">
				<FontString name="BonusActionButton1CooldownCount" inherits="GameFontNormalLarge" hidden="true" justifyH="CENTER">
					<Anchors>
						<Anchor point="CENTER">
							<Offset>
								<AbsDimension x="0" y="0"/>
							</Offset>
						</Anchor>
					</Anchors>
				</FontString>
			</Layer>
		</Layers>
	</Frame>
	<Frame name="BonusActionButton2CooldownCountFrame" parent="BonusActionButton2" hidden="true">
        <Size>
            <AbsDimension x="32" y="32"/>
        </Size>
        <Anchors>
            <Anchor point="CENTER" relativeTo="$parent" relativePoint="CENTER">
                <Offset>
                    <AbsDimension x="0" y="0"/>
                </Offset>
            </Anchor>
        </Anchors>
		<Layers>
			<Layer level="ARTWORK">
				<FontString name="BonusActionButton2CooldownCount" inherits="GameFontNormalLarge" hidden="true" justifyH="CENTER">
					<Anchors>
						<Anchor point="CENTER">
							<Offset>
								<AbsDimension x="0" y="0"/>
							</Offset>
						</Anchor>
					</Anchors>
				</FontString>
			</Layer>
		</Layers>
	</Frame>
	<Frame name="BonusActionButton3CooldownCountFrame" parent="BonusActionButton3" hidden="true">
        <Size>
            <AbsDimension x="32" y="32"/>
        </Size>
        <Anchors>
            <Anchor point="CENTER" relativeTo="$parent" relativePoint="CENTER">
                <Offset>
                    <AbsDimension x="0" y="0"/>
                </Offset>
            </Anchor>
        </Anchors>
		<Layers>
			<Layer level="ARTWORK">
				<FontString name="BonusActionButton3CooldownCount" inherits="GameFontNormalLarge" hidden="true" justifyH="CENTER">
					<Anchors>
						<Anchor point="CENTER">
							<Offset>
								<AbsDimension x="0" y="0"/>
							</Offset>
						</Anchor>
					</Anchors>
				</FontString>
			</Layer>
		</Layers>
	</Frame>
	<Frame name="BonusActionButton4CooldownCountFrame" parent="BonusActionButton4" hidden="true">
        <Size>
            <AbsDimension x="32" y="32"/>
        </Size>
        <Anchors>
            <Anchor point="CENTER" relativeTo="$parent" relativePoint="CENTER">
                <Offset>
                    <AbsDimension x="0" y="0"/>
                </Offset>
            </Anchor>
        </Anchors>
		<Layers>
			<Layer level="ARTWORK">
				<FontString name="BonusActionButton4CooldownCount" inherits="GameFontNormalLarge" hidden="true" justifyH="CENTER">
					<Anchors>
						<Anchor point="CENTER">
							<Offset>
								<AbsDimension x="0" y="0"/>
							</Offset>
						</Anchor>
					</Anchors>
				</FontString>
			</Layer>
		</Layers>
	</Frame>
	<Frame name="BonusActionButton5CooldownCountFrame" parent="BonusActionButton5" hidden="true">
        <Size>
            <AbsDimension x="32" y="32"/>
        </Size>
        <Anchors>
            <Anchor point="CENTER" relativeTo="$parent" relativePoint="CENTER">
                <Offset>
                    <AbsDimension x="0" y="0"/>
                </Offset>
            </Anchor>
        </Anchors>
		<Layers>
			<Layer level="ARTWORK">
				<FontString name="BonusActionButton5CooldownCount" inherits="GameFontNormalLarge" hidden="true" justifyH="CENTER">
					<Anchors>
						<Anchor point="CENTER">
							<Offset>
								<AbsDimension x="0" y="0"/>
							</Offset>
						</Anchor>
					</Anchors>
				</FontString>
			</Layer>
		</Layers>
	</Frame>
	<Frame name="BonusActionButton6CooldownCountFrame" parent="BonusActionButton6" hidden="true">
        <Size>
            <AbsDimension x="32" y="32"/>
        </Size>
        <Anchors>
            <Anchor point="CENTER" relativeTo="$parent" relativePoint="CENTER">
                <Offset>
                    <AbsDimension x="0" y="0"/>
                </Offset>
            </Anchor>
        </Anchors>
		<Layers>
			<Layer level="ARTWORK">
				<FontString name="BonusActionButton6CooldownCount" inherits="GameFontNormalLarge" hidden="true" justifyH="CENTER">
					<Anchors>
						<Anchor point="CENTER">
							<Offset>
								<AbsDimension x="0" y="0"/>
							</Offset>
						</Anchor>
					</Anchors>
				</FontString>
			</Layer>
		</Layers>
	</Frame>
	<Frame name="BonusActionButton7CooldownCountFrame" parent="BonusActionButton7" hidden="true">
        <Size>
            <AbsDimension x="32" y="32"/>
        </Size>
        <Anchors>
            <Anchor point="CENTER" relativeTo="$parent" relativePoint="CENTER">
                <Offset>
                    <AbsDimension x="0" y="0"/>
                </Offset>
            </Anchor>
        </Anchors>
		<Layers>
			<Layer level="ARTWORK">
				<FontString name="BonusActionButton7CooldownCount" inherits="GameFontNormalLarge" hidden="true" justifyH="CENTER">
					<Anchors>
						<Anchor point="CENTER">
							<Offset>
								<AbsDimension x="0" y="0"/>
							</Offset>
						</Anchor>
					</Anchors>
				</FontString>
			</Layer>
		</Layers>
	</Frame>
	<Frame name="BonusActionButton8CooldownCountFrame" parent="BonusActionButton8" hidden="true">
        <Size>
            <AbsDimension x="32" y="32"/>
        </Size>
        <Anchors>
            <Anchor point="CENTER" relativeTo="$parent" relativePoint="CENTER">
                <Offset>
                    <AbsDimension x="0" y="0"/>
                </Offset>
            </Anchor>
        </Anchors>
		<Layers>
			<Layer level="ARTWORK">
				<FontString name="BonusActionButton8CooldownCount" inherits="GameFontNormalLarge" hidden="true" justifyH="CENTER">
					<Anchors>
						<Anchor point="CENTER">
							<Offset>
								<AbsDimension x="0" y="0"/>
							</Offset>
						</Anchor>
					</Anchors>
				</FontString>
			</Layer>
		</Layers>
	</Frame>
	<Frame name="BonusActionButton9CooldownCountFrame" parent="BonusActionButton9" hidden="true">
        <Size>
            <AbsDimension x="32" y="32"/>
        </Size>
        <Anchors>
            <Anchor point="CENTER" relativeTo="$parent" relativePoint="CENTER">
                <Offset>
                    <AbsDimension x="0" y="0"/>
                </Offset>
            </Anchor>
        </Anchors>
		<Layers>
			<Layer level="ARTWORK">
				<FontString name="BonusActionButton9CooldownCount" inherits="GameFontNormalLarge" hidden="true" justifyH="CENTER">
					<Anchors>
						<Anchor point="CENTER">
							<Offset>
								<AbsDimension x="0" y="0"/>
							</Offset>
						</Anchor>
					</Anchors>
				</FontString>
			</Layer>
		</Layers>
	</Frame>
	<Frame name="BonusActionButton10CooldownCountFrame" parent="BonusActionButton10" hidden="true">
        <Size>
            <AbsDimension x="32" y="32"/>
        </Size>
        <Anchors>
            <Anchor point="CENTER">
                <Offset>
                    <AbsDimension x="0" y="0"/>
                </Offset>
            </Anchor>
        </Anchors>
		<Layers>
			<Layer level="ARTWORK">
				<FontString name="BonusActionButton10CooldownCount" inherits="GameFontNormalLarge" hidden="true" justifyH="CENTER">
					<Anchors>
						<Anchor point="CENTER">
							<Offset>
								<AbsDimension x="0" y="0"/>
							</Offset>
						</Anchor>
					</Anchors>
				</FontString>
			</Layer>
		</Layers>
	</Frame>
	<Frame name="BonusActionButton11CooldownCountFrame" parent="BonusActionButton11" hidden="true">
        <Size>
            <AbsDimension x="32" y="32"/>
        </Size>
        <Anchors>
            <Anchor point="CENTER" relativeTo="$parent" relativePoint="CENTER">
                <Offset>
                    <AbsDimension x="0" y="0"/>
                </Offset>
            </Anchor>
        </Anchors>
		<Layers>
			<Layer level="ARTWORK">
				<FontString name="BonusActionButton11CooldownCount" inherits="GameFontNormalLarge" hidden="true" justifyH="CENTER">
					<Anchors>
						<Anchor point="CENTER">
							<Offset>
								<AbsDimension x="0" y="0"/>
							</Offset>
						</Anchor>
					</Anchors>
				</FontString>
			</Layer>
		</Layers>
	</Frame>
	<Frame name="BonusActionButton12CooldownCountFrame" parent="BonusActionButton12" hidden="true">
        <Size>
            <AbsDimension x="32" y="32"/>
        </Size>
        <Anchors>
            <Anchor point="CENTER" relativeTo="$parent" relativePoint="CENTER">
                <Offset>
                    <AbsDimension x="0" y="0"/>
                </Offset>
            </Anchor>
        </Anchors>
		<Layers>
			<Layer level="ARTWORK">
				<FontString name="BonusActionButton12CooldownCount" inherits="GameFontNormalLarge" hidden="true" justifyH="CENTER">
					<Anchors>
						<Anchor point="CENTER">
							<Offset>
								<AbsDimension x="0" y="0"/>
							</Offset>
						</Anchor>
					</Anchors>
				</FontString>
			</Layer>
		</Layers>
	</Frame>
	<Frame name="ShapeshiftButton1CooldownCountFrame" parent="ShapeshiftButton1" hidden="true">
        <Size>
            <AbsDimension x="32" y="32"/>
        </Size>
        <Anchors>
            <Anchor point="CENTER" relativeTo="$parent" relativePoint="CENTER">
                <Offset>
                    <AbsDimension x="0" y="0"/>
                </Offset>
            </Anchor>
        </Anchors>
		<Layers>
			<Layer level="ARTWORK">
				<FontString name="ShapeshiftButton1CooldownCount" inherits="GameFontNormalLarge" hidden="true" justifyH="CENTER">
					<Anchors>
						<Anchor point="CENTER">
							<Offset>
								<AbsDimension x="0" y="0"/>
							</Offset>
						</Anchor>
					</Anchors>
				</FontString>
			</Layer>
		</Layers>
	</Frame>
	<Frame name="ShapeshiftButton2CooldownCountFrame" parent="ShapeshiftButton2" hidden="true">
        <Size>
            <AbsDimension x="32" y="32"/>
        </Size>
        <Anchors>
            <Anchor point="CENTER" relativeTo="$parent" relativePoint="CENTER">
                <Offset>
                    <AbsDimension x="0" y="0"/>
                </Offset>
            </Anchor>
        </Anchors>
		<Layers>
			<Layer level="ARTWORK">
				<FontString name="ShapeshiftButton2CooldownCount" inherits="GameFontNormalLarge" hidden="true" justifyH="CENTER">
					<Anchors>
						<Anchor point="CENTER">
							<Offset>
								<AbsDimension x="0" y="0"/>
							</Offset>
						</Anchor>
					</Anchors>
				</FontString>
			</Layer>
		</Layers>
	</Frame>
	<Frame name="ShapeshiftButton3CooldownCountFrame" parent="ShapeshiftButton3" hidden="true">
        <Size>
            <AbsDimension x="32" y="32"/>
        </Size>
        <Anchors>
            <Anchor point="CENTER" relativeTo="$parent" relativePoint="CENTER">
                <Offset>
                    <AbsDimension x="0" y="0"/>
                </Offset>
            </Anchor>
        </Anchors>
		<Layers>
			<Layer level="ARTWORK">
				<FontString name="ShapeshiftButton3CooldownCount" inherits="GameFontNormalLarge" hidden="true" justifyH="CENTER">
					<Anchors>
						<Anchor point="CENTER">
							<Offset>
								<AbsDimension x="0" y="0"/>
							</Offset>
						</Anchor>
					</Anchors>
				</FontString>
			</Layer>
		</Layers>
	</Frame>
	<Frame name="ShapeshiftButton4CooldownCountFrame" parent="ShapeshiftButton4" hidden="true">
        <Size>
            <AbsDimension x="32" y="32"/>
        </Size>
        <Anchors>
            <Anchor point="CENTER" relativeTo="$parent" relativePoint="CENTER">
                <Offset>
                    <AbsDimension x="0" y="0"/>
                </Offset>
            </Anchor>
        </Anchors>
		<Layers>
			<Layer level="ARTWORK">
				<FontString name="ShapeshiftButton4CooldownCount" inherits="GameFontNormalLarge" hidden="true" justifyH="CENTER">
					<Anchors>
						<Anchor point="CENTER">
							<Offset>
								<AbsDimension x="0" y="0"/>
							</Offset>
						</Anchor>
					</Anchors>
				</FontString>
			</Layer>
		</Layers>
	</Frame>
	<Frame name="ShapeshiftButton5CooldownCountFrame" parent="ShapeshiftButton5" hidden="true">
        <Size>
            <AbsDimension x="32" y="32"/>
        </Size>
        <Anchors>
            <Anchor point="CENTER" relativeTo="$parent" relativePoint="CENTER">
                <Offset>
                    <AbsDimension x="0" y="0"/>
                </Offset>
            </Anchor>
        </Anchors>
		<Layers>
			<Layer level="ARTWORK">
				<FontString name="ShapeshiftButton5CooldownCount" inherits="GameFontNormalLarge" hidden="true" justifyH="CENTER">
					<Anchors>
						<Anchor point="CENTER">
							<Offset>
								<AbsDimension x="0" y="0"/>
							</Offset>
						</Anchor>
					</Anchors>
				</FontString>
			</Layer>
		</Layers>
	</Frame>
	<Frame name="ShapeshiftButton6CooldownCountFrame" parent="ShapeshiftButton6" hidden="true">
        <Size>
            <AbsDimension x="32" y="32"/>
        </Size>
        <Anchors>
            <Anchor point="CENTER" relativeTo="$parent" relativePoint="CENTER">
                <Offset>
                    <AbsDimension x="0" y="0"/>
                </Offset>
            </Anchor>
        </Anchors>
		<Layers>
			<Layer level="ARTWORK">
				<FontString name="ShapeshiftButton6CooldownCount" inherits="GameFontNormalLarge" hidden="true" justifyH="CENTER">
					<Anchors>
						<Anchor point="CENTER">
							<Offset>
								<AbsDimension x="0" y="0"/>
							</Offset>
						</Anchor>
					</Anchors>
				</FontString>
			</Layer>
		</Layers>
	</Frame>
	<Frame name="ShapeshiftButton7CooldownCountFrame" parent="ShapeshiftButton7" hidden="true">
        <Size>
            <AbsDimension x="32" y="32"/>
        </Size>
        <Anchors>
            <Anchor point="CENTER" relativeTo="$parent" relativePoint="CENTER">
                <Offset>
                    <AbsDimension x="0" y="0"/>
                </Offset>
            </Anchor>
        </Anchors>
		<Layers>
			<Layer level="ARTWORK">
				<FontString name="ShapeshiftButton7CooldownCount" inherits="GameFontNormalLarge" hidden="true" justifyH="CENTER">
					<Anchors>
						<Anchor point="CENTER">
							<Offset>
								<AbsDimension x="0" y="0"/>
							</Offset>
						</Anchor>
					</Anchors>
				</FontString>
			</Layer>
		</Layers>
	</Frame>
	<Frame name="ShapeshiftButton8CooldownCountFrame" parent="ShapeshiftButton8" hidden="true">
        <Size>
            <AbsDimension x="32" y="32"/>
        </Size>
        <Anchors>
            <Anchor point="CENTER" relativeTo="$parent" relativePoint="CENTER">
                <Offset>
                    <AbsDimension x="0" y="0"/>
                </Offset>
            </Anchor>
        </Anchors>
		<Layers>
			<Layer level="ARTWORK">
				<FontString name="ShapeshiftButton8CooldownCount" inherits="GameFontNormalLarge" hidden="true" justifyH="CENTER">
					<Anchors>
						<Anchor point="CENTER">
							<Offset>
								<AbsDimension x="0" y="0"/>
							</Offset>
						</Anchor>
					</Anchors>
				</FontString>
			</Layer>
		</Layers>
	</Frame>
	<Frame name="ShapeshiftButton9CooldownCountFrame" parent="ShapeshiftButton9" hidden="true">
        <Size>
            <AbsDimension x="32" y="32"/>
        </Size>
        <Anchors>
            <Anchor point="CENTER" relativeTo="$parent" relativePoint="CENTER">
                <Offset>
                    <AbsDimension x="0" y="0"/>
                </Offset>
            </Anchor>
        </Anchors>
		<Layers>
			<Layer level="ARTWORK">
				<FontString name="ShapeshiftButton9CooldownCount" inherits="GameFontNormalLarge" hidden="true" justifyH="CENTER">
					<Anchors>
						<Anchor point="CENTER">
							<Offset>
								<AbsDimension x="0" y="0"/>
							</Offset>
						</Anchor>
					</Anchors>
				</FontString>
			</Layer>
		</Layers>
	</Frame>
	<Frame name="ShapeshiftButton10CooldownCountFrame" parent="ShapeshiftButton10" hidden="true">
        <Size>
            <AbsDimension x="32" y="32"/>
        </Size>
        <Anchors>
            <Anchor point="CENTER" relativeTo="$parent" relativePoint="CENTER">
                <Offset>
                    <AbsDimension x="0" y="0"/>
                </Offset>
            </Anchor>
        </Anchors>
		<Layers>
			<Layer level="ARTWORK">
				<FontString name="ShapeshiftButton10CooldownCount" inherits="GameFontNormalLarge" hidden="true" justifyH="CENTER">
					<Anchors>
						<Anchor point="CENTER">
							<Offset>
								<AbsDimension x="0" y="0"/>
							</Offset>
						</Anchor>
					</Anchors>
				</FontString>
			</Layer>
		</Layers>
	</Frame>
	<Frame name="MultiBarBottomLeftButton1CooldownCountFrame" parent="MultiBarBottomLeftButton1" hidden="true">
        <Size>
            <AbsDimension x="32" y="32"/>
        </Size>
        <Anchors>
            <Anchor point="CENTER" relativeTo="$parent" relativePoint="CENTER">
                <Offset>
                    <AbsDimension x="0" y="0"/>
                </Offset>
            </Anchor>
        </Anchors>
		<Layers>
			<Layer level="ARTWORK">
				<FontString name="MultiBarBottomLeftButton1CooldownCount" inherits="GameFontNormalLarge" hidden="true" justifyH="CENTER">
					<Anchors>
						<Anchor point="CENTER">
							<Offset>
								<AbsDimension x="0" y="0"/>
							</Offset>
						</Anchor>
					</Anchors>
				</FontString>
			</Layer>
		</Layers>
	</Frame>
	<Frame name="MultiBarBottomLeftButton2CooldownCountFrame" parent="MultiBarBottomLeftButton2" hidden="true">
        <Size>
            <AbsDimension x="32" y="32"/>
        </Size>
        <Anchors>
            <Anchor point="CENTER" relativeTo="$parent" relativePoint="CENTER">
                <Offset>
                    <AbsDimension x="0" y="0"/>
                </Offset>
            </Anchor>
        </Anchors>
		<Layers>
			<Layer level="ARTWORK">
				<FontString name="MultiBarBottomLeftButton2CooldownCount" inherits="GameFontNormalLarge" hidden="true" justifyH="CENTER">
					<Anchors>
						<Anchor point="CENTER">
							<Offset>
								<AbsDimension x="0" y="0"/>
							</Offset>
						</Anchor>
					</Anchors>
				</FontString>
			</Layer>
		</Layers>
	</Frame>
	<Frame name="MultiBarBottomLeftButton3CooldownCountFrame" parent="MultiBarBottomLeftButton3" hidden="true">
        <Size>
            <AbsDimension x="32" y="32"/>
        </Size>
        <Anchors>
            <Anchor point="CENTER" relativeTo="$parent" relativePoint="CENTER">
                <Offset>
                    <AbsDimension x="0" y="0"/>
                </Offset>
            </Anchor>
        </Anchors>
		<Layers>
			<Layer level="ARTWORK">
				<FontString name="MultiBarBottomLeftButton3CooldownCount" inherits="GameFontNormalLarge" hidden="true" justifyH="CENTER">
					<Anchors>
						<Anchor point="CENTER">
							<Offset>
								<AbsDimension x="0" y="0"/>
							</Offset>
						</Anchor>
					</Anchors>
				</FontString>
			</Layer>
		</Layers>
	</Frame>
	<Frame name="MultiBarBottomLeftButton4CooldownCountFrame" parent="MultiBarBottomLeftButton4" hidden="true">
        <Size>
            <AbsDimension x="32" y="32"/>
        </Size>
        <Anchors>
            <Anchor point="CENTER" relativeTo="$parent" relativePoint="CENTER">
                <Offset>
                    <AbsDimension x="0" y="0"/>
                </Offset>
            </Anchor>
        </Anchors>
		<Layers>
			<Layer level="ARTWORK">
				<FontString name="MultiBarBottomLeftButton4CooldownCount" inherits="GameFontNormalLarge" hidden="true" justifyH="CENTER">
					<Anchors>
						<Anchor point="CENTER">
							<Offset>
								<AbsDimension x="0" y="0"/>
							</Offset>
						</Anchor>
					</Anchors>
				</FontString>
			</Layer>
		</Layers>
	</Frame>
	<Frame name="MultiBarBottomLeftButton5CooldownCountFrame" parent="MultiBarBottomLeftButton5" hidden="true">
        <Size>
            <AbsDimension x="32" y="32"/>
        </Size>
        <Anchors>
            <Anchor point="CENTER" relativeTo="$parent" relativePoint="CENTER">
                <Offset>
                    <AbsDimension x="0" y="0"/>
                </Offset>
            </Anchor>
        </Anchors>
		<Layers>
			<Layer level="ARTWORK">
				<FontString name="MultiBarBottomLeftButton5CooldownCount" inherits="GameFontNormalLarge" hidden="true" justifyH="CENTER">
					<Anchors>
						<Anchor point="CENTER">
							<Offset>
								<AbsDimension x="0" y="0"/>
							</Offset>
						</Anchor>
					</Anchors>
				</FontString>
			</Layer>
		</Layers>
	</Frame>
	<Frame name="MultiBarBottomLeftButton6CooldownCountFrame" parent="MultiBarBottomLeftButton6" hidden="true">
        <Size>
            <AbsDimension x="32" y="32"/>
        </Size>
        <Anchors>
            <Anchor point="CENTER" relativeTo="$parent" relativePoint="CENTER">
                <Offset>
                    <AbsDimension x="0" y="0"/>
                </Offset>
            </Anchor>
        </Anchors>
		<Layers>
			<Layer level="ARTWORK">
				<FontString name="MultiBarBottomLeftButton6CooldownCount" inherits="GameFontNormalLarge" hidden="true" justifyH="CENTER">
					<Anchors>
						<Anchor point="CENTER">
							<Offset>
								<AbsDimension x="0" y="0"/>
							</Offset>
						</Anchor>
					</Anchors>
				</FontString>
			</Layer>
		</Layers>
	</Frame>
	<Frame name="MultiBarBottomLeftButton7CooldownCountFrame" parent="MultiBarBottomLeftButton7" hidden="true">
        <Size>
            <AbsDimension x="32" y="32"/>
        </Size>
        <Anchors>
            <Anchor point="CENTER" relativeTo="$parent" relativePoint="CENTER">
                <Offset>
                    <AbsDimension x="0" y="0"/>
                </Offset>
            </Anchor>
        </Anchors>
		<Layers>
			<Layer level="ARTWORK">
				<FontString name="MultiBarBottomLeftButton7CooldownCount" inherits="GameFontNormalLarge" hidden="true" justifyH="CENTER">
					<Anchors>
						<Anchor point="CENTER">
							<Offset>
								<AbsDimension x="0" y="0"/>
							</Offset>
						</Anchor>
					</Anchors>
				</FontString>
			</Layer>
		</Layers>
	</Frame>
	<Frame name="MultiBarBottomLeftButton8CooldownCountFrame" parent="MultiBarBottomLeftButton8" hidden="true">
        <Size>
            <AbsDimension x="32" y="32"/>
        </Size>
        <Anchors>
            <Anchor point="CENTER" relativeTo="$parent" relativePoint="CENTER">
                <Offset>
                    <AbsDimension x="0" y="0"/>
                </Offset>
            </Anchor>
        </Anchors>
		<Layers>
			<Layer level="ARTWORK">
				<FontString name="MultiBarBottomLeftButton8CooldownCount" inherits="GameFontNormalLarge" hidden="true" justifyH="CENTER">
					<Anchors>
						<Anchor point="CENTER">
							<Offset>
								<AbsDimension x="0" y="0"/>
							</Offset>
						</Anchor>
					</Anchors>
				</FontString>
			</Layer>
		</Layers>
	</Frame>
	<Frame name="MultiBarBottomLeftButton9CooldownCountFrame" parent="MultiBarBottomLeftButton9" hidden="true">
        <Size>
            <AbsDimension x="32" y="32"/>
        </Size>
        <Anchors>
            <Anchor point="CENTER" relativeTo="$parent" relativePoint="CENTER">
                <Offset>
                    <AbsDimension x="0" y="0"/>
                </Offset>
            </Anchor>
        </Anchors>
		<Layers>
			<Layer level="ARTWORK">
				<FontString name="MultiBarBottomLeftButton9CooldownCount" inherits="GameFontNormalLarge" hidden="true" justifyH="CENTER">
					<Anchors>
						<Anchor point="CENTER">
							<Offset>
								<AbsDimension x="0" y="0"/>
							</Offset>
						</Anchor>
					</Anchors>
				</FontString>
			</Layer>
		</Layers>
	</Frame>
	<Frame name="MultiBarBottomLeftButton10CooldownCountFrame" parent="MultiBarBottomLeftButton10" hidden="true">
        <Size>
            <AbsDimension x="32" y="32"/>
        </Size>
        <Anchors>
            <Anchor point="CENTER" relativeTo="$parent" relativePoint="CENTER">
                <Offset>
                    <AbsDimension x="0" y="0"/>
                </Offset>
            </Anchor>
        </Anchors>
		<Layers>
			<Layer level="ARTWORK">
				<FontString name="MultiBarBottomLeftButton10CooldownCount" inherits="GameFontNormalLarge" hidden="true" justifyH="CENTER">
					<Anchors>
						<Anchor point="CENTER">
							<Offset>
								<AbsDimension x="0" y="0"/>
							</Offset>
						</Anchor>
					</Anchors>
				</FontString>
			</Layer>
		</Layers>
	</Frame>
	<Frame name="MultiBarBottomLeftButton11CooldownCountFrame" parent="MultiBarBottomLeftButton11" hidden="true">
        <Size>
            <AbsDimension x="32" y="32"/>
        </Size>
        <Anchors>
            <Anchor point="CENTER" relativeTo="$parent" relativePoint="CENTER">
                <Offset>
                    <AbsDimension x="0" y="0"/>
                </Offset>
            </Anchor>
        </Anchors>
		<Layers>
			<Layer level="ARTWORK">
				<FontString name="MultiBarBottomLeftButton11CooldownCount" inherits="GameFontNormalLarge" hidden="true" justifyH="CENTER">
					<Anchors>
						<Anchor point="CENTER">
							<Offset>
								<AbsDimension x="0" y="0"/>
							</Offset>
						</Anchor>
					</Anchors>
				</FontString>
			</Layer>
		</Layers>
	</Frame>
	<Frame name="MultiBarBottomLeftButton12CooldownCountFrame" parent="MultiBarBottomLeftButton12" hidden="true">
        <Size>
            <AbsDimension x="32" y="32"/>
        </Size>
        <Anchors>
            <Anchor point="CENTER" relativeTo="$parent" relativePoint="CENTER">
                <Offset>
                    <AbsDimension x="0" y="0"/>
                </Offset>
            </Anchor>
        </Anchors>
		<Layers>
			<Layer level="ARTWORK">
				<FontString name="MultiBarBottomLeftButton12CooldownCount" inherits="GameFontNormalLarge" hidden="true" justifyH="CENTER">
					<Anchors>
						<Anchor point="CENTER">
							<Offset>
								<AbsDimension x="0" y="0"/>
							</Offset>
						</Anchor>
					</Anchors>
				</FontString>
			</Layer>
		</Layers>
	</Frame>
	<Frame name="MultiBarBottomRightButton1CooldownCountFrame" parent="MultiBarBottomRightButton1" hidden="true">
        <Size>
            <AbsDimension x="32" y="32"/>
        </Size>
        <Anchors>
            <Anchor point="CENTER" relativeTo="$parent" relativePoint="CENTER">
                <Offset>
                    <AbsDimension x="0" y="0"/>
                </Offset>
            </Anchor>
        </Anchors>
		<Layers>
			<Layer level="ARTWORK">
				<FontString name="MultiBarBottomRightButton1CooldownCount" inherits="GameFontNormalLarge" hidden="true" justifyH="CENTER">
					<Anchors>
						<Anchor point="CENTER">
							<Offset>
								<AbsDimension x="0" y="0"/>
							</Offset>
						</Anchor>
					</Anchors>
				</FontString>
			</Layer>
		</Layers>
	</Frame>
	<Frame name="MultiBarBottomRightButton2CooldownCountFrame" parent="MultiBarBottomRightButton2" hidden="true">
        <Size>
            <AbsDimension x="32" y="32"/>
        </Size>
        <Anchors>
            <Anchor point="CENTER" relativeTo="$parent" relativePoint="CENTER">
                <Offset>
                    <AbsDimension x="0" y="0"/>
                </Offset>
            </Anchor>
        </Anchors>
		<Layers>
			<Layer level="ARTWORK">
				<FontString name="MultiBarBottomRightButton2CooldownCount" inherits="GameFontNormalLarge" hidden="true" justifyH="CENTER">
					<Anchors>
						<Anchor point="CENTER">
							<Offset>
								<AbsDimension x="0" y="0"/>
							</Offset>
						</Anchor>
					</Anchors>
				</FontString>
			</Layer>
		</Layers>
	</Frame>
	<Frame name="MultiBarBottomRightButton3CooldownCountFrame" parent="MultiBarBottomRightButton3" hidden="true">
        <Size>
            <AbsDimension x="32" y="32"/>
        </Size>
        <Anchors>
            <Anchor point="CENTER" relativeTo="$parent" relativePoint="CENTER">
                <Offset>
                    <AbsDimension x="0" y="0"/>
                </Offset>
            </Anchor>
        </Anchors>
		<Layers>
			<Layer level="ARTWORK">
				<FontString name="MultiBarBottomRightButton3CooldownCount" inherits="GameFontNormalLarge" hidden="true" justifyH="CENTER">
					<Anchors>
						<Anchor point="CENTER">
							<Offset>
								<AbsDimension x="0" y="0"/>
							</Offset>
						</Anchor>
					</Anchors>
				</FontString>
			</Layer>
		</Layers>
	</Frame>
	<Frame name="MultiBarBottomRightButton4CooldownCountFrame" parent="MultiBarBottomRightButton4" hidden="true">
        <Size>
            <AbsDimension x="32" y="32"/>
        </Size>
        <Anchors>
            <Anchor point="CENTER" relativeTo="$parent" relativePoint="CENTER">
                <Offset>
                    <AbsDimension x="0" y="0"/>
                </Offset>
            </Anchor>
        </Anchors>
		<Layers>
			<Layer level="ARTWORK">
				<FontString name="MultiBarBottomRightButton4CooldownCount" inherits="GameFontNormalLarge" hidden="true" justifyH="CENTER">
					<Anchors>
						<Anchor point="CENTER">
							<Offset>
								<AbsDimension x="0" y="0"/>
							</Offset>
						</Anchor>
					</Anchors>
				</FontString>
			</Layer>
		</Layers>
	</Frame>
	<Frame name="MultiBarBottomRightButton5CooldownCountFrame" parent="MultiBarBottomRightButton5" hidden="true">
        <Size>
            <AbsDimension x="32" y="32"/>
        </Size>
        <Anchors>
            <Anchor point="CENTER" relativeTo="$parent" relativePoint="CENTER">
                <Offset>
                    <AbsDimension x="0" y="0"/>
                </Offset>
            </Anchor>
        </Anchors>
		<Layers>
			<Layer level="ARTWORK">
				<FontString name="MultiBarBottomRightButton5CooldownCount" inherits="GameFontNormalLarge" hidden="true" justifyH="CENTER">
					<Anchors>
						<Anchor point="CENTER">
							<Offset>
								<AbsDimension x="0" y="0"/>
							</Offset>
						</Anchor>
					</Anchors>
				</FontString>
			</Layer>
		</Layers>
	</Frame>
	<Frame name="MultiBarBottomRightButton6CooldownCountFrame" parent="MultiBarBottomRightButton6" hidden="true">
        <Size>
            <AbsDimension x="32" y="32"/>
        </Size>
        <Anchors>
            <Anchor point="CENTER" relativeTo="$parent" relativePoint="CENTER">
                <Offset>
                    <AbsDimension x="0" y="0"/>
                </Offset>
            </Anchor>
        </Anchors>
		<Layers>
			<Layer level="ARTWORK">
				<FontString name="MultiBarBottomRightButton6CooldownCount" inherits="GameFontNormalLarge" hidden="true" justifyH="CENTER">
					<Anchors>
						<Anchor point="CENTER">
							<Offset>
								<AbsDimension x="0" y="0"/>
							</Offset>
						</Anchor>
					</Anchors>
				</FontString>
			</Layer>
		</Layers>
	</Frame>
	<Frame name="MultiBarBottomRightButton7CooldownCountFrame" parent="MultiBarBottomRightButton7" hidden="true">
        <Size>
            <AbsDimension x="32" y="32"/>
        </Size>
        <Anchors>
            <Anchor point="CENTER" relativeTo="$parent" relativePoint="CENTER">
                <Offset>
                    <AbsDimension x="0" y="0"/>
                </Offset>
            </Anchor>
        </Anchors>
		<Layers>
			<Layer level="ARTWORK">
				<FontString name="MultiBarBottomRightButton7CooldownCount" inherits="GameFontNormalLarge" hidden="true" justifyH="CENTER">
					<Anchors>
						<Anchor point="CENTER">
							<Offset>
								<AbsDimension x="0" y="0"/>
							</Offset>
						</Anchor>
					</Anchors>
				</FontString>
			</Layer>
		</Layers>
	</Frame>
	<Frame name="MultiBarBottomRightButton8CooldownCountFrame" parent="MultiBarBottomRightButton8" hidden="true">
        <Size>
            <AbsDimension x="32" y="32"/>
        </Size>
        <Anchors>
            <Anchor point="CENTER" relativeTo="$parent" relativePoint="CENTER">
                <Offset>
                    <AbsDimension x="0" y="0"/>
                </Offset>
            </Anchor>
        </Anchors>
		<Layers>
			<Layer level="ARTWORK">
				<FontString name="MultiBarBottomRightButton8CooldownCount" inherits="GameFontNormalLarge" hidden="true" justifyH="CENTER">
					<Anchors>
						<Anchor point="CENTER">
							<Offset>
								<AbsDimension x="0" y="0"/>
							</Offset>
						</Anchor>
					</Anchors>
				</FontString>
			</Layer>
		</Layers>
	</Frame>
	<Frame name="MultiBarBottomRightButton9CooldownCountFrame" parent="MultiBarBottomRightButton9" hidden="true">
        <Size>
            <AbsDimension x="32" y="32"/>
        </Size>
        <Anchors>
            <Anchor point="CENTER" relativeTo="$parent" relativePoint="CENTER">
                <Offset>
                    <AbsDimension x="0" y="0"/>
                </Offset>
            </Anchor>
        </Anchors>
		<Layers>
			<Layer level="ARTWORK">
				<FontString name="MultiBarBottomRightButton9CooldownCount" inherits="GameFontNormalLarge" hidden="true" justifyH="CENTER">
					<Anchors>
						<Anchor point="CENTER">
							<Offset>
								<AbsDimension x="0" y="0"/>
							</Offset>
						</Anchor>
					</Anchors>
				</FontString>
			</Layer>
		</Layers>
	</Frame>
	<Frame name="MultiBarBottomRightButton10CooldownCountFrame" parent="MultiBarBottomRightButton10" hidden="true">
        <Size>
            <AbsDimension x="32" y="32"/>
        </Size>
        <Anchors>
            <Anchor point="CENTER" relativeTo="$parent" relativePoint="CENTER">
                <Offset>
                    <AbsDimension x="0" y="0"/>
                </Offset>
            </Anchor>
        </Anchors>
		<Layers>
			<Layer level="ARTWORK">
				<FontString name="MultiBarBottomRightButton10CooldownCount" inherits="GameFontNormalLarge" hidden="true" justifyH="CENTER">
					<Anchors>
						<Anchor point="CENTER">
							<Offset>
								<AbsDimension x="0" y="0"/>
							</Offset>
						</Anchor>
					</Anchors>
				</FontString>
			</Layer>
		</Layers>
	</Frame>
	<Frame name="MultiBarBottomRightButton11CooldownCountFrame" parent="MultiBarBottomRightButton11" hidden="true">
        <Size>
            <AbsDimension x="32" y="32"/>
        </Size>
        <Anchors>
            <Anchor point="CENTER" relativeTo="$parent" relativePoint="CENTER">
                <Offset>
                    <AbsDimension x="0" y="0"/>
                </Offset>
            </Anchor>
        </Anchors>
		<Layers>
			<Layer level="ARTWORK">
				<FontString name="MultiBarBottomRightButton11CooldownCount" inherits="GameFontNormalLarge" hidden="true" justifyH="CENTER">
					<Anchors>
						<Anchor point="CENTER">
							<Offset>
								<AbsDimension x="0" y="0"/>
							</Offset>
						</Anchor>
					</Anchors>
				</FontString>
			</Layer>
		</Layers>
	</Frame>
	<Frame name="MultiBarBottomRightButton12CooldownCountFrame" parent="MultiBarBottomRightButton12" hidden="true">
        <Size>
            <AbsDimension x="32" y="32"/>
        </Size>
        <Anchors>
            <Anchor point="CENTER" relativeTo="$parent" relativePoint="CENTER">
                <Offset>
                    <AbsDimension x="0" y="0"/>
                </Offset>
            </Anchor>
        </Anchors>
		<Layers>
			<Layer level="ARTWORK">
				<FontString name="MultiBarBottomRightButton12CooldownCount" inherits="GameFontNormalLarge" hidden="true" justifyH="CENTER">
					<Anchors>
						<Anchor point="CENTER">
							<Offset>
								<AbsDimension x="0" y="0"/>
							</Offset>
						</Anchor>
					</Anchors>
				</FontString>
			</Layer>
		</Layers>
	</Frame>
	<Frame name="MultiBarRightButton1CooldownCountFrame" parent="MultiBarRightButton1" hidden="true">
        <Size>
            <AbsDimension x="32" y="32"/>
        </Size>
        <Anchors>
            <Anchor point="CENTER" relativeTo="$parent" relativePoint="CENTER">
                <Offset>
                    <AbsDimension x="0" y="0"/>
                </Offset>
            </Anchor>
        </Anchors>
		<Layers>
			<Layer level="ARTWORK">
				<FontString name="MultiBarRightButton1CooldownCount" inherits="GameFontNormalLarge" hidden="true" justifyH="CENTER">
					<Anchors>
						<Anchor point="CENTER">
							<Offset>
								<AbsDimension x="0" y="0"/>
							</Offset>
						</Anchor>
					</Anchors>
				</FontString>
			</Layer>
		</Layers>
	</Frame>
	<Frame name="MultiBarRightButton2CooldownCountFrame" parent="MultiBarRightButton2" hidden="true">
        <Size>
            <AbsDimension x="32" y="32"/>
        </Size>
        <Anchors>
            <Anchor point="CENTER" relativeTo="$parent" relativePoint="CENTER">
                <Offset>
                    <AbsDimension x="0" y="0"/>
                </Offset>
            </Anchor>
        </Anchors>
		<Layers>
			<Layer level="ARTWORK">
				<FontString name="MultiBarRightButton2CooldownCount" inherits="GameFontNormalLarge" hidden="true" justifyH="CENTER">
					<Anchors>
						<Anchor point="CENTER">
							<Offset>
								<AbsDimension x="0" y="0"/>
							</Offset>
						</Anchor>
					</Anchors>
				</FontString>
			</Layer>
		</Layers>
	</Frame>
	<Frame name="MultiBarRightButton3CooldownCountFrame" parent="MultiBarRightButton3" hidden="true">
        <Size>
            <AbsDimension x="32" y="32"/>
        </Size>
        <Anchors>
            <Anchor point="CENTER" relativeTo="$parent" relativePoint="CENTER">
                <Offset>
                    <AbsDimension x="0" y="0"/>
                </Offset>
            </Anchor>
        </Anchors>
		<Layers>
			<Layer level="ARTWORK">
				<FontString name="MultiBarRightButton3CooldownCount" inherits="GameFontNormalLarge" hidden="true" justifyH="CENTER">
					<Anchors>
						<Anchor point="CENTER">
							<Offset>
								<AbsDimension x="0" y="0"/>
							</Offset>
						</Anchor>
					</Anchors>
				</FontString>
			</Layer>
		</Layers>
	</Frame>
	<Frame name="MultiBarRightButton4CooldownCountFrame" parent="MultiBarRightButton4" hidden="true">
        <Size>
            <AbsDimension x="32" y="32"/>
        </Size>
        <Anchors>
            <Anchor point="CENTER" relativeTo="$parent" relativePoint="CENTER">
                <Offset>
                    <AbsDimension x="0" y="0"/>
                </Offset>
            </Anchor>
        </Anchors>
		<Layers>
			<Layer level="ARTWORK">
				<FontString name="MultiBarRightButton4CooldownCount" inherits="GameFontNormalLarge" hidden="true" justifyH="CENTER">
					<Anchors>
						<Anchor point="CENTER">
							<Offset>
								<AbsDimension x="0" y="0"/>
							</Offset>
						</Anchor>
					</Anchors>
				</FontString>
			</Layer>
		</Layers>
	</Frame>
	<Frame name="MultiBarRightButton5CooldownCountFrame" parent="MultiBarRightButton5" hidden="true">
        <Size>
            <AbsDimension x="32" y="32"/>
        </Size>
        <Anchors>
            <Anchor point="CENTER" relativeTo="$parent" relativePoint="CENTER">
                <Offset>
                    <AbsDimension x="0" y="0"/>
                </Offset>
            </Anchor>
        </Anchors>
		<Layers>
			<Layer level="ARTWORK">
				<FontString name="MultiBarRightButton5CooldownCount" inherits="GameFontNormalLarge" hidden="true" justifyH="CENTER">
					<Anchors>
						<Anchor point="CENTER">
							<Offset>
								<AbsDimension x="0" y="0"/>
							</Offset>
						</Anchor>
					</Anchors>
				</FontString>
			</Layer>
		</Layers>
	</Frame>
	<Frame name="MultiBarRightButton6CooldownCountFrame" parent="MultiBarRightButton6" hidden="true">
        <Size>
            <AbsDimension x="32" y="32"/>
        </Size>
        <Anchors>
            <Anchor point="CENTER" relativeTo="$parent" relativePoint="CENTER">
                <Offset>
                    <AbsDimension x="0" y="0"/>
                </Offset>
            </Anchor>
        </Anchors>
		<Layers>
			<Layer level="ARTWORK">
				<FontString name="MultiBarRightButton6CooldownCount" inherits="GameFontNormalLarge" hidden="true" justifyH="CENTER">
					<Anchors>
						<Anchor point="CENTER">
							<Offset>
								<AbsDimension x="0" y="0"/>
							</Offset>
						</Anchor>
					</Anchors>
				</FontString>
			</Layer>
		</Layers>
	</Frame>
	<Frame name="MultiBarRightButton7CooldownCountFrame" parent="MultiBarRightButton7" hidden="true">
        <Size>
            <AbsDimension x="32" y="32"/>
        </Size>
        <Anchors>
            <Anchor point="CENTER" relativeTo="$parent" relativePoint="CENTER">
                <Offset>
                    <AbsDimension x="0" y="0"/>
                </Offset>
            </Anchor>
        </Anchors>
		<Layers>
			<Layer level="ARTWORK">
				<FontString name="MultiBarRightButton7CooldownCount" inherits="GameFontNormalLarge" hidden="true" justifyH="CENTER">
					<Anchors>
						<Anchor point="CENTER">
							<Offset>
								<AbsDimension x="0" y="0"/>
							</Offset>
						</Anchor>
					</Anchors>
				</FontString>
			</Layer>
		</Layers>
	</Frame>
	<Frame name="MultiBarRightButton8CooldownCountFrame" parent="MultiBarRightButton8" hidden="true">
        <Size>
            <AbsDimension x="32" y="32"/>
        </Size>
        <Anchors>
            <Anchor point="CENTER" relativeTo="$parent" relativePoint="CENTER">
                <Offset>
                    <AbsDimension x="0" y="0"/>
                </Offset>
            </Anchor>
        </Anchors>
		<Layers>
			<Layer level="ARTWORK">
				<FontString name="MultiBarRightButton8CooldownCount" inherits="GameFontNormalLarge" hidden="true" justifyH="CENTER">
					<Anchors>
						<Anchor point="CENTER">
							<Offset>
								<AbsDimension x="0" y="0"/>
							</Offset>
						</Anchor>
					</Anchors>
				</FontString>
			</Layer>
		</Layers>
	</Frame>
	<Frame name="MultiBarRightButton9CooldownCountFrame" parent="MultiBarRightButton9" hidden="true">
        <Size>
            <AbsDimension x="32" y="32"/>
        </Size>
        <Anchors>
            <Anchor point="CENTER" relativeTo="$parent" relativePoint="CENTER">
                <Offset>
                    <AbsDimension x="0" y="0"/>
                </Offset>
            </Anchor>
        </Anchors>
		<Layers>
			<Layer level="ARTWORK">
				<FontString name="MultiBarRightButton9CooldownCount" inherits="GameFontNormalLarge" hidden="true" justifyH="CENTER">
					<Anchors>
						<Anchor point="CENTER">
							<Offset>
								<AbsDimension x="0" y="0"/>
							</Offset>
						</Anchor>
					</Anchors>
				</FontString>
			</Layer>
		</Layers>
	</Frame>
	<Frame name="MultiBarRightButton10CooldownCountFrame" parent="MultiBarRightButton10" hidden="true">
        <Size>
            <AbsDimension x="32" y="32"/>
        </Size>
        <Anchors>
            <Anchor point="CENTER" relativeTo="$parent" relativePoint="CENTER">
                <Offset>
                    <AbsDimension x="0" y="0"/>
                </Offset>
            </Anchor>
        </Anchors>
		<Layers>
			<Layer level="ARTWORK">
				<FontString name="MultiBarRightButton10CooldownCount" inherits="GameFontNormalLarge" hidden="true" justifyH="CENTER">
					<Anchors>
						<Anchor point="CENTER">
							<Offset>
								<AbsDimension x="0" y="0"/>
							</Offset>
						</Anchor>
					</Anchors>
				</FontString>
			</Layer>
		</Layers>
	</Frame>
	<Frame name="MultiBarRightButton11CooldownCountFrame" parent="MultiBarRightButton11" hidden="true">
        <Size>
            <AbsDimension x="32" y="32"/>
        </Size>
        <Anchors>
            <Anchor point="CENTER" relativeTo="$parent" relativePoint="CENTER">
                <Offset>
                    <AbsDimension x="0" y="0"/>
                </Offset>
            </Anchor>
        </Anchors>
		<Layers>
			<Layer level="ARTWORK">
				<FontString name="MultiBarRightButton11CooldownCount" inherits="GameFontNormalLarge" hidden="true" justifyH="CENTER">
					<Anchors>
						<Anchor point="CENTER">
							<Offset>
								<AbsDimension x="0" y="0"/>
							</Offset>
						</Anchor>
					</Anchors>
				</FontString>
			</Layer>
		</Layers>
	</Frame>
	<Frame name="MultiBarRightButton12CooldownCountFrame" parent="MultiBarRightButton12" hidden="true">
        <Size>
            <AbsDimension x="32" y="32"/>
        </Size>
        <Anchors>
            <Anchor point="CENTER" relativeTo="$parent" relativePoint="CENTER">
                <Offset>
                    <AbsDimension x="0" y="0"/>
                </Offset>
            </Anchor>
        </Anchors>
		<Layers>
			<Layer level="ARTWORK">
				<FontString name="MultiBarRightButton12CooldownCount" inherits="GameFontNormalLarge" hidden="true" justifyH="CENTER">
					<Anchors>
						<Anchor point="CENTER">
							<Offset>
								<AbsDimension x="0" y="0"/>
							</Offset>
						</Anchor>
					</Anchors>
				</FontString>
			</Layer>
		</Layers>
	</Frame>
	<Frame name="MultiBarLeftButton1CooldownCountFrame" parent="MultiBarLeftButton1" hidden="true">
        <Size>
            <AbsDimension x="32" y="32"/>
        </Size>
        <Anchors>
            <Anchor point="CENTER" relativeTo="$parent" relativePoint="CENTER">
                <Offset>
                    <AbsDimension x="0" y="0"/>
                </Offset>
            </Anchor>
        </Anchors>
		<Layers>
			<Layer level="ARTWORK">
				<FontString name="MultiBarLeftButton1CooldownCount" inherits="GameFontNormalLarge" hidden="true" justifyH="CENTER">
					<Anchors>
						<Anchor point="CENTER">
							<Offset>
								<AbsDimension x="0" y="0"/>
							</Offset>
						</Anchor>
					</Anchors>
				</FontString>
			</Layer>
		</Layers>
	</Frame>
	<Frame name="MultiBarLeftButton2CooldownCountFrame" parent="MultiBarLeftButton2" hidden="true">
        <Size>
            <AbsDimension x="32" y="32"/>
        </Size>
        <Anchors>
            <Anchor point="CENTER" relativeTo="$parent" relativePoint="CENTER">
                <Offset>
                    <AbsDimension x="0" y="0"/>
                </Offset>
            </Anchor>
        </Anchors>
		<Layers>
			<Layer level="ARTWORK">
				<FontString name="MultiBarLeftButton2CooldownCount" inherits="GameFontNormalLarge" hidden="true" justifyH="CENTER">
					<Anchors>
						<Anchor point="CENTER">
							<Offset>
								<AbsDimension x="0" y="0"/>
							</Offset>
						</Anchor>
					</Anchors>
				</FontString>
			</Layer>
		</Layers>
	</Frame>
	<Frame name="MultiBarLeftButton3CooldownCountFrame" parent="MultiBarLeftButton3" hidden="true">
        <Size>
            <AbsDimension x="32" y="32"/>
        </Size>
        <Anchors>
            <Anchor point="CENTER" relativeTo="$parent" relativePoint="CENTER">
                <Offset>
                    <AbsDimension x="0" y="0"/>
                </Offset>
            </Anchor>
        </Anchors>
		<Layers>
			<Layer level="ARTWORK">
				<FontString name="MultiBarLeftButton3CooldownCount" inherits="GameFontNormalLarge" hidden="true" justifyH="CENTER">
					<Anchors>
						<Anchor point="CENTER">
							<Offset>
								<AbsDimension x="0" y="0"/>
							</Offset>
						</Anchor>
					</Anchors>
				</FontString>
			</Layer>
		</Layers>
	</Frame>
	<Frame name="MultiBarLeftButton4CooldownCountFrame" parent="MultiBarLeftButton4" hidden="true">
        <Size>
            <AbsDimension x="32" y="32"/>
        </Size>
        <Anchors>
            <Anchor point="CENTER" relativeTo="$parent" relativePoint="CENTER">
                <Offset>
                    <AbsDimension x="0" y="0"/>
                </Offset>
            </Anchor>
        </Anchors>
		<Layers>
			<Layer level="ARTWORK">
				<FontString name="MultiBarLeftButton4CooldownCount" inherits="GameFontNormalLarge" hidden="true" justifyH="CENTER">
					<Anchors>
						<Anchor point="CENTER">
							<Offset>
								<AbsDimension x="0" y="0"/>
							</Offset>
						</Anchor>
					</Anchors>
				</FontString>
			</Layer>
		</Layers>
	</Frame>
	<Frame name="MultiBarLeftButton5CooldownCountFrame" parent="MultiBarLeftButton5" hidden="true">
        <Size>
            <AbsDimension x="32" y="32"/>
        </Size>
        <Anchors>
            <Anchor point="CENTER" relativeTo="$parent" relativePoint="CENTER">
                <Offset>
                    <AbsDimension x="0" y="0"/>
                </Offset>
            </Anchor>
        </Anchors>
		<Layers>
			<Layer level="ARTWORK">
				<FontString name="MultiBarLeftButton5CooldownCount" inherits="GameFontNormalLarge" hidden="true" justifyH="CENTER">
					<Anchors>
						<Anchor point="CENTER">
							<Offset>
								<AbsDimension x="0" y="0"/>
							</Offset>
						</Anchor>
					</Anchors>
				</FontString>
			</Layer>
		</Layers>
	</Frame>
	<Frame name="MultiBarLeftButton6CooldownCountFrame" parent="MultiBarLeftButton6" hidden="true">
        <Size>
            <AbsDimension x="32" y="32"/>
        </Size>
        <Anchors>
            <Anchor point="CENTER" relativeTo="$parent" relativePoint="CENTER">
                <Offset>
                    <AbsDimension x="0" y="0"/>
                </Offset>
            </Anchor>
        </Anchors>
		<Layers>
			<Layer level="ARTWORK">
				<FontString name="MultiBarLeftButton6CooldownCount" inherits="GameFontNormalLarge" hidden="true" justifyH="CENTER">
					<Anchors>
						<Anchor point="CENTER">
							<Offset>
								<AbsDimension x="0" y="0"/>
							</Offset>
						</Anchor>
					</Anchors>
				</FontString>
			</Layer>
		</Layers>
	</Frame>
	<Frame name="MultiBarLeftButton7CooldownCountFrame" parent="MultiBarLeftButton7" hidden="true">
        <Size>
            <AbsDimension x="32" y="32"/>
        </Size>
        <Anchors>
            <Anchor point="CENTER" relativeTo="$parent" relativePoint="CENTER">
                <Offset>
                    <AbsDimension x="0" y="0"/>
                </Offset>
            </Anchor>
        </Anchors>
		<Layers>
			<Layer level="ARTWORK">
				<FontString name="MultiBarLeftButton7CooldownCount" inherits="GameFontNormalLarge" hidden="true" justifyH="CENTER">
					<Anchors>
						<Anchor point="CENTER">
							<Offset>
								<AbsDimension x="0" y="0"/>
							</Offset>
						</Anchor>
					</Anchors>
				</FontString>
			</Layer>
		</Layers>
	</Frame>
	<Frame name="MultiBarLeftButton8CooldownCountFrame" parent="MultiBarLeftButton8" hidden="true">
        <Size>
            <AbsDimension x="32" y="32"/>
        </Size>
        <Anchors>
            <Anchor point="CENTER" relativeTo="$parent" relativePoint="CENTER">
                <Offset>
                    <AbsDimension x="0" y="0"/>
                </Offset>
            </Anchor>
        </Anchors>
		<Layers>
			<Layer level="ARTWORK">
				<FontString name="MultiBarLeftButton8CooldownCount" inherits="GameFontNormalLarge" hidden="true" justifyH="CENTER">
					<Anchors>
						<Anchor point="CENTER">
							<Offset>
								<AbsDimension x="0" y="0"/>
							</Offset>
						</Anchor>
					</Anchors>
				</FontString>
			</Layer>
		</Layers>
	</Frame>
	<Frame name="MultiBarLeftButton9CooldownCountFrame" parent="MultiBarLeftButton9" hidden="true">
        <Size>
            <AbsDimension x="32" y="32"/>
        </Size>
        <Anchors>
            <Anchor point="CENTER" relativeTo="$parent" relativePoint="CENTER">
                <Offset>
                    <AbsDimension x="0" y="0"/>
                </Offset>
            </Anchor>
        </Anchors>
		<Layers>
			<Layer level="ARTWORK">
				<FontString name="MultiBarLeftButton9CooldownCount" inherits="GameFontNormalLarge" hidden="true" justifyH="CENTER">
					<Anchors>
						<Anchor point="CENTER">
							<Offset>
								<AbsDimension x="0" y="0"/>
							</Offset>
						</Anchor>
					</Anchors>
				</FontString>
			</Layer>
		</Layers>
	</Frame>
	<Frame name="MultiBarLeftButton10CooldownCountFrame" parent="MultiBarLeftButton10" hidden="true">
        <Size>
            <AbsDimension x="32" y="32"/>
        </Size>
        <Anchors>
            <Anchor point="CENTER" relativeTo="$parent" relativePoint="CENTER">
                <Offset>
                    <AbsDimension x="0" y="0"/>
                </Offset>
            </Anchor>
        </Anchors>
		<Layers>
			<Layer level="ARTWORK">
				<FontString name="MultiBarLeftButton10CooldownCount" inherits="GameFontNormalLarge" hidden="true" justifyH="CENTER">
					<Anchors>
						<Anchor point="CENTER">
							<Offset>
								<AbsDimension x="0" y="0"/>
							</Offset>
						</Anchor>
					</Anchors>
				</FontString>
			</Layer>
		</Layers>
	</Frame>
	<Frame name="MultiBarLeftButton11CooldownCountFrame" parent="MultiBarLeftButton11" hidden="true">
        <Size>
            <AbsDimension x="32" y="32"/>
        </Size>
        <Anchors>
            <Anchor point="CENTER" relativeTo="$parent" relativePoint="CENTER">
                <Offset>
                    <AbsDimension x="0" y="0"/>
                </Offset>
            </Anchor>
        </Anchors>
		<Layers>
			<Layer level="ARTWORK">
				<FontString name="MultiBarLeftButton11CooldownCount" inherits="GameFontNormalLarge" hidden="true" justifyH="CENTER">
					<Anchors>
						<Anchor point="CENTER">
							<Offset>
								<AbsDimension x="0" y="0"/>
							</Offset>
						</Anchor>
					</Anchors>
				</FontString>
			</Layer>
		</Layers>
	</Frame>
	<Frame name="MultiBarLeftButton12CooldownCountFrame" parent="MultiBarLeftButton12" hidden="true">
        <Size>
            <AbsDimension x="32" y="32"/>
        </Size>
        <Anchors>
            <Anchor point="CENTER" relativeTo="$parent" relativePoint="CENTER">
                <Offset>
                    <AbsDimension x="0" y="0"/>
                </Offset>
            </Anchor>
        </Anchors>
		<Layers>
			<Layer level="ARTWORK">
				<FontString name="MultiBarLeftButton12CooldownCount" inherits="GameFontNormalLarge" hidden="true" justifyH="CENTER">
					<Anchors>
						<Anchor point="CENTER">
							<Offset>
								<AbsDimension x="0" y="0"/>
							</Offset>
						</Anchor>
					</Anchors>
				</FontString>
			</Layer>
		</Layers>
	</Frame>

	<GameTooltip name="CooldownCountTooltip" frameStrata="TOOLTIP" hidden="true" inherits="GameTooltipTemplate">
	<Scripts>
		<OnLoad>
			this:SetBackdropBorderColor(TOOLTIP_DEFAULT_COLOR.r, TOOLTIP_DEFAULT_COLOR.g, TOOLTIP_DEFAULT_COLOR.b);
			this:SetBackdropColor(TOOLTIP_DEFAULT_BACKGROUND_COLOR.r, TOOLTIP_DEFAULT_BACKGROUND_COLOR.g, TOOLTIP_DEFAULT_BACKGROUND_COLOR.b);
		</OnLoad>
	</Scripts>
	</GameTooltip>
</Ui>

