﻿<Ui xmlns:xsi="http://www.w3.org/2001/XMLSchema-instance" xmlns:xsd="http://www.w3.org/2001/XMLSchema" xmlns="http://www.blizzard.com/wow/ui/">
	<Script file="Timer.lua" />
	<Frame name="Timer" alpha="0" parent="UIParent">
		<Size>
			<AbsDimension x="64" y="64" />
		</Size>
		<Anchors>
			<Anchor point="TOPLEFT">
				<Offset x="-64" y="64" />
			</Anchor>
		</Anchors>
		<Backdrop bgFile="Interface\DialogFrame\UI-DialogBox-Background" edgeFile="Interface\DialogFrame\UI-DialogBox-Border" tile="true">
			<BackgroundInsets>
				<AbsInset left="11" right="12" top="12" bottom="11" />
			</BackgroundInsets>
			<TileSize>
				<AbsValue val="32" />
			</TileSize>
			<EdgeSize>
				<AbsValue val="32" />
			</EdgeSize>
		</Backdrop>
		<Scripts>
			<OnLoad>
				Timer_OnLoad();
			</OnLoad>
			<OnEvent>
				Timer_OnEvent();
			</OnEvent>
			<OnUpdate>
				Timer_OnUpdate(self, elapsed);
			</OnUpdate>
		</Scripts>
	</Frame>
</Ui>