﻿<Ui xsi:schemaLocation="http://www.blizzard.com/wow/ui/ ..\FrameXML\UI.xsd">
	<Include file="libs\CallbackHandler-1.0\CallbackHandler-1.0.xml"/>
	<Script file="Libs\LibStub\LibStub.lua"/>
	<Include file="Libs\AceAddon-3.0\AceAddon-3.0.xml"/>
	<Include file="Libs\AceConsole-3.0\AceConsole-3.0.xml"/>
	<Include file="libs\AceEvent-3.0\AceEvent-3.0.xml"/>
	<Include file="libs\AceTimer-3.0\AceTimer-3.0.xml"/>
	<Include file="Libs\AceHook-3.0\AceHook-3.0.xml"/>
	<Include file="libs\AceDB-3.0\AceDB-3.0.xml"/>
	<Include file="libs\AceLocale-3.0\AceLocale-3.0.xml"/>
	<Include file="libs\AceConfig-3.0\AceConfig-3.0.xml"/>
	<Include file="libs\AceComm-3.0\AceComm-3.0.xml"/>
</Ui>
