<Ui xmlns="http://www.blizzard.com/wow/ui" xmlns:xsi="http://www.w3.org/2001/XMLSchema-instance">

<!--                     	 TEMPLATES                        -->

<FontString name="LBtexttemplate" font="Fonts\FRIZQT__.TTF" text="" nonspacewrap="true" maxlines="1" justifyH="LEFT" justifyV="MIDDLE" virtual="true">
	 <FontHeight>
	   <AbsValue val="6" />
	 </FontHeight>
	 <Color r="1" g="1" b="1" />
	 <Shadow>
	   <Color r="0" g="0" b="0" />
	   <Offset>
	     <AbsDimension x="1" y="-1" />
	   </Offset>
	 </Shadow>
</FontString>

<FontString name="LBtexttemplate7" font="Fonts\FRIZQT__.TTF" text="" nonspacewrap="true" maxlines="1" justifyH="LEFT" justifyV="MIDDLE" virtual="true">
	 <FontHeight>
	   <AbsValue val="7" />
	 </FontHeight>
	 <Color r="1" g="1" b="1" />
	 <Shadow>
	   <Color r="0" g="0" b="0" />
	   <Offset>
	     <AbsDimension x="1" y="-1" />
	   </Offset>
	 </Shadow>
</FontString>

<FontString name="LBtexttemplate5" font="Fonts\FRIZQT__.TTF" text="" nonspacewrap="true" maxlines="1" justifyH="LEFT" justifyV="MIDDLE" virtual="true">
	 <FontHeight>
	   <AbsValue val="6" />
	 </FontHeight>
	 <Color r="1" g="1" b="1" />
	 <Shadow>
	   <Color r="0" g="0" b="0" />
	   <Offset>
	     <AbsDimension x="1" y="-1" />
	   </Offset>
	 </Shadow>
</FontString>

<StatusBar name="CombuBarTemplate" parent="CombustionFrame" virtual="true">
    <BarTexture file="Interface\AddOns\CombustionHelper\Images\combubarblack"/> 
</StatusBar>

<Texture name="CombuButtonTemplate" file="Interface\AddOns\CombustionHelper\Images\Combustionoff" virtual="true">
  <Size>
    <AbsDimension x="9" y="9" />
  </Size>
</Texture>

<!--                        Background Main Frame                         -->
           
<Frame name="CombustionFrame" parent="UIParent" enableMouse="true" movable="true">
    <Size>
      <AbsDimension x="98" y="56" />
    </Size>
	 <Anchors>
	  <Anchor point="CENTER"/>
	 </Anchors>
    <TitleRegion setAllPoints="true" />
    <Backdrop bgFile="Interface\Tooltips\UI-Tooltip-Background" edgeFile="Interface\Tooltips\UI-Tooltip-Border" tile="true">
      <BackgroundInsets>
        <AbsInset left="5" right="5" top="5" bottom="5" />
      </BackgroundInsets>
      <TileSize>
        <AbsValue val="16" />
      </TileSize>
      <EdgeSize>
        <AbsValue val="16" />
      </EdgeSize>
          <Color r="0.25" g="0.25" b="0.25" />
          <BorderColor r="0.67" g="0.67" b="0.67" />
    </Backdrop>
    <Scripts>
		<OnLoad>
			Combustion_OnLoad(self)
			self.TimeSinceLastUpdate = 0 
		</OnLoad>
		<OnEvent> 
			Combustion_OnEvent(self, event, ...);
		</OnEvent>			
		<OnUpdate function="Combustion_OnUpdate" />     
	   	<OnDragStart>
			self:StartMoving()
		</OnDragStart>
		<OnDragStop>
			self:StopMovingOrSizing()
		</OnDragStop>
	</Scripts>
</Frame>

<!--                        Regular Frame for main window                         -->

<Frame name="CombustionFrame" parent="CombustionFrame">
    <Size>
      <AbsDimension x="98" y="56" />
    </Size>
	 <Anchors>
	  <Anchor point="TOPLEFT"/>
	 </Anchors>
	 <Frames>
	 
		<!--                          Text frame for Main Frame                        -->
		
		<Frame name="CombustionTextFrame" parent="CombustionFrame">
			<Size>
			  <AbsDimension x="98" y="56" />
			</Size>
			 <Anchors>
			  <Anchor point="TOPLEFT"/>
			 </Anchors>
			 
				<Layers>
                  <Layer level="ARTWORK" textureSubLevel="1" >
		 
					<FontString name="LBLabel" inherits="LBtexttemplate7" text="Living Bomb" justifyH="RIGHT">
						<Size>
						  <AbsDimension x="52" y="9" />
						</Size>
						<Anchors>
						   <Anchor point="TOPLEFT" relativeTo="$parent" relativePoint="TOPLEFT">
							<Offset>
							  <AbsDimension x="6" y="-5" />
							</Offset>
						  </Anchor>
						</Anchors>
					</FontString>
		
					 <FontString name="IgniteLabel" inherits="LBtexttemplate7" text="Ignite" justifyH="RIGHT">
					   <Size>
						 <AbsDimension x="52" y="9" />
					   </Size>
					   <Anchors>
						  <Anchor point="TOP" relativeTo="LBLabel" relativePoint="BOTTOM">
						   <Offset>
							 <AbsDimension x="0" y="0" />
						   </Offset>
						 </Anchor>
					   </Anchors>
					</FontString>
		
					<FontString name="PyroLabel" inherits="LBtexttemplate7" text="Pyroblast" justifyH="RIGHT">
						<Size>
						  <AbsDimension x="52" y="9" />
						</Size>
						<Anchors>
						  <Anchor point="TOP" relativeTo="IgniteLabel" relativePoint="BOTTOM">
							<Offset>
							  <AbsDimension x="0" y="0" />
							</Offset>
						  </Anchor>
						</Anchors>
					</FontString>
							
				  <Texture name="LBButton" inherits="CombuButtonTemplate">
					<Anchors>
					   <Anchor point="LEFT" relativeTo="LBLabel" relativePoint="RIGHT">
						<Offset>
						  <AbsDimension x="1" y="0" />
						</Offset>
					  </Anchor>
					</Anchors>
				   </Texture>
				   
				  <Texture name="IgniteButton" inherits="CombuButtonTemplate">
					<Anchors>
					   <Anchor point="LEFT" relativeTo="IgniteLabel" relativePoint="RIGHT">
						<Offset>
						  <AbsDimension x="1" y="0" />
						</Offset>
					  </Anchor>
					</Anchors>
				   </Texture>
				   
				 <Texture name="PyroButton" inherits="CombuButtonTemplate">
					<Anchors>
					   <Anchor point="LEFT" relativeTo="PyroLabel" relativePoint="RIGHT">
						<Offset>
						  <AbsDimension x="1" y="0" />
						</Offset>
					  </Anchor>
					</Anchors>
				   </Texture>
				   		 
					<FontString name="LBTextFrameLabel" inherits="LBtexttemplate7" text="LB">
						<Size>
						  <AbsDimension x="28" y="9" />
						</Size>
						<Anchors>
						   <Anchor point="LEFT" relativeTo="LBButton" relativePoint="RIGHT">
							<Offset>
							  <AbsDimension x="1" y="0" />
							</Offset>
						  </Anchor>
						</Anchors>
					</FontString>
					
					<FontString name="IgnTextFrameLabel" inherits="LBtexttemplate7" text="IGN">
						<Size>
						  <AbsDimension x="28" y="9" />
						</Size>
						<Anchors>
						   <Anchor point="LEFT" relativeTo="IgniteButton" relativePoint="RIGHT">
							<Offset>
							  <AbsDimension x="1" y="0" />
							</Offset>
						  </Anchor>
						</Anchors>
					</FontString>
					
					<FontString name="PyroTextFrameLabel" inherits="LBtexttemplate7" text="Pyro">
						<Size>
						  <AbsDimension x="28" y="9" />
						</Size>
						<Anchors>
						   <Anchor point="LEFT" relativeTo="PyroButton" relativePoint="RIGHT">
							<Offset>
							  <AbsDimension x="1" y="0" />
							</Offset>
						  </Anchor>
						</Anchors>
					</FontString>
		
					<FontString name="StatusTextFrameLabel" inherits="LBtexttemplate7" text="">
						<Size>
						  <AbsDimension x="83" y="9" />
						</Size>
						<Anchors>
						   <Anchor point="TOPLEFT" relativeTo="PyroLabel" relativePoint="BOTTOMLEFT">
							<Offset>
							  <AbsDimension x="0" y="0" />
							</Offset>
						  </Anchor>
						</Anchors>
					</FontString>
				 
				 </Layer>
			 </Layers>
		</Frame>
		
		<!--                      Status Bar frames for Main Frame                       -->
				
		<StatusBar name="Pyrobar" inherits="CombuBarTemplate">
		   <Size>
			   <AbsDimension x="44" y="9" />
		   </Size>
		  <Anchors>
			<Anchor point="TOPLEFT" relativeTo="PyroTextFrameLabel" relativePoint="TOPLEFT">
			  <Offset>
				<AbsDimension x="0" y="0" />
			  </Offset>
			</Anchor>
		  </Anchors>
		</StatusBar>
		
		<StatusBar name="Ignbar" inherits="CombuBarTemplate">
		   <Size>
			   <AbsDimension x="44" y="9" />
		   </Size>
		  <Anchors>
			<Anchor point="TOPLEFT" relativeTo="IgnTextFrameLabel" relativePoint="TOPLEFT">
			  <Offset>
				<AbsDimension x="0" y="0" />
			  </Offset>
			</Anchor>
		  </Anchors>
		</StatusBar>
		
		<StatusBar name="LBbar" inherits="CombuBarTemplate">
		   <Size>
			   <AbsDimension x="44" y="9" />
		   </Size>
		  <Anchors>
			<Anchor point="TOPLEFT" relativeTo="LBTextFrameLabel" relativePoint="TOPLEFT">
			  <Offset>
				<AbsDimension x="0" y="0" />
			  </Offset>
			</Anchor>
		  </Anchors>
		</StatusBar>
		
		<StatusBar name="Combubar" inherits="CombuBarTemplate">
		   <Size>
			   <AbsDimension x="83" y="9" />
		   </Size>
		  <Anchors>
			<Anchor point="TOPLEFT" relativeTo="StatusTextFrameLabel" relativePoint="TOPLEFT">
			  <Offset>
				<AbsDimension x="0" y="0" />
			  </Offset>
			</Anchor>
		  </Anchors>
		</StatusBar>
		
	</Frames>
</Frame>

</Ui>
