<Ui xmlns="http://www.blizzard.com/wow/ui" xmlns:xsi="http://www.w3.org/2001/XMLSchema-instance">


<Frame name="CombuCautFrame" parent="UIParent" enableMouse="true" movable="true">
   <Size>
	   <AbsDimension x="40" y="40" />
   </Size>
  <Anchors>
	<Anchor point="CENTER" relativeTo="$parent" relativePoint="CENTER">
      <Offset>
	    <AbsDimension x="0" y="0" />
	  </Offset>
    </Anchor>
  </Anchors>
  <Layers>
        <Layer level="ARTWORK" textureSubLevel="0" >
            <Texture name="CombuCautIcon" file="Interface\Icons\spell_fire_rune">
               <Size>
       			   <AbsDimension x="40" y="40" />
  		       </Size>
                <Anchors>
                    <Anchor point="CENTER" relativeTo="$parent" relativePoint="CENTER">
                        <Offset>
                            <AbsDimension x="0" y="0"/>
                        </Offset>
                    </Anchor>
                </Anchors>
            </Texture>
        </Layer>
    </Layers>
    <Frames>
        <Frame name="CombuCautTextFrame">
            <Size>
                <AbsDimension x="40" y="40" />
            </Size>
            <Anchors>
                <Anchor point="CENTER" relativeTo="$parent" relativePoint="CENTER">
                <Offset>
                    <AbsDimension x="0" y="0" />
                </Offset>
                </Anchor>
            </Anchors>
            <Layers>
                <Layer level="ARTWORK" textureSubLevel="1" >
                    <FontString name="CombuCautTimerText" font="Fonts\FRIZQT__.TTF" outline="NORMAL" text="" justifyH="CENTER" justifyV="MIDDLE">
                         <Size>
                             <AbsDimension x="60" y="60" />
                         </Size>
                        <Anchors>
                            <Anchor point="CENTER" relativeTo="$parent" relativePoint="CENTER">
                                <Offset>
                                    <AbsDimension x="0" y="0"/>
                                </Offset>
                            </Anchor>
                        </Anchors>
                         <FontHeight>
                             <AbsValue val="25" />
                         </FontHeight>
                         <Color r="1" g="1" b="1" />
                         <Shadow>
                             <Color r="0" g="0" b="0" />
                             <Offset>
                            <AbsDimension x="1" y="-1" />
                             </Offset>
                         </Shadow>
                    </FontString>
                </Layer>
            </Layers>
        </Frame>
    </Frames>
    <Scripts>
		<OnLoad>
			self.CombuCautTimeSinceLastUpdate = 0 
			CombuCaut_OnLoad(self)
		</OnLoad>
		<OnEvent> 
			CombuCaut_OnEvent(self, event, ...);
		</OnEvent>			
		<OnUpdate function="CombuCaut_OnUpdate" />     
	   	<OnDragStart>
			self:StartMoving()
		</OnDragStart>
		<OnDragStop>
			self:StopMovingOrSizing()
		</OnDragStop>
	</Scripts>
</Frame>
</Ui>

		
		
		
		
		
		