<Ui xmlns:xsi="http://www.w3.org/2001/XMLSchema-instance" xmlns:xsd="http://www.w3.org/2001/XMLSchema" xmlns="http://www.blizzard.com/wow/ui/">
	<Font name="ScoreFont" font="Fonts\FRIZQT__.TTF" spacing="3">
		<Color r="1" g="1" b="0" a="0" />
		<FontHeight>
			<AbsValue val="32" />
		</FontHeight>
		<Shadow>
			<Color r="0" g="0" b="0" />
		</Shadow>
	</Font>
	<Font name="TimerFont" font="Fonts\FRIZQT__.TTF" spacing="3">
		<Color r="1" g="1" b="1" a="0" />
		<FontHeight>
			<AbsValue val="24" />
		</FontHeight>
		<Shadow>
			<Color r="0" g="0" b="0" />
		</Shadow>
	</Font>
	<Frame name="PvpScoreBoard_ButtonsFrame" hidden="true" frameStrata="HIGH"  parent="UIParent">
		<Size x="512" y="150" />
		<Anchors>
			<Anchor point="TOP">
				<Offset x="0" y="-20" />
			</Anchor>
			<Anchor point="CENTER" />
		</Anchors>
		<Frames>
			<Button name="PvpScoreBoard_ButtonGoalAlliance" inherits="UIPanelButtonTemplate" text="Goal!">
				<Size>
					<AbsDimension x="121" y="32" />
				</Size>
				<Anchors>
					<Anchor point="BOTTOMLEFT">
						<Offset x="0" y="0" />
					</Anchor>
				</Anchors>
				<Scripts>
					<OnClick>PvpScoreBoard_Goal('alliance')</OnClick>
				</Scripts>
			</Button>
			<Button name="PvpScoreBoard_ButtonGoalHorde" inherits="UIPanelButtonTemplate" text="Goal!">
				<Size>
					<AbsDimension x="121" y="32" />
				</Size>
				<Anchors>
					<Anchor point="BOTTOMRIGHT" />
				</Anchors>
				<Scripts>
					<OnClick>PvpScoreBoard_Goal('horde')</OnClick>
				</Scripts>
			</Button>
			<Button name="PvpScoreBoard_ButtonPause" inherits="UIPanelButtonTemplate" text="Start">
				<Size>
					<AbsDimension x="121" y="32" />
				</Size>
				<Anchors>
					<Anchor point="BOTTOM">
						<Offset x="0" y="0" />
					</Anchor>
					<Anchor point="CENTER">
						<Offset x="0" y="-213" />
					</Anchor>
				</Anchors>
				<Scripts>
					<OnClick>PvpScoreBoard_TogglePause()</OnClick>
				</Scripts>
			</Button>
		</Frames>
	</Frame>
	<Frame name="PvpScoreBoard_ScoreFrame" hidden="true" toplevel="true" frameStrata="TOOLTIP" enableMouse="false">
		<Size x="512" y="128" />
		<Anchors>
			<Anchor point="TOP" />
			<Anchor point="CENTER" />
		</Anchors>
		<Layers>
			<Layer>
				<Texture name="PvpScoreBoard_ScoreBoardBg" file="Interface\AddOns\PvpScoreBoard\textures\scoreboard_bg.blp">
					<Size x="512" y="128" />
					<Anchors>
						<Anchor point="TOPLEFT">
							<Offset x="0" y="0" />
						</Anchor>
					</Anchors>
					<Color r="1" g="1" b="1" />
				</Texture>
				<FontString name="PvpScoreBoard_HordeScoreContainer" inherits="GameFontNormal" font="ScoreFont" text="0">
					<Size>
						<AbsDimension x="133" y="50" />
					</Size>
					<Anchors>
						<Anchor point="TOPRIGHT" relativeTo="PvpScoreBoard_ScoreFrame">
							<Offset x="-57" y="-15" />
						</Anchor>
					</Anchors>
					<Color r="1" g="1" b="1" />
					<Shadow>
						<Offset>
							<AbsDimension x="1" y="-1" />
						</Offset>
						<Color r="0" g="0" b="0" />
					</Shadow>
				</FontString>
				<FontString name="PvpScoreBoard_AllianceScoreContainer" inherits="GameFontNormal" font="ScoreFont" text="0">
					<Size>
						<AbsDimension x="133" y="61" />
					</Size>
					<Anchors>
						<Anchor point="TOPLEFT" relativeTo="PvpScoreBoard_ScoreFrame">
							<Offset x="57" y="-11" />
						</Anchor>
					</Anchors>
					<FontHeight>
						<AbsValue val="48" />
					</FontHeight>
					<Color r="1" g="1" b="1" />
					<Shadow>
						<Offset>
							<AbsDimension x="1" y="-1" />
						</Offset>
						<Color r="0" g="0" b="0" />
					</Shadow>
				</FontString>
				<FontString name="PvpScoreBoard_ScoreTimerContainer" inherits="GameFontNormal" font="TimerFont" text="00:00:00">
					<Size x="90" y="34" />
					<Anchors>
						<Anchor point="CENTER">
							<Offset x="0" y="178" />
						</Anchor>
						<Anchor point="TOP">
							<Offset x="0" y="-34" />
						</Anchor>
					</Anchors>
					<Color r="1" g="1" b="1" />
					<Shadow>
						<Offset>
							<AbsDimension x="1" y="-1" />
						</Offset>
						<Color r="0" g="0" b="0" />
					</Shadow>
				</FontString>
				<Texture name="PvpScoreBoard_ScoreBoardGlare" file="Interface\AddOns\PvpScoreBoard\textures\scoreboard_glare.blp">
					<Size x="512" y="128" />
					<Anchors>
						<Anchor point="TOPLEFT">
							<Offset x="0" y="0" />
						</Anchor>
					</Anchors>
					<Color r="1" g="1" b="1" a="0.35" />
				</Texture>
			</Layer>
		</Layers>
	</Frame>
	<Frame name="PvpScoreBoard_BlinkAnimation" hidden="true" toplevel="true" frameStrata="TOOLTIP" enableMouse="false">
		<Size x="768" y="768" />
		<Anchors>
			<Anchor point="CENTER">
				<Offset x="0" y="-50" />
			</Anchor>
		</Anchors>
		<Layers>
			<Layer>
				<Texture name="PvpScoreBoard_BlinkImage" file="">
					<Size x="768" y="768" />
					<Anchors>
						<Anchor point="TOPLEFT">
							<Offset x="0" y="0" />
						</Anchor>
					</Anchors>
					<Color r="1" g="1" b="1" />
				</Texture>
				<Texture name="PvpScoreBoard_BlinkGlow" file="">
					<Size x="768" y="768" />
					<Anchors>
						<Anchor point="TOPLEFT">
							<Offset x="0" y="0" />
						</Anchor>
					</Anchors>
					<Color r="1" g="1" b="1" />
				</Texture>
				<FontString name="PvpScoreBoard_BlinkText" inherits="GameFontNormal" font="ScoreFont" text="" maxLines="1">
					<Size>
						<AbsDimension x="1920" y="768" />
					</Size>
					<Anchors>
						<Anchor point="CENTER">
							<Offset x="0" y="50" />
						</Anchor>
					</Anchors>
					<Color r="1" g="1" b="1" />
					<Shadow>
						<Offset>
							<AbsDimension x="1" y="-1" />
						</Offset>
						<Color r="0" g="0" b="0" />
					</Shadow>
				</FontString>
			</Layer>
		</Layers>
	</Frame>
	<Frame name="PvpScoreBoard_UpdateFrame" toplevel="true" frameStrata="HIGH" enableMouse="false">
		<Scripts>
			<OnLoad>
				PvpScoreBoard_OnLoad();
			</OnLoad>
		</Scripts>
	</Frame>
</Ui>