<?xml version="1.0" encoding="utf-8"?>
<Ui xmlns:xsi="http://www.w3.org/2001/XMLSchema-instance" xmlns="http://www.blizzard.com/wow/ui/" xsi:schemaLocation="http://www.blizzard.com/wow/ui/
..\FrameXML\UI.xsd">
<!-- $Id: AlarWidgets-3.0.xml 46 2011-07-16 16:30:34Z alar $ -->
<Script file="AlarWidgets-3.0.lua"/>
<Script file="AlarWidgets\AlarCast.lua"/>
<Script file="AlarWidgets\AlarCastButton.lua"/>
<Script file="AlarWidgets\AlarCastSingleButton.lua"/>
<Script file="AlarWidgets\AlarPanel.lua"/>
<Script file="AlarWidgets\AlarConfig.lua"/>
<Script file="AlarWidgets\AlarTransparent.lua"/>
<Script file="AlarWidgets\AlarHeader.lua"/>
<Script file="AlarWidgets\AlarMinimapButton.lua"/>
<Script file="AlarWidgets\AlarLabel.lua"/>
<Script file="AlarWidgets\AlarInteractiveLabel.lua"/>
</Ui>
