<?xml version="1.0" encoding="utf-8"?>
<Ui xmlns:xsi="http://www.w3.org/2001/XMLSchema-instance" xmlns="http://www.blizzard.com/wow/ui/" xsi:schemaLocation="http://www.blizzard.com/wow/ui/
..\FrameXML\UI.xsd">

<Script file="Locale\enUS.lua" />
<Script file="Locale\deDE.lua" />
<Script file="Locale\esES.lua" />
<Script file="Locale\esMX.lua" />
<Script file="Locale\frFR.lua" />
<Script file="Locale\koKR.lua" />
<Script file="Locale\ptBR.lua" />
<Script file="Locale\ruRU.lua" />
<Script file="Locale\zhCN.lua" />
<Script file="Locale\zhTW.lua" />

</Ui>
