<Ui xmlns="http://www.blizzard.com/wow/ui/">
	<Script file="LibStub\LibStub.lua"/>
	
	<Script file="CallbackHandler-1.0\CallbackHandler-1.0.lua"/>
	<Script file="AceAddon-3.0\AceAddon-3.0.lua"/>
	<Script file="AceEvent-3.0\AceEvent-3.0.lua"/>
	<Script file="AceConsole-3.0\AceConsole-3.0.lua"/>
	<Script file="AceLocale-3.0\AceLocale-3.0.lua"/>
	
	<Script file="Unfit-1.0\Unfit-1.0.lua"/>
	<Script file="Classy-1.0\Classy-1.0.lua"/>
	<Script file="CustomSearch-1.0\CustomSearch-1.0.lua"/>
	<Script file="LibItemSearch-1.2\LibItemSearch-1.2.lua"/>
	<Include file="LibItemCache-1.0\LibItemCache-1.0.xml"/>
</Ui>