{
  "eventDB": {
    "62": {
      "text": "Fireworks Spectacular",
      "start": "2018/07/04 at 10:00 AM",
      "end": "2018/07/05 at 4:00 AM"
    },
    "141": {
      "text": "Feast of Winter Veil",
      "start": "2018/12/16 at 10:00 AM",
      "end": "2019/01/02 at 6:00 AM"
    },
    "181": {
      "text": "Noblegarden",
      "start": "2018/04/02 at 10:00 AM",
      "end": "2018/04/09 at 10:00 AM"
    },
    "201": {
      "text": "Children's Week",
      "start": "2018/04/30 at 10:00 AM",
      "end": "2018/05/07 at 10:00 AM"
    },
    "301": {
      "text": "Stranglethorn Fishing Extravaganza",
      "start": "2018/02/11 at 2:00 PM",
      "end": "2018/02/11 at 4:00 PM"
    },
    "321": {
      "text": "Harvest Festival",
      "start": "2018/09/18 at 10:00 AM",
      "end": "2018/09/25 at 10:00 AM"
    },
    "324": {
      "text": "Hallow's End",
      "start": "2018/10/18 at 10:00 AM",
      "end": "2018/11/01 at 11:00 AM"
    },
    "327": {
      "text": "Lunar Festival",
      "start": "2018/02/17 at 10:00 AM",
      "end": "2018/03/03 at 10:00 AM"
    },
    "335": {
      "text": "Love is in the Air",
      "start": "2018/02/02 at 10:00 AM",
      "end": "2018/02/07 at 10:00 AM"
    },
    "341": {
      "text": "Midsummer Fire Festival",
      "start": "2018/06/21 at 10:00 AM",
      "end": "2018/07/05 at 10:00 AM"
    },
    "372": {
      "text": "Brewfest",
      "start": "2018/09/20 at 10:00 AM",
      "end": "2018/10/06 at 10:00 AM"
    },
    "398": {
      "text": "Pirates' Day",
      "start": "2018/09/19 at 10:00 AM",
      "end": "2018/09/20 at 10:00 AM"
    },
    "404": {
      "text": "Pilgrim's Bounty",
      "start": "2018/11/19 at 10:00 AM",
      "end": "2018/11/26 at 9:00 AM"
    },
    "409": {
      "text": "Day of the Dead",
      "start": "2018/11/01 at 10:00 AM",
      "end": "2018/11/03 at 10:00 AM"
    },
    "479": {
      "text": "Darkmoon Faire",
      "start": "2018/02/04 at 12:00 AM",
      "end": "2018/02/11 at 12:00 AM"
    },
    "514": {
      "text": "WoW's 10th Anniversary",
      "start": "2015/01/06 at 10:00 AM",
      "end": "2015/01/13 at 10:00 AM"
    }
  }
}