{
  "zoneDB": {
    "1": {
      "text": "Dun Morogh",
      "lvl": 1
    },
    "3": {
      "text": "Badlands",
      "lvl": 40
    },
    "4": {
      "text": "Blasted Lands",
      "lvl": 40
    },
    "5": {
      "text": "- QA and DVD GLOBAL -"
    },
    "8": {
      "text": "Swamp of Sorrows",
      "lvl": 40
    },
    "10": {
      "text": "Duskwood",
      "lvl": 20
    },
    "11": {
      "text": "Wetlands",
      "lvl": 25
    },
    "12": {
      "text": "Elwynn Forest",
      "lvl": 1
    },
    "14": {
      "text": "Durotar",
      "lvl": 1
    },
    "15": {
      "text": "Dustwallow Marsh",
      "lvl": 35
    },
    "16": {
      "text": "Azshara",
      "lvl": 10
    },
    "17": {
      "text": "Northern Barrens",
      "lvl": 10
    },
    "25": {
      "text": "Blackrock Mountain",
      "lvl": 50
    },
    "28": {
      "text": "Western Plaguelands",
      "lvl": 35
    },
    "33": {
      "text": "Northern Stranglethorn",
      "lvl": 25
    },
    "34": {
      "text": "Echo Ridge Mine"
    },
    "36": {
      "text": "Alterac Mountains",
      "lvl": 25
    },
    "38": {
      "text": "Loch Modan",
      "lvl": 10
    },
    "40": {
      "text": "Westfall",
      "lvl": 10
    },
    "41": {
      "text": "Deadwind Pass",
      "lvl": 50
    },
    "44": {
      "text": "Redridge Mountains",
      "lvl": 15
    },
    "45": {
      "text": "Arathi Highlands",
      "lvl": 25
    },
    "46": {
      "text": "Burning Steppes",
      "lvl": 40
    },
    "47": {
      "text": "The Hinterlands",
      "lvl": 30
    },
    "51": {
      "text": "Searing Gorge",
      "lvl": 40
    },
    "54": {
      "text": "Jasperlode Mine"
    },
    "57": {
      "text": "Fargodeep Mine"
    },
    "65": {
      "text": "Dragonblight",
      "lvl": 61
    },
    "66": {
      "text": "Zul'Drak",
      "lvl": 64
    },
    "67": {
      "text": "The Storm Peaks",
      "lvl": 67
    },
    "85": {
      "text": "Tirisfal Glades",
      "lvl": 1
    },
    "111": {
      "text": "Jangolode Mine"
    },
    "113": {
      "text": "Gold Coast Quarry"
    },
    "130": {
      "text": "Silverpine Forest",
      "lvl": 10
    },
    "134": {
      "text": "Gol'Bolar Quarry"
    },
    "135": {
      "text": "Frostmane Hold"
    },
    "136": {
      "text": "The Grizzled Den"
    },
    "139": {
      "text": "Eastern Plaguelands",
      "lvl": 40
    },
    "141": {
      "text": "Teldrassil",
      "lvl": 1
    },
    "148": {
      "text": "Darkshore",
      "lvl": 10
    },
    "155": {
      "text": "Night Web's Hollow"
    },
    "206": {
      "text": "Utgarde Keep",
      "lvl": 58
    },
    "209": {
      "text": "Shadowfang Keep",
      "lvl": 20
    },
    "210": {
      "text": "Icecrown",
      "lvl": 67
    },
    "215": {
      "text": "Mulgore",
      "lvl": 1
    },
    "257": {
      "text": "Shadowthread Cave"
    },
    "258": {
      "text": "Fel Rock"
    },
    "262": {
      "text": "Ban'ethil Barrow Den"
    },
    "267": {
      "text": "Hillsbrad Foothills",
      "lvl": 15
    },
    "331": {
      "text": "Ashenvale",
      "lvl": 15
    },
    "357": {
      "text": "Feralas",
      "lvl": 35
    },
    "360": {
      "text": "The Venture Co. Mine"
    },
    "361": {
      "text": "Felwood",
      "lvl": 40
    },
    "365": {
      "text": "Burning Blade Coven"
    },
    "371": {
      "text": "Dustwind Cave"
    },
    "394": {
      "text": "Grizzly Hills",
      "lvl": 63
    },
    "400": {
      "text": "Thousand Needles",
      "lvl": 40
    },
    "405": {
      "text": "Desolace",
      "lvl": 30
    },
    "406": {
      "text": "Stonetalon Mountains",
      "lvl": 20
    },
    "440": {
      "text": "Tanaris",
      "lvl": 40
    },
    "457": {
      "text": "The Veiled Sea"
    },
    "490": {
      "text": "Un'Goro Crater",
      "lvl": 40
    },
    "491": {
      "text": "Razorfen Kraul",
      "lvl": 32
    },
    "493": {
      "text": "Moonglade",
      "lvl": 1
    },
    "495": {
      "text": "Howling Fjord",
      "lvl": 58
    },
    "540": {
      "text": "The Slithering Scar"
    },
    "616": {
      "text": "Mount Hyjal",
      "lvl": 80
    },
    "618": {
      "text": "Winterspring",
      "lvl": 40
    },
    "717": {
      "text": "The Stockade",
      "lvl": 22
    },
    "718": {
      "text": "Wailing Caverns",
      "lvl": 17
    },
    "719": {
      "text": "Blackfathom Deeps",
      "lvl": 22
    },
    "721": {
      "text": "Gnomeregan",
      "lvl": 26
    },
    "722": {
      "text": "Razorfen Downs",
      "lvl": 37
    },
    "800": {
      "text": "Coldridge Pass"
    },
    "817": {
      "text": "Skull Rock"
    },
    "818": {
      "text": "Palemane Rock"
    },
    "876": {
      "text": "GM Island"
    },
    "981": {
      "text": "The Gaping Chasm"
    },
    "982": {
      "text": "The Noxious Lair"
    },
    "1176": {
      "text": "Zul'Farrak",
      "lvl": 46
    },
    "1196": {
      "text": "Utgarde Pinnacle",
      "lvl": 67
    },
    "1337": {
      "text": "Uldaman",
      "lvl": 42
    },
    "1377": {
      "text": "Silithus",
      "lvl": 40
    },
    "1477": {
      "text": "Sunken Temple",
      "lvl": 52
    },
    "1497": {
      "text": "Undercity",
      "lvl": 1
    },
    "1517": {
      "text": "Uldaman"
    },
    "1519": {
      "text": "Stormwind City",
      "lvl": 1
    },
    "1537": {
      "text": "Ironforge",
      "lvl": 1
    },
    "1581": {
      "text": "The Deadmines",
      "lvl": 15
    },
    "1583": {
      "text": "Blackrock Spire",
      "lvl": 57
    },
    "1584": {
      "text": "Blackrock Depths",
      "lvl": 53
    },
    "1637": {
      "text": "Orgrimmar",
      "lvl": 1
    },
    "1638": {
      "text": "Thunder Bluff",
      "lvl": 1
    },
    "1657": {
      "text": "Darnassus",
      "lvl": 1
    },
    "1977": {
      "text": "Zul'Gurub",
      "lvl": 85
    },
    "2017": {
      "text": "Stratholme",
      "lvl": 48
    },
    "2100": {
      "text": "Maraudon",
      "lvl": 36
    },
    "2159": {
      "text": "Onyxia's Lair",
      "lvl": 80
    },
    "2257": {
      "text": "Deeprun Tram",
      "lvl": 1
    },
    "2300": {
      "text": "Caverns of Time"
    },
    "2366": {
      "text": "The Black Morass",
      "lvl": 65
    },
    "2367": {
      "text": "Old Hillsbrad Foothills",
      "lvl": 63
    },
    "2437": {
      "text": "Ragefire Chasm",
      "lvl": 15
    },
    "2557": {
      "text": "Dire Maul",
      "lvl": 44
    },
    "2597": {
      "text": "Alterac Valley",
      "lvl": 20
    },
    "2677": {
      "text": "Blackwing Lair",
      "lvl": 60
    },
    "2717": {
      "text": "Molten Core",
      "lvl": 60
    },
    "2817": {
      "text": "Crystalsong Forest",
      "lvl": 67
    },
    "3277": {
      "text": "Warsong Gulch",
      "lvl": 110
    },
    "3358": {
      "text": "Arathi Basin",
      "lvl": 110
    },
    "3428": {
      "text": "Temple of Ahn'Qiraj",
      "lvl": 60
    },
    "3429": {
      "text": "Ruins of Ahn'Qiraj",
      "lvl": 60
    },
    "3430": {
      "text": "Eversong Woods",
      "lvl": 1
    },
    "3433": {
      "text": "Ghostlands",
      "lvl": 10
    },
    "3446": {
      "text": "Twilight's Run"
    },
    "3456": {
      "text": "Naxxramas",
      "lvl": 80
    },
    "3457": {
      "text": "Karazhan",
      "lvl": 70
    },
    "3483": {
      "text": "Hellfire Peninsula",
      "lvl": 58
    },
    "3487": {
      "text": "Silvermoon City",
      "lvl": 1
    },
    "3510": {
      "text": "Amani Catacombs"
    },
    "3518": {
      "text": "Nagrand",
      "lvl": 64
    },
    "3519": {
      "text": "Terokkar Forest",
      "lvl": 62
    },
    "3520": {
      "text": "Shadowmoon Valley",
      "lvl": 67
    },
    "3521": {
      "text": "Zangarmarsh",
      "lvl": 60
    },
    "3522": {
      "text": "Blade's Edge Mountains",
      "lvl": 65
    },
    "3523": {
      "text": "Netherstorm",
      "lvl": 67
    },
    "3524": {
      "text": "Azuremyst Isle",
      "lvl": 1
    },
    "3525": {
      "text": "Bloodmyst Isle",
      "lvl": 10
    },
    "3537": {
      "text": "Borean Tundra",
      "lvl": 58
    },
    "3557": {
      "text": "The Exodar",
      "lvl": 1
    },
    "3562": {
      "text": "Hellfire Ramparts",
      "lvl": 58
    },
    "3569": {
      "text": "Tides' Hollow"
    },
    "3572": {
      "text": "Stillpine Hold"
    },
    "3606": {
      "text": "Hyjal Summit",
      "lvl": 70
    },
    "3607": {
      "text": "Serpentshrine Cavern",
      "lvl": 70
    },
    "3698": {
      "text": "Nagrand Arena",
      "lvl": 10
    },
    "3702": {
      "text": "Blade's Edge Arena",
      "lvl": 110
    },
    "3703": {
      "text": "Shattrath City",
      "lvl": 1
    },
    "3711": {
      "text": "Sholazar Basin",
      "lvl": 66
    },
    "3713": {
      "text": "The Blood Furnace",
      "lvl": 59
    },
    "3714": {
      "text": "The Shattered Halls",
      "lvl": 67
    },
    "3715": {
      "text": "The Steamvault",
      "lvl": 67
    },
    "3716": {
      "text": "The Underbog",
      "lvl": 61
    },
    "3717": {
      "text": "The Slave Pens",
      "lvl": 60
    },
    "3789": {
      "text": "Shadow Labyrinth",
      "lvl": 67
    },
    "3790": {
      "text": "Auchenai Crypts",
      "lvl": 63
    },
    "3791": {
      "text": "Sethekk Halls",
      "lvl": 65
    },
    "3792": {
      "text": "Mana-Tombs",
      "lvl": 62
    },
    "3805": {
      "text": "Zul'Aman",
      "lvl": 85
    },
    "3820": {
      "text": "Eye of the Storm",
      "lvl": 15
    },
    "3836": {
      "text": "Magtheridon's Lair",
      "lvl": 70
    },
    "3845": {
      "text": "The Eye",
      "lvl": 70
    },
    "3847": {
      "text": "The Botanica",
      "lvl": 67
    },
    "3848": {
      "text": "The Arcatraz",
      "lvl": 68
    },
    "3849": {
      "text": "The Mechanar",
      "lvl": 67
    },
    "3923": {
      "text": "Gruul's Lair",
      "lvl": 70
    },
    "3959": {
      "text": "Black Temple",
      "lvl": 70
    },
    "3968": {
      "text": "Ruins of Lordaeron",
      "lvl": 110
    },
    "4075": {
      "text": "Sunwell Plateau",
      "lvl": 70
    },
    "4080": {
      "text": "Isle of Quel'Danas",
      "lvl": 70
    },
    "4100": {
      "text": "The Culling of Stratholme",
      "lvl": 68
    },
    "4131": {
      "text": "Magisters' Terrace",
      "lvl": 68
    },
    "4196": {
      "text": "Drak'Tharon Keep",
      "lvl": 62
    },
    "4197": {
      "text": "Wintergrasp",
      "lvl": 67
    },
    "4228": {
      "text": "The Oculus",
      "lvl": 67
    },
    "4264": {
      "text": "Halls of Stone",
      "lvl": 65
    },
    "4265": {
      "text": "The Nexus",
      "lvl": 59
    },
    "4272": {
      "text": "Halls of Lightning",
      "lvl": 67
    },
    "4273": {
      "text": "Ulduar",
      "lvl": 80
    },
    "4277": {
      "text": "Azjol-Nerub",
      "lvl": 60
    },
    "4298": {
      "text": "Plaguelands: The Scarlet Enclave",
      "lvl": 55
    },
    "4378": {
      "text": "Dalaran Arena",
      "lvl": 110
    },
    "4384": {
      "text": "Strand of the Ancients",
      "lvl": 50
    },
    "4395": {
      "text": "Dalaran",
      "lvl": 1
    },
    "4406": {
      "text": "The Ring of Valor",
      "lvl": 10
    },
    "4415": {
      "text": "The Violet Hold",
      "lvl": 63
    },
    "4416": {
      "text": "Gundrak",
      "lvl": 64
    },
    "4493": {
      "text": "The Obsidian Sanctum",
      "lvl": 80
    },
    "4494": {
      "text": "Ahn'kahet: The Old Kingdom",
      "lvl": 61
    },
    "4500": {
      "text": "The Eye of Eternity",
      "lvl": 80
    },
    "4603": {
      "text": "Vault of Archavon",
      "lvl": 80
    },
    "4706": {
      "text": "Ruins of Gilneas",
      "lvl": 14
    },
    "4709": {
      "text": "Southern Barrens",
      "lvl": 25
    },
    "4710": {
      "text": "Isle of Conquest",
      "lvl": 55
    },
    "4714": {
      "text": "Gilneas",
      "lvl": 1
    },
    "4720": {
      "text": "The Lost Isles",
      "lvl": 5
    },
    "4722": {
      "text": "Trial of the Crusader",
      "lvl": 80
    },
    "4723": {
      "text": "Trial of the Champion",
      "lvl": 68
    },
    "4732": {
      "text": "Emberstone Mine"
    },
    "4737": {
      "text": "Kezan",
      "lvl": 1
    },
    "4742": {
      "text": "Hrothgar's Landing",
      "lvl": 67
    },
    "4755": {
      "text": "Gilneas City",
      "lvl": 1
    },
    "4766": {
      "text": "Kaja'mine"
    },
    "4778": {
      "text": "Kaja'mite Cavern"
    },
    "4809": {
      "text": "The Forge of Souls",
      "lvl": 70
    },
    "4812": {
      "text": "Icecrown Citadel",
      "lvl": 80
    },
    "4813": {
      "text": "Pit of Saron",
      "lvl": 70
    },
    "4815": {
      "text": "Kelp'thar Forest",
      "lvl": 80
    },
    "4817": {
      "text": "Greymane Manor"
    },
    "4820": {
      "text": "Halls of Reflection",
      "lvl": 70
    },
    "4821": {
      "text": "Bilgewater Harbor",
      "lvl": 1
    },
    "4911": {
      "text": "Volcanoth's Lair"
    },
    "4913": {
      "text": "Spitescale Cavern"
    },
    "4922": {
      "text": "Twilight Highlands",
      "lvl": 84
    },
    "4924": {
      "text": "Gallywix Labor Mine"
    },
    "4926": {
      "text": "Blackrock Caverns",
      "lvl": 81
    },
    "4945": {
      "text": "Halls of Origination",
      "lvl": 84
    },
    "4950": {
      "text": "Grim Batol",
      "lvl": 85
    },
    "4987": {
      "text": "The Ruby Sanctum",
      "lvl": 80
    },
    "5004": {
      "text": "Throne of the Tides",
      "lvl": 80
    },
    "5031": {
      "text": "Twin Peaks",
      "lvl": 30
    },
    "5034": {
      "text": "Uldum",
      "lvl": 83
    },
    "5035": {
      "text": "The Vortex Pinnacle",
      "lvl": 82
    },
    "5042": {
      "text": "Deepholm",
      "lvl": 82
    },
    "5088": {
      "text": "The Stonecore",
      "lvl": 83
    },
    "5094": {
      "text": "Blackwing Descent",
      "lvl": 85
    },
    "5095": {
      "text": "Tol Barad",
      "lvl": 85
    },
    "5144": {
      "text": "Shimmering Expanse",
      "lvl": 80
    },
    "5145": {
      "text": "Abyssal Depths",
      "lvl": 80
    },
    "5146": {
      "text": "Vashj'ir",
      "lvl": 80
    },
    "5287": {
      "text": "The Cape of Stranglethorn",
      "lvl": 30
    },
    "5334": {
      "text": "The Bastion of Twilight",
      "lvl": 85
    },
    "5339": {
      "text": "Stranglethorn Vale",
      "lvl": 30
    },
    "5389": {
      "text": "Tol Barad Peninsula",
      "lvl": 85
    },
    "5396": {
      "text": "Lost City of the Tol'vir",
      "lvl": 84
    },
    "5416": {
      "text": "The Maelstrom"
    },
    "5449": {
      "text": "The Battle for Gilneas",
      "lvl": 110
    },
    "5495": {
      "text": "Gnomeregan"
    },
    "5511": {
      "text": "Scarlet Monastery Entrance"
    },
    "5600": {
      "text": "Baradin Hold",
      "lvl": 85
    },
    "5638": {
      "text": "Throne of the Four Winds",
      "lvl": 85
    },
    "5695": {
      "text": "Ahn'Qiraj: The Fallen Kingdom"
    },
    "5723": {
      "text": "Firelands",
      "lvl": 85
    },
    "5733": {
      "text": "Molten Front",
      "lvl": 85
    },
    "5736": {
      "text": "The Wandering Isle",
      "lvl": 1
    },
    "5785": {
      "text": "The Jade Forest",
      "lvl": 80
    },
    "5788": {
      "text": "Well of Eternity",
      "lvl": 85
    },
    "5789": {
      "text": "End Time",
      "lvl": 85
    },
    "5805": {
      "text": "Valley of the Four Winds",
      "lvl": 81
    },
    "5840": {
      "text": "Vale of Eternal Blossoms",
      "lvl": 85
    },
    "5841": {
      "text": "Kun-Lai Summit",
      "lvl": 82
    },
    "5842": {
      "text": "Townlong Steppes",
      "lvl": 83
    },
    "5844": {
      "text": "Hour of Twilight",
      "lvl": 85
    },
    "5861": {
      "text": "Darkmoon Island",
      "lvl": 1
    },
    "5892": {
      "text": "Dragon Soul",
      "lvl": 85
    },
    "5918": {
      "text": "Shado-Pan Monastery",
      "lvl": 83
    },
    "5955": {
      "text": "Greenstone Quarry"
    },
    "5956": {
      "text": "Temple of the Jade Serpent",
      "lvl": 80
    },
    "5963": {
      "text": "Stormstout Brewery",
      "lvl": 81
    },
    "5976": {
      "text": "Gate of the Setting Sun",
      "lvl": 84
    },
    "6006": {
      "text": "The Veiled Stair",
      "lvl": 87
    },
    "6040": {
      "text": "Theramore's Fall (H)",
      "lvl": 90
    },
    "6051": {
      "text": "Temple of Kotmogu",
      "lvl": 110
    },
    "6052": {
      "text": "Scarlet Halls",
      "lvl": 28
    },
    "6066": {
      "text": "Scholomance",
      "lvl": 40
    },
    "6067": {
      "text": "Terrace of Endless Spring",
      "lvl": 90
    },
    "6074": {
      "text": "Guo-Lai Halls"
    },
    "6084": {
      "text": "The Deeper"
    },
    "6088": {
      "text": "Knucklethump Hole"
    },
    "6099": {
      "text": "Pranksters' Hollow"
    },
    "6101": {
      "text": "A Brewing Storm",
      "lvl": 90
    },
    "6109": {
      "text": "Scarlet Monastery",
      "lvl": 30
    },
    "6125": {
      "text": "Mogu'shan Vaults",
      "lvl": 90
    },
    "6126": {
      "text": "Silvershard Mines",
      "lvl": 110
    },
    "6134": {
      "text": "Krasarang Wilds",
      "lvl": 81
    },
    "6137": {
      "text": "Frostmane Hovel"
    },
    "6138": {
      "text": "Dread Wastes",
      "lvl": 84
    },
    "6141": {
      "text": "Shrine of Two Moons",
      "lvl": 1
    },
    "6142": {
      "text": "Shrine of Seven Stars",
      "lvl": 1
    },
    "6170": {
      "text": "Northshire",
      "lvl": 1
    },
    "6176": {
      "text": "Coldridge Valley",
      "lvl": 1
    },
    "6182": {
      "text": "Mogu'shan Palace",
      "lvl": 82
    },
    "6201": {
      "text": "Tomb of Conquerors"
    },
    "6208": {
      "text": "Crypt of Forgotten Kings",
      "lvl": 90
    },
    "6209": {
      "text": "Greenstone Village",
      "lvl": 90
    },
    "6214": {
      "text": "Siege of Niuzao Temple",
      "lvl": 83
    },
    "6219": {
      "text": "Arena of Annihilation",
      "lvl": 90
    },
    "6296": {
      "text": "Tol'viron Arena",
      "lvl": 90
    },
    "6297": {
      "text": "Heart of Fear",
      "lvl": 90
    },
    "6298": {
      "text": "Brawl'gar Arena"
    },
    "6309": {
      "text": "Unga Ingoo",
      "lvl": 90
    },
    "6311": {
      "text": "Niuzao Catacombs"
    },
    "6328": {
      "text": "Assault on Zan'vess",
      "lvl": 90
    },
    "6376": {
      "text": "The Ancient Passage"
    },
    "6389": {
      "text": "Howlingwind Cavern"
    },
    "6419": {
      "text": "Peak of Serenity",
      "lvl": 20
    },
    "6426": {
      "text": "Brewmoon Festival",
      "lvl": 90
    },
    "6450": {
      "text": "Shadowglen",
      "lvl": 1
    },
    "6451": {
      "text": "Valley of Trials",
      "lvl": 1
    },
    "6452": {
      "text": "Camp Narache",
      "lvl": 1
    },
    "6453": {
      "text": "Echo Isles",
      "lvl": 1
    },
    "6454": {
      "text": "Deathknell",
      "lvl": 1
    },
    "6455": {
      "text": "Sunstrider Isle",
      "lvl": 1
    },
    "6456": {
      "text": "Ammen Vale",
      "lvl": 1
    },
    "6457": {
      "text": "New Tinkertown",
      "lvl": 1
    },
    "6466": {
      "text": "Cavern of Endless Echoes"
    },
    "6500": {
      "text": "Theramore's Fall (A)",
      "lvl": 90
    },
    "6507": {
      "text": "Isle of Thunder",
      "lvl": 90
    },
    "6510": {
      "text": "The Deadmines"
    },
    "6511": {
      "text": "Wailing Caverns"
    },
    "6512": {
      "text": "The Widow's Wail"
    },
    "6513": {
      "text": "Oona Kagu"
    },
    "6514": {
      "text": "Maraudon"
    },
    "6553": {
      "text": "Shrine of Seven Stars",
      "lvl": 1
    },
    "6565": {
      "text": "Dagger in the Dark",
      "lvl": 90
    },
    "6567": {
      "text": "Battle on the High Seas",
      "lvl": 90
    },
    "6575": {
      "text": "Lion's Landing",
      "lvl": 90
    },
    "6589": {
      "text": "Lightning Vein Mine"
    },
    "6592": {
      "text": "The Swollen Vault"
    },
    "6609": {
      "text": "Ruins of Ogudei"
    },
    "6611": {
      "text": "The Situation in Dalaran",
      "lvl": 90
    },
    "6613": {
      "text": "Pursuing the Black Harvest",
      "lvl": 90
    },
    "6615": {
      "text": "Domination Point",
      "lvl": 90
    },
    "6616": {
      "text": "A Little Patience",
      "lvl": 90
    },
    "6619": {
      "text": "Ruins of Korune"
    },
    "6622": {
      "text": "Throne of Thunder",
      "lvl": 90
    },
    "6661": {
      "text": "Isle of Giants",
      "lvl": 85
    },
    "6662": {
      "text": "Talador",
      "lvl": 94
    },
    "6665": {
      "text": "Deepwind Gorge",
      "lvl": 110
    },
    "6666": {
      "text": "Stormsea Landing",
      "lvl": 90
    },
    "6673": {
      "text": "To the Skies",
      "lvl": 90
    },
    "6675": {
      "text": "The Thunder Forge",
      "lvl": 85
    },
    "6677": {
      "text": "Fall of Shan Bu",
      "lvl": 90
    },
    "6678": {
      "text": "Blood in the Snow",
      "lvl": 90
    },
    "6681": {
      "text": "Lightning Vein Mine"
    },
    "6716": {
      "text": "Troves of the Thunder King",
      "lvl": 90
    },
    "6719": {
      "text": "Shadowmoon Valley",
      "lvl": 90
    },
    "6720": {
      "text": "Frostfire Ridge",
      "lvl": 90
    },
    "6721": {
      "text": "Gorgrond",
      "lvl": 92
    },
    "6722": {
      "text": "Spires of Arak",
      "lvl": 96
    },
    "6723": {
      "text": "Tanaan Jungle",
      "lvl": 100
    },
    "6731": {
      "text": "The Secrets of Ragefire",
      "lvl": 90
    },
    "6732": {
      "text": "The Tiger's Peak",
      "lvl": 110
    },
    "6733": {
      "text": "Dark Heart of Pandaria",
      "lvl": 90
    },
    "6738": {
      "text": "Siege of Orgrimmar",
      "lvl": 90
    },
    "6745": {
      "text": "Grulloc's Grotto"
    },
    "6755": {
      "text": "Nagrand",
      "lvl": 98
    },
    "6756": {
      "text": "Faralohn",
      "lvl": 100
    },
    "6757": {
      "text": "Timeless Isle",
      "lvl": 85
    },
    "6771": {
      "text": "Celestial Tournament",
      "lvl": 90
    },
    "6780": {
      "text": "Cavern of Lost Spirits"
    },
    "6848": {
      "text": "Turgall's Den"
    },
    "6849": {
      "text": "Sootstained Mines"
    },
    "6851": {
      "text": "The Purge of Grommar",
      "lvl": 1
    },
    "6852": {
      "text": "Proving Grounds",
      "lvl": 90
    },
    "6861": {
      "text": "Grulloc's Lair"
    },
    "6863": {
      "text": "The Secret Ingredient",
      "lvl": 90
    }
  }
}