<Bindings>
  <Binding name="BAGSYNCTOGGLESEARCH" header="BAGSYNC">
	if BagSync_SearchFrame:IsVisible() then
		BagSync_SearchFrame:Hide()
	else
		BagSync_SearchFrame:Show()
	end
  </Binding>
   <Binding name="BAGSYNCTOGGLETOKENS">
	if BagSync_TokensFrame:IsVisible() then
		BagSync_TokensFrame:Hide()
	else
		BagSync_TokensFrame:Show()
	end
  </Binding>
   <Binding name="BAGSYNCTOGGLEPROFILES">
	if BagSync_ProfilesFrame:IsVisible() then
		BagSync_ProfilesFrame:Hide()
	else
		BagSync_ProfilesFrame:Show()
	end
  </Binding>
   <Binding name="BAGSYNCTOGGLECRAFTS">
	if BagSync_CraftsFrame:IsVisible() then
		BagSync_CraftsFrame:Hide()
	else
		BagSync_CraftsFrame:Show()
	end
  </Binding>
   <Binding name="BAGSYNCTOGGLEBLACKLIST">
	if BagSync_BlackListFrame:IsVisible() then
		BagSync_BlackListFrame:Hide()
	else
		BagSync_BlackListFrame:Show()
	end
  </Binding>
</Bindings>
