<Ui xmlns="http://www.blizzard.com/wow/ui/" xmlns:xsi="http://www.w3.org/2001/XMLSchema-instance" xsi:schemaLocation="http://www.blizzard.com/wow/ui/
..\FrameXML\UI.xsd">

	<Cooldown name="RuneTemplate" drawEdge="true" virtual="true">
		<Size x="15" y="15"/>
		<Anchors>
			  <Anchor point="CENTER">
				<Offset>
				  <AbsDimension x="0" y="-1"/>
				</Offset>
			</Anchor>
		</Anchors>
	</Cooldown>
	
	<!-- Event Frame -->
	<Frame name="MetaHud_EventFrame" parent="UIParent">
		<Scripts>
			<OnLoad>
				MetaHud:OnLoad();
			</OnLoad>
			<OnEvent>
				MetaHud:OnEvent(self, event, ...);
			</OnEvent>
			<OnUpdate>
				MetaHud:OnUpdate(self, elapsed);
			</OnUpdate>
		</Scripts>
	</Frame>

	<!-- Target Dropdown -->
	<Frame name="MetaHud_Target_DropDown" inherits="UIDropDownMenuTemplate" id="1" hidden="false">
		<Size>
			<AbsDimension x="160" y="160"/>
		</Size>
		<Anchors>
			<Anchor point="TOP">
				<Offset>
					<AbsDimension x="0" y="0"/>
				</Offset>
			</Anchor>
		</Anchors>
		<Scripts>
			<OnLoad>
				UIDropDownMenu_Initialize(self, MetaHud_Target_DropDown_Initialize, "MENU");
			</OnLoad>
		</Scripts>
	</Frame>
    
	<!-- Player Dropdown -->
	<Frame name="MetaHud_Player_DropDown" inherits="UIDropDownMenuTemplate" id="2" hidden="false">
		<Size>
			<AbsDimension x="160" y="160"/>
		</Size>
		<Anchors>
			<Anchor point="TOP">
				<Offset>
					<AbsDimension x="0" y="0"/>
				</Offset>
			</Anchor>
		</Anchors>
		<Scripts>
			<OnLoad>
				UIDropDownMenu_Initialize(self, MetaHud_Player_DropDown_Initialize, "MENU");
			</OnLoad>
		</Scripts>
	</Frame>	

	<Button name="MetaHud_ToT_Frame" inherits="SecureUnitButtonTemplate" enableMouse="true" parent="UIParent">
		<Size><AbsDimension x="120" y="20"/></Size>
		<Frames>
		</Frames>
		<Scripts>
			<OnLoad>
				SecureUnitButton_OnLoad(self, "targettarget", nil);
				RegisterUnitWatch(self); 
			</OnLoad>
		</Scripts>
	</Button>	

	<Frame name="MetaHud_ToT_SubFrame" enableMouse="false" hidden="true" parent="MetaHud_ToT_Frame">
		<Size><AbsDimension x="120" y="18"/></Size>
		<Backdrop bgFile="Interface\Tooltips\UI-Tooltip-Background" edgeFile="Interface\Tooltips\UI-Tooltip-Border" tile="true">
			<EdgeSize>
				<AbsValue val="14"/>
			</EdgeSize>
			<TileSize>
				<AbsValue val="4"/>
			</TileSize>
			<BackgroundInsets>
				<AbsInset left="3" right="3" top="3" bottom="3"/>
			</BackgroundInsets>
		</Backdrop>
		<Frames>
			<StatusBar name="MetaHud_ToTargetHealth_Bar" inherits="TextStatusBar" enableMouse="false">
				<Size><AbsDimension x="112" y="10"/></Size>
				<Anchors>
					<Anchor point="TOPLEFT">
						<Offset><AbsDimension x="4" y="-4"/></Offset>
					</Anchor>
				</Anchors>
				<Scripts>
				  <OnLoad>
				  	self:RegisterEvent("UNIT_HEALTH");
				  	self:RegisterEvent("UNIT_HEALTHMAX");
			      self:SetStatusBarColor(0,1,0);
				    self:SetMinMaxValues(0,100);
				    self:SetValue(100);
				  </OnLoad>
				  <OnEvent>
					 MetaHud:OnEvent(self, event, ...);
				  </OnEvent>
				</Scripts>
				<BarTexture file="Interface\TargetingFrame\UI-StatusBar"/>
			</StatusBar>
		</Frames>
		<Scripts>
			<OnLoad>
				self:SetBackdropColor(1,0,0);
			</OnLoad>
		</Scripts>
	</Frame>
</Ui>
