<Ui xmlns="http://www.blizzard.com/wow/ui/" xmlns:xsi="http://www.w3.org/2001/XMLSchema-instance" xsi:schemaLocation="http://www.blizzard.com/wow/ui/ ..\FrameXML\UI.xsd">

	<Button name="TSM_SwatchTemplate" virtual="true">
    <Size>
      <AbsDimension x="16" y="16"/>
    </Size>
    <Layers>
      <Layer level="BACKGROUND">
        <Texture name="$parentSwatchBg">
          <Size>
            <AbsDimension x="14" y="14"/>
          </Size>
          <Anchors>
            <Anchor point="CENTER">
              <Offset>
                <AbsDimension x="0" y="0"/>
              </Offset>
            </Anchor>
          </Anchors>
          <Color r="1.0" g="1.0" b="1.0"/>
        </Texture>
      </Layer>
    </Layers>
    <Scripts>
      <OnClick>
        PlaySound("igMainMenuOptionCheckBoxOn")
        TSM.SwatchOnClick(self)
      </OnClick>
      <OnEnter>
        getglobal(self:GetName().."SwatchBg"):SetVertexColor(1, 1, 1, 1)
      </OnEnter>
      <OnLeave>
        getglobal(self:GetName().."SwatchBg"):SetVertexColor(0.6, 0.6, 0.6, 0.6)
      </OnLeave>
    </Scripts>
    <NormalTexture name="$parentNormalTexture" file="Interface\ChatFrame\ChatFrameColorSwatch"/>
  </Button>
	
	<Frame name="TranqShotMonitor_Options" parent="UIParent" frameStrata="DIALOG" hidden="true" movable="true" enableMouse="true" clampedToScreen="true" toplevel="true">
		<Size>
			<AbsDimension x="300" y="360"/>
		</Size>
		<Anchors>
			<Anchor point="CENTER"/>
		</Anchors>
		<Backdrop bgFile="Interface\DialogFrame\UI-DialogBox-Background" edgeFile="Interface\DialogFrame\UI-DialogBox-Border" tile="true">
			<BackgroundInsets>
				<AbsInset left="11" right="12" top="12" bottom="11"/>
			</BackgroundInsets>
			<TileSize>
				<AbsValue val="32"/>
			</TileSize>
			<EdgeSize>
				<AbsValue val="32"/>
			</EdgeSize>
		</Backdrop>
		<Layers>
			<Layer level="ARTWORK">
				<Texture name="$parentTitle" file="Interface\DialogFrame\UI-DialogBox-Header">
				   <Size>
					  <AbsDimension x="275" y="64"/>
				   </Size>
				   <Anchors>
						<Anchor point="TOP">
							<Offset>
								<AbsDimension x="0" y="12"/>
							</Offset>
						</Anchor>
				   </Anchors>
				</Texture>
				<FontString inherits="GameFontNormal" text="TSM Options">
					<Anchors>
						<Anchor point="TOP" relativeTo="$parentTitle">
							<Offset>
								<AbsDimension x="0" y="-14"/>
							</Offset>
						</Anchor>
					</Anchors>
				</FontString>
			</Layer>
		</Layers>
	
	<Scripts>
		<OnLoad>
			self:EnableMouse(true)
			self:SetMovable(true)
            self:RegisterForDrag("LeftButton")
            self:SetUserPlaced(1)
			TSM.OptionsRefresh()
		</OnLoad>
		<OnDragStart>
            self:StartMoving()
		</OnDragStart>
		<OnDragStop>
            self:StopMovingOrSizing()
		</OnDragStop>
		<OnShow>
			local name = self:GetName()
			getglobal(name.."Enable"):SetChecked(TSM_DB.active)
			TranqShotMonitor_OptionsWarningColorNormalTexture:SetVertexColor(TSM_DB.WarningColorr, 
		TSM_DB.WarningColorg, TSM_DB.WarningColorb)
			getglobal(name.."FontHeight"):SetText(TSM_DB.fontHeight)
			getglobal(name.."ChannelEnable"):SetChecked(TSM_DB.activechannel)
			getglobal(name.."AutoChannelEnable"):SetChecked(TSM_DB.autochannel)
			getglobal(name.."Channel"):SetText(TSM_DB.TRchannel)
			getglobal(name.."AddonNotification"):SetChecked(TSM_DB.selfPrint)
			getglobal(name.."SilencingShot"):SetChecked(TSM_DB.silence)
		</OnShow>
	</Scripts>
	<Frames>
		<CheckButton name="$parentEnable" inherits="InterfaceOptionsBaseCheckButtonTemplate">
			<Anchors>
				<Anchor point="TOPLEFT" relativeTo="$parentTitle" relativePoint="BOTTOMLEFT">
					<Offset>
						<AbsDimension x="10" y="10"/>
					</Offset>
				</Anchor>
			</Anchors>
			<Scripts>
				<OnClick>
					TSM.OnCheckEnabled(self)
				</OnClick>
			</Scripts>
        <Layers>
			<Layer level="ARTWORK">
				<FontString name="$parentText" text="Enable TSM" inherits="GameFontHighlight">
					<Anchors>
						<Anchor point="LEFT" relativePoint="RIGHT">
							<Offset>
								<AbsDimension x="0" y="1"/>
							</Offset>
						</Anchor>
					</Anchors>
				</FontString>
			</Layer>
        </Layers>
	</CheckButton>
	<Button name="$parentReset" text="Reset Warning Position" inherits="UIPanelButtonTemplate">
		<Size>
			<AbsDimension x="158" y="24"/>
		</Size>
		<Anchors>
			<Anchor point="TOPLEFT" relativeTo="$parentEnable" relativePoint="BOTTOMLEFT">
				<Offset>
				    <AbsDimension x="50" y="-10"/>
				</Offset>
			</Anchor>
		</Anchors>
		<Scripts>
			<OnClick>
				TSM:ResetPos()
			</OnClick>
		</Scripts>
	</Button>
	<Button name="$parentWarningColor" inherits="TSM_SwatchTemplate">
		<Anchors>
			<Anchor point="TOPLEFT" relativeTo="$parentReset" relativePoint="BOTTOMLEFT">
				<Offset>
				  <AbsDimension x="50" y="-20"/>
				</Offset>
			</Anchor>
		</Anchors>
		<Scripts>
			<OnClick>
				TSM.ShowColorPicker(TSM_DB.WarningColorr, TSM_DB.WarningColorg, TSM_DB.WarningColorb, TSM_DB.WarningColora)
			</OnClick>
		</Scripts>
		<Layers>
			<Layer level="ARTWORK">
				<FontString name="$parentText" text="Warning Color" inherits="GameFontHighlight">
					<Anchors>
						<Anchor point="RIGHT" relativePoint="LEFT">
							<Offset>
								<AbsDimension x="-15" y="1"/>
							</Offset>
						</Anchor>
					</Anchors>
				</FontString>
			</Layer>
		</Layers>
	</Button>
	<EditBox name="$parentFontHeight" autoFocus="false" inherits="InputBoxTemplate">
        <Size>
          <AbsDimension x="45" y="24"/>
        </Size>
        <Anchors>
			<Anchor point="TOPLEFT" relativeTo="$parentWarningColor" relativePoint="BOTTOMLEFT">
				<Offset>
					<AbsDimension x="15" y="-12"/>
				</Offset>
			</Anchor>
        </Anchors>
		<Scripts>
			<OnTextChanged>
				TSM.FontHeightChanged(self)
			</OnTextChanged>
		</Scripts>
        <Layers>
			<Layer level="ARTWORK">
				<FontString name="$parentText" text="Warning Font Size" inherits="GameFontHighlight">
					<Anchors>
						<Anchor point="RIGHT" relativePoint="LEFT">
							<Offset>
								<AbsDimension x="-10" y="1"/>
							</Offset>
						</Anchor>
					</Anchors>
				</FontString>
			</Layer>
        </Layers>
        <FontString inherits="ChatFontNormal" bytes="5"/>
	</EditBox>
	<CheckButton name="$parentChannelEnable" inherits="InterfaceOptionsBaseCheckButtonTemplate">
		<Anchors>
			<Anchor point="TOPLEFT" relativeTo="$parentFontHeight" relativePoint="BOTTOMLEFT">
				<Offset>
					<AbsDimension x="-110" y="-18"/>
				</Offset>
			</Anchor>
		</Anchors>
		<Scripts>
				<OnClick>
					TSM.OnCheckChannel(self)
				</OnClick>
			</Scripts>
		<Layers>
			<Layer level="ARTWORK">
				<FontString name="$parentText" text="Enable Channel Warning" inherits="GameFontHighlight">
					<Anchors>
						<Anchor point="LEFT" relativePoint="RIGHT">
							<Offset>
								<AbsDimension x="0" y="1"/>
							</Offset>
						</Anchor>
					</Anchors>
				</FontString>
			</Layer>
		</Layers>
	</CheckButton>
	<CheckButton name="$parentAutoChannelEnable" inherits="InterfaceOptionsBaseCheckButtonTemplate">
		<Anchors>
			<Anchor point="TOPLEFT" relativeTo="$parentChannelEnable" relativePoint="BOTTOMLEFT">
				<Offset>
					<AbsDimension x="0" y="0"/>
				</Offset>
			</Anchor>
		</Anchors>
		<Scripts>
				<OnClick>
					TSM.OnCheckAutoChannel(self)
				</OnClick>
			</Scripts>
		<Layers>
			<Layer level="ARTWORK">
				<FontString name="$parentText" text="Auto Use Group Channel (party/raid)" inherits="GameFontHighlight">
					<Anchors>
						<Anchor point="LEFT" relativePoint="RIGHT">
							<Offset>
								<AbsDimension x="0" y="1"/>
							</Offset>
						</Anchor>
					</Anchors>
				</FontString>
			</Layer>
		</Layers>
	</CheckButton>
	<CheckButton name="$parentAddonNotification" inherits="InterfaceOptionsBaseCheckButtonTemplate">
		<Anchors>
			<Anchor point="TOPLEFT" relativeTo="$parentAutoChannelEnable" relativePoint="BOTTOMLEFT">
				<Offset>
					<AbsDimension x="0" y="0"/>
				</Offset>
			</Anchor>
		</Anchors>
		<Scripts>
				<OnClick>
					TSM.OnCheckAddonNotification(self)
				</OnClick>
			</Scripts>
		<Layers>
			<Layer level="ARTWORK">
				<FontString name="$parentText" text="Print dispell addon message in chat" inherits="GameFontHighlight">
					<Anchors>
						<Anchor point="LEFT" relativePoint="RIGHT">
							<Offset>
								<AbsDimension x="0" y="1"/>
							</Offset>
						</Anchor>
					</Anchors>
				</FontString>
			</Layer>
		</Layers>
	</CheckButton>
	<CheckButton name="$parentSilencingShot" inherits="InterfaceOptionsBaseCheckButtonTemplate">
		<Anchors>
			<Anchor point="TOPLEFT" relativeTo="$parentAddonNotification" relativePoint="BOTTOMLEFT">
				<Offset>
					<AbsDimension x="0" y="0"/>
				</Offset>
			</Anchor>
		</Anchors>
		<Scripts>
				<OnClick>
					TSM.OnCheckSilencingShot(self)
				</OnClick>
			</Scripts>
		<Layers>
			<Layer level="ARTWORK">
				<FontString name="$parentText" text="Silencing Shot Interrupt Warning" inherits="GameFontHighlight">
					<Anchors>
						<Anchor point="LEFT" relativePoint="RIGHT">
							<Offset>
								<AbsDimension x="0" y="1"/>
							</Offset>
						</Anchor>
					</Anchors>
				</FontString>
			</Layer>
		</Layers>
	</CheckButton>
	<EditBox name="$parentChannel" autoFocus="false" inherits="InputBoxTemplate">
        <Size>
          <AbsDimension x="100" y="16"/>
        </Size>
        <Anchors>
			<Anchor point="TOPLEFT" relativeTo="$parentSilencingShot" relativePoint="BOTTOMLEFT">
				<Offset>
					<AbsDimension x="107" y="-1"/>
				</Offset>
			</Anchor>
        </Anchors>
        <Layers>
			<Layer level="ARTWORK">
				<FontString name="$parentText" text="Warning Channel" inherits="GameFontHighlight">
					<Anchors>
						<Anchor point="RIGHT" relativePoint="LEFT">
							<Offset>
								<AbsDimension x="-10" y="1"/>
							</Offset>
						</Anchor>
					</Anchors>
				</FontString>
			</Layer>
        </Layers>
        <Scripts>
			<OnTextChanged>
				TSM_DB.TRchannel = self:GetText()
			</OnTextChanged>
        </Scripts>
        <FontString inherits="ChatFontNormal" bytes="1024"/>
	</EditBox>
	<Button name="$parentClose" text="Close" inherits="UIPanelButtonTemplate">
		<Size>
			<AbsDimension x="64" y="24"/>
		</Size>
		<Anchors>
			<Anchor point="BOTTOM">
				<Offset>
				    <AbsDimension x="0" y="15"/>
				</Offset>
			</Anchor>
		</Anchors>
		<Scripts>
			<OnClick>
				self:GetParent():Hide()
			</OnClick>
		</Scripts>
	</Button>
</Frames>
</Frame>
</Ui>