<Ui xmlns="http://www.blizzard.com/wow/ui/" xmlns:xsi="http://www.w3.org/2001/XMLSchema-instance" xsi:schemaLocation="http://www.blizzard.com/wow/ui/ ..\..\FrameXML\UI.xsd">
<Frame name="ElephantCopyFrameTemplate" toplevel="true" enableMouse="true" hidden="true" virtual="true">
	<Size x="500" y="500"/>
	<Backdrop bgFile="Interface\ChatFrame\ChatFrameBackground" edgeFile="Interface\AddOns\Elephant\roth" tile="true">
		<EdgeSize>
			<AbsValue val="16" />
		</EdgeSize>
		<TileSize>
			<AbsValue val="16" />
		</TileSize>
		<BackgroundInsets  left="5" right="5" top="5" bottom="5"/>
		<Color b="0.0" r="0.0" g="0.0" a="0.45"/>
	</Backdrop>
	<Scripts>
		<OnLoad>
			self:SetPoint("TOP", Elephant.defaultConf.copyposition.x, Elephant.defaultConf.copyposition.y)
			getglobal(self:GetName().."TitleFontString"):SetText(Elephant.L['copywindow'])
		</OnLoad>
		<OnEnter>
			getglobal(self:GetName().."ScrollFrame"):UpdateScrollChildRect()
		</OnEnter>
	</Scripts>
	<Layers>
		<Layer level="ARTWORK">
			<Texture file="Interface\DialogFrame\UI-DialogBox-Header">
				<Size>
					<AbsDimension x="256" y="64" />
				</Size>
				<Anchors>
					<Anchor point="TOP">
						<Offset>
							<AbsDimension x="0" y="12" />
						</Offset>
					</Anchor>
				</Anchors>
			</Texture>
			<FontString name="$parentTitleFontString" inherits="GameFontNormal">
				<Anchors>
					<Anchor point="TOP">
						<Offset>
							<AbsDimension x="0" y="-2" />
						</Offset>
					</Anchor>
				</Anchors>
			</FontString>
		</Layer>
	</Layers>
	<Frames>
		<ScrollFrame name="$parentScrollFrame" inherits="UIPanelScrollFrameTemplate">
			<Size x="425" y="425" />
			<Anchors>
				<Anchor point="TOP">
					<Offset>
						<AbsDimension x="0" y="-30"/>
					</Offset>
				</Anchor>
			</Anchors>
			<ScrollChild>
				<EditBox name="$parentEditBox" letters="50000" multiLine="true" autoFocus="false">
					<Size>
						<AbsDimension x="420" y="425"/>
					</Size>
					<Scripts>
						<OnEnter>
							self:GetParent():UpdateScrollChildRect()
							self:SetFocus()
						</OnEnter>
						<OnLeave>
							self:ClearFocus()
						</OnLeave>
					</Scripts>
					<FontString inherits="ChatFontNormal" />
				</EditBox>
			</ScrollChild>
		</ScrollFrame>
		<Frame name="$parentScrollTextureFrame">
			<Size x="435" y="435" />
			<Anchors>
				<Anchor point="TOP">
					<Offset>
						<AbsDimension x="-5" y="-26"/>
					</Offset>
				</Anchor>
			</Anchors>
			<Backdrop bgFile="Interface\ChatFrame\ChatFrameBackground" edgeFile="Interface\Tooltips\UI-Tooltip-Border" tile="true">
				<EdgeSize>
					<AbsValue val="16" />
				</EdgeSize>
				<TileSize>
					<AbsValue val="16" />
				</TileSize>
				<BackgroundInsets>
					<AbsInset left="5" right="5" top="5" bottom="5" />
				</BackgroundInsets>
				<Color b="0.0" r="0.0" g="0.0" a="0.45"/>
			</Backdrop>
		</Frame>
		<Button name="$parentBBCodeButton" inherits="OptionsButtonTemplate">
			<Anchors>
				<Anchor point="BOTTOMLEFT">
					<Offset>
						<AbsDimension x="25" y="15"/>
					</Offset>
				</Anchor>
			</Anchors>
			<Scripts>
				<OnLoad>
					self:SetText(Elephant.L['bbAndText'])
				</OnLoad>
				<OnClick>
					Elephant:ToggleBetweenNormalTextAndBBCode()
				</OnClick>
			</Scripts>
			<ButtonText font="GameFontNormal">
				<Color b="1.0" r="1.0" g="1.0"/>
			</ButtonText>
		</Button>
		<Button name="$parentHideButton" inherits="OptionsButtonTemplate">
			<Anchors>
				<Anchor point="BOTTOM">
					<Offset>
						<AbsDimension x="0" y="15"/>
					</Offset>
				</Anchor>
			</Anchors>
			<Scripts>
				<OnLoad>
					self:SetText(CLOSE)
				</OnLoad>
				<OnClick>
					self:GetParent():Hide()
				</OnClick>
			</Scripts>
			<ButtonText font="GameFontNormal" outline="NORMAL"/>
		</Button>
		<CheckButton name="$parentUseTimestampsButton" inherits="UICheckButtonTemplate">
			<Anchors>
				<Anchor point="BOTTOMRIGHT">
					<Offset>
						<AbsDimension x="-135" y="9"/>
					</Offset>
				</Anchor>
			</Anchors>
			<Scripts>
				<OnLoad>
					getglobal(self:GetName().."Text"):SetText(Elephant.L['showtimestamps'])
					Elephant:UpdateButtonWithUseTimestampsInCopyWindow(self)
				</OnLoad>
				<OnClick>
					if self:GetChecked() == 1 then
						Elephant:ToggleUseTimestampsInCopyWindow(true)
					else
						Elephant:ToggleUseTimestampsInCopyWindow(false)
					end
					Elephant:UpdateButtonWithUseTimestampsInCopyWindow(self)
				</OnClick>
			</Scripts>
		</CheckButton>
	</Frames>
</Frame>
</Ui>