<Ui xmlns="http://www.blizzard.com/wow/ui/" xmlns:xsi="http://www.w3.org/2001/XMLSchema-instance" xsi:schemaLocation="http://www.blizzard.com/wow/ui/
..\FrameXML\UI.xsd">

<Script file="Libs\LibStub\LibStub.lua"/>
<Script file="Libs\CallbackHandler-1.0\CallbackHandler-1.0.lua"/>

<!--@no-lib-strip@-->
<Include file="Libs\AceLocale-3.0\AceLocale-3.0.xml"/>
<!--@end-no-lib-strip@-->

<Script file="Libs\LibDataBroker-1.1\LibDataBroker-1.1.lua"/>
<!--@no-lib-strip@-->
<Script file="Libs\LibDBIcon-1.0\LibDBIcon-1.0.lua"/>
<!--@end-no-lib-strip@-->

<!--@debug@
<Include file="Core\libs.xml"/>
<Include file="Plugins\libs.xml"/>
<Include file="Options\libs.xml"/>
@end-debug@-->
</Ui>

