<?xml version="1.0" encoding="UTF-8"?><?xml-stylesheet type='text/xsl' href='_UpgradeReport_Files/UpgradeReport.xslt'?><UpgradeLog>
<Properties><Property Name="Solution" Value="nUI">
</Property><Property Name="Solution File" Value="C:\Users\Public\Games\World of Warcraft\Interface\AddOns\nUI\nUI.wowsln">
</Property><Property Name="Date" Value="Monday, February 25, 2013">
</Property><Property Name="Time" Value="22:37:44 PM">
</Property></Properties><Event ErrorLevel="0" Project="nUI" Source="nUI.wowproj" Description="The path to the targets file has been updated.">
</Event><Event ErrorLevel="3" Project="nUI" Source="nUI.wowproj" Description="Upgrade successful.">
</Event><Event ErrorLevel="2" Project="" Source="nUI.wowproj" Description="The imported project &quot;C:\Program Files (x86)\MSBuild\Microsoft\WowAddonStudio\2.0\WowAddonStudio.targets&quot; was not found. Confirm that the path in the &lt;Import&gt; declaration is correct, and that the file exists on disk.  C:\Users\Public\Games\World of Warcraft\Interface\AddOns\nUI\nUI.wowproj">
</Event></UpgradeLog>