<Ui xmlns="http://www.blizzard.com/wow/ui" xmlns:xsi="http://www.w3.org/2001/XMLSchema-instance">
  <!--Autogenerated by wowuides, Version=1.0.300.0, Culture=neutral, PublicKeyToken=null-->
  
  <Script File="Sudoku-Frame.lua"/>
  <Script File="Sudoku.lua"/>
  <Frame name="Sudoku-ValueFrame" virtual="true" frameStrata="HIGH">
    <!--<FrameSkin skinid="dcb143e1-a4ab-4e7c-b934-1efa40101d21" frameid="2d508883-59c2-4f83-ae10-27aaad48391b" />-->
    <Size>
      <AbsDimension x="80" y="100" />
    </Size>
    <Anchors>
      <Anchor point="CENTER" relativeTo="UIParent">
        <Offset>
          <AbsDimension x="0" y="0" />
        </Offset>
      </Anchor>
    </Anchors>
    <Backdrop bgFile="Interface\DialogFrame\UI-DialogBox-Background" edgeFile="Interface\DialogFrame\UI-DialogBox-Border" tile="true">
      <BackgroundInsets>
        <AbsInset left="11" right="12" top="12" bottom="11" />
      </BackgroundInsets>
      <TileSize>
        <AbsValue val="32" />
      </TileSize>
      <EdgeSize>
        <AbsValue val="32" />
      </EdgeSize>
    </Backdrop>
	
	
	<Frames>
	
		<Button name="$parentv1" inherits="GameMenuButtonTemplate">
          <Size>
            <AbsDimension x="20" y="20" />
          </Size>
          <Anchors>
            <Anchor point="TOP">
              <Offset>
                <AbsDimension x="-20" y="-10" />
              </Offset>
            </Anchor>
          </Anchors>
		  <Scripts>
			<OnLoad>
				self:SetText("1")
			</OnLoad>
			<OnClick>
				Sudoku:SetActiveCellValue(1)
				self:GetParent():Hide()
			</OnClick>
		  </Scripts>
        </Button>
		
		<Button name="$parentv2" inherits="GameMenuButtonTemplate">
          <Size>
            <AbsDimension x="20" y="20" />
          </Size>
          <Anchors>
            <Anchor point="TOP">
              <Offset>
                <AbsDimension x="0" y="-10" />
              </Offset>
            </Anchor>
          </Anchors>
		  <Scripts>
			<OnLoad>
				self:SetText("2")
			</OnLoad>
			<OnClick>
				Sudoku:SetActiveCellValue(2)
				self:GetParent():Hide()
			</OnClick>
		  </Scripts>
        </Button>
		
		<Button name="$parentv3" inherits="GameMenuButtonTemplate">
          <Size>
            <AbsDimension x="20" y="20" />
          </Size>
          <Anchors>
            <Anchor point="TOP">
              <Offset>
                <AbsDimension x="20" y="-10" />
              </Offset>
            </Anchor>
          </Anchors>
		  <Scripts>
			<OnLoad>
				self:SetText("3")
			</OnLoad>
			<OnClick>
				Sudoku:SetActiveCellValue(3)
				self:GetParent():Hide()
			</OnClick>
		  </Scripts>
        </Button>
		
		<Button name="$parentv4" inherits="GameMenuButtonTemplate">
          <Size>
            <AbsDimension x="20" y="20" />
          </Size>
          <Anchors>
            <Anchor point="TOP">
              <Offset>
                <AbsDimension x="-20" y="-30" />
              </Offset>
            </Anchor>
          </Anchors>
		  <Scripts>
			<OnLoad>
				self:SetText("4")
			</OnLoad>
			<OnClick>
				Sudoku:SetActiveCellValue(4)
				self:GetParent():Hide()
			</OnClick>
		  </Scripts>
        </Button>
		
		<Button name="$parentv5" inherits="GameMenuButtonTemplate">
          <Size>
            <AbsDimension x="20" y="20" />
          </Size>
          <Anchors>
            <Anchor point="TOP">
              <Offset>
                <AbsDimension x="0" y="-30" />
              </Offset>
            </Anchor>
          </Anchors>
		  <Scripts>
			<OnLoad>
				self:SetText("5")
			</OnLoad>
			<OnClick>
				Sudoku:SetActiveCellValue(5)
				self:GetParent():Hide()
			</OnClick>
		  </Scripts>
        </Button>
		
		<Button name="$parentv6" inherits="GameMenuButtonTemplate">
          <Size>
            <AbsDimension x="20" y="20" />
          </Size>
          <Anchors>
            <Anchor point="TOP">
              <Offset>
                <AbsDimension x="20" y="-30" />
              </Offset>
            </Anchor>
          </Anchors>
		  <Scripts>
			<OnLoad>
				self:SetText("6")
			</OnLoad>
			<OnClick>
				Sudoku:SetActiveCellValue(6)
				self:GetParent():Hide()
			</OnClick>
		  </Scripts>
        </Button>
		
		<Button name="$parentv7" inherits="GameMenuButtonTemplate">
          <Size>
            <AbsDimension x="20" y="20" />
          </Size>
          <Anchors>
            <Anchor point="TOP">
              <Offset>
                <AbsDimension x="-20" y="-50" />
              </Offset>
            </Anchor>
          </Anchors>
		  <Scripts>
			<OnLoad>
				self:SetText("7")
			</OnLoad>
			<OnClick>
				Sudoku:SetActiveCellValue(7)
				self:GetParent():Hide()
			</OnClick>
		  </Scripts>
        </Button>
		
		<Button name="$parentv8" inherits="GameMenuButtonTemplate">
          <Size>
            <AbsDimension x="20" y="20" />
          </Size>
          <Anchors>
            <Anchor point="TOP">
              <Offset>
                <AbsDimension x="0" y="-50" />
              </Offset>
            </Anchor>
          </Anchors>
		  <Scripts>
			<OnLoad>
				self:SetText("8")
			</OnLoad>
			<OnClick>
				Sudoku:SetActiveCellValue(8)
				self:GetParent():Hide()
			</OnClick>
			<OnMouseUp>
				Sudoku:SetActiveCellValue(8);
				self:GetParent():Hide();
			</OnMouseUp>
		  </Scripts>
        </Button>
		
		<Button name="$parentv9" inherits="GameMenuButtonTemplate">
          <Size>
            <AbsDimension x="20" y="20" />
          </Size>
          <Anchors>
            <Anchor point="TOP">
              <Offset>
                <AbsDimension x="20" y="-50" />
              </Offset>
            </Anchor>
          </Anchors>
		  <Scripts>
			<OnLoad>
				self:SetText("9")
			</OnLoad>
			<OnClick>
				Sudoku:SetActiveCellValue(9)
				self:GetParent():Hide()
			</OnClick>
			<OnMouseUp>
				Sudoku:SetActiveCellValue(9);
				self:GetParent():Hide();
			</OnMouseUp>
		  </Scripts>
        </Button>
		
		<Button name="$parentv0" inherits="GameMenuButtonTemplate">
          <Size>
            <AbsDimension x="60" y="20" />
          </Size>
          <Anchors>
            <Anchor point="TOP">
              <Offset>
                <AbsDimension x="0" y="-70" />
              </Offset>
            </Anchor>
          </Anchors>
		  <Scripts>
			<OnLoad>
				self:SetText(GetL()["Clear"]);
			</OnLoad>
			<OnClick>
				Sudoku:SetActiveCellValue(0);
				self:GetParent():Hide();
			</OnClick>
			<OnMouseUp>
				Sudoku:SetActiveCellValue(0);
				self:GetParent():Hide();
			</OnMouseUp>
		  </Scripts>
        </Button>
	  </Frames>
	  
		<Scripts>
			
			<OnLoad>
				self:EnableKeyboard(true);
				self:HookScript("OnKeyUp", function(_,key)
					if tonumber(key) then
						Sudoku:SetActiveCellValue(tonumber(key));
						self:Hide();
					elseif key == "LEFT" then
						Sudoku:SetActiveLeft();
					elseif key == "RIGHT" then
						Sudoku:SetActiveRight();
					elseif key == "UP" then
						Sudoku:SetActiveUp();
					elseif key == "DOWN" then
						Sudoku:SetActiveDown();
					end
				end)
			</OnLoad>
		</Scripts>
  </Frame>
</Ui>