<Ui xmlns="http://www.blizzard.com/wow/ui" xmlns:xsi="http://www.w3.org/2001/XMLSchema-instance">
  <!--Autogenerated by wowuides, Version=1.0.300.0, Culture=neutral, PublicKeyToken=null-->
  
  <Script File="Sudoku-Frame.lua"/>
  <Script File="Sudoku.lua"/>
  <Frame name="Sudoku-PuzzleFrame" virtual="true"  movable = "true">
    <!--<FrameSkin skinid="dcb143e1-a4ab-4e7c-b934-1efa40101d21" frameid="2d508883-59c2-4f83-ae10-27aaad48391b" />-->
    <Size>
      <AbsDimension x="200" y="229" />
    </Size>
    <Anchors>
      <Anchor point="CENTER" relativeTo="UIParent">
        <Offset>
          <AbsDimension x="0" y="0" />
        </Offset>
      </Anchor>
    </Anchors>
    <Backdrop bgFile="Interface\AddOns\Sudoku\blank-sudoku-grid" edgeFile="Interface\DialogFrame\UI-DialogBox-Border" tile="false">
      <BackgroundInsets>
        <AbsInset left="10" right="10" top="11" bottom="38" />
      </BackgroundInsets>
      <TileSize>
        <AbsValue val="258" />
      </TileSize>
      <EdgeSize>
        <AbsValue val="32" />
      </EdgeSize>
    </Backdrop>
    <Layers>
      <Layer level="ARTWORK">
      
      	<Texture name="$parentATimerBorder" hidden="false" file="Interface\DialogFrame\UI-DialogBox-Header">
          <Size>
            <AbsDimension x="78" y="32" />
          </Size>
          <Anchors>
            <Anchor point="TOP">
              <Offset>
                <AbsDimension x="71" y="20" />
              </Offset>
            </Anchor>
          </Anchors>
          <TexCoords left=".5" right="0.8" top="0" bottom="0.6" />
        </Texture>
	
	
	<FontString name="$parentTimerString" hidden="false" font="Fonts\FRIZQT__.TTF" text = "1h44m">
          <Size>
            <AbsDimension x="75" y="32" />
          </Size>
          <Anchors>
            <Anchor point="TOP">
              <Offset>
                <AbsDimension x="65" y="19" />
              </Offset>
            </Anchor>
          </Anchors>
          <FontHeight>
            <AbsValue val="12" />
          </FontHeight>
          <Color r="1" g="0.8196079" b="0" />
          <Shadow>
            <Color r="0" g="0" b="0" />
            <Offset>
              <AbsDimension x="1" y="-1" />
            </Offset>
          </Shadow>
        </FontString>
	
      </Layer>
      <Layer level="OVERLAY">		
	<Texture name="$parentTitleBorder" hidden="false" file="Interface\DialogFrame\UI-DialogBox-Header">
          <Size>
            <AbsDimension x="160" y="32" />
          </Size>
          <Anchors>
            <Anchor point="TOP">
              <Offset>
                <AbsDimension x="-28" y="20" />
              </Offset>
            </Anchor>
          </Anchors>
          <TexCoords left="0.2" right="0.8" top="0" bottom="0.6" />
        </Texture>
		
        <FontString name="$parentTitleString" hidden="false" font="Fonts\FRIZQT__.TTF" text = "Sudoku by Strucker">
          <Size>
            <AbsDimension x="140" y="32" />
          </Size>
          <Anchors>
            <Anchor point="TOP">
              <Offset>
                <AbsDimension x="-28" y="19" />
              </Offset>
            </Anchor>
          </Anchors>
          <FontHeight>
            <AbsValue val="12" />
          </FontHeight>
          <Color r="1" g="0.8196079" b="0" />
          <Shadow>
            <Color r="0" g="0" b="0" />
            <Offset>
              <AbsDimension x="1" y="-1" />
            </Offset>
          </Shadow>
        </FontString>
			
      </Layer>
    </Layers>
	<Frames>
		
		<Button name="$parentx0y0" hidden="false" font="Fonts\FRIZQT__.TTF" text = "1" >
          <Size>
            <AbsDimension x="20" y="20" />
          </Size>
          <Anchors>
            <Anchor point="TOP">
              <Offset>
                <AbsDimension x="-80" y="-11" />
              </Offset>
            </Anchor>
          </Anchors>
		<ButtonText name="$parentNormalText">
			<Anchors>
				<Anchor point="CENTER">
					<Offset x="0" y="0"/>
				</Anchor>
			</Anchors>
		</ButtonText>
		<NormalFont style="QuestFont"/>
		<HighlightFont style="QuestFont"/>
		<DisabledFont style="QuestFont"/>
		  <NormalTexture file="Interface\AddOns\Sudoku\emptyText">
			<TexCoords left="0" right="1" top="0" bottom="1" />
          </NormalTexture>

		  <PushedTexture file="Interface\AddOns\Sudoku\emptyText">
			<TexCoords left="0" right="1" top="0" bottom="1" />
          </PushedTexture>
		  <HighlightTexture file="Interface\AddOns\Sudoku\emptyText">
			<TexCoords left="0" right="1" top="0" bottom="1" />
          </HighlightTexture>
        </Button>
		
		<Button name="$parentx0y1" hidden="false" font="Fonts\FRIZQT__.TTF" text = "2" >
          <Size>
            <AbsDimension x="20" y="20" />
          </Size>
          <Anchors>
            <Anchor point="TOP">
              <Offset>
                <AbsDimension x="-60" y="-11" />
              </Offset>
            </Anchor>
          </Anchors>
		<ButtonText name="$parentNormalText">
			<Anchors>
				<Anchor point="CENTER">
					<Offset x="0" y="0"/>
				</Anchor>
			</Anchors>
		</ButtonText>
		<NormalFont style="QuestFont"/>
		<HighlightFont style="QuestFont"/>
		<DisabledFont style="QuestFont"/>
		  <NormalTexture file="Interface\AddOns\Sudoku\emptyText">
			<TexCoords left="0" right="1" top="0" bottom="1" />
          </NormalTexture>

		  <PushedTexture file="Interface\AddOns\Sudoku\emptyText">
			<TexCoords left="0" right="1" top="0" bottom="1" />
          </PushedTexture>
		  <HighlightTexture file="Interface\AddOns\Sudoku\emptyText">
			<TexCoords left="0" right="1" top="0" bottom="1" />
          </HighlightTexture>
        </Button>
		
		<Button name="$parentx0y2" hidden="false" font="Fonts\FRIZQT__.TTF" text = "3" >
          <Size>
            <AbsDimension x="20" y="20" />
          </Size>
          <Anchors>
            <Anchor point="TOP">
              <Offset>
                <AbsDimension x="-40" y="-11" />
              </Offset>
            </Anchor>
          </Anchors>
		<ButtonText name="$parentNormalText">
			<Anchors>
				<Anchor point="CENTER">
					<Offset x="0" y="0"/>
				</Anchor>
			</Anchors>
		</ButtonText>
		<NormalFont style="QuestFont"/>
		<HighlightFont style="QuestFont"/>
		<DisabledFont style="QuestFont"/>
		  <NormalTexture file="Interface\AddOns\Sudoku\emptyText">
			<TexCoords left="0" right="1" top="0" bottom="1" />
          </NormalTexture>

		  <PushedTexture file="Interface\AddOns\Sudoku\emptyText">
			<TexCoords left="0" right="1" top="0" bottom="1" />
          </PushedTexture>
		  <HighlightTexture file="Interface\AddOns\Sudoku\emptyText">
			<TexCoords left="0" right="1" top="0" bottom="1" />
          </HighlightTexture>
        </Button>
		
		<Button name="$parentx0y3" hidden="false" font="Fonts\FRIZQT__.TTF" text = "4" >
          <Size>
            <AbsDimension x="20" y="20" />
          </Size>
          <Anchors>
            <Anchor point="TOP">
              <Offset>
                <AbsDimension x="-20" y="-11" />
              </Offset>
            </Anchor>
          </Anchors>
		<ButtonText name="$parentNormalText">
			<Anchors>
				<Anchor point="CENTER">
					<Offset x="0" y="0"/>
				</Anchor>
			</Anchors>
		</ButtonText>
		<NormalFont style="QuestFont"/>
		<HighlightFont style="QuestFont"/>
		<DisabledFont style="QuestFont"/>
		  <NormalTexture file="Interface\AddOns\Sudoku\emptyText">
			<TexCoords left="0" right="1" top="0" bottom="1" />
          </NormalTexture>

		  <PushedTexture file="Interface\AddOns\Sudoku\emptyText">
			<TexCoords left="0" right="1" top="0" bottom="1" />
          </PushedTexture>
		  <HighlightTexture file="Interface\AddOns\Sudoku\emptyText">
			<TexCoords left="0" right="1" top="0" bottom="1" />
          </HighlightTexture>
        </Button>
		
		<Button name="$parentx0y4" hidden="false" font="Fonts\FRIZQT__.TTF" text = "5" >
          <Size>
            <AbsDimension x="20" y="20" />
          </Size>
          <Anchors>
            <Anchor point="TOP">
              <Offset>
                <AbsDimension x="0" y="-11" />
              </Offset>
            </Anchor>
          </Anchors>
		<ButtonText name="$parentNormalText">
			<Anchors>
				<Anchor point="CENTER">
					<Offset x="0" y="0"/>
				</Anchor>
			</Anchors>
		</ButtonText>
		<NormalFont style="QuestFont"/>
		<HighlightFont style="QuestFont"/>
		<DisabledFont style="QuestFont"/>
		  <NormalTexture file="Interface\AddOns\Sudoku\emptyText">
			<TexCoords left="0" right="1" top="0" bottom="1" />
          </NormalTexture>

		  <PushedTexture file="Interface\AddOns\Sudoku\emptyText">
			<TexCoords left="0" right="1" top="0" bottom="1" />
          </PushedTexture>
		  <HighlightTexture file="Interface\AddOns\Sudoku\emptyText">
			<TexCoords left="0" right="1" top="0" bottom="1" />
          </HighlightTexture>
        </Button>
		
		<Button name="$parentx0y5" hidden="false" font="Fonts\FRIZQT__.TTF" text = "6" >
          <Size>
            <AbsDimension x="20" y="20" />
          </Size>
          <Anchors>
            <Anchor point="TOP">
              <Offset>
                <AbsDimension x="20" y="-11" />
              </Offset>
            </Anchor>
          </Anchors>
		<ButtonText name="$parentNormalText">
			<Anchors>
				<Anchor point="CENTER">
					<Offset x="0" y="0"/>
				</Anchor>
			</Anchors>
		</ButtonText>
		<NormalFont style="QuestFont"/>
		<HighlightFont style="QuestFont"/>
		<DisabledFont style="QuestFont"/>
		  <NormalTexture file="Interface\AddOns\Sudoku\emptyText">
			<TexCoords left="0" right="1" top="0" bottom="1" />
          </NormalTexture>

		  <PushedTexture file="Interface\AddOns\Sudoku\emptyText">
			<TexCoords left="0" right="1" top="0" bottom="1" />
          </PushedTexture>
		  <HighlightTexture file="Interface\AddOns\Sudoku\emptyText">
			<TexCoords left="0" right="1" top="0" bottom="1" />
          </HighlightTexture>
        </Button>
		
		<Button name="$parentx0y6" hidden="false" font="Fonts\FRIZQT__.TTF" text = "7" >
          <Size>
            <AbsDimension x="20" y="20" />
          </Size>
          <Anchors>
            <Anchor point="TOP">
              <Offset>
                <AbsDimension x="40" y="-11" />
              </Offset>
            </Anchor>
          </Anchors>
		<ButtonText name="$parentNormalText">
			<Anchors>
				<Anchor point="CENTER">
					<Offset x="0" y="0"/>
				</Anchor>
			</Anchors>
		</ButtonText>
		<NormalFont style="QuestFont"/>
		<HighlightFont style="QuestFont"/>
		<DisabledFont style="QuestFont"/>
		  <NormalTexture file="Interface\AddOns\Sudoku\emptyText">
			<TexCoords left="0" right="1" top="0" bottom="1" />
          </NormalTexture>

		  <PushedTexture file="Interface\AddOns\Sudoku\emptyText">
			<TexCoords left="0" right="1" top="0" bottom="1" />
          </PushedTexture>
		  <HighlightTexture file="Interface\AddOns\Sudoku\emptyText">
			<TexCoords left="0" right="1" top="0" bottom="1" />
          </HighlightTexture>
        </Button>
		
		<Button name="$parentx0y7" hidden="false" font="Fonts\FRIZQT__.TTF" text = "8" >
          <Size>
            <AbsDimension x="20" y="20" />
          </Size>
          <Anchors>
            <Anchor point="TOP">
              <Offset>
                <AbsDimension x="60" y="-11" />
              </Offset>
            </Anchor>
          </Anchors>
		<ButtonText name="$parentNormalText">
			<Anchors>
				<Anchor point="CENTER">
					<Offset x="0" y="0"/>
				</Anchor>
			</Anchors>
		</ButtonText>
		<NormalFont style="QuestFont"/>
		<HighlightFont style="QuestFont"/>
		<DisabledFont style="QuestFont"/>
		  <NormalTexture file="Interface\AddOns\Sudoku\emptyText">
			<TexCoords left="0" right="1" top="0" bottom="1" />
          </NormalTexture>

		  <PushedTexture file="Interface\AddOns\Sudoku\emptyText">
			<TexCoords left="0" right="1" top="0" bottom="1" />
          </PushedTexture>
		  <HighlightTexture file="Interface\AddOns\Sudoku\emptyText">
			<TexCoords left="0" right="1" top="0" bottom="1" />
          </HighlightTexture>
        </Button>
		
		<Button name="$parentx0y8" hidden="false" font="Fonts\FRIZQT__.TTF" text = "9" >
          <Size>
            <AbsDimension x="20" y="20" />
          </Size>
          <Anchors>
            <Anchor point="TOP">
              <Offset>
                <AbsDimension x="80" y="-11" />
              </Offset>
            </Anchor>
          </Anchors>
		<ButtonText name="$parentNormalText">
			<Anchors>
				<Anchor point="CENTER">
					<Offset x="0" y="0"/>
				</Anchor>
			</Anchors>
		</ButtonText>
		<NormalFont style="QuestFont"/>
		<HighlightFont style="QuestFont"/>
		<DisabledFont style="QuestFont"/>
		  <NormalTexture file="Interface\AddOns\Sudoku\emptyText">
			<TexCoords left="0" right="1" top="0" bottom="1" />
          </NormalTexture>

		  <PushedTexture file="Interface\AddOns\Sudoku\emptyText">
			<TexCoords left="0" right="1" top="0" bottom="1" />
          </PushedTexture>
		  <HighlightTexture file="Interface\AddOns\Sudoku\emptyText">
			<TexCoords left="0" right="1" top="0" bottom="1" />
          </HighlightTexture>
        </Button>
		
		
		
		<Button name="$parentx1y0" hidden="false" font="Fonts\FRIZQT__.TTF" text = "1" >
          <Size>
            <AbsDimension x="20" y="20" />
          </Size>
          <Anchors>
            <Anchor point="TOP">
              <Offset>
                <AbsDimension x="-80" y="-31" />
              </Offset>
            </Anchor>
          </Anchors>
		<ButtonText name="$parentNormalText">
			<Anchors>
				<Anchor point="CENTER">
					<Offset x="0" y="0"/>
				</Anchor>
			</Anchors>
		</ButtonText>
		<NormalFont style="QuestFont"/>
		<HighlightFont style="QuestFont"/>
		<DisabledFont style="QuestFont"/>
		  <NormalTexture file="Interface\AddOns\Sudoku\emptyText">
			<TexCoords left="0" right="1" top="0" bottom="1" />
          </NormalTexture>

		  <PushedTexture file="Interface\AddOns\Sudoku\emptyText">
			<TexCoords left="0" right="1" top="0" bottom="1" />
          </PushedTexture>
		  <HighlightTexture file="Interface\AddOns\Sudoku\emptyText">
			<TexCoords left="0" right="1" top="0" bottom="1" />
          </HighlightTexture>
        </Button>
		
		<Button name="$parentx1y1" hidden="false" font="Fonts\FRIZQT__.TTF" text = "2" >
          <Size>
            <AbsDimension x="20" y="20" />
          </Size>
          <Anchors>
            <Anchor point="TOP">
              <Offset>
                <AbsDimension x="-60" y="-31" />
              </Offset>
            </Anchor>
          </Anchors>
		<ButtonText name="$parentNormalText">
			<Anchors>
				<Anchor point="CENTER">
					<Offset x="0" y="0"/>
				</Anchor>
			</Anchors>
		</ButtonText>
		<NormalFont style="QuestFont"/>
		<HighlightFont style="QuestFont"/>
		<DisabledFont style="QuestFont"/>
		  <NormalTexture file="Interface\AddOns\Sudoku\emptyText">
			<TexCoords left="0" right="1" top="0" bottom="1" />
          </NormalTexture>

		  <PushedTexture file="Interface\AddOns\Sudoku\emptyText">
			<TexCoords left="0" right="1" top="0" bottom="1" />
          </PushedTexture>
		  <HighlightTexture file="Interface\AddOns\Sudoku\emptyText">
			<TexCoords left="0" right="1" top="0" bottom="1" />
          </HighlightTexture>
        </Button>
		
		<Button name="$parentx1y2" hidden="false" font="Fonts\FRIZQT__.TTF" text = "3" >
          <Size>
            <AbsDimension x="20" y="20" />
          </Size>
          <Anchors>
            <Anchor point="TOP">
              <Offset>
                <AbsDimension x="-40" y="-31" />
              </Offset>
            </Anchor>
          </Anchors>
		<ButtonText name="$parentNormalText">
			<Anchors>
				<Anchor point="CENTER">
					<Offset x="0" y="0"/>
				</Anchor>
			</Anchors>
		</ButtonText>
		<NormalFont style="QuestFont"/>
		<HighlightFont style="QuestFont"/>
		<DisabledFont style="QuestFont"/>
		  <NormalTexture file="Interface\AddOns\Sudoku\emptyText">
			<TexCoords left="0" right="1" top="0" bottom="1" />
          </NormalTexture>

		  <PushedTexture file="Interface\AddOns\Sudoku\emptyText">
			<TexCoords left="0" right="1" top="0" bottom="1" />
          </PushedTexture>
		  <HighlightTexture file="Interface\AddOns\Sudoku\emptyText">
			<TexCoords left="0" right="1" top="0" bottom="1" />
          </HighlightTexture>
        </Button>
		
		<Button name="$parentx1y3" hidden="false" font="Fonts\FRIZQT__.TTF" text = "4" >
          <Size>
            <AbsDimension x="20" y="20" />
          </Size>
          <Anchors>
            <Anchor point="TOP">
              <Offset>
                <AbsDimension x="-20" y="-31" />
              </Offset>
            </Anchor>
          </Anchors>
		<ButtonText name="$parentNormalText">
			<Anchors>
				<Anchor point="CENTER">
					<Offset x="0" y="0"/>
				</Anchor>
			</Anchors>
		</ButtonText>
		<NormalFont style="QuestFont"/>
		<HighlightFont style="QuestFont"/>
		<DisabledFont style="QuestFont"/>
		  <NormalTexture file="Interface\AddOns\Sudoku\emptyText">
			<TexCoords left="0" right="1" top="0" bottom="1" />
          </NormalTexture>

		  <PushedTexture file="Interface\AddOns\Sudoku\emptyText">
			<TexCoords left="0" right="1" top="0" bottom="1" />
          </PushedTexture>
		  <HighlightTexture file="Interface\AddOns\Sudoku\emptyText">
			<TexCoords left="0" right="1" top="0" bottom="1" />
          </HighlightTexture>
        </Button>
		
		<Button name="$parentx1y4" hidden="false" font="Fonts\FRIZQT__.TTF" text = "5" >
          <Size>
            <AbsDimension x="20" y="20" />
          </Size>
          <Anchors>
            <Anchor point="TOP">
              <Offset>
                <AbsDimension x="0" y="-31" />
              </Offset>
            </Anchor>
          </Anchors>
		<ButtonText name="$parentNormalText">
			<Anchors>
				<Anchor point="CENTER">
					<Offset x="0" y="0"/>
				</Anchor>
			</Anchors>
		</ButtonText>
		<NormalFont style="QuestFont"/>
		<HighlightFont style="QuestFont"/>
		<DisabledFont style="QuestFont"/>
		  <NormalTexture file="Interface\AddOns\Sudoku\emptyText">
			<TexCoords left="0" right="1" top="0" bottom="1" />
          </NormalTexture>

		  <PushedTexture file="Interface\AddOns\Sudoku\emptyText">
			<TexCoords left="0" right="1" top="0" bottom="1" />
          </PushedTexture>
		  <HighlightTexture file="Interface\AddOns\Sudoku\emptyText">
			<TexCoords left="0" right="1" top="0" bottom="1" />
          </HighlightTexture>
        </Button>
		
		<Button name="$parentx1y5" hidden="false" font="Fonts\FRIZQT__.TTF" text = "6" >
          <Size>
            <AbsDimension x="20" y="20" />
          </Size>
          <Anchors>
            <Anchor point="TOP">
              <Offset>
                <AbsDimension x="20" y="-31" />
              </Offset>
            </Anchor>
          </Anchors>
		<ButtonText name="$parentNormalText">
			<Anchors>
				<Anchor point="CENTER">
					<Offset x="0" y="0"/>
				</Anchor>
			</Anchors>
		</ButtonText>
		<NormalFont style="QuestFont"/>
		<HighlightFont style="QuestFont"/>
		<DisabledFont style="QuestFont"/>
		  <NormalTexture file="Interface\AddOns\Sudoku\emptyText">
			<TexCoords left="0" right="1" top="0" bottom="1" />
          </NormalTexture>

		  <PushedTexture file="Interface\AddOns\Sudoku\emptyText">
			<TexCoords left="0" right="1" top="0" bottom="1" />
          </PushedTexture>
		  <HighlightTexture file="Interface\AddOns\Sudoku\emptyText">
			<TexCoords left="0" right="1" top="0" bottom="1" />
          </HighlightTexture>
        </Button>
		
		<Button name="$parentx1y6" hidden="false" font="Fonts\FRIZQT__.TTF" text = "7" >
          <Size>
            <AbsDimension x="20" y="20" />
          </Size>
          <Anchors>
            <Anchor point="TOP">
              <Offset>
                <AbsDimension x="40" y="-31" />
              </Offset>
            </Anchor>
          </Anchors>
		<ButtonText name="$parentNormalText">
			<Anchors>
				<Anchor point="CENTER">
					<Offset x="0" y="0"/>
				</Anchor>
			</Anchors>
		</ButtonText>
		<NormalFont style="QuestFont"/>
		<HighlightFont style="QuestFont"/>
		<DisabledFont style="QuestFont"/>
		  <NormalTexture file="Interface\AddOns\Sudoku\emptyText">
			<TexCoords left="0" right="1" top="0" bottom="1" />
          </NormalTexture>

		  <PushedTexture file="Interface\AddOns\Sudoku\emptyText">
			<TexCoords left="0" right="1" top="0" bottom="1" />
          </PushedTexture>
		  <HighlightTexture file="Interface\AddOns\Sudoku\emptyText">
			<TexCoords left="0" right="1" top="0" bottom="1" />
          </HighlightTexture>
        </Button>
		
		<Button name="$parentx1y7" hidden="false" font="Fonts\FRIZQT__.TTF" text = "8" >
          <Size>
            <AbsDimension x="20" y="20" />
          </Size>
          <Anchors>
            <Anchor point="TOP">
              <Offset>
                <AbsDimension x="60" y="-31" />
              </Offset>
            </Anchor>
          </Anchors>
		<ButtonText name="$parentNormalText">
			<Anchors>
				<Anchor point="CENTER">
					<Offset x="0" y="0"/>
				</Anchor>
			</Anchors>
		</ButtonText>
		<NormalFont style="QuestFont"/>
		<HighlightFont style="QuestFont"/>
		<DisabledFont style="QuestFont"/>
		  <NormalTexture file="Interface\AddOns\Sudoku\emptyText">
			<TexCoords left="0" right="1" top="0" bottom="1" />
          </NormalTexture>

		  <PushedTexture file="Interface\AddOns\Sudoku\emptyText">
			<TexCoords left="0" right="1" top="0" bottom="1" />
          </PushedTexture>
		  <HighlightTexture file="Interface\AddOns\Sudoku\emptyText">
			<TexCoords left="0" right="1" top="0" bottom="1" />
          </HighlightTexture>
        </Button>
		
		<Button name="$parentx1y8" hidden="false" font="Fonts\FRIZQT__.TTF" text = "9" >
          <Size>
            <AbsDimension x="20" y="20" />
          </Size>
          <Anchors>
            <Anchor point="TOP">
              <Offset>
                <AbsDimension x="80" y="-31" />
              </Offset>
            </Anchor>
          </Anchors>
		<ButtonText name="$parentNormalText">
			<Anchors>
				<Anchor point="CENTER">
					<Offset x="0" y="0"/>
				</Anchor>
			</Anchors>
		</ButtonText>
		<NormalFont style="QuestFont"/>
		<HighlightFont style="QuestFont"/>
		<DisabledFont style="QuestFont"/>
		  <NormalTexture file="Interface\AddOns\Sudoku\emptyText">
			<TexCoords left="0" right="1" top="0" bottom="1" />
          </NormalTexture>

		  <PushedTexture file="Interface\AddOns\Sudoku\emptyText">
			<TexCoords left="0" right="1" top="0" bottom="1" />
          </PushedTexture>
		  <HighlightTexture file="Interface\AddOns\Sudoku\emptyText">
			<TexCoords left="0" right="1" top="0" bottom="1" />
          </HighlightTexture>
        </Button>
		
		
		<Button name="$parentx2y0" hidden="false" font="Fonts\FRIZQT__.TTF" text = "1" >
          <Size>
            <AbsDimension x="20" y="20" />
          </Size>
          <Anchors>
            <Anchor point="TOP">
              <Offset>
                <AbsDimension x="-80" y="-51" />
              </Offset>
            </Anchor>
          </Anchors>
		<ButtonText name="$parentNormalText">
			<Anchors>
				<Anchor point="CENTER">
					<Offset x="0" y="0"/>
				</Anchor>
			</Anchors>
		</ButtonText>
		<NormalFont style="QuestFont"/>
		<HighlightFont style="QuestFont"/>
		<DisabledFont style="QuestFont"/>
		  <NormalTexture file="Interface\AddOns\Sudoku\emptyText">
			<TexCoords left="0" right="1" top="0" bottom="1" />
          </NormalTexture>

		  <PushedTexture file="Interface\AddOns\Sudoku\emptyText">
			<TexCoords left="0" right="1" top="0" bottom="1" />
          </PushedTexture>
		  <HighlightTexture file="Interface\AddOns\Sudoku\emptyText">
			<TexCoords left="0" right="1" top="0" bottom="1" />
          </HighlightTexture>
        </Button>
		
		<Button name="$parentx2y1" hidden="false" font="Fonts\FRIZQT__.TTF" text = "2" >
          <Size>
            <AbsDimension x="20" y="20" />
          </Size>
          <Anchors>
            <Anchor point="TOP">
              <Offset>
                <AbsDimension x="-60" y="-51" />
              </Offset>
            </Anchor>
          </Anchors>
		<ButtonText name="$parentNormalText">
			<Anchors>
				<Anchor point="CENTER">
					<Offset x="0" y="0"/>
				</Anchor>
			</Anchors>
		</ButtonText>
		<NormalFont style="QuestFont"/>
		<HighlightFont style="QuestFont"/>
		<DisabledFont style="QuestFont"/>
		  <NormalTexture file="Interface\AddOns\Sudoku\emptyText">
			<TexCoords left="0" right="1" top="0" bottom="1" />
          </NormalTexture>

		  <PushedTexture file="Interface\AddOns\Sudoku\emptyText">
			<TexCoords left="0" right="1" top="0" bottom="1" />
          </PushedTexture>
		  <HighlightTexture file="Interface\AddOns\Sudoku\emptyText">
			<TexCoords left="0" right="1" top="0" bottom="1" />
          </HighlightTexture>
        </Button>
		
		<Button name="$parentx2y2" hidden="false" font="Fonts\FRIZQT__.TTF" text = "3" >
          <Size>
            <AbsDimension x="20" y="20" />
          </Size>
          <Anchors>
            <Anchor point="TOP">
              <Offset>
                <AbsDimension x="-40" y="-51" />
              </Offset>
            </Anchor>
          </Anchors>
		<ButtonText name="$parentNormalText">
			<Anchors>
				<Anchor point="CENTER">
					<Offset x="0" y="0"/>
				</Anchor>
			</Anchors>
		</ButtonText>
		<NormalFont style="QuestFont"/>
		<HighlightFont style="QuestFont"/>
		<DisabledFont style="QuestFont"/>
		  <NormalTexture file="Interface\AddOns\Sudoku\emptyText">
			<TexCoords left="0" right="1" top="0" bottom="1" />
          </NormalTexture>

		  <PushedTexture file="Interface\AddOns\Sudoku\emptyText">
			<TexCoords left="0" right="1" top="0" bottom="1" />
          </PushedTexture>
		  <HighlightTexture file="Interface\AddOns\Sudoku\emptyText">
			<TexCoords left="0" right="1" top="0" bottom="1" />
          </HighlightTexture>
        </Button>
		
		<Button name="$parentx2y3" hidden="false" font="Fonts\FRIZQT__.TTF" text = "4" >
          <Size>
            <AbsDimension x="20" y="20" />
          </Size>
          <Anchors>
            <Anchor point="TOP">
              <Offset>
                <AbsDimension x="-20" y="-51" />
              </Offset>
            </Anchor>
          </Anchors>
		<ButtonText name="$parentNormalText">
			<Anchors>
				<Anchor point="CENTER">
					<Offset x="0" y="0"/>
				</Anchor>
			</Anchors>
		</ButtonText>
		<NormalFont style="QuestFont"/>
		<HighlightFont style="QuestFont"/>
		<DisabledFont style="QuestFont"/>
		  <NormalTexture file="Interface\AddOns\Sudoku\emptyText">
			<TexCoords left="0" right="1" top="0" bottom="1" />
          </NormalTexture>

		  <PushedTexture file="Interface\AddOns\Sudoku\emptyText">
			<TexCoords left="0" right="1" top="0" bottom="1" />
          </PushedTexture>
		  <HighlightTexture file="Interface\AddOns\Sudoku\emptyText">
			<TexCoords left="0" right="1" top="0" bottom="1" />
          </HighlightTexture>
        </Button>
		
		<Button name="$parentx2y4" hidden="false" font="Fonts\FRIZQT__.TTF" text = "5" >
          <Size>
            <AbsDimension x="20" y="20" />
          </Size>
          <Anchors>
            <Anchor point="TOP">
              <Offset>
                <AbsDimension x="0" y="-51" />
              </Offset>
            </Anchor>
          </Anchors>
		<ButtonText name="$parentNormalText">
			<Anchors>
				<Anchor point="CENTER">
					<Offset x="0" y="0"/>
				</Anchor>
			</Anchors>
		</ButtonText>
		<NormalFont style="QuestFont"/>
		<HighlightFont style="QuestFont"/>
		<DisabledFont style="QuestFont"/>
		  <NormalTexture file="Interface\AddOns\Sudoku\emptyText">
			<TexCoords left="0" right="1" top="0" bottom="1" />
          </NormalTexture>

		  <PushedTexture file="Interface\AddOns\Sudoku\emptyText">
			<TexCoords left="0" right="1" top="0" bottom="1" />
          </PushedTexture>
		  <HighlightTexture file="Interface\AddOns\Sudoku\emptyText">
			<TexCoords left="0" right="1" top="0" bottom="1" />
          </HighlightTexture>
        </Button>
		
		<Button name="$parentx2y5" hidden="false" font="Fonts\FRIZQT__.TTF" text = "6" >
          <Size>
            <AbsDimension x="20" y="20" />
          </Size>
          <Anchors>
            <Anchor point="TOP">
              <Offset>
                <AbsDimension x="20" y="-51" />
              </Offset>
            </Anchor>
          </Anchors>
		<ButtonText name="$parentNormalText">
			<Anchors>
				<Anchor point="CENTER">
					<Offset x="0" y="0"/>
				</Anchor>
			</Anchors>
		</ButtonText>
		<NormalFont style="QuestFont"/>
		<HighlightFont style="QuestFont"/>
		<DisabledFont style="QuestFont"/>
		  <NormalTexture file="Interface\AddOns\Sudoku\emptyText">
			<TexCoords left="0" right="1" top="0" bottom="1" />
          </NormalTexture>

		  <PushedTexture file="Interface\AddOns\Sudoku\emptyText">
			<TexCoords left="0" right="1" top="0" bottom="1" />
          </PushedTexture>
		  <HighlightTexture file="Interface\AddOns\Sudoku\emptyText">
			<TexCoords left="0" right="1" top="0" bottom="1" />
          </HighlightTexture>
        </Button>
		
		<Button name="$parentx2y6" hidden="false" font="Fonts\FRIZQT__.TTF" text = "7" >
          <Size>
            <AbsDimension x="20" y="20" />
          </Size>
          <Anchors>
            <Anchor point="TOP">
              <Offset>
                <AbsDimension x="40" y="-51" />
              </Offset>
            </Anchor>
          </Anchors>
		<ButtonText name="$parentNormalText">
			<Anchors>
				<Anchor point="CENTER">
					<Offset x="0" y="0"/>
				</Anchor>
			</Anchors>
		</ButtonText>
		<NormalFont style="QuestFont"/>
		<HighlightFont style="QuestFont"/>
		<DisabledFont style="QuestFont"/>
		  <NormalTexture file="Interface\AddOns\Sudoku\emptyText">
			<TexCoords left="0" right="1" top="0" bottom="1" />
          </NormalTexture>

		  <PushedTexture file="Interface\AddOns\Sudoku\emptyText">
			<TexCoords left="0" right="1" top="0" bottom="1" />
          </PushedTexture>
		  <HighlightTexture file="Interface\AddOns\Sudoku\emptyText">
			<TexCoords left="0" right="1" top="0" bottom="1" />
          </HighlightTexture>
        </Button>
		
		<Button name="$parentx2y7" hidden="false" font="Fonts\FRIZQT__.TTF" text = "8" >
          <Size>
            <AbsDimension x="20" y="20" />
          </Size>
          <Anchors>
            <Anchor point="TOP">
              <Offset>
                <AbsDimension x="60" y="-51" />
              </Offset>
            </Anchor>
          </Anchors>
		<ButtonText name="$parentNormalText">
			<Anchors>
				<Anchor point="CENTER">
					<Offset x="0" y="0"/>
				</Anchor>
			</Anchors>
		</ButtonText>
		<NormalFont style="QuestFont"/>
		<HighlightFont style="QuestFont"/>
		<DisabledFont style="QuestFont"/>
		  <NormalTexture file="Interface\AddOns\Sudoku\emptyText">
			<TexCoords left="0" right="1" top="0" bottom="1" />
          </NormalTexture>

		  <PushedTexture file="Interface\AddOns\Sudoku\emptyText">
			<TexCoords left="0" right="1" top="0" bottom="1" />
          </PushedTexture>
		  <HighlightTexture file="Interface\AddOns\Sudoku\emptyText">
			<TexCoords left="0" right="1" top="0" bottom="1" />
          </HighlightTexture>
        </Button>
		
		<Button name="$parentx2y8" hidden="false" font="Fonts\FRIZQT__.TTF" text = "9" >
          <Size>
            <AbsDimension x="20" y="20" />
          </Size>
          <Anchors>
            <Anchor point="TOP">
              <Offset>
                <AbsDimension x="80" y="-51" />
              </Offset>
            </Anchor>
          </Anchors>
		<ButtonText name="$parentNormalText">
			<Anchors>
				<Anchor point="CENTER">
					<Offset x="0" y="0"/>
				</Anchor>
			</Anchors>
		</ButtonText>
		<NormalFont style="QuestFont"/>
		<HighlightFont style="QuestFont"/>
		<DisabledFont style="QuestFont"/>
		  <NormalTexture file="Interface\AddOns\Sudoku\emptyText">
			<TexCoords left="0" right="1" top="0" bottom="1" />
          </NormalTexture>

		  <PushedTexture file="Interface\AddOns\Sudoku\emptyText">
			<TexCoords left="0" right="1" top="0" bottom="1" />
          </PushedTexture>
		  <HighlightTexture file="Interface\AddOns\Sudoku\emptyText">
			<TexCoords left="0" right="1" top="0" bottom="1" />
          </HighlightTexture>
        </Button>
		
		
		
		<Button name="$parentx3y0" hidden="false" font="Fonts\FRIZQT__.TTF" text = "1" >
          <Size>
            <AbsDimension x="20" y="20" />
          </Size>
          <Anchors>
            <Anchor point="TOP">
              <Offset>
                <AbsDimension x="-80" y="-71" />
              </Offset>
            </Anchor>
          </Anchors>
		<ButtonText name="$parentNormalText">
			<Anchors>
				<Anchor point="CENTER">
					<Offset x="0" y="0"/>
				</Anchor>
			</Anchors>
		</ButtonText>
		<NormalFont style="QuestFont"/>
		<HighlightFont style="QuestFont"/>
		<DisabledFont style="QuestFont"/>
		  <NormalTexture file="Interface\AddOns\Sudoku\emptyText">
			<TexCoords left="0" right="1" top="0" bottom="1" />
          </NormalTexture>

		  <PushedTexture file="Interface\AddOns\Sudoku\emptyText">
			<TexCoords left="0" right="1" top="0" bottom="1" />
          </PushedTexture>
		  <HighlightTexture file="Interface\AddOns\Sudoku\emptyText">
			<TexCoords left="0" right="1" top="0" bottom="1" />
          </HighlightTexture>
        </Button>
		
		<Button name="$parentx3y1" hidden="false" font="Fonts\FRIZQT__.TTF" text = "2" >
          <Size>
            <AbsDimension x="20" y="20" />
          </Size>
          <Anchors>
            <Anchor point="TOP">
              <Offset>
                <AbsDimension x="-60" y="-71" />
              </Offset>
            </Anchor>
          </Anchors>
		<ButtonText name="$parentNormalText">
			<Anchors>
				<Anchor point="CENTER">
					<Offset x="0" y="0"/>
				</Anchor>
			</Anchors>
		</ButtonText>
		<NormalFont style="QuestFont"/>
		<HighlightFont style="QuestFont"/>
		<DisabledFont style="QuestFont"/>
		  <NormalTexture file="Interface\AddOns\Sudoku\emptyText">
			<TexCoords left="0" right="1" top="0" bottom="1" />
          </NormalTexture>

		  <PushedTexture file="Interface\AddOns\Sudoku\emptyText">
			<TexCoords left="0" right="1" top="0" bottom="1" />
          </PushedTexture>
		  <HighlightTexture file="Interface\AddOns\Sudoku\emptyText">
			<TexCoords left="0" right="1" top="0" bottom="1" />
          </HighlightTexture>
        </Button>
		
		<Button name="$parentx3y2" hidden="false" font="Fonts\FRIZQT__.TTF" text = "3" >
          <Size>
            <AbsDimension x="20" y="20" />
          </Size>
          <Anchors>
            <Anchor point="TOP">
              <Offset>
                <AbsDimension x="-40" y="-71" />
              </Offset>
            </Anchor>
          </Anchors>
		<ButtonText name="$parentNormalText">
			<Anchors>
				<Anchor point="CENTER">
					<Offset x="0" y="0"/>
				</Anchor>
			</Anchors>
		</ButtonText>
		<NormalFont style="QuestFont"/>
		<HighlightFont style="QuestFont"/>
		<DisabledFont style="QuestFont"/>
		  <NormalTexture file="Interface\AddOns\Sudoku\emptyText">
			<TexCoords left="0" right="1" top="0" bottom="1" />
          </NormalTexture>

		  <PushedTexture file="Interface\AddOns\Sudoku\emptyText">
			<TexCoords left="0" right="1" top="0" bottom="1" />
          </PushedTexture>
		  <HighlightTexture file="Interface\AddOns\Sudoku\emptyText">
			<TexCoords left="0" right="1" top="0" bottom="1" />
          </HighlightTexture>
        </Button>
		
		<Button name="$parentx3y3" hidden="false" font="Fonts\FRIZQT__.TTF" text = "4" >
          <Size>
            <AbsDimension x="20" y="20" />
          </Size>
          <Anchors>
            <Anchor point="TOP">
              <Offset>
                <AbsDimension x="-20" y="-71" />
              </Offset>
            </Anchor>
          </Anchors>
		<ButtonText name="$parentNormalText">
			<Anchors>
				<Anchor point="CENTER">
					<Offset x="0" y="0"/>
				</Anchor>
			</Anchors>
		</ButtonText>
		<NormalFont style="QuestFont"/>
		<HighlightFont style="QuestFont"/>
		<DisabledFont style="QuestFont"/>
		  <NormalTexture file="Interface\AddOns\Sudoku\emptyText">
			<TexCoords left="0" right="1" top="0" bottom="1" />
          </NormalTexture>

		  <PushedTexture file="Interface\AddOns\Sudoku\emptyText">
			<TexCoords left="0" right="1" top="0" bottom="1" />
          </PushedTexture>
		  <HighlightTexture file="Interface\AddOns\Sudoku\emptyText">
			<TexCoords left="0" right="1" top="0" bottom="1" />
          </HighlightTexture>
        </Button>
		
		<Button name="$parentx3y4" hidden="false" font="Fonts\FRIZQT__.TTF" text = "5" >
          <Size>
            <AbsDimension x="20" y="20" />
          </Size>
          <Anchors>
            <Anchor point="TOP">
              <Offset>
                <AbsDimension x="0" y="-71" />
              </Offset>
            </Anchor>
          </Anchors>
		<ButtonText name="$parentNormalText">
			<Anchors>
				<Anchor point="CENTER">
					<Offset x="0" y="0"/>
				</Anchor>
			</Anchors>
		</ButtonText>
		<NormalFont style="QuestFont"/>
		<HighlightFont style="QuestFont"/>
		<DisabledFont style="QuestFont"/>
		  <NormalTexture file="Interface\AddOns\Sudoku\emptyText">
			<TexCoords left="0" right="1" top="0" bottom="1" />
          </NormalTexture>

		  <PushedTexture file="Interface\AddOns\Sudoku\emptyText">
			<TexCoords left="0" right="1" top="0" bottom="1" />
          </PushedTexture>
		  <HighlightTexture file="Interface\AddOns\Sudoku\emptyText">
			<TexCoords left="0" right="1" top="0" bottom="1" />
          </HighlightTexture>
        </Button>
		
		<Button name="$parentx3y5" hidden="false" font="Fonts\FRIZQT__.TTF" text = "6" >
          <Size>
            <AbsDimension x="20" y="20" />
          </Size>
          <Anchors>
            <Anchor point="TOP">
              <Offset>
                <AbsDimension x="20" y="-71" />
              </Offset>
            </Anchor>
          </Anchors>
		<ButtonText name="$parentNormalText">
			<Anchors>
				<Anchor point="CENTER">
					<Offset x="0" y="0"/>
				</Anchor>
			</Anchors>
		</ButtonText>
		<NormalFont style="QuestFont"/>
		<HighlightFont style="QuestFont"/>
		<DisabledFont style="QuestFont"/>
		  <NormalTexture file="Interface\AddOns\Sudoku\emptyText">
			<TexCoords left="0" right="1" top="0" bottom="1" />
          </NormalTexture>

		  <PushedTexture file="Interface\AddOns\Sudoku\emptyText">
			<TexCoords left="0" right="1" top="0" bottom="1" />
          </PushedTexture>
		  <HighlightTexture file="Interface\AddOns\Sudoku\emptyText">
			<TexCoords left="0" right="1" top="0" bottom="1" />
          </HighlightTexture>
        </Button>
		
		<Button name="$parentx3y6" hidden="false" font="Fonts\FRIZQT__.TTF" text = "7" >
          <Size>
            <AbsDimension x="20" y="20" />
          </Size>
          <Anchors>
            <Anchor point="TOP">
              <Offset>
                <AbsDimension x="40" y="-71" />
              </Offset>
            </Anchor>
          </Anchors>
		<ButtonText name="$parentNormalText">
			<Anchors>
				<Anchor point="CENTER">
					<Offset x="0" y="0"/>
				</Anchor>
			</Anchors>
		</ButtonText>
		<NormalFont style="QuestFont"/>
		<HighlightFont style="QuestFont"/>
		<DisabledFont style="QuestFont"/>
		  <NormalTexture file="Interface\AddOns\Sudoku\emptyText">
			<TexCoords left="0" right="1" top="0" bottom="1" />
          </NormalTexture>

		  <PushedTexture file="Interface\AddOns\Sudoku\emptyText">
			<TexCoords left="0" right="1" top="0" bottom="1" />
          </PushedTexture>
		  <HighlightTexture file="Interface\AddOns\Sudoku\emptyText">
			<TexCoords left="0" right="1" top="0" bottom="1" />
          </HighlightTexture>
        </Button>
		
		<Button name="$parentx3y7" hidden="false" font="Fonts\FRIZQT__.TTF" text = "8" >
          <Size>
            <AbsDimension x="20" y="20" />
          </Size>
          <Anchors>
            <Anchor point="TOP">
              <Offset>
                <AbsDimension x="60" y="-71" />
              </Offset>
            </Anchor>
          </Anchors>
		<ButtonText name="$parentNormalText">
			<Anchors>
				<Anchor point="CENTER">
					<Offset x="0" y="0"/>
				</Anchor>
			</Anchors>
		</ButtonText>
		<NormalFont style="QuestFont"/>
		<HighlightFont style="QuestFont"/>
		<DisabledFont style="QuestFont"/>
		  <NormalTexture file="Interface\AddOns\Sudoku\emptyText">
			<TexCoords left="0" right="1" top="0" bottom="1" />
          </NormalTexture>

		  <PushedTexture file="Interface\AddOns\Sudoku\emptyText">
			<TexCoords left="0" right="1" top="0" bottom="1" />
          </PushedTexture>
		  <HighlightTexture file="Interface\AddOns\Sudoku\emptyText">
			<TexCoords left="0" right="1" top="0" bottom="1" />
          </HighlightTexture>
        </Button>
		
		<Button name="$parentx3y8" hidden="false" font="Fonts\FRIZQT__.TTF" text = "9" >
          <Size>
            <AbsDimension x="20" y="20" />
          </Size>
          <Anchors>
            <Anchor point="TOP">
              <Offset>
                <AbsDimension x="80" y="-71" />
              </Offset>
            </Anchor>
          </Anchors>
		<ButtonText name="$parentNormalText">
			<Anchors>
				<Anchor point="CENTER">
					<Offset x="0" y="0"/>
				</Anchor>
			</Anchors>
		</ButtonText>
		<NormalFont style="QuestFont"/>
		<HighlightFont style="QuestFont"/>
		<DisabledFont style="QuestFont"/>
		  <NormalTexture file="Interface\AddOns\Sudoku\emptyText">
			<TexCoords left="0" right="1" top="0" bottom="1" />
          </NormalTexture>

		  <PushedTexture file="Interface\AddOns\Sudoku\emptyText">
			<TexCoords left="0" right="1" top="0" bottom="1" />
          </PushedTexture>
		  <HighlightTexture file="Interface\AddOns\Sudoku\emptyText">
			<TexCoords left="0" right="1" top="0" bottom="1" />
          </HighlightTexture>
        </Button>
		
		
				
		<Button name="$parentx4y0" hidden="false" font="Fonts\FRIZQT__.TTF" text = "1" >
          <Size>
            <AbsDimension x="20" y="20" />
          </Size>
          <Anchors>
            <Anchor point="TOP">
              <Offset>
                <AbsDimension x="-80" y="-91" />
              </Offset>
            </Anchor>
          </Anchors>
		<ButtonText name="$parentNormalText">
			<Anchors>
				<Anchor point="CENTER">
					<Offset x="0" y="0"/>
				</Anchor>
			</Anchors>
		</ButtonText>
		<NormalFont style="QuestFont"/>
		<HighlightFont style="QuestFont"/>
		<DisabledFont style="QuestFont"/>
		  <NormalTexture file="Interface\AddOns\Sudoku\emptyText">
			<TexCoords left="0" right="1" top="0" bottom="1" />
          </NormalTexture>

		  <PushedTexture file="Interface\AddOns\Sudoku\emptyText">
			<TexCoords left="0" right="1" top="0" bottom="1" />
          </PushedTexture>
		  <HighlightTexture file="Interface\AddOns\Sudoku\emptyText">
			<TexCoords left="0" right="1" top="0" bottom="1" />
          </HighlightTexture>
        </Button>
		
		<Button name="$parentx4y1" hidden="false" font="Fonts\FRIZQT__.TTF" text = "2" >
          <Size>
            <AbsDimension x="20" y="20" />
          </Size>
          <Anchors>
            <Anchor point="TOP">
              <Offset>
                <AbsDimension x="-60" y="-91" />
              </Offset>
            </Anchor>
          </Anchors>
		<ButtonText name="$parentNormalText">
			<Anchors>
				<Anchor point="CENTER">
					<Offset x="0" y="0"/>
				</Anchor>
			</Anchors>
		</ButtonText>
		<NormalFont style="QuestFont"/>
		<HighlightFont style="QuestFont"/>
		<DisabledFont style="QuestFont"/>
		  <NormalTexture file="Interface\AddOns\Sudoku\emptyText">
			<TexCoords left="0" right="1" top="0" bottom="1" />
          </NormalTexture>

		  <PushedTexture file="Interface\AddOns\Sudoku\emptyText">
			<TexCoords left="0" right="1" top="0" bottom="1" />
          </PushedTexture>
		  <HighlightTexture file="Interface\AddOns\Sudoku\emptyText">
			<TexCoords left="0" right="1" top="0" bottom="1" />
          </HighlightTexture>
        </Button>
		
		<Button name="$parentx4y2" hidden="false" font="Fonts\FRIZQT__.TTF" text = "3" >
          <Size>
            <AbsDimension x="20" y="20" />
          </Size>
          <Anchors>
            <Anchor point="TOP">
              <Offset>
                <AbsDimension x="-40" y="-91" />
              </Offset>
            </Anchor>
          </Anchors>
		<ButtonText name="$parentNormalText">
			<Anchors>
				<Anchor point="CENTER">
					<Offset x="0" y="0"/>
				</Anchor>
			</Anchors>
		</ButtonText>
		<NormalFont style="QuestFont"/>
		<HighlightFont style="QuestFont"/>
		<DisabledFont style="QuestFont"/>
		  <NormalTexture file="Interface\AddOns\Sudoku\emptyText">
			<TexCoords left="0" right="1" top="0" bottom="1" />
          </NormalTexture>

		  <PushedTexture file="Interface\AddOns\Sudoku\emptyText">
			<TexCoords left="0" right="1" top="0" bottom="1" />
          </PushedTexture>
		  <HighlightTexture file="Interface\AddOns\Sudoku\emptyText">
			<TexCoords left="0" right="1" top="0" bottom="1" />
          </HighlightTexture>
        </Button>
		
		<Button name="$parentx4y3" hidden="false" font="Fonts\FRIZQT__.TTF" text = "4" >
          <Size>
            <AbsDimension x="20" y="20" />
          </Size>
          <Anchors>
            <Anchor point="TOP">
              <Offset>
                <AbsDimension x="-20" y="-91" />
              </Offset>
            </Anchor>
          </Anchors>
		<ButtonText name="$parentNormalText">
			<Anchors>
				<Anchor point="CENTER">
					<Offset x="0" y="0"/>
				</Anchor>
			</Anchors>
		</ButtonText>
		<NormalFont style="QuestFont"/>
		<HighlightFont style="QuestFont"/>
		<DisabledFont style="QuestFont"/>
		  <NormalTexture file="Interface\AddOns\Sudoku\emptyText">
			<TexCoords left="0" right="1" top="0" bottom="1" />
          </NormalTexture>

		  <PushedTexture file="Interface\AddOns\Sudoku\emptyText">
			<TexCoords left="0" right="1" top="0" bottom="1" />
          </PushedTexture>
		  <HighlightTexture file="Interface\AddOns\Sudoku\emptyText">
			<TexCoords left="0" right="1" top="0" bottom="1" />
          </HighlightTexture>
        </Button>
		
		<Button name="$parentx4y4" hidden="false" font="Fonts\FRIZQT__.TTF" text = "5" >
          <Size>
            <AbsDimension x="20" y="20" />
          </Size>
          <Anchors>
            <Anchor point="TOP">
              <Offset>
                <AbsDimension x="0" y="-91" />
              </Offset>
            </Anchor>
          </Anchors>
		<ButtonText name="$parentNormalText">
			<Anchors>
				<Anchor point="CENTER">
					<Offset x="0" y="0"/>
				</Anchor>
			</Anchors>
		</ButtonText>
		<NormalFont style="QuestFont"/>
		<HighlightFont style="QuestFont"/>
		<DisabledFont style="QuestFont"/>
		  <NormalTexture file="Interface\AddOns\Sudoku\emptyText">
			<TexCoords left="0" right="1" top="0" bottom="1" />
          </NormalTexture>

		  <PushedTexture file="Interface\AddOns\Sudoku\emptyText">
			<TexCoords left="0" right="1" top="0" bottom="1" />
          </PushedTexture>
		  <HighlightTexture file="Interface\AddOns\Sudoku\emptyText">
			<TexCoords left="0" right="1" top="0" bottom="1" />
          </HighlightTexture>
        </Button>
		
		<Button name="$parentx4y5" hidden="false" font="Fonts\FRIZQT__.TTF" text = "6" >
          <Size>
            <AbsDimension x="20" y="20" />
          </Size>
          <Anchors>
            <Anchor point="TOP">
              <Offset>
                <AbsDimension x="20" y="-91" />
              </Offset>
            </Anchor>
          </Anchors>
		<ButtonText name="$parentNormalText">
			<Anchors>
				<Anchor point="CENTER">
					<Offset x="0" y="0"/>
				</Anchor>
			</Anchors>
		</ButtonText>
		<NormalFont style="QuestFont"/>
		<HighlightFont style="QuestFont"/>
		<DisabledFont style="QuestFont"/>
		  <NormalTexture file="Interface\AddOns\Sudoku\emptyText">
			<TexCoords left="0" right="1" top="0" bottom="1" />
          </NormalTexture>

		  <PushedTexture file="Interface\AddOns\Sudoku\emptyText">
			<TexCoords left="0" right="1" top="0" bottom="1" />
          </PushedTexture>
		  <HighlightTexture file="Interface\AddOns\Sudoku\emptyText">
			<TexCoords left="0" right="1" top="0" bottom="1" />
          </HighlightTexture>
        </Button>
		
		<Button name="$parentx4y6" hidden="false" font="Fonts\FRIZQT__.TTF" text = "7" >
          <Size>
            <AbsDimension x="20" y="20" />
          </Size>
          <Anchors>
            <Anchor point="TOP">
              <Offset>
                <AbsDimension x="40" y="-91" />
              </Offset>
            </Anchor>
          </Anchors>
		<ButtonText name="$parentNormalText">
			<Anchors>
				<Anchor point="CENTER">
					<Offset x="0" y="0"/>
				</Anchor>
			</Anchors>
		</ButtonText>
		<NormalFont style="QuestFont"/>
		<HighlightFont style="QuestFont"/>
		<DisabledFont style="QuestFont"/>
		  <NormalTexture file="Interface\AddOns\Sudoku\emptyText">
			<TexCoords left="0" right="1" top="0" bottom="1" />
          </NormalTexture>

		  <PushedTexture file="Interface\AddOns\Sudoku\emptyText">
			<TexCoords left="0" right="1" top="0" bottom="1" />
          </PushedTexture>
		  <HighlightTexture file="Interface\AddOns\Sudoku\emptyText">
			<TexCoords left="0" right="1" top="0" bottom="1" />
          </HighlightTexture>
        </Button>
		
		<Button name="$parentx4y7" hidden="false" font="Fonts\FRIZQT__.TTF" text = "8" >
          <Size>
            <AbsDimension x="20" y="20" />
          </Size>
          <Anchors>
            <Anchor point="TOP">
              <Offset>
                <AbsDimension x="60" y="-91" />
              </Offset>
            </Anchor>
          </Anchors>
		<ButtonText name="$parentNormalText">
			<Anchors>
				<Anchor point="CENTER">
					<Offset x="0" y="0"/>
				</Anchor>
			</Anchors>
		</ButtonText>
		<NormalFont style="QuestFont"/>
		<HighlightFont style="QuestFont"/>
		<DisabledFont style="QuestFont"/>
		  <NormalTexture file="Interface\AddOns\Sudoku\emptyText">
			<TexCoords left="0" right="1" top="0" bottom="1" />
          </NormalTexture>

		  <PushedTexture file="Interface\AddOns\Sudoku\emptyText">
			<TexCoords left="0" right="1" top="0" bottom="1" />
          </PushedTexture>
		  <HighlightTexture file="Interface\AddOns\Sudoku\emptyText">
			<TexCoords left="0" right="1" top="0" bottom="1" />
          </HighlightTexture>
        </Button>
		
		<Button name="$parentx4y8" hidden="false" font="Fonts\FRIZQT__.TTF" text = "9" >
          <Size>
            <AbsDimension x="20" y="20" />
          </Size>
          <Anchors>
            <Anchor point="TOP">
              <Offset>
                <AbsDimension x="80" y="-91" />
              </Offset>
            </Anchor>
          </Anchors>
		<ButtonText name="$parentNormalText">
			<Anchors>
				<Anchor point="CENTER">
					<Offset x="0" y="0"/>
				</Anchor>
			</Anchors>
		</ButtonText>
		<NormalFont style="QuestFont"/>
		<HighlightFont style="QuestFont"/>
		<DisabledFont style="QuestFont"/>
		  <NormalTexture file="Interface\AddOns\Sudoku\emptyText">
			<TexCoords left="0" right="1" top="0" bottom="1" />
          </NormalTexture>

		  <PushedTexture file="Interface\AddOns\Sudoku\emptyText">
			<TexCoords left="0" right="1" top="0" bottom="1" />
          </PushedTexture>
		  <HighlightTexture file="Interface\AddOns\Sudoku\emptyText">
			<TexCoords left="0" right="1" top="0" bottom="1" />
          </HighlightTexture>
        </Button>
		
		
		
		<Button name="$parentx5y0" hidden="false" font="Fonts\FRIZQT__.TTF" text = "1" >
          <Size>
            <AbsDimension x="20" y="20" />
          </Size>
          <Anchors>
            <Anchor point="TOP">
              <Offset>
                <AbsDimension x="-80" y="-111" />
              </Offset>
            </Anchor>
          </Anchors>
		<ButtonText name="$parentNormalText">
			<Anchors>
				<Anchor point="CENTER">
					<Offset x="0" y="0"/>
				</Anchor>
			</Anchors>
		</ButtonText>
		<NormalFont style="QuestFont"/>
		<HighlightFont style="QuestFont"/>
		<DisabledFont style="QuestFont"/>
		  <NormalTexture file="Interface\AddOns\Sudoku\emptyText">
			<TexCoords left="0" right="1" top="0" bottom="1" />
          </NormalTexture>

		  <PushedTexture file="Interface\AddOns\Sudoku\emptyText">
			<TexCoords left="0" right="1" top="0" bottom="1" />
          </PushedTexture>
		  <HighlightTexture file="Interface\AddOns\Sudoku\emptyText">
			<TexCoords left="0" right="1" top="0" bottom="1" />
          </HighlightTexture>
        </Button>
		
		<Button name="$parentx5y1" hidden="false" font="Fonts\FRIZQT__.TTF" text = "2" >
          <Size>
            <AbsDimension x="20" y="20" />
          </Size>
          <Anchors>
            <Anchor point="TOP">
              <Offset>
                <AbsDimension x="-60" y="-111" />
              </Offset>
            </Anchor>
          </Anchors>
		<ButtonText name="$parentNormalText">
			<Anchors>
				<Anchor point="CENTER">
					<Offset x="0" y="0"/>
				</Anchor>
			</Anchors>
		</ButtonText>
		<NormalFont style="QuestFont"/>
		<HighlightFont style="QuestFont"/>
		<DisabledFont style="QuestFont"/>
		  <NormalTexture file="Interface\AddOns\Sudoku\emptyText">
			<TexCoords left="0" right="1" top="0" bottom="1" />
          </NormalTexture>

		  <PushedTexture file="Interface\AddOns\Sudoku\emptyText">
			<TexCoords left="0" right="1" top="0" bottom="1" />
          </PushedTexture>
		  <HighlightTexture file="Interface\AddOns\Sudoku\emptyText">
			<TexCoords left="0" right="1" top="0" bottom="1" />
          </HighlightTexture>
        </Button>
		
		<Button name="$parentx5y2" hidden="false" font="Fonts\FRIZQT__.TTF" text = "3" >
          <Size>
            <AbsDimension x="20" y="20" />
          </Size>
          <Anchors>
            <Anchor point="TOP">
              <Offset>
                <AbsDimension x="-40" y="-111" />
              </Offset>
            </Anchor>
          </Anchors>
		<ButtonText name="$parentNormalText">
			<Anchors>
				<Anchor point="CENTER">
					<Offset x="0" y="0"/>
				</Anchor>
			</Anchors>
		</ButtonText>
		<NormalFont style="QuestFont"/>
		<HighlightFont style="QuestFont"/>
		<DisabledFont style="QuestFont"/>
		  <NormalTexture file="Interface\AddOns\Sudoku\emptyText">
			<TexCoords left="0" right="1" top="0" bottom="1" />
          </NormalTexture>

		  <PushedTexture file="Interface\AddOns\Sudoku\emptyText">
			<TexCoords left="0" right="1" top="0" bottom="1" />
          </PushedTexture>
		  <HighlightTexture file="Interface\AddOns\Sudoku\emptyText">
			<TexCoords left="0" right="1" top="0" bottom="1" />
          </HighlightTexture>
        </Button>
		
		<Button name="$parentx5y3" hidden="false" font="Fonts\FRIZQT__.TTF" text = "4" >
          <Size>
            <AbsDimension x="20" y="20" />
          </Size>
          <Anchors>
            <Anchor point="TOP">
              <Offset>
                <AbsDimension x="-20" y="-111" />
              </Offset>
            </Anchor>
          </Anchors>
		<ButtonText name="$parentNormalText">
			<Anchors>
				<Anchor point="CENTER">
					<Offset x="0" y="0"/>
				</Anchor>
			</Anchors>
		</ButtonText>
		<NormalFont style="QuestFont"/>
		<HighlightFont style="QuestFont"/>
		<DisabledFont style="QuestFont"/>
		  <NormalTexture file="Interface\AddOns\Sudoku\emptyText">
			<TexCoords left="0" right="1" top="0" bottom="1" />
          </NormalTexture>

		  <PushedTexture file="Interface\AddOns\Sudoku\emptyText">
			<TexCoords left="0" right="1" top="0" bottom="1" />
          </PushedTexture>
		  <HighlightTexture file="Interface\AddOns\Sudoku\emptyText">
			<TexCoords left="0" right="1" top="0" bottom="1" />
          </HighlightTexture>
        </Button>
		
		<Button name="$parentx5y4" hidden="false" font="Fonts\FRIZQT__.TTF" text = "5" >
          <Size>
            <AbsDimension x="20" y="20" />
          </Size>
          <Anchors>
            <Anchor point="TOP">
              <Offset>
                <AbsDimension x="0" y="-111" />
              </Offset>
            </Anchor>
          </Anchors>
		<ButtonText name="$parentNormalText">
			<Anchors>
				<Anchor point="CENTER">
					<Offset x="0" y="0"/>
				</Anchor>
			</Anchors>
		</ButtonText>
		<NormalFont style="QuestFont"/>
		<HighlightFont style="QuestFont"/>
		<DisabledFont style="QuestFont"/>
		  <NormalTexture file="Interface\AddOns\Sudoku\emptyText">
			<TexCoords left="0" right="1" top="0" bottom="1" />
          </NormalTexture>

		  <PushedTexture file="Interface\AddOns\Sudoku\emptyText">
			<TexCoords left="0" right="1" top="0" bottom="1" />
          </PushedTexture>
		  <HighlightTexture file="Interface\AddOns\Sudoku\emptyText">
			<TexCoords left="0" right="1" top="0" bottom="1" />
          </HighlightTexture>
        </Button>
		
		<Button name="$parentx5y5" hidden="false" font="Fonts\FRIZQT__.TTF" text = "6" >
          <Size>
            <AbsDimension x="20" y="20" />
          </Size>
          <Anchors>
            <Anchor point="TOP">
              <Offset>
                <AbsDimension x="20" y="-111" />
              </Offset>
            </Anchor>
          </Anchors>
		<ButtonText name="$parentNormalText">
			<Anchors>
				<Anchor point="CENTER">
					<Offset x="0" y="0"/>
				</Anchor>
			</Anchors>
		</ButtonText>
		<NormalFont style="QuestFont"/>
		<HighlightFont style="QuestFont"/>
		<DisabledFont style="QuestFont"/>
		  <NormalTexture file="Interface\AddOns\Sudoku\emptyText">
			<TexCoords left="0" right="1" top="0" bottom="1" />
          </NormalTexture>

		  <PushedTexture file="Interface\AddOns\Sudoku\emptyText">
			<TexCoords left="0" right="1" top="0" bottom="1" />
          </PushedTexture>
		  <HighlightTexture file="Interface\AddOns\Sudoku\emptyText">
			<TexCoords left="0" right="1" top="0" bottom="1" />
          </HighlightTexture>
        </Button>
		
		<Button name="$parentx5y6" hidden="false" font="Fonts\FRIZQT__.TTF" text = "7" >
          <Size>
            <AbsDimension x="20" y="20" />
          </Size>
          <Anchors>
            <Anchor point="TOP">
              <Offset>
                <AbsDimension x="40" y="-111" />
              </Offset>
            </Anchor>
          </Anchors>
		<ButtonText name="$parentNormalText">
			<Anchors>
				<Anchor point="CENTER">
					<Offset x="0" y="0"/>
				</Anchor>
			</Anchors>
		</ButtonText>
		<NormalFont style="QuestFont"/>
		<HighlightFont style="QuestFont"/>
		<DisabledFont style="QuestFont"/>
		  <NormalTexture file="Interface\AddOns\Sudoku\emptyText">
			<TexCoords left="0" right="1" top="0" bottom="1" />
          </NormalTexture>

		  <PushedTexture file="Interface\AddOns\Sudoku\emptyText">
			<TexCoords left="0" right="1" top="0" bottom="1" />
          </PushedTexture>
		  <HighlightTexture file="Interface\AddOns\Sudoku\emptyText">
			<TexCoords left="0" right="1" top="0" bottom="1" />
          </HighlightTexture>
        </Button>
		
		<Button name="$parentx5y7" hidden="false" font="Fonts\FRIZQT__.TTF" text = "8" >
          <Size>
            <AbsDimension x="20" y="20" />
          </Size>
          <Anchors>
            <Anchor point="TOP">
              <Offset>
                <AbsDimension x="60" y="-111" />
              </Offset>
            </Anchor>
          </Anchors>
		<ButtonText name="$parentNormalText">
			<Anchors>
				<Anchor point="CENTER">
					<Offset x="0" y="0"/>
				</Anchor>
			</Anchors>
		</ButtonText>
		<NormalFont style="QuestFont"/>
		<HighlightFont style="QuestFont"/>
		<DisabledFont style="QuestFont"/>
		  <NormalTexture file="Interface\AddOns\Sudoku\emptyText">
			<TexCoords left="0" right="1" top="0" bottom="1" />
          </NormalTexture>

		  <PushedTexture file="Interface\AddOns\Sudoku\emptyText">
			<TexCoords left="0" right="1" top="0" bottom="1" />
          </PushedTexture>
		  <HighlightTexture file="Interface\AddOns\Sudoku\emptyText">
			<TexCoords left="0" right="1" top="0" bottom="1" />
          </HighlightTexture>
        </Button>
		
		<Button name="$parentx5y8" hidden="false" font="Fonts\FRIZQT__.TTF" text = "9" >
          <Size>
            <AbsDimension x="20" y="20" />
          </Size>
          <Anchors>
            <Anchor point="TOP">
              <Offset>
                <AbsDimension x="80" y="-111" />
              </Offset>
            </Anchor>
          </Anchors>
		<ButtonText name="$parentNormalText">
			<Anchors>
				<Anchor point="CENTER">
					<Offset x="0" y="0"/>
				</Anchor>
			</Anchors>
		</ButtonText>
		<NormalFont style="QuestFont"/>
		<HighlightFont style="QuestFont"/>
		<DisabledFont style="QuestFont"/>
		  <NormalTexture file="Interface\AddOns\Sudoku\emptyText">
			<TexCoords left="0" right="1" top="0" bottom="1" />
          </NormalTexture>

		  <PushedTexture file="Interface\AddOns\Sudoku\emptyText">
			<TexCoords left="0" right="1" top="0" bottom="1" />
          </PushedTexture>
		  <HighlightTexture file="Interface\AddOns\Sudoku\emptyText">
			<TexCoords left="0" right="1" top="0" bottom="1" />
          </HighlightTexture>
        </Button>
		
		
		<Button name="$parentx6y0" hidden="false" font="Fonts\FRIZQT__.TTF" text = "1" >
          <Size>
            <AbsDimension x="20" y="20" />
          </Size>
          <Anchors>
            <Anchor point="TOP">
              <Offset>
                <AbsDimension x="-80" y="-131" />
              </Offset>
            </Anchor>
          </Anchors>
		<ButtonText name="$parentNormalText">
			<Anchors>
				<Anchor point="CENTER">
					<Offset x="0" y="0"/>
				</Anchor>
			</Anchors>
		</ButtonText>
		<NormalFont style="QuestFont"/>
		<HighlightFont style="QuestFont"/>
		<DisabledFont style="QuestFont"/>
		  <NormalTexture file="Interface\AddOns\Sudoku\emptyText">
			<TexCoords left="0" right="1" top="0" bottom="1" />
          </NormalTexture>

		  <PushedTexture file="Interface\AddOns\Sudoku\emptyText">
			<TexCoords left="0" right="1" top="0" bottom="1" />
          </PushedTexture>
		  <HighlightTexture file="Interface\AddOns\Sudoku\emptyText">
			<TexCoords left="0" right="1" top="0" bottom="1" />
          </HighlightTexture>
        </Button>
		
		<Button name="$parentx6y1" hidden="false" font="Fonts\FRIZQT__.TTF" text = "2" >
          <Size>
            <AbsDimension x="20" y="20" />
          </Size>
          <Anchors>
            <Anchor point="TOP">
              <Offset>
                <AbsDimension x="-60" y="-131" />
              </Offset>
            </Anchor>
          </Anchors>
		<ButtonText name="$parentNormalText">
			<Anchors>
				<Anchor point="CENTER">
					<Offset x="0" y="0"/>
				</Anchor>
			</Anchors>
		</ButtonText>
		<NormalFont style="QuestFont"/>
		<HighlightFont style="QuestFont"/>
		<DisabledFont style="QuestFont"/>
		  <NormalTexture file="Interface\AddOns\Sudoku\emptyText">
			<TexCoords left="0" right="1" top="0" bottom="1" />
          </NormalTexture>

		  <PushedTexture file="Interface\AddOns\Sudoku\emptyText">
			<TexCoords left="0" right="1" top="0" bottom="1" />
          </PushedTexture>
		  <HighlightTexture file="Interface\AddOns\Sudoku\emptyText">
			<TexCoords left="0" right="1" top="0" bottom="1" />
          </HighlightTexture>
        </Button>
		
		<Button name="$parentx6y2" hidden="false" font="Fonts\FRIZQT__.TTF" text = "3" >
          <Size>
            <AbsDimension x="20" y="20" />
          </Size>
          <Anchors>
            <Anchor point="TOP">
              <Offset>
                <AbsDimension x="-40" y="-131" />
              </Offset>
            </Anchor>
          </Anchors>
		<ButtonText name="$parentNormalText">
			<Anchors>
				<Anchor point="CENTER">
					<Offset x="0" y="0"/>
				</Anchor>
			</Anchors>
		</ButtonText>
		<NormalFont style="QuestFont"/>
		<HighlightFont style="QuestFont"/>
		<DisabledFont style="QuestFont"/>
		  <NormalTexture file="Interface\AddOns\Sudoku\emptyText">
			<TexCoords left="0" right="1" top="0" bottom="1" />
          </NormalTexture>

		  <PushedTexture file="Interface\AddOns\Sudoku\emptyText">
			<TexCoords left="0" right="1" top="0" bottom="1" />
          </PushedTexture>
		  <HighlightTexture file="Interface\AddOns\Sudoku\emptyText">
			<TexCoords left="0" right="1" top="0" bottom="1" />
          </HighlightTexture>
        </Button>
		
		<Button name="$parentx6y3" hidden="false" font="Fonts\FRIZQT__.TTF" text = "4" >
          <Size>
            <AbsDimension x="20" y="20" />
          </Size>
          <Anchors>
            <Anchor point="TOP">
              <Offset>
                <AbsDimension x="-20" y="-131" />
              </Offset>
            </Anchor>
          </Anchors>
		<ButtonText name="$parentNormalText">
			<Anchors>
				<Anchor point="CENTER">
					<Offset x="0" y="0"/>
				</Anchor>
			</Anchors>
		</ButtonText>
		<NormalFont style="QuestFont"/>
		<HighlightFont style="QuestFont"/>
		<DisabledFont style="QuestFont"/>
		  <NormalTexture file="Interface\AddOns\Sudoku\emptyText">
			<TexCoords left="0" right="1" top="0" bottom="1" />
          </NormalTexture>

		  <PushedTexture file="Interface\AddOns\Sudoku\emptyText">
			<TexCoords left="0" right="1" top="0" bottom="1" />
          </PushedTexture>
		  <HighlightTexture file="Interface\AddOns\Sudoku\emptyText">
			<TexCoords left="0" right="1" top="0" bottom="1" />
          </HighlightTexture>
        </Button>
		
		<Button name="$parentx6y4" hidden="false" font="Fonts\FRIZQT__.TTF" text = "5" >
          <Size>
            <AbsDimension x="20" y="20" />
          </Size>
          <Anchors>
            <Anchor point="TOP">
              <Offset>
                <AbsDimension x="0" y="-131" />
              </Offset>
            </Anchor>
          </Anchors>
		<ButtonText name="$parentNormalText">
			<Anchors>
				<Anchor point="CENTER">
					<Offset x="0" y="0"/>
				</Anchor>
			</Anchors>
		</ButtonText>
		<NormalFont style="QuestFont"/>
		<HighlightFont style="QuestFont"/>
		<DisabledFont style="QuestFont"/>
		  <NormalTexture file="Interface\AddOns\Sudoku\emptyText">
			<TexCoords left="0" right="1" top="0" bottom="1" />
          </NormalTexture>

		  <PushedTexture file="Interface\AddOns\Sudoku\emptyText">
			<TexCoords left="0" right="1" top="0" bottom="1" />
          </PushedTexture>
		  <HighlightTexture file="Interface\AddOns\Sudoku\emptyText">
			<TexCoords left="0" right="1" top="0" bottom="1" />
          </HighlightTexture>
        </Button>
		
		<Button name="$parentx6y5" hidden="false" font="Fonts\FRIZQT__.TTF" text = "6" >
          <Size>
            <AbsDimension x="20" y="20" />
          </Size>
          <Anchors>
            <Anchor point="TOP">
              <Offset>
                <AbsDimension x="20" y="-131" />
              </Offset>
            </Anchor>
          </Anchors>
		<ButtonText name="$parentNormalText">
			<Anchors>
				<Anchor point="CENTER">
					<Offset x="0" y="0"/>
				</Anchor>
			</Anchors>
		</ButtonText>
		<NormalFont style="QuestFont"/>
		<HighlightFont style="QuestFont"/>
		<DisabledFont style="QuestFont"/>
		  <NormalTexture file="Interface\AddOns\Sudoku\emptyText">
			<TexCoords left="0" right="1" top="0" bottom="1" />
          </NormalTexture>

		  <PushedTexture file="Interface\AddOns\Sudoku\emptyText">
			<TexCoords left="0" right="1" top="0" bottom="1" />
          </PushedTexture>
		  <HighlightTexture file="Interface\AddOns\Sudoku\emptyText">
			<TexCoords left="0" right="1" top="0" bottom="1" />
          </HighlightTexture>
        </Button>
		
		<Button name="$parentx6y6" hidden="false" font="Fonts\FRIZQT__.TTF" text = "7" >
          <Size>
            <AbsDimension x="20" y="20" />
          </Size>
          <Anchors>
            <Anchor point="TOP">
              <Offset>
                <AbsDimension x="40" y="-131" />
              </Offset>
            </Anchor>
          </Anchors>
		<ButtonText name="$parentNormalText">
			<Anchors>
				<Anchor point="CENTER">
					<Offset x="0" y="0"/>
				</Anchor>
			</Anchors>
		</ButtonText>
		<NormalFont style="QuestFont"/>
		<HighlightFont style="QuestFont"/>
		<DisabledFont style="QuestFont"/>
		  <NormalTexture file="Interface\AddOns\Sudoku\emptyText">
			<TexCoords left="0" right="1" top="0" bottom="1" />
          </NormalTexture>

		  <PushedTexture file="Interface\AddOns\Sudoku\emptyText">
			<TexCoords left="0" right="1" top="0" bottom="1" />
          </PushedTexture>
		  <HighlightTexture file="Interface\AddOns\Sudoku\emptyText">
			<TexCoords left="0" right="1" top="0" bottom="1" />
          </HighlightTexture>
        </Button>
		
		<Button name="$parentx6y7" hidden="false" font="Fonts\FRIZQT__.TTF" text = "8" >
          <Size>
            <AbsDimension x="20" y="20" />
          </Size>
          <Anchors>
            <Anchor point="TOP">
              <Offset>
                <AbsDimension x="60" y="-131" />
              </Offset>
            </Anchor>
          </Anchors>
		<ButtonText name="$parentNormalText">
			<Anchors>
				<Anchor point="CENTER">
					<Offset x="0" y="0"/>
				</Anchor>
			</Anchors>
		</ButtonText>
		<NormalFont style="QuestFont"/>
		<HighlightFont style="QuestFont"/>
		<DisabledFont style="QuestFont"/>
		  <NormalTexture file="Interface\AddOns\Sudoku\emptyText">
			<TexCoords left="0" right="1" top="0" bottom="1" />
          </NormalTexture>

		  <PushedTexture file="Interface\AddOns\Sudoku\emptyText">
			<TexCoords left="0" right="1" top="0" bottom="1" />
          </PushedTexture>
		  <HighlightTexture file="Interface\AddOns\Sudoku\emptyText">
			<TexCoords left="0" right="1" top="0" bottom="1" />
          </HighlightTexture>
        </Button>
		
		<Button name="$parentx6y8" hidden="false" font="Fonts\FRIZQT__.TTF" text = "9" >
          <Size>
            <AbsDimension x="20" y="20" />
          </Size>
          <Anchors>
            <Anchor point="TOP">
              <Offset>
                <AbsDimension x="80" y="-131" />
              </Offset>
            </Anchor>
          </Anchors>
		<ButtonText name="$parentNormalText">
			<Anchors>
				<Anchor point="CENTER">
					<Offset x="0" y="0"/>
				</Anchor>
			</Anchors>
		</ButtonText>
		<NormalFont style="QuestFont"/>
		<HighlightFont style="QuestFont"/>
		<DisabledFont style="QuestFont"/>
		  <NormalTexture file="Interface\AddOns\Sudoku\emptyText">
			<TexCoords left="0" right="1" top="0" bottom="1" />
          </NormalTexture>

		  <PushedTexture file="Interface\AddOns\Sudoku\emptyText">
			<TexCoords left="0" right="1" top="0" bottom="1" />
          </PushedTexture>
		  <HighlightTexture file="Interface\AddOns\Sudoku\emptyText">
			<TexCoords left="0" right="1" top="0" bottom="1" />
          </HighlightTexture>
        </Button>
		
		
		
		<Button name="$parentx7y0" hidden="false" font="Fonts\FRIZQT__.TTF" text = "1" >
          <Size>
            <AbsDimension x="20" y="20" />
          </Size>
          <Anchors>
            <Anchor point="TOP">
              <Offset>
                <AbsDimension x="-80" y="-151" />
              </Offset>
            </Anchor>
          </Anchors>
		<ButtonText name="$parentNormalText">
			<Anchors>
				<Anchor point="CENTER">
					<Offset x="0" y="0"/>
				</Anchor>
			</Anchors>
		</ButtonText>
		<NormalFont style="QuestFont"/>
		<HighlightFont style="QuestFont"/>
		<DisabledFont style="QuestFont"/>
		  <NormalTexture file="Interface\AddOns\Sudoku\emptyText">
			<TexCoords left="0" right="1" top="0" bottom="1" />
          </NormalTexture>

		  <PushedTexture file="Interface\AddOns\Sudoku\emptyText">
			<TexCoords left="0" right="1" top="0" bottom="1" />
          </PushedTexture>
		  <HighlightTexture file="Interface\AddOns\Sudoku\emptyText">
			<TexCoords left="0" right="1" top="0" bottom="1" />
          </HighlightTexture>
        </Button>
		
		<Button name="$parentx7y1" hidden="false" font="Fonts\FRIZQT__.TTF" text = "2" >
          <Size>
            <AbsDimension x="20" y="20" />
          </Size>
          <Anchors>
            <Anchor point="TOP">
              <Offset>
                <AbsDimension x="-60" y="-151" />
              </Offset>
            </Anchor>
          </Anchors>
		<ButtonText name="$parentNormalText">
			<Anchors>
				<Anchor point="CENTER">
					<Offset x="0" y="0"/>
				</Anchor>
			</Anchors>
		</ButtonText>
		<NormalFont style="QuestFont"/>
		<HighlightFont style="QuestFont"/>
		<DisabledFont style="QuestFont"/>
		  <NormalTexture file="Interface\AddOns\Sudoku\emptyText">
			<TexCoords left="0" right="1" top="0" bottom="1" />
          </NormalTexture>

		  <PushedTexture file="Interface\AddOns\Sudoku\emptyText">
			<TexCoords left="0" right="1" top="0" bottom="1" />
          </PushedTexture>
		  <HighlightTexture file="Interface\AddOns\Sudoku\emptyText">
			<TexCoords left="0" right="1" top="0" bottom="1" />
          </HighlightTexture>
        </Button>
		
		<Button name="$parentx7y2" hidden="false" font="Fonts\FRIZQT__.TTF" text = "3" >
          <Size>
            <AbsDimension x="20" y="20" />
          </Size>
          <Anchors>
            <Anchor point="TOP">
              <Offset>
                <AbsDimension x="-40" y="-151" />
              </Offset>
            </Anchor>
          </Anchors>
		<ButtonText name="$parentNormalText">
			<Anchors>
				<Anchor point="CENTER">
					<Offset x="0" y="0"/>
				</Anchor>
			</Anchors>
		</ButtonText>
		<NormalFont style="QuestFont"/>
		<HighlightFont style="QuestFont"/>
		<DisabledFont style="QuestFont"/>
		  <NormalTexture file="Interface\AddOns\Sudoku\emptyText">
			<TexCoords left="0" right="1" top="0" bottom="1" />
          </NormalTexture>

		  <PushedTexture file="Interface\AddOns\Sudoku\emptyText">
			<TexCoords left="0" right="1" top="0" bottom="1" />
          </PushedTexture>
		  <HighlightTexture file="Interface\AddOns\Sudoku\emptyText">
			<TexCoords left="0" right="1" top="0" bottom="1" />
          </HighlightTexture>
        </Button>
		
		<Button name="$parentx7y3" hidden="false" font="Fonts\FRIZQT__.TTF" text = "4" >
          <Size>
            <AbsDimension x="20" y="20" />
          </Size>
          <Anchors>
            <Anchor point="TOP">
              <Offset>
                <AbsDimension x="-20" y="-151" />
              </Offset>
            </Anchor>
          </Anchors>
		<ButtonText name="$parentNormalText">
			<Anchors>
				<Anchor point="CENTER">
					<Offset x="0" y="0"/>
				</Anchor>
			</Anchors>
		</ButtonText>
		<NormalFont style="QuestFont"/>
		<HighlightFont style="QuestFont"/>
		<DisabledFont style="QuestFont"/>
		  <NormalTexture file="Interface\AddOns\Sudoku\emptyText">
			<TexCoords left="0" right="1" top="0" bottom="1" />
          </NormalTexture>

		  <PushedTexture file="Interface\AddOns\Sudoku\emptyText">
			<TexCoords left="0" right="1" top="0" bottom="1" />
          </PushedTexture>
		  <HighlightTexture file="Interface\AddOns\Sudoku\emptyText">
			<TexCoords left="0" right="1" top="0" bottom="1" />
          </HighlightTexture>
        </Button>
		
		<Button name="$parentx7y4" hidden="false" font="Fonts\FRIZQT__.TTF" text = "5" >
          <Size>
            <AbsDimension x="20" y="20" />
          </Size>
          <Anchors>
            <Anchor point="TOP">
              <Offset>
                <AbsDimension x="0" y="-151" />
              </Offset>
            </Anchor>
          </Anchors>
		<ButtonText name="$parentNormalText">
			<Anchors>
				<Anchor point="CENTER">
					<Offset x="0" y="0"/>
				</Anchor>
			</Anchors>
		</ButtonText>
		<NormalFont style="QuestFont"/>
		<HighlightFont style="QuestFont"/>
		<DisabledFont style="QuestFont"/>
		  <NormalTexture file="Interface\AddOns\Sudoku\emptyText">
			<TexCoords left="0" right="1" top="0" bottom="1" />
          </NormalTexture>

		  <PushedTexture file="Interface\AddOns\Sudoku\emptyText">
			<TexCoords left="0" right="1" top="0" bottom="1" />
          </PushedTexture>
		  <HighlightTexture file="Interface\AddOns\Sudoku\emptyText">
			<TexCoords left="0" right="1" top="0" bottom="1" />
          </HighlightTexture>
        </Button>
		
		<Button name="$parentx7y5" hidden="false" font="Fonts\FRIZQT__.TTF" text = "6" >
          <Size>
            <AbsDimension x="20" y="20" />
          </Size>
          <Anchors>
            <Anchor point="TOP">
              <Offset>
                <AbsDimension x="20" y="-151" />
              </Offset>
            </Anchor>
          </Anchors>
		<ButtonText name="$parentNormalText">
			<Anchors>
				<Anchor point="CENTER">
					<Offset x="0" y="0"/>
				</Anchor>
			</Anchors>
		</ButtonText>
		<NormalFont style="QuestFont"/>
		<HighlightFont style="QuestFont"/>
		<DisabledFont style="QuestFont"/>
		  <NormalTexture file="Interface\AddOns\Sudoku\emptyText">
			<TexCoords left="0" right="1" top="0" bottom="1" />
          </NormalTexture>

		  <PushedTexture file="Interface\AddOns\Sudoku\emptyText">
			<TexCoords left="0" right="1" top="0" bottom="1" />
          </PushedTexture>
		  <HighlightTexture file="Interface\AddOns\Sudoku\emptyText">
			<TexCoords left="0" right="1" top="0" bottom="1" />
          </HighlightTexture>
        </Button>
		
		<Button name="$parentx7y6" hidden="false" font="Fonts\FRIZQT__.TTF" text = "7" >
          <Size>
            <AbsDimension x="20" y="20" />
          </Size>
          <Anchors>
            <Anchor point="TOP">
              <Offset>
                <AbsDimension x="40" y="-151" />
              </Offset>
            </Anchor>
          </Anchors>
		<ButtonText name="$parentNormalText">
			<Anchors>
				<Anchor point="CENTER">
					<Offset x="0" y="0"/>
				</Anchor>
			</Anchors>
		</ButtonText>
		<NormalFont style="QuestFont"/>
		<HighlightFont style="QuestFont"/>
		<DisabledFont style="QuestFont"/>
		  <NormalTexture file="Interface\AddOns\Sudoku\emptyText">
			<TexCoords left="0" right="1" top="0" bottom="1" />
          </NormalTexture>

		  <PushedTexture file="Interface\AddOns\Sudoku\emptyText">
			<TexCoords left="0" right="1" top="0" bottom="1" />
          </PushedTexture>
		  <HighlightTexture file="Interface\AddOns\Sudoku\emptyText">
			<TexCoords left="0" right="1" top="0" bottom="1" />
          </HighlightTexture>
        </Button>
		
		<Button name="$parentx7y7" hidden="false" font="Fonts\FRIZQT__.TTF" text = "8" >
          <Size>
            <AbsDimension x="20" y="20" />
          </Size>
          <Anchors>
            <Anchor point="TOP">
              <Offset>
                <AbsDimension x="60" y="-151" />
              </Offset>
            </Anchor>
          </Anchors>
		<ButtonText name="$parentNormalText">
			<Anchors>
				<Anchor point="CENTER">
					<Offset x="0" y="0"/>
				</Anchor>
			</Anchors>
		</ButtonText>
		<NormalFont style="QuestFont"/>
		<HighlightFont style="QuestFont"/>
		<DisabledFont style="QuestFont"/>
		  <NormalTexture file="Interface\AddOns\Sudoku\emptyText">
			<TexCoords left="0" right="1" top="0" bottom="1" />
          </NormalTexture>

		  <PushedTexture file="Interface\AddOns\Sudoku\emptyText">
			<TexCoords left="0" right="1" top="0" bottom="1" />
          </PushedTexture>
		  <HighlightTexture file="Interface\AddOns\Sudoku\emptyText">
			<TexCoords left="0" right="1" top="0" bottom="1" />
          </HighlightTexture>
        </Button>
		
		<Button name="$parentx7y8" hidden="false" font="Fonts\FRIZQT__.TTF" text = "9" >
          <Size>
            <AbsDimension x="20" y="20" />
          </Size>
          <Anchors>
            <Anchor point="TOP">
              <Offset>
                <AbsDimension x="80" y="-151" />
              </Offset>
            </Anchor>
          </Anchors>
		<ButtonText name="$parentNormalText">
			<Anchors>
				<Anchor point="CENTER">
					<Offset x="0" y="0"/>
				</Anchor>
			</Anchors>
		</ButtonText>
		<NormalFont style="QuestFont"/>
		<HighlightFont style="QuestFont"/>
		<DisabledFont style="QuestFont"/>
		  <NormalTexture file="Interface\AddOns\Sudoku\emptyText">
			<TexCoords left="0" right="1" top="0" bottom="1" />
          </NormalTexture>

		  <PushedTexture file="Interface\AddOns\Sudoku\emptyText">
			<TexCoords left="0" right="1" top="0" bottom="1" />
          </PushedTexture>
		  <HighlightTexture file="Interface\AddOns\Sudoku\emptyText">
			<TexCoords left="0" right="1" top="0" bottom="1" />
          </HighlightTexture>
        </Button>
				
		<Button name="$parentx8y0" hidden="false" font="Fonts\FRIZQT__.TTF" text = "1" >
          <Size>
            <AbsDimension x="20" y="20" />
          </Size>
          <Anchors>
            <Anchor point="TOP">
              <Offset>
                <AbsDimension x="-80" y="-171" />
              </Offset>
            </Anchor>
          </Anchors>
		<ButtonText name="$parentNormalText">
			<Anchors>
				<Anchor point="CENTER">
					<Offset x="0" y="0"/>
				</Anchor>
			</Anchors>
		</ButtonText>
		<NormalFont style="QuestFont"/>
		<HighlightFont style="QuestFont"/>
		<DisabledFont style="QuestFont"/>
		  <NormalTexture file="Interface\AddOns\Sudoku\emptyText">
			<TexCoords left="0" right="1" top="0" bottom="1" />
          </NormalTexture>

		  <PushedTexture file="Interface\AddOns\Sudoku\emptyText">
			<TexCoords left="0" right="1" top="0" bottom="1" />
          </PushedTexture>
		  <HighlightTexture file="Interface\AddOns\Sudoku\emptyText">
			<TexCoords left="0" right="1" top="0" bottom="1" />
          </HighlightTexture>
        </Button>
		
		<Button name="$parentx8y1" hidden="false" font="Fonts\FRIZQT__.TTF" text = "2" >
          <Size>
            <AbsDimension x="20" y="20" />
          </Size>
          <Anchors>
            <Anchor point="TOP">
              <Offset>
                <AbsDimension x="-60" y="-171" />
              </Offset>
            </Anchor>
          </Anchors>
		<ButtonText name="$parentNormalText">
			<Anchors>
				<Anchor point="CENTER">
					<Offset x="0" y="0"/>
				</Anchor>
			</Anchors>
		</ButtonText>
		<NormalFont style="QuestFont"/>
		<HighlightFont style="QuestFont"/>
		<DisabledFont style="QuestFont"/>
		  <NormalTexture file="Interface\AddOns\Sudoku\emptyText">
			<TexCoords left="0" right="1" top="0" bottom="1" />
          </NormalTexture>

		  <PushedTexture file="Interface\AddOns\Sudoku\emptyText">
			<TexCoords left="0" right="1" top="0" bottom="1" />
          </PushedTexture>
		  <HighlightTexture file="Interface\AddOns\Sudoku\emptyText">
			<TexCoords left="0" right="1" top="0" bottom="1" />
          </HighlightTexture>
        </Button>
		
		<Button name="$parentx8y2" hidden="false" font="Fonts\FRIZQT__.TTF" text = "3" >
          <Size>
            <AbsDimension x="20" y="20" />
          </Size>
          <Anchors>
            <Anchor point="TOP">
              <Offset>
                <AbsDimension x="-40" y="-171" />
              </Offset>
            </Anchor>
          </Anchors>
		<ButtonText name="$parentNormalText">
			<Anchors>
				<Anchor point="CENTER">
					<Offset x="0" y="0"/>
				</Anchor>
			</Anchors>
		</ButtonText>
		<NormalFont style="QuestFont"/>
		<HighlightFont style="QuestFont"/>
		<DisabledFont style="QuestFont"/>
		  <NormalTexture file="Interface\AddOns\Sudoku\emptyText">
			<TexCoords left="0" right="1" top="0" bottom="1" />
          </NormalTexture>

		  <PushedTexture file="Interface\AddOns\Sudoku\emptyText">
			<TexCoords left="0" right="1" top="0" bottom="1" />
          </PushedTexture>
		  <HighlightTexture file="Interface\AddOns\Sudoku\emptyText">
			<TexCoords left="0" right="1" top="0" bottom="1" />
          </HighlightTexture>
        </Button>
		
		<Button name="$parentx8y3" hidden="false" font="Fonts\FRIZQT__.TTF" text = "4" >
          <Size>
            <AbsDimension x="20" y="20" />
          </Size>
          <Anchors>
            <Anchor point="TOP">
              <Offset>
                <AbsDimension x="-20" y="-171" />
              </Offset>
            </Anchor>
          </Anchors>
		<ButtonText name="$parentNormalText">
			<Anchors>
				<Anchor point="CENTER">
					<Offset x="0" y="0"/>
				</Anchor>
			</Anchors>
		</ButtonText>
		<NormalFont style="QuestFont"/>
		<HighlightFont style="QuestFont"/>
		<DisabledFont style="QuestFont"/>
		  <NormalTexture file="Interface\AddOns\Sudoku\emptyText">
			<TexCoords left="0" right="1" top="0" bottom="1" />
          </NormalTexture>

		  <PushedTexture file="Interface\AddOns\Sudoku\emptyText">
			<TexCoords left="0" right="1" top="0" bottom="1" />
          </PushedTexture>
		  <HighlightTexture file="Interface\AddOns\Sudoku\emptyText">
			<TexCoords left="0" right="1" top="0" bottom="1" />
          </HighlightTexture>
        </Button>
		
		<Button name="$parentx8y4" hidden="false" font="Fonts\FRIZQT__.TTF" text = "5" >
          <Size>
            <AbsDimension x="20" y="20" />
          </Size>
          <Anchors>
            <Anchor point="TOP">
              <Offset>
                <AbsDimension x="0" y="-171" />
              </Offset>
            </Anchor>
          </Anchors>
		<ButtonText name="$parentNormalText">
			<Anchors>
				<Anchor point="CENTER">
					<Offset x="0" y="0"/>
				</Anchor>
			</Anchors>
		</ButtonText>
		<NormalFont style="QuestFont"/>
		<HighlightFont style="QuestFont"/>
		<DisabledFont style="QuestFont"/>
		  <NormalTexture file="Interface\AddOns\Sudoku\emptyText">
			<TexCoords left="0" right="1" top="0" bottom="1" />
          </NormalTexture>

		  <PushedTexture file="Interface\AddOns\Sudoku\emptyText">
			<TexCoords left="0" right="1" top="0" bottom="1" />
          </PushedTexture>
		  <HighlightTexture file="Interface\AddOns\Sudoku\emptyText">
			<TexCoords left="0" right="1" top="0" bottom="1" />
          </HighlightTexture>
        </Button>
		
		<Button name="$parentx8y5" hidden="false" font="Fonts\FRIZQT__.TTF" text = "6" >
          <Size>
            <AbsDimension x="20" y="20" />
          </Size>
          <Anchors>
            <Anchor point="TOP">
              <Offset>
                <AbsDimension x="20" y="-171" />
              </Offset>
            </Anchor>
          </Anchors>
		<ButtonText name="$parentNormalText">
			<Anchors>
				<Anchor point="CENTER">
					<Offset x="0" y="0"/>
				</Anchor>
			</Anchors>
		</ButtonText>
		<NormalFont style="QuestFont"/>
		<HighlightFont style="QuestFont"/>
		<DisabledFont style="QuestFont"/>
		  <NormalTexture file="Interface\AddOns\Sudoku\emptyText">
			<TexCoords left="0" right="1" top="0" bottom="1" />
          </NormalTexture>

		  <PushedTexture file="Interface\AddOns\Sudoku\emptyText">
			<TexCoords left="0" right="1" top="0" bottom="1" />
          </PushedTexture>
		  <HighlightTexture file="Interface\AddOns\Sudoku\emptyText">
			<TexCoords left="0" right="1" top="0" bottom="1" />
          </HighlightTexture>
        </Button>
		
		<Button name="$parentx8y6" hidden="false" font="Fonts\FRIZQT__.TTF" text = "7" >
          <Size>
            <AbsDimension x="20" y="20" />
          </Size>
          <Anchors>
            <Anchor point="TOP">
              <Offset>
                <AbsDimension x="40" y="-171" />
              </Offset>
            </Anchor>
          </Anchors>
		<ButtonText name="$parentNormalText">
			<Anchors>
				<Anchor point="CENTER">
					<Offset x="0" y="0"/>
				</Anchor>
			</Anchors>
		</ButtonText>
		<NormalFont style="QuestFont"/>
		<HighlightFont style="QuestFont"/>
		<DisabledFont style="QuestFont"/>
		  <NormalTexture file="Interface\AddOns\Sudoku\emptyText">
			<TexCoords left="0" right="1" top="0" bottom="1" />
          </NormalTexture>

		  <PushedTexture file="Interface\AddOns\Sudoku\emptyText">
			<TexCoords left="0" right="1" top="0" bottom="1" />
          </PushedTexture>
		  <HighlightTexture file="Interface\AddOns\Sudoku\emptyText">
			<TexCoords left="0" right="1" top="0" bottom="1" />
          </HighlightTexture>
        </Button>
		
		<Button name="$parentx8y7" hidden="false" font="Fonts\FRIZQT__.TTF" text = "8" >
          <Size>
            <AbsDimension x="20" y="20" />
          </Size>
          <Anchors>
            <Anchor point="TOP">
              <Offset>
                <AbsDimension x="60" y="-171" />
              </Offset>
            </Anchor>
          </Anchors>
		<ButtonText name="$parentNormalText">
			<Anchors>
				<Anchor point="CENTER">
					<Offset x="0" y="0"/>
				</Anchor>
			</Anchors>
		</ButtonText>
		<NormalFont style="QuestFont"/>
		<HighlightFont style="QuestFont"/>
		<DisabledFont style="QuestFont"/>
		  <NormalTexture file="Interface\AddOns\Sudoku\emptyText">
			<TexCoords left="0" right="1" top="0" bottom="1" />
          </NormalTexture>

		  <PushedTexture file="Interface\AddOns\Sudoku\emptyText">
			<TexCoords left="0" right="1" top="0" bottom="1" />
          </PushedTexture>
		  <HighlightTexture file="Interface\AddOns\Sudoku\emptyText">
			<TexCoords left="0" right="1" top="0" bottom="1" />
          </HighlightTexture>
        </Button>
		
		<Button name="$parentx8y8" hidden="false" font="Fonts\FRIZQT__.TTF" text = "9">
          <Size>
            <AbsDimension x="20" y="20" />
          </Size>
          <Anchors>
            <Anchor point="TOP">
              <Offset>
                <AbsDimension x="80" y="-171" />
              </Offset>
            </Anchor>
          </Anchors>
		<ButtonText name="$parentNormalText">
			<Anchors>
				<Anchor point="CENTER">
					<Offset x="0" y="0"/>
				</Anchor>
			</Anchors>
		</ButtonText>
		<NormalFont style="QuestFont"/>
		<HighlightFont style="QuestFont"/>
		<DisabledFont style="QuestFont"/>
		  <NormalTexture file="Interface\AddOns\Sudoku\emptyText">
			<TexCoords left="0" right="1" top="0" bottom="1" />
          </NormalTexture>
		  <PushedTexture file="Interface\AddOns\Sudoku\emptyText">
			<TexCoords left="0" right="1" top="0" bottom="1" />
          </PushedTexture>
		  <HighlightTexture file="Interface\AddOns\Sudoku\emptyText">
			<TexCoords left="0" right="1" top="0" bottom="1" />
          </HighlightTexture>
        </Button>
	
	
		<Frame name="Sudoku-ButtonFrame">
	
			<Size>
				<AbsDimension x="200" y="42" />
			</Size>
			<Anchors>
				<Anchor point="TOP">
					<Offset>
						<AbsDimension x="0" y="-186" />
					</Offset>
				</Anchor>
			</Anchors>
			<Backdrop edgeFile="Interface\DialogFrame\UI-DialogBox-Border" tile="true">
				<BackgroundInsets>
					<AbsInset left="11" right="12" top="12" bottom="11" />
				</BackgroundInsets>
				<TileSize>
					<AbsValue val="32" />
				</TileSize>
				<EdgeSize>
					<AbsValue val="32" />
				</EdgeSize>
			</Backdrop>
		</Frame>
	
	
	
	
	
	
	
	
	
	
	
		<Button name="$parentquit" hidden="false" inherits="GameMenuButtonTemplate" font="Fonts\FRIZQT__.TTF" text = "Quit">
          <Size>
            <AbsDimension x="46" y="20" />
          </Size>
          <Anchors>
            <Anchor point="TOP">
              <Offset>
                <AbsDimension x="66" y="-197" />
              </Offset>
            </Anchor>
          </Anchors>
		  <Scripts>
			<OnClick>
				Sudoku:DoQuitPuzzle();
			</OnClick>
		  </Scripts>
        </Button>
	
		<Button name="$parentreset" hidden="false" inherits="GameMenuButtonTemplate" font="Fonts\FRIZQT__.TTF" text = "Reset">
          <Size>
            <AbsDimension x="46" y="20" />
          </Size>
          <Anchors>
            <Anchor point="TOP">
              <Offset>
                <AbsDimension x="22" y="-197" />
              </Offset>
            </Anchor>
          </Anchors>
		  <Scripts>
			<OnClick>
				Sudoku:Reset();
			</OnClick>
		  </Scripts>
        </Button>	
	
		<Button name="$parentcheat" hidden="false" inherits="GameMenuButtonTemplate" font="Fonts\FRIZQT__.TTF" text = "Cheat">
          <Size>
            <AbsDimension x="46" y="20" />
          </Size>
          <Anchors>
            <Anchor point="TOP">
              <Offset>
                <AbsDimension x="-22" y="-197" />
              </Offset>
            </Anchor>
          </Anchors>
		  <Scripts>
			<OnClick>
				Sudoku:Cheat();
			</OnClick>
		  </Scripts>
        </Button>	
		
		<Button name="$parentsave" hidden="false" inherits="GameMenuButtonTemplate" font="Fonts\FRIZQT__.TTF" text = "Save">
          <Size>
            <AbsDimension x="46" y="20" />
          </Size>
          <Anchors>
            <Anchor point="TOP">
              <Offset>
                <AbsDimension x="-66" y="-197" />
              </Offset>
            </Anchor>
          </Anchors>
		  <Scripts>
			<OnClick>
				Sudoku:Save();
			</OnClick>
		  </Scripts>
        </Button>	
	</Frames>
	<Scripts>
			<OnLoad>
				self:SetClampedToScreen(true)
				self:RegisterForDrag("LeftButton")
				
				local kids = { self:GetRegions() };

				for _, child in ipairs(kids) do
					if child:GetName() == "UIParentTimerString" then
						self.clock = child
					end
				end

				
				
				
				
				
			</OnLoad>
			<OnUpdate>
				Sudoku:UpdateCells();
			</OnUpdate>
			<OnDragStart>
				self:StartMoving();
			</OnDragStart>
			<OnDragStop>
				self:StopMovingOrSizing();
				Sudoku:SaveFrameLocation("puzzleFrame",self)
			</OnDragStop>
	</Scripts>
  </Frame>
</Ui>