<Ui xmlns="http://www.blizzard.com/wow/ui" xmlns:xsi="http://www.w3.org/2001/XMLSchema-instance">
  <!--Autogenerated by wowuides, Version=1.0.300.0, Culture=neutral, PublicKeyToken=null-->
  
  <Script File="Sudoku-Frame.lua"/>
  <Script File="Sudoku.lua"/>
  <Frame name="Sudoku-MenuFrame" virtual="true" movable = "true">
    <!--<FrameSkin skinid="dcb143e1-a4ab-4e7c-b934-1efa40101d21" frameid="2d508883-59c2-4f83-ae10-27aaad48391b" />-->
    <Size>
      <AbsDimension x="150" y="190" />
    </Size>
    <Anchors>
      <Anchor point="CENTER" relativeTo="UIParent">
        <Offset>
          <AbsDimension x="0" y="0" />
        </Offset>
      </Anchor>
    </Anchors>
    <Backdrop bgFile="Interface\DialogFrame\UI-DialogBox-Background" edgeFile="Interface\DialogFrame\UI-DialogBox-Border" tile="true">
      <BackgroundInsets>
        <AbsInset left="11" right="12" top="12" bottom="11" />
      </BackgroundInsets>
      <TileSize>
        <AbsValue val="32" />
      </TileSize>
      <EdgeSize>
        <AbsValue val="32" />
      </EdgeSize>
    </Backdrop>
	
	<Layers>
      <Layer>
        <Texture name="$parentTitleBorder" hidden="false" file="Interface\DialogFrame\UI-DialogBox-Header">
          <Size>
            <AbsDimension x="160" y="32" />
          </Size>
          <Anchors>
            <Anchor point="TOP">
              <Offset>
                <AbsDimension x="0" y="20" />
              </Offset>
            </Anchor>
          </Anchors>
          <TexCoords left="0.2" right="0.8" top="0" bottom="0.6" />
        </Texture>
        <FontString name="$parentTitleString" hidden="false" font="Fonts\FRIZQT__.TTF" text = "Sudoku by Strucker">
          <Size>
            <AbsDimension x="140" y="32" />
          </Size>
          <Anchors>
            <Anchor point="TOP">
              <Offset>
                <AbsDimension x="0" y="20" />
              </Offset>
            </Anchor>
          </Anchors>
          <FontHeight>
            <AbsValue val="12" />
          </FontHeight>
          <Color r="1" g="0.8196079" b="0" />
          <Shadow>
            <Color r="0" g="0" b="0" />
            <Offset>
              <AbsDimension x="1" y="-1" />
            </Offset>
          </Shadow>
        </FontString>
		
		<FontString name="$parentMenuMessage" hidden="false" font="Fonts\FRIZQT__.TTF" text = "Welcome!">
          <Size>
            <AbsDimension x="140" y="40" />
          </Size>
          <Anchors>
            <Anchor point="TOP">
              <Offset>
                <AbsDimension x="0" y="-10" />
              </Offset>
            </Anchor>
          </Anchors>
          <FontHeight>
            <AbsValue val="12" />
          </FontHeight>
          <Color r="1" g="0.8196079" b="0" />
          <Shadow>
            <Color r="0" g="0" b="0" />
            <Offset>
              <AbsDimension x="1" y="-1" />
            </Offset>
          </Shadow>
        </FontString>
		
      </Layer>
    </Layers>
	
	
	<Frames>

		<Button name="$parentNewGame" inherits="GameMenuButtonTemplate">
          <Size>
            <AbsDimension x="120" y="25" />
          </Size>
          <Anchors>
            <Anchor point="TOP">
              <Offset>
                <AbsDimension x="0" y="-50" />
              </Offset>
            </Anchor>
          </Anchors>
		  <Scripts>
			<OnLoad>
				self:SetText(GetL()["NewGame"])
			</OnLoad>
			<OnClick>
				self:GetParent():Hide()
				Sudoku:CreatePuzzle()
			</OnClick>
		  </Scripts>
        </Button>
	
		<Button name="$parentOptions" inherits="GameMenuButtonTemplate">
          <Size>
            <AbsDimension x="120" y="25" />
          </Size>
          <Anchors>
            <Anchor point="TOP">
              <Offset>
                <AbsDimension x="0" y="-75" />
              </Offset>
            </Anchor>
          </Anchors>
		  <Scripts>
			<OnLoad>
				self:SetText(GetL()["Options"])
			</OnLoad>
			<OnClick>
				Sudoku:ShowOptions()
			</OnClick>
		  </Scripts>
        </Button>
	
		<Button name="$parentHistory" inherits="GameMenuButtonTemplate">
          <Size>
            <AbsDimension x="120" y="25" />
          </Size>
          <Anchors>
            <Anchor point="TOP">
              <Offset>
                <AbsDimension x="0" y="-100" />
              </Offset>
            </Anchor>
          </Anchors>
		  <Scripts>
			<OnLoad>
				self:SetText(GetL()["PrintHistory"])
			</OnLoad>
			<OnClick>
				Sudoku:PrintGameLog()
			</OnClick>
		  </Scripts>
        </Button>
		
		<Button name="$parentClearHistory" inherits="GameMenuButtonTemplate">
          <Size>
            <AbsDimension x="120" y="25" />
          </Size>
          <Anchors>
            <Anchor point="TOP">
              <Offset>
                <AbsDimension x="0" y="-125" />
              </Offset>
            </Anchor>
          </Anchors>
		  <Scripts>
			<OnLoad>
				self:SetText(GetL()["ClearHistory"])
			</OnLoad>
			<OnClick>
				Sudoku:ClearGameLog()
			</OnClick>
		  </Scripts>
        </Button>
		
		<Button name="$parentQuit" inherits="GameMenuButtonTemplate">
          <Size>
            <AbsDimension x="120" y="25" />
          </Size>
          <Anchors>
            <Anchor point="TOP">
              <Offset>
                <AbsDimension x="0" y="-150" />
              </Offset>
            </Anchor>
          </Anchors>
		  <Scripts>
			<OnLoad>
				self:SetText(GetL()["Quit"])
			</OnLoad>
			<OnClick>
				self:GetParent():Hide()
			</OnClick>
		  </Scripts>
        </Button>	
	</Frames>
	<Scripts>
			<OnLoad>
				self:SetClampedToScreen(true)
				self:RegisterForDrag("LeftButton")
			</OnLoad>
			<OnDragStart>
				self:StartMoving();
			</OnDragStart>
			<OnDragStop>
				self:StopMovingOrSizing();
				Sudoku:SaveFrameLocation("menuFrame",self)
			</OnDragStop>
	</Scripts>
  </Frame>
</Ui>