<Ui xmlns="http://www.blizzard.com/wow/ui/" 
 xmlns:xsi="http://www.w3.org/2001/XMLSchema-instance" 
 xsi:schemaLocation="http://www.blizzard.com/wow/ui/ 
 ..\..\FrameXML\UI.xsd">

  <Script File="Sudoku-Frame.lua"/>
  <Script File="Sudoku.lua"/>
  <Frame name="Sudoku-ProgressFrame" virtual="true" movable = "true">
    <Size>
      <AbsDimension x="65" y="45" />
    </Size>
    <Anchors>
      <Anchor point="CENTER" relativeTo="UIParent">
        <Offset>
          <AbsDimension x="0" y="0" />
        </Offset>
      </Anchor>
    </Anchors>
    <Backdrop bgFile="Interface\DialogFrame\UI-DialogBox-Background" edgeFile="Interface\DialogFrame\UI-DialogBox-Border" tile="true">
      <BackgroundInsets>
        <AbsInset left="11" right="12" top="12" bottom="11" />
      </BackgroundInsets>
      <TileSize>
        <AbsValue val="32" />
      </TileSize>
      <EdgeSize>
        <AbsValue val="32" />
      </EdgeSize>
    </Backdrop>
    <Layers>
      <Layer>
        <Texture name="$parentTitleBorder" hidden="false" file="Interface\DialogFrame\UI-DialogBox-Header">
          <Size>
            <AbsDimension x="160" y="32" />
          </Size>
          <Anchors>
            <Anchor point="TOP">
              <Offset>
                <AbsDimension x="0" y="16" />
              </Offset>
            </Anchor>
          </Anchors>
          <TexCoords left="0.2" right="0.8" top="0" bottom="0.6" />
        </Texture>
        <FontString name="$parentTitleString" hidden="false" font="Fonts\FRIZQT__.TTF" text = "Sudoku by Strucker">
          <Size>
            <AbsDimension x="140" y="32" />
          </Size>
          <Anchors>
            <Anchor point="TOP">
              <Offset>
                <AbsDimension x="0" y="16" />
              </Offset>
            </Anchor>
          </Anchors>
          <FontHeight>
            <AbsValue val="12" />
          </FontHeight>
          <Color r="1" g="0.8196079" b="0" />
          <Shadow>
            <Color r="0" g="0" b="0" />
            <Offset>
              <AbsDimension x="1" y="-1" />
            </Offset>
          </Shadow>
        </FontString>
		<FontString name="$parentPercentString" hidden="false" font="Fonts\FRIZQT__.TTF" text= "HELLO WORLD!">
          <Size>
            <AbsDimension x="50" y="32" />
          </Size>
          <Anchors>
            <Anchor point="TOP">
              <Offset>
                <AbsDimension x="0" y="-8" />
              </Offset>
            </Anchor>
          </Anchors>
          <FontHeight>
            <AbsValue val="12" />
          </FontHeight>
          <Color r="1" g="0.8196079" b="0" />
          <Shadow>
            <Color r="0" g="0" b="0" />
            <Offset>
              <AbsDimension x="1" y="-1" />
            </Offset>
          </Shadow>
        </FontString>
      </Layer>
    </Layers>
	<Scripts>
			<OnLoad>
				self:SetClampedToScreen(true)
				self:RegisterForDrag("LeftButton")
				local kids = { self:GetRegions() };
				for _, child in ipairs(kids) do
					if child.GetText and child:GetText() == "HELLO WORLD!" then
						self.percenttext = child
					end
				end

			</OnLoad>
			<OnUpdate>
				
					self.percenttext:SetText(Sudoku:GetMakeProgress())
				
			</OnUpdate>
			<OnDragStart>
				self:StartMoving();
			</OnDragStart>
			<OnDragStop>
				self:StopMovingOrSizing();
				Sudoku:SaveFrameLocation("buildingFrame",self)
			</OnDragStop>
		</Scripts>
  </Frame>
</Ui>