<Ui xmlns="http://www.blizzard.com/wow/ui/" xmlns:xsi="http://www.w3.org/2001/XMLSchema-instance" xsi:schemaLocation="http://www.blizzard.com/wow/ui/
 ..\FrameXML\UI.xsd">

<!-- code copied from blizzard's AlertFrames -->

<Frame name="DetailsAlert" virtual="true">
	<Scripts>
		<OnHide function="AlertFrame_FixAnchors"/>
	</Scripts>
</Frame>

<Frame name="DetailsAlertRankUpTemplate" virtual="true">

	<Size>
		<AbsDimension x="296" y="74"/>
	</Size>
	
	<Anchors>
		<Anchor point="BOTTOM">
			<Offset>
				<AbsDimension x="0" y="0"/>
			</Offset>
		</Anchor>
	</Anchors>
	
	<Animations>
		<AnimationGroup name="$parentAnimIn" parentKey="animIn">
			<Alpha change="-1" duration="0" order="1"/>
			<Alpha change="1" duration="0.2" order="2"/>
		</AnimationGroup>
		<AnimationGroup name="$parentWaitAndAnimOut" parentKey="waitAndAnimOut">
			<Alpha startDelay="4.05" change="-1" duration="1.5" parentKey="animOut">
				<Scripts>
					<OnFinished>
						self:GetRegionParent():Hide();
					</OnFinished>
				</Scripts>
			</Alpha>
		</AnimationGroup>
	</Animations>
	
	<Layers>
		<Layer level="OVERLAY">
			<Texture name="$parentGlow" file="Interface\AchievementFrame\UI-Achievement-Alert-Glow" alphaMode="ADD" hidden="true" parentKey="glow">
				<Size>
					<AbsDimension x="400" y="171"/>
				</Size>
				<Anchors>
					<Anchor point="CENTER">
						<Offset x="0" y="0"/>
					</Anchor>
				</Anchors>
				<Animations>
					<AnimationGroup name="$parentAnimIn" parentKey="animIn">
						<Alpha change="1" duration="0.2" order="1"/>
						<Alpha change="-1" duration="0.5" order="2"/>
						<Scripts>
							<OnFinished>
								self:GetParent():Hide();
							</OnFinished>
						</Scripts>
					</AnimationGroup>
				</Animations>
				<TexCoords left="0" right="0.78125" top="0" bottom="0.66796875"/>
			</Texture>
			<Texture name="$parentShine" file="Interface\AchievementFrame\UI-Achievement-Alert-Glow" alphaMode="ADD" hidden="true" parentKey="shine">
				<Size>
					<AbsDimension x="67" y="72"/>
				</Size>
				<Anchors>
					<Anchor point="BOTTOMLEFT">
						<Offset x="-20" y="1"/>
					</Anchor>
				</Anchors>
				<Animations>
					<AnimationGroup name="$parentAnimIn" parentKey="animIn">
						<Alpha change="1" duration="0.2" order="1"/>
						<Translation offsetX="200" offsetY="0" duration="0.85" order="2"/>
						<Alpha startDelay="0.35" change="-1" duration="0.5" order="2"/>
						<Scripts>
							<OnFinished>
								self:GetParent():Hide();
							</OnFinished>
						</Scripts>
					</AnimationGroup>
				</Animations>
				<TexCoords left="0.78125" right="0.912109375" top="0" bottom="0.28125"/>
			</Texture>
		</Layer>		
	</Layers>

</Frame>

</Ui>