<Ui xmlns="http://www.blizzard.com/wow/ui/" xmlns:xsi="http://www.w3.org/2001/XMLSchema-instance" xsi:schemaLocation="http://www.blizzard.com/wow/ui/
..\FrameXML\UI.xsd">
	<Script file="Libs\LibStub\LibStub.lua"/>
	<Script file="Libs\CallbackHandler-1.0\CallbackHandler-1.0.lua"/>
	<Script file="Libs\AceDB-3.0\AceDB-3.0.lua"/>
	<Script file="Libs\AceLocale-3.0\AceLocale-3.0.lua"/>
	<Script file="Libs\LibDataBroker-1.1\LibDataBroker-1.1.lua"/>
	<Script file="Libs\LibDualSpec-1.0\LibDualSpec-1.0.lua"/>
	<Script file="Libs\LibSharedMedia-3.0\LibSharedMedia-3.0.lua"/>
	<Include file="Libs\Libra\Libra.xml"/>
</Ui>