<Bindings>	
  <Binding  header="POKEDEX" name="CLICK PokedexToggleMountButton:LeftButton" description="POKEDEXTOGGLEMOUNT"/>
  <Binding name="POKEDEXSUMMONMOUNT">
    Pokedex:SafeCall(Pokedex.SummonMount)
  </Binding>
  <Binding name="POKEDEXDISMISSMOUNT">
    Pokedex:SafeCall(Pokedex.DismissMount)
  </Binding>
  <Binding name="POKEDEXSUMMONNEXTMOUNT">
    Pokedex:SafeCall(Pokedex.SummonNextMount)
  </Binding>
  <Binding name="POKEDEXSUMMONOTHERMOUNT">
    Pokedex:SafeCall(Pokedex.SummonSafeMount)
  </Binding>
  <Binding name="POKEDEXTOGGLECOMPANION">
    Pokedex:SafeCall(Pokedex.ToggleCompanion)
  </Binding>
  <Binding name="POKEDEXSUMMONCOMPANION">
    Pokedex:SafeCall(Pokedex.SummonCompanion,false)
  </Binding>
  <Binding name="POKEDEXDISMISSCOMPANION">
    Pokedex:SafeCall(Pokedex.DismissCompanion)
  </Binding>
  <Binding name="POKEDEXSUMMONNEXTCOMPANION">
    Pokedex:SafeCall(Pokedex.SummonCompanion,true)
  </Binding>
  <Binding name="POKEDEXSUMMONVENDOR">
    Pokedex:SafeCall(Pokedex.SummonVendor)
  </Binding>
  <Binding name="POKEDEXCHANGETITLE">
    Pokedex:SafeCall(Pokedex.ChangeTitle)
  </Binding>
</Bindings>
