<Bindings>
<!--
    This file is part of Decursive.
    
    Decursive (v 2.7.3.2) add-on for World of Warcraft UI
    Copyright (C) 2006-2007-2008-2009-2010-2011-2012 John Wellesz (archarodim AT teaser.fr) ( http://www.2072productions.com/to/decursive.php )

    Starting from 2009-10-31 and until said otherwise by its author, Decursive
    is no longer free software, all rights are reserved to its author (John Wellesz).

    The only official and allowed distribution means are www.2072productions.com, www.wowace.com and curse.com.
    To distribute Decursive through other means a special authorization is required.
    

    Decursive is inspired from the original "Decursive v1.9.4" by Patrick Bohnet (Quu).
    The original "Decursive 1.9.4" is in public domain ( www.quutar.com )

    Decursive is distributed in the hope that it will be useful,
    but WITHOUT ANY WARRANTY.
    
    This file was last updated on 2012-09-23T20:33:56Z
-->

        <Binding name="DCRSHOW" header="DECURSIVE">
                        DecursiveRootTable.Dcr:HideBar(false);
        </Binding>
        <Binding name="DCRMUFSHOWHIDE">
                        DecursiveRootTable.Dcr:ShowHideDebuffsFrame ();
        </Binding>
        <Binding name="DCRSHOWOPTION">
                        LibStub("AceConfigDialog-3.0"):Open(DecursiveRootTable.Dcr.name);
        </Binding>
        <Binding name="DCRPRSHOW">
                        DecursiveRootTable.Dcr:ShowHidePriorityListUI();
        </Binding>
        <Binding name="DCRPRADD">
                        DecursiveRootTable.Dcr:AddTargetToPriorityList();
        </Binding>
        <Binding name="DCRPRCLEAR">
                        DecursiveRootTable.Dcr:ClearPriorityList();
        </Binding>
        <Binding name="DCRSKSHOW">
                        DecursiveRootTable.Dcr:ShowHideSkipListUI();
        </Binding>
        <Binding name="DCRSKADD">
                        DecursiveRootTable.Dcr:AddTargetToSkipList();
        </Binding>
        <Binding name="DCRSKCLEAR">
                        DecursiveRootTable.Dcr:ClearSkipList();
        </Binding>
</Bindings>
