<Ui xmlns="http://www.blizzard.com/wow/ui/" xmlns:xsi="http://www.w3.org/2001/XMLSchema-instance" xsi:schemaLocation="http://www.blizzard.com/wow/ui/..\FrameXML\UI.xsd">

	<Frame name = "myBigIgnite_info" parent = "UIParent" hidden = "true">
		<Frames>
			<ScrollFrame name="myBigIgnite_infoScroll" inherits="FauxScrollFrameTemplate">
				<Scripts>
					<OnVerticalScroll>
						FauxScrollFrame_OnVerticalScroll(self, offset, 18, myBigIgnite.InfoScrollUpdate)
					</OnVerticalScroll>
					<OnShow>
						myBigIgnite:InfoScrollUpdate()
					</OnShow>
				</Scripts>
			</ScrollFrame>
		</Frames>
	</Frame>
	
</Ui>