<Ui xmlns="http://www.blizzard.com/wow/ui/" xmlns:xsi="http://www.w3.org/2001/XMLSchema-instance" xsi:schemaLocation="http://www.blizzard.com/wow/ui/
..\FrameXML\UI.xsd">
    <Script file="MistWeaverConfig.lua"/>

    <FontString name="MwConfigTitleTemplate" text="foo" inherits="GameFontNormalLarge" justifyH="LEFT" justifyV="TOP" virtual="true">
        <Anchors>
            <Anchor point="TOPLEFT">
                <Offset>
                    <AbsDimension x="16" y="-16"/>
                </Offset>
            </Anchor>
        </Anchors>
    </FontString>

    <FontString name="MwConfigSubTextTemplate" text="foo" inherits="GameFontHighlightSmall" nonspacewrap="true" maxLines="3" justifyH="LEFT" justifyV="TOP" virtual="true">
        <Size>
            <AbsDimension y="32" x="0"/>
        </Size>
        <Anchors>
            <Anchor point="TOPLEFT" relativeTo="$parentTitle" relativePoint="BOTTOMLEFT">
                <Offset>
                    <AbsDimension x="0" y="-8"/>
                </Offset>
            </Anchor>
            <Anchor point="RIGHT">
                <Offset>
                    <AbsDimension x="-32" y="0"/>
                </Offset>
            </Anchor>
        </Anchors>
    </FontString>
    
    <EditBox name="MwConfigEditBoxTemplate" virtual="true" autoFocus="false" letters="250" historyLines="10" inherits="InputBoxTemplate">
        <Size>
            <AbsDimension x="150" y="16"/>
        </Size>
        <Layers>
            <Layer level="ARTWORK">
                <FontString name="$parentText" parentKey="text" inherits="GameFontNormal">
                    <Anchors>
                        <Anchor point="LEFT" relativePoint="RIGHT">
                            <Offset>
                                <AbsDimension x="10" y="1"/>
                            </Offset>
                        </Anchor>
                    </Anchors>
                </FontString>
            </Layer>
        </Layers>
    </EditBox>
    
    <CheckButton name="MwConfigCheckButtonTemplate" virtual="true" inherits="OptionsBaseCheckButtonTemplate">
        <Layers>
            <Layer level="ARTWORK">
                <FontString name="$parentText" parentKey="text" inherits="GameFontNormal">
                    <Anchors>
                        <Anchor point="LEFT" relativePoint="RIGHT">
                            <Offset>
                                <AbsDimension x="10" y="1"/>
                            </Offset>
                        </Anchor>
                    </Anchors>
                </FontString>
            </Layer>
        </Layers>
    </CheckButton>
    
    <Slider name="MwConfigSliderTemplate" inherits="OptionsSliderTemplate" virtual="true">
        <Size>
            <AbsDimension x="150" y="16"/>
        </Size>
        <Layers>
            <Layer level="ARTWORK">
                <FontString name="$parentValue" inherits="GameFontNormalSmall" text="">
                    <Anchors>
                        <Anchor point="TOP" relativePoint="BOTTOM">
                            <Offset>
                                <AbsDimension x="-4" y="3"/>
                            </Offset>
                        </Anchor>
                    </Anchors>
                </FontString>
            </Layer>
        </Layers>
    </Slider>
    
    <Frame name="MwConfigDropDownMenuTemplate" inherits="UIDropDownMenuTemplate" virtual="true">
        <Size>
            <AbsDimension x="150" y="20"/>
        </Size>
        <Layers>
            <Layer level="ARTWORK">
                <FontString parentKey="label" text="foo" inherits="GameFontNormalLeft" nonspacewrap="true" maxLines="1" justifyH="LEFT" justifyV="TOP">
                    <Anchors>
                        <Anchor point="LEFT" relativeTo="$parent" relativePoint="RIGHT">
                            <Offset>
                                <AbsDimension x="10" y="3"/>
                            </Offset>
                        </Anchor>
                    </Anchors>
                </FontString>
            </Layer>
        </Layers>
    </Frame>
    
    <Frame name="MwConfigColorChooserTemplate" virtual="true">
        <Size>
            <AbsDimension x="25" y="25"/>
        </Size>
        <Scripts>
            <OnLoad>
                self:SetBackdrop( { 
                    bgFile = "Interface\\AddOns\\CleanUI\\skins\\minimap_masktexture", 
                    insets = { left = 4, right = 4, top = 4, bottom = 4 }
                });
                self:SetBackdropColor(1.0, 1.0, 1.0, 1.0);
                
                self:SetFrameStrata("HIGH");
            </OnLoad>
        </Scripts>
        <Layers>
            <Layer>
                <FontString name="$parentInfo" parentKey="text" hidden="false" inherits="GameFontNormal" text="foo">
                    <Anchors>
                        <Anchor point="LEFT" relativeTo="$parent" relativePoint="RIGHT">
                            <Offset>
                                <AbsDimension x="10" y="0"/>
                            </Offset>
                        </Anchor>
                    </Anchors>
                </FontString>
            </Layer>
        </Layers>
    </Frame>
    
    <Frame name="MwConfigProfileFrame">
        <Size>
            <AbsDimension x="300" y="100"/>
        </Size>
        <Frames>
            <EditBox name="$parentName" parentKey="name" inherits="MwConfigEditBoxTemplate">
                <Anchors>
                    <Anchor point="TOPLEFT" relativePoint="TOPLEFT">
                        <Offset>
                            <AbsDimension x="0" y="-5"/>
                        </Offset>
                    </Anchor>
                </Anchors>
            </EditBox>
            <Button name="$parentSave" parentKey="save" inherits="GameMenuButtonTemplate" text="SAVE">
                <Size>
                    <AbsDimension x="90" y="21"/>
                </Size>
                <Anchors>
                    <Anchor point="LEFT" relativeTo="$parentName" relativePoint="RIGHT">
                        <Offset>
                            <AbsDimension x="5" y="0"/>
                        </Offset>
                    </Anchor>
                </Anchors>
                <Scripts>
                    <OnClick>
                        MwConfig_SaveProfile();
                    </OnClick>
                </Scripts>
            </Button>
            <Frame name="$parentSavedProfiles" parentKey="saved" inherits="UIDropDownMenuTemplate">
		        <Size>
		            <AbsDimension x="150" y="21"/>
		        </Size>
                <Anchors>
                    <Anchor point="TOPLEFT" relativeTo="$parentName" relativePoint="BOTTOMLEFT">
                        <Offset>
                            <AbsDimension x="0" y="-5"/>
                        </Offset>
                    </Anchor>
                </Anchors>
                <Scripts>
                    <OnLoad>
                        UIDropDownMenu_Initialize(self, MwConfig_ReloadProfiles);
                        UIDropDownMenu_JustifyText(self, "LEFT");
                    </OnLoad>
                </Scripts>
            </Frame>
            <Button name="$parentLoad" parentKey="load" inherits="GameMenuButtonTemplate" text="ACCEPT">
                <Size>
                    <AbsDimension x="90" y="21"/>
                </Size>
                <Anchors>
                    <Anchor point="LEFT" relativeTo="$parentSavedProfiles" relativePoint="RIGHT">
                        <Offset>
                            <AbsDimension x="5" y="3"/>
                        </Offset>
                    </Anchor>
                </Anchors>
                <Scripts>
                    <OnClick>
                        MwConfig_LoadProfile();
                    </OnClick>
                </Scripts>
            </Button>
            <Button name="$parentDelete" parentKey="delete" inherits="GameMenuButtonTemplate" text="DELETE">
                <Size>
                    <AbsDimension x="90" y="21"/>
                </Size>
                <Anchors>
                    <Anchor point="LEFT" relativeTo="$parentLoad" relativePoint="RIGHT">
                        <Offset>
                            <AbsDimension x="5" y="0"/>
                        </Offset>
                    </Anchor>
                </Anchors>
                <Scripts>
                    <OnClick>
                        MwConfig_DeleteProfile();
                    </OnClick>
                </Scripts>
            </Button>
        </Frames>
    </Frame>
    
    <ScrollFrame name="MWHelpScrollFrame" inherits="MinimalScrollFrameTemplate">
        <ScrollChild>
            <Frame>
                <Size x="10" y="10"/>
                <Frames>
                    <SimpleHTML name="MWHelpHTMLFrame">
                        <Size x="600" y="10"/>
                        <Anchors>
                            <Anchor point="TOPLEFT" x="0" y="-4"/>
                        </Anchors>
                        <FontString inherits="GameFontHighlight" justifyH="LEFT"/>
                    </SimpleHTML>
                </Frames>
            </Frame>
        </ScrollChild>
    </ScrollFrame>
    
    <Button name="MistWeaverDebuffEntryTemplate" virtual="true">  
        <Size>
            <AbsDimension x="555" y="24"/>
        </Size> 
        <Scripts>
            <OnEnter>
                MistWeaverDebuffEntry_OnEnter(self);
            </OnEnter>
            <OnLeave>
                MistWeaverDebuffEntry_OnLeave(self);
            </OnLeave>
            <OnClick>
                MistWeaverDebuffEntry_OnClick(self, button, down);
            </OnClick>
        </Scripts>
        
        <Frames>
            <Button name="$parentDelete" parentKey="deleteButton" inherits="GameMenuButtonTemplate" frameStrata="DIALOG" text="DELETE">
                <Size>
                    <AbsDimension x="75" y="20"/>
                </Size>
                <Anchors>
                    <Anchor point="RIGHT" relativeTo="$parent" relativePoint="RIGHT">
                        <Offset>
                            <AbsDimension x="-5" y="0"/>
                        </Offset>
                    </Anchor>
                </Anchors>
                <Scripts>
                    <OnClick>
                        MistWeaverDebuffEntry_Delete(self);
                    </OnClick>
                </Scripts>
            </Button>
        </Frames>
            
        <NormalTexture urgency="5" file="Interface\Buttons\UI-MinusButton-UP">
            <Size>
                <AbsDimension x="16" y="16"/>
            </Size>
            <Anchors>
                <Anchor point="LEFT">
                    <Offset>
                        <AbsDimension x="3" y="0"/>
                    </Offset>
                </Anchor>
            </Anchors>
        </NormalTexture>
        <HighlightTexture name="$parentHighlight" file="Interface\Buttons\UI-PlusButton-Hilight" alphaMode="ADD">
            <Size>
                <AbsDimension x="16" y="16"/>
            </Size>
            <Anchors>
                <Anchor point="LEFT">
                    <Offset>
                        <AbsDimension x="3" y="0"/>
                    </Offset>
                </Anchor>
            </Anchors>
        </HighlightTexture>
        <ButtonText name="$parentNormalText" nonspacewrap="true" parentKey="normalText">
            <Size>
                <AbsDimension x="0" y="10"/>
            </Size>
            <Anchors>
                <Anchor point="LEFT">
                    <Offset>
                        <AbsDimension x="25" y="0"/>
                    </Offset>
                </Anchor>
            </Anchors> 
        </ButtonText>
        <NormalFont style="GameFontNormalLeft"/>
        <HighlightFont style="GameFontHighlightLeft"/>
        <DisabledFont style="GameFontHighlightLeft"/>
    </Button>
    
    <Slider name="MistWeaverConfigSliderTemplate" inherits="OptionsSliderTemplate" virtual="true">
        <Size>
            <AbsDimension x="150" y="16"/>
        </Size>
        <Layers>
            <Layer level="ARTWORK">
                <FontString name="$parentValue" inherits="GameFontNormalSmall" text="">
                    <Anchors>
                        <Anchor point="TOP" relativePoint="BOTTOM">
                            <Offset>
                                <AbsDimension x="-4" y="3"/>
                            </Offset>
                        </Anchor>
                    </Anchors>
                </FontString>
            </Layer>
        </Layers>
    </Slider>
    
    <Frame name="MwConfig" parent="UIParent">
        
        <Frames>        
		    <Frame name="MistWeaverDebuffListFrame">
                <Size>
                    <AbsDimension x="565" y="300"/>
                </Size>
		        <Frames>           
		            <ScrollFrame name="$parentScrollFrame" parentKey="scrollFrame" inherits="HybridScrollFrameTemplate">
		                <Size>
		                    <AbsDimension x="565" y="250"/>
		                </Size>
		                <Anchors>
		                    <Anchor point="TOPLEFT">
		                        <Offset>
		                            <AbsDimension x="0" y="-25"/>
		                        </Offset>
		                    </Anchor>
		                </Anchors>
		                <Frames>
		                    <Slider name="$parentScrollBar" inherits="HybridScrollBarTemplate" parentKey="scrollBar">
		                        <Anchors>
		                            <Anchor point="TOPLEFT" relativePoint="TOPRIGHT">
		                                <Offset x="0" y="-13"/>
		                            </Anchor>
		                            <Anchor point="BOTTOMLEFT" relativePoint="BOTTOMRIGHT">
		                                <Offset x="0" y="14"/>
		                            </Anchor>
		                        </Anchors>
		                        <Scripts>
		                            <OnLoad>
		                                local name = self:GetName();
		                                _G[name.."BG"]:Hide();
		                                _G[name.."Top"]:Hide();
		                                _G[name.."Bottom"]:Hide();
		                                _G[name.."Middle"]:Hide();
		                                self.doNotHide = true;
		                            </OnLoad>
		                        </Scripts>
		                    </Slider>
		                    <Frame name="MistWeaverDebuffConfigEntryHighlightFrame" hidden="true" frameStrata="HIGH">
		                        <Anchors>
		                            <Anchor point="TOPLEFT"/>
		                            <Anchor point="BOTTOMRIGHT"/>
		                        </Anchors>
		                        <Layers>
		                            <Layer level="ARTWORK">
		                                <Texture name="MistWeaverDebuffConfigEntryHighlight" file="Interface\QuestFrame\UI-QuestLogTitleHighlight" alphaMode="ADD"/>
		                            </Layer>
		                        </Layers>
		                        <Scripts>
		                            <OnLoad>
		                                self:SetParent(nil);
		                            </OnLoad>
		                        </Scripts>
		                    </Frame>
		                </Frames>
		                <Scripts>
		                    <OnMouseWheel function=""/>
		                </Scripts>
		            </ScrollFrame>  
		        </Frames>        
		    </Frame>
        </Frames>
        <Scripts>
            <OnLoad>
                MwConfig_OnLoad(self);
            </OnLoad>
            <OnEvent>
                MwConfig_OnEvent(self, event, ...);
            </OnEvent>
        </Scripts>
    </Frame>

</Ui>