<Ui xmlns="http://www.blizzard.com/wow/ui/" xmlns:xsi="http://www.w3.org/2001/XMLSchema-instance" xsi:schemaLocation="http://www.blizzard.com/wow/ui/
..\FrameXML\UI.xsd">
 <Script file="ProgressBar.lua" />
 
 <StatusBar name="HitsMode5ProgressBarTemplate" drawLayer="BORDER" virtual="true">
  <Layers>
   <Layer level="BACKGROUND">
    <Texture setAllPoints="true">
     <Color r="0" g="0" b="0" a="0.5"/>
    </Texture>
   </Layer>
   <Layer level="ARTWORK">
    <Texture name="$parentBorder" file="Interface\CastingBar\UI-CastingBar-Border">
     <Size>
      <AbsDimension x="256" y="64"/>
     </Size>
     <Anchors>
      <Anchor point="TOP">
       <Offset>
        <AbsDimension x="0" y="28"/>
       </Offset>
      </Anchor>
     </Anchors>
    </Texture>
    <FontString name="$parentText" inherits="GameFontHighlight">
     <Size>
      <AbsDimension x="185" y="16"/>
     </Size>
     <Anchors>
      <Anchor point="TOP">
       <Offset>
        <AbsDimension x="0" y="25"/>
       </Offset>
      </Anchor>
     </Anchors>
    </FontString>
   </Layer>
   <Layer level="OVERLAY">
    <Texture name="$parentSpark" file="Interface\CastingBar\UI-CastingBar-Spark" alphaMode="ADD">
     <Size>
      <AbsDimension x="32" y="32"/>
     </Size>
     <Anchors>
      <Anchor point="CENTER"/>
     </Anchors>
    </Texture>
    <Texture name="$parentFlash" file="Interface\CastingBar\UI-CastingBar-Flash" alphaMode="ADD">
     <Size>
      <AbsDimension x="256" y="64"/>
     </Size>
     <Anchors>
      <Anchor point="TOP">
       <Offset>
        <AbsDimension x="0" y="28"/>
       </Offset>
      </Anchor>
     </Anchors>
    </Texture>
   </Layer>
  </Layers>
  <Scripts>
   <OnUpdate>
    HitsMode5:ProgressBar_OnUpdate(self, elapsed)
   </OnUpdate>
  </Scripts>
  <BarTexture file="Interface\TargetingFrame\UI-StatusBar"/>
  <BarColor r="1.0" g="0.7" b="0.0"/>
 </StatusBar>
 
 <StatusBar name="HitsMode5ProgressBar" toplevel="true" parent="UIParent" hidden="true" inherits="HitsMode5ProgressBarTemplate">
  <Size>
   <AbsDimension x="195" y="13"/>
  </Size>
  <Anchors>
   <Anchor point="CENTER">
    <Offset>
     <AbsDimension x="0" y="0"/>
    </Offset>
   </Anchor>
  </Anchors>
 </StatusBar>
</Ui>
