<!--
Name: targetAssist
Author: Sonora (The Dragonflight, US Kirin Tor)
Website & SVN: http://wow.curseforge.com/addons/targetassist/
License: GNU General Public License v3
-->

<Ui xmlns="http://www.blizzard.com/wow/ui/">
    <Script file="libs\LibStub\LibStub.lua"/>
    <Include file="libs\CallbackHandler-1.0\CallbackHandler-1.0.xml" />
    
    <Include file="libs\AceAddon-3.0\AceAddon-3.0.xml"/>
    <Include file="libs\AceEvent-3.0\AceEvent-3.0.xml"/>
    <Include file="libs\AceTimer-3.0\AceTimer-3.0.xml"/>
    <Include file="libs\AceDB-3.0\AceDB-3.0.xml"/>
    <Include file="libs\AceDBOptions-3.0\AceDBOptions-3.0.xml"/>
    <Include file="libs\AceConsole-3.0\AceConsole-3.0.xml"/>
    <Include file="libs\AceGUI-3.0\AceGUI-3.0.xml"/>
    <Include file="libs\AceConfig-3.0\AceConfig-3.0.xml"/>
    <Include file="libs\AceComm-3.0\AceComm-3.0.xml"/>
    <Include file="libs\AceSerializer-3.0\AceSerializer-3.0.xml"/>

    <Script file="libs\LibSharedMedia-3.0\LibSharedMedia-3.0.lua"/>
    <Include file="libs\AceGUI-3.0-SharedMediaWidgets\widget.xml"/>

    <Include file="libs\LibKeyBound-1.0\lib.xml"/>
    <Script file="libs\LibRangeCheck-2.0\LibRangeCheck-2.0.lua"/>
    <Include file="libs\LibGroupInSpecT-1.0\lib.xml"/>
</Ui>