<Ui xmlns="http://www.blizzard.com/wow/ui/" xmlns:xsi="http://www.w3.org/2001/XMLSchema-instance" xsi:schemaLocation="http://www.blizzard.com/wow/ui/ ..\FrameXML\UI.xsd">
	<Script file="ovale_common.lua" />

	<Script file="ovale_deathknight.lua" />
	<Script file="ovale_deathknight_spells.lua" />
	<Script file="ovale_druid.lua" />
	<Script file="ovale_druid_spells.lua" />
	<Script file="ovale_hunter.lua" />
	<Script file="ovale_hunter_spells.lua" />
	<Script file="ovale_mage.lua" />
	<Script file="ovale_mage_spells.lua" />
	<Script file="ovale_monk.lua" />
	<Script file="ovale_monk_spells.lua" />
	<Script file="ovale_paladin.lua" />
	<Script file="ovale_paladin_spells.lua" />
	<Script file="ovale_priest.lua" />
	<Script file="ovale_priest_spells.lua" />
	<Script file="ovale_rogue.lua" />
	<Script file="ovale_rogue_spells.lua" />
	<Script file="ovale_shaman.lua" />
	<Script file="ovale_shaman_spells.lua" />
	<Script file="ovale_warlock.lua" />
	<Script file="ovale_warlock_spells.lua" />
	<Script file="ovale_warrior.lua" />
	<Script file="ovale_warrior_spells.lua" />

	<Script file="leafkiller_druid.lua" />
	<Script file="lunaeclipse_druid.lua" />
	<Script file="wiljo_mage.lua" />

	<Script file="simulationcraft_deathknight_frost_1h_t16h.lua" />
	<Script file="simulationcraft_deathknight_frost_2h_t16h.lua" />
	<Script file="simulationcraft_deathknight_unholy_t16h.lua" />
	<Script file="simulationcraft_druid_balance_t16h.lua" />
	<Script file="simulationcraft_druid_feral_t16h.lua" />
	<Script file="simulationcraft_druid_feral_t16h_adv_rotation.lua" />
	<Script file="simulationcraft_hunter_bm_t16h.lua" />
	<Script file="simulationcraft_hunter_mm_t16h.lua" />
	<Script file="simulationcraft_hunter_sv_t16h.lua" />
	<Script file="simulationcraft_mage_arcane_t16h.lua" />
	<Script file="simulationcraft_mage_fire_t16h.lua" />
	<Script file="simulationcraft_mage_frost_t16h.lua" />
	<Script file="simulationcraft_monk_windwalker_1h_t16h.lua" />
	<Script file="simulationcraft_monk_windwalker_2h_t16h.lua" />
	<Script file="simulationcraft_paladin_protection_t16h.lua" />
	<Script file="simulationcraft_paladin_retribution_t16h.lua" />
	<Script file="simulationcraft_priest_shadow_t16h.lua" />
	<Script file="simulationcraft_rogue_assassination_t16h.lua" />
	<Script file="simulationcraft_rogue_combat_t16h.lua" />
	<Script file="simulationcraft_rogue_subtlety_t16h.lua" />
	<Script file="simulationcraft_shaman_elemental_t16h.lua" />
	<Script file="simulationcraft_shaman_enhancement_t16h.lua" />
	<Script file="simulationcraft_warlock_affliction_t16h.lua" />
	<Script file="simulationcraft_warlock_demonology_t16h.lua" />
	<Script file="simulationcraft_warlock_destruction_t16h.lua" />
	<Script file="simulationcraft_warrior_arms_t16h.lua" />
	<Script file="simulationcraft_warrior_fury_1h_t16h.lua" />
	<Script file="simulationcraft_warrior_fury_2h_t16h.lua" />
	<Script file="simulationcraft_warrior_protection_t16h.lua" />
</Ui>
