<Ui xmlns="http://www.blizzard.com/wow/ui/"
	xmlns:xsi="http://www.w3.org/2001/XMLSchema-instance" 
	xsi:schemaLocation="http://www.blizzard.com/wow/ui/ ..\UI.xsd">
	
<!--
	Total RP 3
	Copyright 2014 Sylvain Cossement (telkostrasz@telkostrasz.be)

	Licensed under the Apache License, Version 2.0 (the "License");
	you may not use this file except in compliance with the License.
	You may obtain a copy of the License at

		http://www.apache.org/licenses/LICENSE-2.0

	Unless required by applicable law or agreed to in writing, software
	distributed under the License is distributed on an "AS IS" BASIS,
	WITHOUT WARRANTIES OR CONDITIONS OF ANY KIND, either express or implied.
	See the License for the specific language governing permissions and
	limitations under the License.
-->
	 
	 <Frame name="TRP3_ConfigurationModuleFrame" virtual="true">
		<Backdrop edgeFile="Interface\GLUES\COMMON\TextPanel-Border" bgFile="Interface\DialogFrame\UI-DialogBox-Background" tile="true">
			<EdgeSize><AbsValue val="32"/></EdgeSize><TileSize><AbsValue val="200"/></TileSize>
			<BackgroundInsets><AbsInset left="5" right="5" top="5" bottom="5"/></BackgroundInsets>
		</Backdrop>
		<Size x="420" y="60"/>
		<Layers>
			<Layer level="OVERLAY">
				<FontString name="$parentModuleName" text="[name]" inherits="GameFontNormal" justifyH="LEFT">
					<Anchors>
						<Anchor point="TOPLEFT" x="35" y="-8"/>
					</Anchors>
					<Color r="0.95" g="0.95" b="0.95"/>
				</FontString>
				<FontString name="$parentModuleVersion" text="[version]" inherits="GameFontNormalSmall" justifyH="LEFT">
					<Size x="200" y="10"/>
					<Anchors>
						<Anchor point="TOPLEFT" relativePoint="BOTTOMLEFT" relativeTo="$parentModuleName" x="5" y="-5"/>
					</Anchors>
					<Color r="0.95" g="0.75" b="0.1"/>
				</FontString>
				<FontString name="$parentModuleID" text="[id]" inherits="GameFontNormalSmall" justifyH="LEFT">
					<Anchors>
						<Anchor point="TOPLEFT" relativePoint="BOTTOMLEFT" relativeTo="$parentModuleVersion" x="0" y="-3"/>
					</Anchors>
					<Color r="0.95" g="0.75" b="0.1"/>
				</FontString>
				<FontString name="$parentStatus" text="[status]" inherits="GameFontNormalSmall" justifyH="LEFT">
					<Anchors>
						<Anchor point="LEFT" relativePoint="RIGHT" relativeTo="$parentModuleVersion" x="0" y="-3"/>
					</Anchors>
				</FontString>
			</Layer>
		</Layers>
		<Frames>
			<Button name="$parentInfo" inherits="TRP3_HelpButton">
				<Anchors>
					<Anchor point="TOPLEFT" x="13" y="-7"/>
				</Anchors>
			</Button>
			<Button name="$parentAction">
				<Size x="32" y="32"/>
				<Anchors>
					<Anchor point="TOPRIGHT" x="-4" y="-4"/>
				</Anchors>
				<NormalTexture file="Interface\Buttons\UI-Panel-SmallerButton-Up"/>
				<PushedTexture file="Interface\Buttons\UI-Panel-SmallerButton-Down"/>
				<HighlightTexture file="Interface\Buttons\UI-Panel-MinimizeButton-Highlight" alphaMode="ADD"/>
			</Button>
		</Frames>
	</Frame>
    
    <Frame name="TRP3_ConfigurationModule" parent="TRP3_MainFramePageContainer" hidden="true">
        <Backdrop edgeFile="Interface\GLUES\COMMON\TextPanel-Border" tile="true">
			<EdgeSize><AbsValue val="32"/></EdgeSize><TileSize><AbsValue val="418"/></TileSize>
			<BackgroundInsets><AbsInset left="5" right="5" top="5" bottom="5"/></BackgroundInsets>
		</Backdrop>
		<Size x="530" y="0"/>
        <Anchors>
			<Anchor point="TOPRIGHT" x="0" y="0"/>
			<Anchor point="BOTTOMRIGHT" x="0" y="0"/>
		</Anchors>
        <Layers>
        	<Layer level="BACKGROUND">
				<Texture file="Interface\AchievementFrame\UI-Achievement-StatsBackground">
					<Size x="526" y="0"/>
					<Anchors>
						<Anchor point="TOPRIGHT" x="0" y="0"/>
						<Anchor point="BOTTOMRIGHT" x="0" y="0"/>
					</Anchors>
					<TexCoords left="0.07" right="1" top="0" bottom="0.98"/>
				</Texture>
			</Layer>
			<Layer level="OVERLAY">
			    <FontString name="TRP3_ConfigurationModuleTitle" inherits="GameFontNormalHuge" justifyH="CENTER" text="[modules_settings]">
					<Anchors>
						<Anchor point="TOPLEFT" x="50" y="-25"/>
					</Anchors>
					<Color r="0.95" g="0.95" b="0.95"/>
				</FontString>
			</Layer>
		</Layers>
		<Frames>
		    <Frame name="TRP3_ConfigurationModuleFrame">
		        <Backdrop bgFile="Interface\TutorialFrame\TutorialFrameBackground" edgeFile="Interface\GLUES\COMMON\TextPanel-Border" tile="true">
					<EdgeSize><AbsValue val="32"/></EdgeSize><TileSize><AbsValue val="418"/></TileSize>
					<BackgroundInsets><AbsInset left="5" right="5" top="5" bottom="5"/></BackgroundInsets>
				</Backdrop>
				<Size x="450" y="380"/>
		         <Anchors>
					<Anchor point="BOTTOM" x="0" y="20"/>
				</Anchors>
				<Frames>
				    <ScrollFrame name="TRP3_ConfigurationModuleScroll" inherits="UIPanelScrollFrameTemplate">
						<Size x="420" y="365"/>
						<Anchors>
							<Anchor point="RIGHT" x="-17" y="0"/>
						</Anchors>
						<ScrollChild>
							<Frame name="TRP3_ConfigurationModuleContainer">
								<Size x="50" y="50"/>
								<Frames>
								    
								</Frames>
							</Frame>
						</ScrollChild>
					</ScrollFrame>
				</Frames>
		    </Frame>
		</Frames>
    </Frame>
	
	<Script file="module_management.lua"/>
	
	<Script file="flyway\flyway.lua"/>
	<Script file="flyway\flyway_patches.lua"/>
	
	<Include file="dashboard\dashboard.xml"/>
	
	<Include file="register\register_includes.xml"/>
	
	<Include file="dialogs\dialogs.xml"/>
	
	<Include file="gamemaster\gamemaster.xml"/>
	
	<Include file="chatframe\chatframe.xml"/>
	
	<Include file="targetframe\target_frame.xml"/>
	
	<Include file="toolbar\toolbar.xml"/>
	
	<Include file="importer\importer.xml"/>
</Ui>