<Ui xmlns="http://www.blizzard.com/wow/ui/">
	<Script file="Achievement.lua"/>
	<Script file="Alerts.lua"/>
	<Script file="Archaeology.lua"/>
	<Script file="AuctionHouse.lua"/>
	<Script file="Bags.lua"/>
	<Script file="Barber.lua"/>
	<Script file="BGMap.lua"/>
	<Script file="BGScore.lua"/>
	<Script file="Binding.lua"/>
	<Script file="BlackMarket.lua"/>
	<Script file="BlizzardOptions.lua"/>
	<Script file="Calendar.lua"/>
	<Script file="Character.lua"/>
	<Script file="Debug.lua"/>
	<Script file="DressingRoom.lua"/>
	<Script file="EncounterJournal.lua"/>
	<Script file="Friends.lua"/>
	<Script file="Glyph.lua"/>
	<Script file="GMChat.lua"/>
	<Script file="Gossip.lua"/>
	<Script file="Guild.lua"/>
	<Script file="GuildBank.lua"/>
	<Script file="GuildControl.lua"/>
	<Script file="GuildRegistrar.lua"/>
	<Script file="Help.lua"/>
	<Script file="Inspect.lua"/>
	<Script file="ItemText.lua"/>
	<Script file="ItemUpgrade.lua"/>
	<Script file="LFG.lua"/>
	<Script file="LFGuild.lua"/>
	<Script file="Loot.lua"/>
	<Script file="LootHistory.lua"/>
	<Script file="LootRoll.lua"/>
	<Script file="LossControl.lua"/>
	<Script file="Macro.lua"/>
	<Script file="Mail.lua"/>
	<Script file="Merchant.lua"/>
	<Script file="MirrorTimers.lua"/>
	<Script file="Misc.lua"/>
	<Script file="Mounts.lua"/>
	<Script file="MovePad.lua"/>
	<Script file="NoRaid.lua"/>
	<Script file="PetBattle.lua"/>
	<Script file="Petition.lua"/>
	<Script file="PvP.lua"/>
	<Script file="Quest.lua"/>
	<Script file="Raid.lua"/>
	<Script file="RaidManager.lua"/>
	<Script file="Reforge.lua"/>
	<Script file="Socket.lua"/>
	<Script file="Spellbook.lua"/>
	<Script file="Stable.lua"/>
	<Script file="Tabard.lua"/>
	<Script file="Talent.lua"/>
	<Script file="Taxi.lua"/>
	<Script file="Tooltip.lua"/>
	<Script file="Transmogrification.lua"/>
	<Script file="TimeManager.lua"/>
	<Script file="Trade.lua"/>
	<Script file="Tradeskill.lua"/>
	<Script file="Trainer.lua"/>
	<Script file="Tutorial.lua"/>
	<Script file="VoidStorage.lua"/>
	<Script file="WatchFrame.lua"/>
	<Script file="Worldmap.lua"/>
	<Script file="WorldStateFrame.lua"/>
</Ui>