<Ui xsi:schemaLocation="http://www.blizzard.com/wow/ui/ ..\FrameXML\UI.xsd">
    <Script file="Locals\enUS.lua" />
    
    <!-- <Script file="Locals\ptBR.lua" />
	<Script file="Locals\frFR.lua" />
	<Script file="Locals\deDE.lua" />
	<Script file="Locals\koKR.lua" /> -->
	<!-- esMX -->
	<!-- <Script file="Locals\ruRU.lua" />
	<Script file="Locals\zhCN.lua" /> -->
	<!-- esES -->
	<!-- <Script file="Locals\zhTW.lua" /> -->
    
	<Script file="settings.lua" />
	<Script file="GearGrinder.lua" />
	<Script file="misc.lua" />
	
	
	<Font name="GGHelp_Hdr" font="Fonts\FRIZQT__.TTF" JustifyH="LEFT" justifyV="TOP" virtual="true">
		<Anchor>
			<Offset>
				<AbsDimension x="0" y="-5"/>
			</Offset>
		</Anchor>
		<Shadow>
            <Offset>
                <AbsDimension x="1" y="-1"/>
            </Offset>
            <Color r="0" g="0" b="0"/>
        </Shadow>
        <FontHeight>
            <AbsValue val="14"/>
        </FontHeight>
		<Color r="1" g="0" b="0"/>
    </Font>
	<Font name="GGHelp_Bdy" font="Fonts\FRIZQT__.TTF" JustifyH="LEFT" justifyV="TOP" virtual="true">
		<Anchor>
			<Offset>
				<AbsDimension x="0" y="-5"/>
			</Offset>
		</Anchor>        <FontHeight>
            <AbsValue val="12"/>
        </FontHeight>
		<Color r="1" g="1" b="1"/>
    </Font>
	
	
	<Frame name ="GGHelpFrame" parent ="UIParent" movable ="true" hidden="true">
		<Size x="600" y="400"/>
		<Anchors>
			<Anchor point="CENTER" />
		</Anchors>
		<Backdrop bgFile="Interface\DialogFrame\UI-DialogBox-Background" edgeFile="Interface\DialogFrame\UI-DialogBox-Border" tile="true">
		   <BackgroundInsets>
				<AbsInset left="10" right="6" top="11" bottom="8"/>
			</BackgroundInsets>	
           <TileSize>
               <AbsValue val="32"/>
           </TileSize>
           <EdgeSize>
              <AbsValue val="32"/>
           </EdgeSize>
		   <Color r="0" g="0" b="0" a="0.75"/>
		</Backdrop>
		<Scripts> <!--Mainframe scripts--> 
            <OnMouseDown> self:StartMoving();  </OnMouseDown>
            <OnMouseUp>  self:StopMovingOrSizing(); </OnMouseUp>
            <OnDragStop> self:StopMovingOrSizing(); </OnDragStop>
        </Scripts> 	
		
		<Layers>
			<Layer level="ARTWORK">
				<FontString  name = "$parentTitle" inherits="GameFontHighlightLarge" text="Gear Grinder Help / Tutorial">
					<Anchors>
						<Anchor point="TOP" relativePoint="TOP" relativeTo="$parent">
							<Offset>
								<AbsDimension x="0" y="-17"/>
							</Offset>
						</Anchor>
					</Anchors>
					<Color r="1" g="1" b="1" a="1" />
				</FontString>
			</Layer>
		</Layers>
		<Frames>
			<Button inherits="UIPanelCloseButton">
				<Anchors>
					<Anchor point="TOPRIGHT" relativeTo="GGHelpFrame" >
						<Offset>
							<AbsDimension x="-6" y="-6"/>
						</Offset>
					</Anchor>
				</Anchors>
				<Scripts>
					<OnClick>
						GGHelpFrame:Hide();
					</OnClick>
				</Scripts> 
			</Button>

			<ScrollFrame name="GGHelpScroll" inherits="UIPanelScrollFrameTemplate">
				<Anchors>
					<Anchor point="TOPLEFT" relativePoint="TOPLEFT" relativeTo="$parent">
						<Offset> 	
							<AbsDimension x="15" y="-50"/>
						</Offset>
					</Anchor>
					<Anchor point="BOTTOMRIGHT" relativePoint="BOTTOMRIGHT" relativeTo="$parent">
						<Offset> 	
							<AbsDimension x="-35" y="15"/>
						</Offset>
					</Anchor>
				</Anchors>

				<ScrollChild> 
					<Frame name="GGHelpContent">
						<Size x="550" y="2000"/>
						<Anchor point="TOPLEFT" relativeTo="GGHelpFrame"/>
						<Layers>
							<Layer level="ARTWORK">
								<FontString name="$parentT01" inherits="GGHelp_Hdr" 
									text="What information can be displayed?">
									<Anchors>
										<Anchor point="TOPLEFT" x="0" y="0" />
									</Anchors>
								</FontString>
								<FontString name="$parentT02" inherits="GGHelp_Bdy" 
									text="Gear Grinder shows various details.">
									<Size x="550" />
									<Anchors>
										<Anchor point="TOPLEFT" relativePoint="BOTTOMLEFT" relativeTo="$parentT01" />
									</Anchors>
								</FontString>
								<Texture name="GGBreak" file="Interface\QuestFrame\UI-HorizontalBreak">
									<Size x="550" y="16"/>
									<Anchors>
										<Anchor point="TOPLEFT" relativePoint="BOTTOMLEFT" relativeTo="$parentT02" y="-5" />
									</Anchors>
								</Texture>
							</Layer>
						</Layers>
					</Frame>
				</ScrollChild>	
			</ScrollFrame>

		</Frames> 
	
	</Frame>
	
	
	
</Ui>
