<Ui xmlns="http://www.blizzard.com/wow/ui/" xmlns:xsi="http://www.w3.org/2001/XMLSchema-instance" xsi:schemaLocation="http://www.blizzard.com/wow/ui/ C:\Projects\WoW\Bin\Interface\FrameXML\UI.xsd">
	<Frame name="QHLOPTIONSMAINTEMPLATE" virtual="true">
		<Frames>
			<CheckButton name="$parent_ShowArrow" inherits="QHLCHECKBUTTONTEMPLATE">
				<Anchors>
					<Anchor point="TOPLEFT" relativePoint="TOPLEFT">
						<Offset>
							<AbsDimension x="20" y="-250"/>
						</Offset>
					</Anchor>
				</Anchors>
			</CheckButton>
			<CheckButton name="$parent_ShowTrail" inherits="QHLCHECKBUTTONTEMPLATE">
				<Anchors>
					<Anchor point="TOPLEFT" relativePoint="TOPLEFT">
						<Offset>
							<AbsDimension x="20" y="-275"/>
						</Offset>
					</Anchor>
				</Anchors>
			</CheckButton>
			<CheckButton name="$parent_AutoSortQuests" inherits="QHLCHECKBUTTONTEMPLATE">
				<Anchors>
					<Anchor point="TOPLEFT" relativePoint="TOPLEFT">
						<Offset>
							<AbsDimension x="225" y="-250"/>
						</Offset>
					</Anchor>
				</Anchors>
			</CheckButton>
			<CheckButton name="$parent_ZoneOnly" inherits="QHLCHECKBUTTONTEMPLATE">
				<Anchors>
					<Anchor point="TOPLEFT" relativePoint="TOPLEFT">
						<Offset>
							<AbsDimension x="225" y="-275"/>
						</Offset>
					</Anchor>
				</Anchors>
			</CheckButton>
			<CheckButton name="$parent_TrackByGroup" inherits="QHLCHECKBUTTONTEMPLATE">
				<Anchors>
					<Anchor point="TOPLEFT" relativePoint="TOPLEFT">
						<Offset>
							<AbsDimension x="225" y="-300"/>
						</Offset>
					</Anchor>
				</Anchors>
			</CheckButton>
			<CheckButton name="$parent_TrackByLevel" inherits="QHLCHECKBUTTONTEMPLATE">
				<Anchors>
					<Anchor point="TOPLEFT" relativePoint="TOPLEFT">
						<Offset>
							<AbsDimension x="225" y="-325"/>
						</Offset>
					</Anchor>
				</Anchors>
			</CheckButton>
			<Slider name="$parent_UpdateInterval" inherits="QHLSLIDERTEMPLATE">
				<Anchors>
					<Anchor point="TOPLEFT" relativePoint="TOPLEFT">
						<Offset>
							<AbsDimension x="20" y="-390"/>
						</Offset>
					</Anchor>
				</Anchors>
			</Slider>
			<Slider name="$parent_LevelOffset" inherits="QHLSLIDERTEMPLATE">
				<Anchors>
					<Anchor point="TOPLEFT" relativePoint="TOPLEFT">
						<Offset>
							<AbsDimension x="225" y="-390"/>
						</Offset>
					</Anchor>
				</Anchors>
			</Slider>
		</Frames>
		<Layers>
			<Layer level="OVERLAY">
				<FontString name="$parentLabel1" inherits="BossEmoteNormalHuge">
					<Anchors>
						<Anchor point="TOP" relativePoint="TOP">
							<Offset>
								<AbsDimension x="0" y="-20"/>
							</Offset>
						</Anchor>
					</Anchors>
				</FontString>
				<FontString name="$parentLabel2" inherits="BossEmoteNormalHuge">
					<Anchors>
						<Anchor point="TOP" relativePoint="TOP">
							<Offset>
								<AbsDimension x="0" y="-45"/>
							</Offset>
						</Anchor>
					</Anchors>
				</FontString>
				<FontString name="$parentLabel3" inherits="GameFontNormal">
					<Anchors>
						<Anchor point="TOP" relativePoint="TOP">
							<Offset>
								<AbsDimension x="0" y="-85"/>
							</Offset>
						</Anchor>
					</Anchors>
				</FontString>
				<FontString name="$parentLabel4" inherits="GameFontNormal">
					<Anchors>
						<Anchor point="TOP" relativePoint="TOP">
							<Offset>
								<AbsDimension x="0" y="-100"/>
							</Offset>
						</Anchor>
					</Anchors>
				</FontString>
				<FontString name="$parentLabel5" inherits="GameFontNormalSmallLeft" text="QHL_LOCALE_DESCRIPTION">
					<Anchors>
						<Anchor point="TOPLEFT" relativePoint="TOPLEFT">
							<Offset>
								<AbsDimension x="20" y="-125"/>
							</Offset>
						</Anchor>
					</Anchors>
				</FontString>
				<FontString name="$parentLabel6" inherits="GameFontNormal">
					<Anchors>
						<Anchor point="TOPLEFT" relativePoint="TOPLEFT">
							<Offset>
								<AbsDimension x="20" y="-230"/>
							</Offset>
						</Anchor>
					</Anchors>
				</FontString>
				<FontString name="$parentLabel7" inherits="GameFontNormal">
					<Anchors>
						<Anchor point="TOPLEFT" relativePoint="TOPLEFT">
							<Offset>
								<AbsDimension x="225" y="-230"/>
							</Offset>
						</Anchor>
					</Anchors>
				</FontString>
			</Layer>
		</Layers>
		<Scripts>
			<OnShow>
				QHLOptions:SetupOptions();
			</OnShow>
		</Scripts>
	</Frame>
	
	<Slider name="QHLSLIDERTEMPLATE" virtual="true" inherits="OptionsSliderTemplate">
		<Size>
			<AbsDimension x="175" y="16"/>
		</Size>
		<Scripts>
			<OnLoad>
				getglobal(self:GetName().."High"):SetText("");
				getglobal(self:GetName().."Low"):SetText("");
			</OnLoad>
			<OnValueChanged>
				local sliderMin, sliderMax = self:GetMinMaxValues();
				QHLOptions:SetSlider(self, nil, self.label, sliderMin, sliderMax, self:GetValueStep(), self:GetValue(), self.unit);
			</OnValueChanged>
		</Scripts>
	</Slider>
	
	<Frame name="QHLSCROLLABLEBOXTEMPLATE" virtual="true">
		<Size>
			<AbsDimension x="100" y="100"/>
		</Size>
		<Anchor point="TOPLEFT">
			<Offset>
				<AbsDimension x="0" y="0"/>
			</Offset>
		</Anchor>
		<Layers>
			<Layer level="OVERLAY">
				<FontString name="$parent_ScrollFrame_EditBoxText" inherits="GameFontNormal">
					<Anchors>
						<Anchor point="BOTTOMLEFT" relativePoint="TOPLEFT">
							<Offset>
								<AbsDimension x="-5" y="10"/>
							</Offset>
						</Anchor>
					</Anchors>
				</FontString>
			</Layer>
		</Layers>
		<Frames>
			<ScrollFrame name="$parent_ScrollFrame" inherits="UIPanelScrollFrameTemplate">
				<Anchors>
					<Anchor point="TOPLEFT">
						<Offset>
							<AbsDimension x="0" y="0"/>
						</Offset>
					</Anchor>
					<Anchor point="BOTTOMRIGHT">
						<Offset>
							<AbsDimension x="10" y="0"/>
						</Offset>
					</Anchor>
				</Anchors>
				<ScrollChild>
					<EditBox name="$parent_EditBox" letters="7500" multiLine="true" enableMouse="true" autoFocus="false">
						<Anchors>
							<Anchor point="TOPLEFT">
								<Offset>
									<AbsDimension x="0" y="0"/>
								</Offset>
							</Anchor>
						</Anchors>
						<FontString inherits="GameFontHighlightSmall"/>
						<Scripts>
							<OnUpdate>
								self:SetWidth(self:GetParent():GetParent():GetWidth());
								self:SetHeight(self:GetParent():GetParent():GetHeight());
							</OnUpdate>
							<OnEscapePressed>
								EditBox_ClearFocus(self);
							</OnEscapePressed>
							<OnEditFocusLost>
								EditBox_ClearHighlight(self);
							</OnEditFocusLost>
							<OnEditFocusGained>
								EditBox_HighlightText(self);
							</OnEditFocusGained>
							<OnTextChanged> 
								local scrollBar = getglobal(self:GetParent():GetName().."ScrollBar");
								self:GetParent():UpdateScrollChildRect();
								local min; local max; min, max = scrollBar:GetMinMaxValues(); 
								if (max > 0 and (self.max ~= max)) then
									self.max = max;
									scrollBar:SetValue(max); 
								end
							</OnTextChanged>
						</Scripts>
					</EditBox>
				</ScrollChild>
			</ScrollFrame>
			<Frame name="$parent_TextBackground" enableMouse="false" hidden="false">
				<Anchors>
					<Anchor point="TOPLEFT">
						<Offset>
							<AbsDimension x="-10" y="7"/>
						</Offset>
					</Anchor>
					<Anchor point="BOTTOMRIGHT">
						<Offset>
							<AbsDimension x="10" y="-7"/>
						</Offset>
					</Anchor>
				</Anchors>
				<Backdrop bgFile="Interface\Tooltips\UI-Tooltip-Background" edgeFile="Interface\Tooltips\UI-Tooltip-Border" tile="true">
					<EdgeSize>
						<AbsValue val="16"/>
					</EdgeSize>
					<TileSize>
						<AbsValue val="16"/>
					</TileSize>
					<BackgroundInsets>
						<AbsInset left="5" right="5" top="5" bottom="5"/>
					</BackgroundInsets>
				</Backdrop>
				<Scripts>
					<OnLoad>
						self:SetBackdropColor(0.0, 0.0, 0.0, 1.0);
					</OnLoad>
				</Scripts>
			</Frame>
		</Frames>
	</Frame>

	<EditBox name="QHLEDITBOXTEMPLATE" virtual="true" autoFocus="false">
		<Size>
			<AbsDimension x="110" y="10"/>
		</Size>
		<Layers>
			<Layer level="OVERLAY">
				<FontString name="$parentText" inherits="GameFontNormal">
					<Anchors>
						<Anchor point="BOTTOMLEFT" relativePoint="TOPLEFT">
							<Offset>
								<AbsDimension x="-5" y="5"/>
							</Offset>
						</Anchor>
					</Anchors>
				</FontString>
			</Layer>
			<Layer level="BACKGROUND">
				<Texture name="$parentLeft" file="Interface\Common\Common-Input-Border">
					<Size>
						<AbsDimension x="8" y="20"/>
					</Size>
					<Anchors>
						<Anchor point="LEFT">
							<Offset>
								<AbsDimension x="-5" y="0"/>
							</Offset>
						</Anchor>
					</Anchors>
					<TexCoords left="0" right="0.0625" top="0" bottom="0.625"/>
				</Texture>
				<Texture name="$parentRight" file="Interface\Common\Common-Input-Border">
					<Size>
						<AbsDimension x="8" y="20"/>
					</Size>
					<Anchors>
						<Anchor point="RIGHT">
							<Offset>
								<AbsDimension x="0" y="0"/>
							</Offset>
						</Anchor>
					</Anchors>
					<TexCoords left="0.9375" right="1.0" top="0" bottom="0.625"/>
				</Texture>
				<Texture name="$parentMiddle" file="Interface\Common\Common-Input-Border">
					<Size>
						<AbsDimension x="10" y="20"/>
					</Size>
					<Anchors>
						<Anchor point="LEFT" relativeTo="$parentLeft" relativePoint="RIGHT"/>
						<Anchor point="RIGHT" relativeTo="$parentRight" relativePoint="LEFT"/>
					</Anchors>
					<TexCoords left="0.0625" right="0.9375" top="0" bottom="0.625"/>
				</Texture>
			</Layer>
		</Layers>
		<FontString inherits="GameFontHighlightSmall"/>
		<Scripts>
			<OnEscapePressed>
				EditBox_ClearFocus(self);
			</OnEscapePressed>
			<OnEditFocusLost>
				EditBox_ClearHighlight(self);
			</OnEditFocusLost>
			<OnEditFocusGained>
				EditBox_HighlightText(self);
			</OnEditFocusGained>
		</Scripts>
	</EditBox>
	
	<CheckButton name="QHLCHECKBUTTONTEMPLATE" virtual="true" inherits="OptionsCheckButtonTemplate">
		<Size>
			<AbsDimension x="25" y="25"/>
		</Size>
		<Layers>
			<Layer level="OVERLAY">
				<FontString name="$parentText" inherits="GameFontNormal">
					<Anchors>
						<Anchor point="LEFT" relativePoint="RIGHT">
							<Offset>
								<AbsDimension x="5" y="0"/>
							</Offset>
						</Anchor>
					</Anchors>
				</FontString>
			</Layer>
		</Layers>
	</CheckButton>
	
	<Frame name="QHLDROPDOWNTEMPLATE" virtual="true" inherits="UIDropDownMenuTemplate" enableMouse="true">
		<Layers>
			<Layer level="OVERLAY">
				<FontString name="$parentLabel" inherits="GameFontNormalSmall">
					<Anchors>
						<Anchor point="BOTTOMLEFT" relativePoint="TOPLEFT">
							<Offset>
								<AbsDimension x="20" y="0"/>
							</Offset>
						</Anchor>
					</Anchors>
				</FontString>
			</Layer>
		</Layers>
	</Frame>
</Ui>