<Ui xmlns="http://www.blizzard.com/wow/ui/" xmlns:xsi="http://www.w3.org/2001/XMLSchema-instance" xsi:schemaLocation="http://www.blizzard.com/wow/ui/
..\FrameXML\UI.xsd">
    <Script file="Debug.lua"/>
    <Script file="PetConstants.lua"/>
    <Script file="PetUtil.lua"/>
    <Script file="WidgetUtil.lua"/>
    <Script file="MovingView.lua"/>
    <Script file="HealthBar.lua"/>
    <Script file="CatchIndicator.lua"/>
    <Script file="PetPortrait.lua"/>
    <Script file="PetInfoView.lua"/>
    <Script file="PetBattleMaster.lua"/>
    <Script file="PetTeamView.lua"/>
    <Script file="PetTeamManager.lua"/>
    <Script file="TooltipHook.lua"/>
    <Script file="PetStable.lua"/>
    <Script file="BattleInfo.lua"/>
</Ui>