<Ui xmlns="http://www.blizzard.com/wow/ui/" xmlns:xsi="http://www.w3.org/2001/XMLSchema-instance" xsi:schemaLocation="http://www.blizzard.com/wow/ui/
..\FrameXML\UI.xsd">
	
	<Button name="ALUF_ArenaEnemyFrameTemplate" frameStrata="LOW" toplevel="true" inherits="SecureUnitButtonTemplate" virtual="true">
		<Size>
			<AbsDimension x="181" y="69" />
		</Size>
		<Layers>
			<Layer level="BACKGROUND">
				<Texture name="$parentBackground">
					<Size>
						<AbsDimension x="167" y="45" />
					</Size>
					<Anchors>
						<Anchor point="TOPRIGHT">
							<Offset>
								<AbsDimension x="-6" y="-15" />
							</Offset>
						</Anchor>
					</Anchors>
					<Color r="0" g="0" b="0" a="0.5"/>
				</Texture>
			</Layer>
			<Layer level="ARTWORK">
				<Texture name="$parentAbsorbBar" inherits="ArenaLive_AbsorbBarTemplate" />
			</Layer>
			<Layer level="OVERLAY" textureSubLevel="1">
				<Texture name="$parentHealPredictionBar" inherits="ArenaLive_HealPredictionBar" />
			</Layer>
			<Layer level="OVERLAY" textureSubLevel="2">
				<Texture name="$parentAbsorbBarOverlay" inherits="ArenaLive_AbsorbBarOverlayTemplate" />
				<Texture name="$parentAbsorbBarFullHPIndicator" inherits="ArenaLive_AbsorbFullHPIndicator" />
			</Layer>
		</Layers>
		<Frames>
			<!-- We need to nest the frame so many times because of the FrameLevel. -->
			<Frame setAllPoints="true">
				<Frames>
					<Frame setAllPoints="true">
						<Frames>
							<Frame setAllPoints="true">
								<Layers>
									<Layer level="BACKGROUND">
										<Texture name="$parentBorder" file="Interface\AddOns\ArenaLiveUnitFrames\Textures\ArenaTargetFrame">
											<Size>
												<AbsDimension x="181" y="59" />
											</Size>
											<Anchors>
												<Anchor point="TOPLEFT">
													<Offset>
														<AbsDimension x="0" y="-10" />
													</Offset>
												</Anchor>
											</Anchors>
											<TexCoords left="0.1484375" right="0.85546875" top="0.03125" bottom="0.953125"/>
										</Texture>
										<FontString name="$parentHealthBarText" inherits="ArenaLiveFont_StatusBarTextSmall">
											<Size>
												<AbsDimension x="96" y="30" />
											</Size>
											<Anchors>
												<Anchor point="TOPRIGHT">
													<Offset>
														<AbsDimension x="-78" y="-15" />
													</Offset>
												</Anchor>
											</Anchors>
										</FontString>
										<FontString name="$parentPowerBarText" inherits="ArenaLiveFont_StatusBarTextSmall">
											<Size>
												<AbsDimension x="96" y="13" />
											</Size>
											<Anchors>
												<Anchor point="TOPRIGHT">
													<Offset>
														<AbsDimension x="-78" y="-48" />
													</Offset>
												</Anchor>
											</Anchors>
										</FontString>
									</Layer>
									<Layer level="OVERLAY" textureSubLevel="1">
										<Texture name="$parentTargetIndicator" file="Interface\AddOns\ArenaLiveUnitFrames\Textures\smallFrameTargetIndicator" hidden="true">
											<Size>
												<AbsDimension x="179" y="57" />
											</Size>
											<Anchors>
												<Anchor point="CENTER">
													<Offset>
														<AbsDimension x="1" y="-3" />
													</Offset>
												</Anchor>
											</Anchors>
											<TexCoords left="0.84765625" right="0.1484375" top="0.046875" bottom="0.9375"/>
										</Texture>									
									</Layer>
									<Layer level="OVERLAY" textureSubLevel="2">
										<FontString name="$parentName" inherits="ArenaLiveFont_NameSmall">
											<Size>
												<!-- I don't define X here, because the width of the frame needs to be dynamic. -->
												<AbsDimension y="12" />
											</Size>
										
											<Anchors>
												<Anchor point="TOPRIGHT">
													<Offset>
														<AbsDimension x="-28" y="0" />
													</Offset>										
												</Anchor>
											</Anchors>
										</FontString>
									</Layer>
								</Layers>
								<Frames>
									<Frame name="$parentIcon3" inherits="ArenaLiveIconTemplate" id="3">
										<Size>
											<AbsDimension x="16" y="16" />
										</Size>
										<Anchors>
											<Anchor point="TOPRIGHT" relativeTo="$parentName" relativePoint="TOPLEFT">
												<Offset>
													<AbsDimension x="-5" y="2" />
												</Offset>
											</Anchor>
										</Anchors>
									</Frame>
								</Frames>
							</Frame>
						</Frames>
					</Frame>
				</Frames>
			</Frame>
			<Frame name="$parentPortrait" inherits="ArenaLive_PortraitTemplate">
				<Size>
					<AbsDimension x="48" y="48" />
				</Size>
				<Anchors>
					<Anchor point="TOPRIGHT">
						<Offset>
							<AbsDimension x="-29" y="-13" />
						</Offset>
					</Anchor>
				</Anchors>	
			</Frame>
			<Frame name="$parentPortraitOverlay" inherits="ArenaLive_CCIndicatorTemplate">
				<Size>
					<AbsDimension x="48" y="48" />
				</Size>
				`<Anchors>
					<Anchor point="CENTER" relativeTo="$parentPortrait" />
				</Anchors>
				<Scripts>
					<OnLoad>
						local frameLevel = self:GetFrameLevel() + 1;
						self:SetFrameLevel(frameLevel);
					</OnLoad>
				</Scripts>
			</Frame>
			<StatusBar name="$parentHealthBar" reverseFill="true">
				<Size>
					<AbsDimension x="96" y="30" />
				</Size>
				<Anchors>
					<Anchor point="TOPRIGHT">
						<Offset>
							<AbsDimension x="-78" y="-15" />
						</Offset>
					</Anchor>
				</Anchors>
				<BarTexture file="Interface\TargetingFrame\UI-StatusBar"/>
				<BarColor r="0" g="1.0" b="0"/>
			</StatusBar>
			<StatusBar name="$parentPowerBar" reverseFill="true">
				<Size>
					<AbsDimension x="96" y="13" />
				</Size>
				<Anchors>
					<Anchor point="TOPRIGHT">
						<Offset>
							<AbsDimension x="-78" y="-48" />
						</Offset>
					</Anchor>
				</Anchors>
				<BarTexture file="Interface\TargetingFrame\UI-StatusBar"/>
				<BarColor r="0" g="0" b="1.0"/>
			</StatusBar>
			<StatusBar name="$parentCastBar" inherits="ALUF_ShortCastBarTemplateReverse">
				<Anchors>
					<Anchor point="TOPRIGHT" relativePoint="TOPLEFT">
						<Offset>
							<AbsDimension x="-25" y="-14" />
						</Offset>
					</Anchor>
				</Anchors>
			</StatusBar>
			<Frame name="$parentDrTracker">
				<Anchors>
					<Anchor point="LEFT" relativePoint="RIGHT">
						<Offset>
							<AbsDimension x="5" y="0" />
						</Offset>
					</Anchor>
				</Anchors>
			</Frame>
			<Frame name="$parentCastHistory">
				<Size>
					<AbsDimension x="105" y="29" />
				</Size>
				<Anchors>
					<Anchor point="TOPRIGHT" relativeTo="$parentCastBarBorder" relativePoint="BOTTOMRIGHT">
						<Offset>
							<AbsDimension x="-2" y="2" />
						</Offset>
					</Anchor>
				</Anchors>
			</Frame>
			<Frame name="$parentIcon1" inherits="ArenaLiveIconTemplate" id="1">
				<Size>
					<AbsDimension x="24" y="24" />
				</Size>
				<Anchors>
					<Anchor point="TOPRIGHT">
						<Offset>
							<AbsDimension x="-4" y="-13" />
						</Offset>
					</Anchor>
				</Anchors>
			</Frame>
			<Frame name="$parentIcon2" inherits="ArenaLiveIconTemplate" id="2">
				<Size>
					<AbsDimension x="24" y="24" />
				</Size>
				<Anchors>
					<Anchor point="TOPRIGHT">
						<Offset>
							<AbsDimension x="-4" y="-37" />
						</Offset>
					</Anchor>
				</Anchors>
			</Frame>
		</Frames>
	</Button>
	
	<Frame name="ALUF_ArenaEnemyFrames" movable="true" inherits="SecureFrameTemplate, SecureHandlerBaseTemplate" parent="ArenaLiveUnitFrames" hidden="true">
		<Size>
			<AbsDimension x="306" y="1" />
		</Size>
		<Anchors>
			<Anchor point="TOPRIGHT">
				<Offset>
					<AbsDimension x="-200" y="-100" />
				</Offset>
			</Anchor>
		</Anchors>
		<Frames>
			<Button name="$parentMover" inherits="ArenaLive_FrameMoverTemplate" />
			<Button name="ALUF_ArenaEnemyFrame1" inherits="ALUF_ArenaEnemyFrameTemplate" id="1" >
				<Anchors>
					<Anchor point="TOP">
						<Offset>
							<AbsDimension x="-10" y="-12" />
						</Offset>
					</Anchor>
				</Anchors>
			</Button>
			<Button name="ALUF_ArenaEnemyFrame2" inherits="ALUF_ArenaEnemyFrameTemplate" id="2" >
				<Anchors>
					<Anchor point="TOP" relativeTo="ALUF_ArenaEnemyFrame1" relativePoint="BOTTOM">
						<Offset>
							<AbsDimension x="0" y="-12" />
						</Offset>
					</Anchor>
				</Anchors>
			</Button>
			<Button name="ALUF_ArenaEnemyFrame3" inherits="ALUF_ArenaEnemyFrameTemplate" id="3" >
				<Anchors>
					<Anchor point="TOP" relativeTo="ALUF_ArenaEnemyFrame2" relativePoint="BOTTOM">
						<Offset>
							<AbsDimension x="0" y="-12" />
						</Offset>
					</Anchor>
				</Anchors>
			</Button>
			<Button name="ALUF_ArenaEnemyFrame4" inherits="ALUF_ArenaEnemyFrameTemplate" id="4" >
				<Anchors>
					<Anchor point="TOP" relativeTo="ALUF_ArenaEnemyFrame3" relativePoint="BOTTOM">
						<Offset>
							<AbsDimension x="0" y="-12" />
						</Offset>
					</Anchor>
				</Anchors>
			</Button>
			<Button name="ALUF_ArenaEnemyFrame5" inherits="ALUF_ArenaEnemyFrameTemplate" id="5" >
				<Anchors>
					<Anchor point="TOP" relativeTo="ALUF_ArenaEnemyFrame4" relativePoint="BOTTOM">
						<Offset>
							<AbsDimension x="0" y="-12" />
						</Offset>
					</Anchor>
				</Anchors>
			</Button>
		</Frames>
	</Frame>
	
	<Script File="ArenaEnemyFrames.lua" />
</Ui>