<Ui xmlns="http://www.blizzard.com/wow/ui/" xmlns:xsi="http://www.w3.org/2001/XMLSchema-instance" xsi:schemaLocation="http://www.blizzard.com/wow/ui/
..\FrameXML\UI.xsd">
	
	<Button name="ALUF_PartyPetFrameTemplate" frameStrata="LOW" toplevel="true" movable="true" inherits="SecureUnitButtonTemplate, SecureHandlerBaseTemplate" hidden="true" virtual="true">
		<Size>
			<AbsDimension x="116" y="42" />
		</Size>
		<Anchors>
			<Anchor point="CENTER" />
		</Anchors>
		<Layers>
			<Layer level="BACKGROUND">
				<Texture name="$parentBackground">
					<Size>
						<AbsDimension x="110" y="26" />
					</Size>
					<Anchors>
						<Anchor point="TOPLEFT">
							<Offset>
								<AbsDimension x="2" y="-9" />
							</Offset>
						</Anchor>
					</Anchors>
					<Color r="0" g="0" b="0" a="0.5"/>
				</Texture>
			</Layer>
			<Layer level="ARTWORK">
				<Texture name="$parentAbsorbBar" inherits="ArenaLive_AbsorbBarTemplate" />
			</Layer>
			<Layer level="OVERLAY" textureSubLevel="1">
				<Texture name="$parentHealPredictionBar" inherits="ArenaLive_HealPredictionBar" />
			</Layer>
			<Layer level="OVERLAY" textureSubLevel="2">
				<Texture name="$parentAbsorbBarOverlay" inherits="ArenaLive_AbsorbBarOverlayTemplate" />
				<Texture name="$parentAbsorbBarFullHPIndicator" inherits="ArenaLive_AbsorbFullHPIndicator" />
			</Layer>
		</Layers>
		<Frames>
			<!-- We need to nest the frame so many times because of the FrameLevel. -->
			<Frame setAllPoints="true">
				<Frames>
					<Frame setAllPoints="true">
						<Frames>
							<Frame setAllPoints="true">
								<Layers>
									<Layer level="BACKGROUND">
										<Texture name="$parentBorder" file="Interface\AddOns\ArenaLiveUnitFrames\Textures\PartyPetFrameBorder">
											<Size>
												<AbsDimension x="116" y="32" />
											</Size>											
											<Anchors>
												<Anchor point="TOPLEFT">
													<Offset>
														<AbsDimension x="0" y="-8"/>
													</Offset>
												</Anchor>
											</Anchors>
											<TexCoords left="0.0546875" right="0.9609375" top="0.28125" bottom="0.78125"/>
										</Texture>
										<FontString name="$parentHealthBarText" inherits="ArenaLiveFont_StatusBarTextSmall" >
											<Size>
												<AbsDimension x="83" y="26" />
											</Size>
											<Anchors>
												<Anchor point="TOPLEFT">
													<Offset>
														<AbsDimension x="29" y="-9" />
													</Offset>
												</Anchor>
											</Anchors>
										</FontString>
									</Layer>
									<Layer level="OVERLAY" textureSubLevel="1">
										<Texture name="$parentTargetIndicator" file="Interface\AddOns\ArenaLiveUnitFrames\Textures\PartyPetFrameTargetIndicator" hidden="true">
											<Size>
												<AbsDimension x="116" y="32" />
											</Size>
											<Anchors>
												<Anchor point="CENTER">
													<Offset>
														<AbsDimension x="0" y="-2" />
													</Offset>
												</Anchor>
											</Anchors>
											<TexCoords left="0.046875" right="0.953125" top="0.25" bottom="0.75"/>
										</Texture>
									</Layer>
									<Layer level="OVERLAY" textureSubLevel="2">
										<FontString name="$parentName" inherits="ArenaLiveFont_NameVerySmall">
											<Size>
												<!-- I don't define X here, because the width of the frame needs to be dynamic. -->
												<AbsDimension y="10" />
											</Size>
										
											<Anchors>
												<Anchor point="TOPLEFT">
													<Offset>
														<AbsDimension x="3" y="0" />
													</Offset>										
												</Anchor>
											</Anchors>
										</FontString>
									</Layer>
								</Layers>
							</Frame>
						</Frames>
					</Frame>
				</Frames>
			</Frame>
			<Frame name="$parentPortrait" inherits="ArenaLive_PortraitTemplate">
				<Size>
					<AbsDimension x="26" y="26" />
				</Size>
				<Anchors>
					<Anchor point="TOPLEFT">
						<Offset>
							<AbsDimension x="2" y="-9" />
						</Offset>
					</Anchor>
				</Anchors>
			</Frame>
			<StatusBar name="$parentHealthBar">
				<Size>
					<AbsDimension x="83" y="26" />
				</Size>
				<Anchors>
					<Anchor point="TOPLEFT">
						<Offset>
							<AbsDimension x="29" y="-9" />
						</Offset>
					</Anchor>
				</Anchors>
				<BarTexture file="Interface\TargetingFrame\UI-StatusBar"/>
				<BarColor r="0" g="1.0" b="0"/>
			</StatusBar>
		</Frames>
	</Button>
	<Button name="ALUF_PartyMemberFrameTemplate" frameStrata="LOW" toplevel="true" movable="true" inherits="SecureUnitButtonTemplate" virtual="true">
		<Size>
			<AbsDimension x="181" y="69" />
		</Size>
		<Layers>
			<Layer level="BACKGROUND">
				<Texture name="$parentBackground">
					<Size>
						<AbsDimension x="167" y="45" />
					</Size>
					<Anchors>
						<Anchor point="TOPLEFT">
							<Offset>
								<AbsDimension x="5" y="-15" />
							</Offset>
						</Anchor>
					</Anchors>
					<Color r="0" g="0" b="0" a="0.5"/>
				</Texture>
			</Layer>
			<Layer level="ARTWORK">
				<Texture name="$parentAbsorbBar" inherits="ArenaLive_AbsorbBarTemplate" />
			</Layer>
			<Layer level="OVERLAY" textureSubLevel="1">
				<Texture name="$parentHealPredictionBar" inherits="ArenaLive_HealPredictionBar" />
			</Layer>
			<Layer level="OVERLAY" textureSubLevel="2">
				<Texture name="$parentAbsorbBarOverlay" inherits="ArenaLive_AbsorbBarOverlayTemplate" />
				<Texture name="$parentAbsorbBarFullHPIndicator" inherits="ArenaLive_AbsorbFullHPIndicator" />
			</Layer>
		</Layers>
		<Frames>
			<!-- We need to nest the frame so many times because of the FrameLevel. -->
			<Frame setAllPoints="true">
				<Frames>
					<Frame setAllPoints="true">
						<Frames>
							<Frame setAllPoints="true">
								<Layers>
									<Layer level="BACKGROUND">
										<Texture name="$parentBorder" file="Interface\AddOns\ArenaLiveUnitFrames\Textures\PartyMemberFrameBorder">
											<Size>
												<AbsDimension x="181" y="59" />
											</Size>
											<Anchors>
												<Anchor point="TOPLEFT">
													<Offset>
														<AbsDimension x="0" y="-10" />
													</Offset>
												</Anchor>
											</Anchors>
											<TexCoords left="0.1484375" right="0.85546875" top="0.03125" bottom="0.953125"/>
										</Texture>
										<FontString name="$parentHealthBarText" inherits="ArenaLiveFont_StatusBarTextSmall">
											<Size>
												<AbsDimension x="95" y="30" />
											</Size>
											<Anchors>
												<Anchor point="TOPLEFT">
													<Offset>
														<AbsDimension x="78" y="-15" />
													</Offset>
												</Anchor>
											</Anchors>
										</FontString>
										<FontString name="$parentPowerBarText" inherits="ArenaLiveFont_StatusBarTextSmall">
											<Size>
												<AbsDimension x="95" y="13" />
											</Size>
											<Anchors>
												<Anchor point="TOPLEFT">
													<Offset>
														<AbsDimension x="78" y="-48" />
													</Offset>
												</Anchor>
											</Anchors>
										</FontString>
									</Layer>
									<Layer level="OVERLAY" textureSubLevel="1">
										<Texture name="$parentTargetIndicator" file="Interface\AddOns\ArenaLiveUnitFrames\Textures\smallFrameTargetIndicator" hidden="true">
											<Size>
												<AbsDimension x="179" y="57" />
											</Size>
											<Anchors>
												<Anchor point="CENTER">
													<Offset>
														<AbsDimension x="-2" y="-3" />
													</Offset>
												</Anchor>
											</Anchors>
											<TexCoords left="0.1484375" right="0.84765625" top="0.046875" bottom="0.9375"/>
										</Texture>
									</Layer>
									<Layer level="OVERLAY" textureSubLevel="2">
										<FontString name="$parentName" inherits="ArenaLiveFont_NameSmall">
											<Size>
												<!-- I don't define X here, because the width of the frame needs to be dynamic. -->
												<AbsDimension y="12" />
											</Size>
										
											<Anchors>
												<Anchor point="TOPLEFT">
													<Offset>
														<AbsDimension x="28" y="0" />
													</Offset>										
												</Anchor>
											</Anchors>
										</FontString>
										<FontString name="$parentLevelText" inherits="ArenaLiveFont_LevelSmall">
											<Anchors>
												<Anchor point="TOPLEFT" relativeTo="$parentName" relativePoint="TOPRIGHT" >
													<Offset>
														<AbsDimension x="0" y="0" />
													</Offset>
												</Anchor>
											</Anchors>
										</FontString>
										<Texture name="$parentPVPIcon" hidden="false">
											<Size>
												<AbsDimension x="18" y="18"/>
											</Size>
											<Anchors>
												<Anchor point="TOPLEFT" relativeTo="$parentLevelText" relativePoint="TOPRIGHT" >
													<Offset>
														<AbsDimension x="3" y="1" />
													</Offset>
												</Anchor>
											</Anchors>
										</Texture>
										<Texture name="$parentLeaderIcon" file="Interface\GroupFrame\UI-Group-LeaderIcon" hidden="true">
											<Size>
												<AbsDimension x="16" y="16"/>
											</Size>
											<Anchors>
												<Anchor point="TOPLEFT" relativeTo="$parentPVPIcon" relativePoint="TOPRIGHT" >
													<Offset>
														<AbsDimension y="2"/>
													</Offset>
												</Anchor>
											</Anchors>
										</Texture>
										<Texture name="$parentGuideIcon" file="Interface\LFGFrame\UI-LFG-ICON-PORTRAITROLES" hidden="true">
											<Size>
												<AbsDimension x="16" y="16"/>
											</Size>
											<Anchors>
												<Anchor point="TOPLEFT" relativeTo="$parentLeaderIcon" />
											</Anchors>
											<TexCoords left="0" right="0.296875" top="0.015625" bottom="0.3125"/>
										</Texture>
										<Texture name="$parentRoleIcon" file="Interface\LFGFrame\UI-LFG-ICON-PORTRAITROLES" hidden="true">
											<Size>
												<AbsDimension x="16" y="16"/>
											</Size>
											<Anchors>
												<Anchor point="TOPLEFT" relativeTo="$parentLeaderIcon" relativePoint="TOPRIGHT">
													<Offset>
														<AbsDimension x="0" y="0"/>
													</Offset>
												</Anchor>
											</Anchors>
										</Texture>	
										<Texture name="$parentMasterLooterIcon" file="Interface\GroupFrame\UI-Group-MasterLooter" hidden="true">
											<Size>
												<AbsDimension x="16" y="16"/>
											</Size>
											<Anchors>
												<Anchor point="TOPLEFT" relativeTo="$parentRoleIcon" relativePoint="TOPRIGHT">
													<Offset>
														<AbsDimension x="0" y="0"/>
													</Offset>
												</Anchor>
											</Anchors>
										</Texture>
									</Layer>
								</Layers>
							</Frame>
							<Button name="$parentSpeakerFrame" inherits="VoiceChatSpeakerTemplate" hidden="true">
								<Size>
									<AbsDimension x="16" y="16"/>
								</Size>
								<Anchors>
									<Anchor point="TOPLEFT" relativeTo="$parentRoleIcon" relativePoint="TOPRIGHT">
										<Offset>
											<AbsDimension x="3" y="2"/>
										</Offset>
									</Anchor>
								</Anchors>
								<Scripts>
									<OnUpdate function="VoiceChat_OnUpdate"/>
								</Scripts>
							</Button>
						</Frames>
					</Frame>
				</Frames>
			</Frame>
			<Frame name="$parentPortrait" inherits="ArenaLive_PortraitTemplate">
				<Size>
					<AbsDimension x="48" y="48" />
				</Size>
				<Anchors>
					<Anchor point="TOPLEFT">
						<Offset>
							<AbsDimension x="28" y="-13" />
						</Offset>
					</Anchor>
				</Anchors>
			</Frame>
			<Frame name="$parentPortraitOverlay" inherits="ArenaLive_CCIndicatorTemplate">
				<Size>
					<AbsDimension x="48" y="48" />
				</Size>
				`<Anchors>
					<Anchor point="CENTER" relativeTo="$parentPortrait" />
				</Anchors>
				<Scripts>
					<OnLoad>
						local frameLevel = self:GetFrameLevel() + 1;
						self:SetFrameLevel(frameLevel);
					</OnLoad>
				</Scripts>
			</Frame>
			<Frame name="$parentReadyCheck" inherits="ReadyCheckStatusTemplate" hidden="true">
				<Size>
					<AbsDimension x="40" y="40"/>
				</Size>
				<Anchors>
					<Anchor point="CENTER" relativeTo="$parentPortrait" relativePoint="CENTER" />
				</Anchors>
				<Scripts>
					<OnLoad function="RaiseFrameLevelByTwo"/>
				</Scripts>
			</Frame>
			<StatusBar name="$parentHealthBar">
				<Size>
					<AbsDimension x="96" y="30" />
				</Size>
				<Anchors>
					<Anchor point="TOPLEFT">
						<Offset>
							<AbsDimension x="77" y="-15" />
						</Offset>
					</Anchor>
				</Anchors>
				<BarTexture file="Interface\TargetingFrame\UI-StatusBar"/>
				<BarColor r="0" g="1.0" b="0"/>
			</StatusBar>
			<StatusBar name="$parentPowerBar">
				<Size>
					<AbsDimension x="96" y="13" />
				</Size>
				<Anchors>
					<Anchor point="TOPLEFT">
						<Offset>
							<AbsDimension x="77" y="-48" />
						</Offset>
					</Anchor>
				</Anchors>
				<BarTexture file="Interface\TargetingFrame\UI-StatusBar"/>
				<BarColor r="0" g="0" b="1.0"/>
			</StatusBar>
			<StatusBar name="$parentCastBar" inherits="ALUF_ShortCastBarTemplate">
				<Anchors>
					<Anchor point="TOPLEFT" relativePoint="TOPRIGHT">
						<Offset>
							<AbsDimension x="3" y="-20" />
						</Offset>
					</Anchor>
				</Anchors>
			</StatusBar>
			<Frame name="$parentCastHistory">
				<Size>
					<AbsDimension x="105" y="29" />
				</Size>
				<Anchors>
					<Anchor point="TOPLEFT" relativeTo="$parentCastBarBorder" relativePoint="BOTTOMLEFT">
						<Offset>
							<AbsDimension x="2" y="2" />
						</Offset>
					</Anchor>
				</Anchors>
			</Frame>
			<Frame name="$parentAuraFrame" inherits="ArenaLive_AuraFrameTemplate">
				<Size>
					<AbsDimension x="150" y="1" />
				</Size>
				<Anchors>
					<Anchor point="TOPLEFT" relativePoint="BOTTOMLEFT" >
						<Offset>
							<AbsDimension x="28" y="3" />
						</Offset>
					</Anchor>
				</Anchors>
			</Frame>
			<Button name="$parentPetFrame" inherits="ALUF_PartyPetFrameTemplate">
				<Anchors>
					<Anchor point="BOTTOMLEFT" relativePoint="TOPRIGHT">
						<Offset>
							<AbsDimension x="-10" y="-18" />
						</Offset>
					</Anchor>
				</Anchors>
			</Button>
			<Button name="$parentTargetFrame" inherits="ALUF_TargetofTargetFrameTemplate">
				<Anchors>
					<Anchor point="BOTTOMLEFT" relativePoint="BOTTOMRIGHT">
						<Offset>
							<AbsDimension x="0" y="7" />
						</Offset>
					</Anchor>
				</Anchors>
			</Button>
			<Frame name="$parentIcon1" inherits="ArenaLiveIconTemplate" id="1">
				<Size>
					<AbsDimension x="24" y="24" />
				</Size>
				<Anchors>
					<Anchor point="TOPLEFT">
						<Offset>
							<AbsDimension x="3" y="-13" />
						</Offset>
					</Anchor>
				</Anchors>
			</Frame>
			<Frame name="$parentIcon2" inherits="ArenaLiveIconTemplate" id="2">
				<Size>
					<AbsDimension x="24" y="24" />
				</Size>
				<Anchors>
					<Anchor point="TOPLEFT">
						<Offset>
							<AbsDimension x="3" y="-37" />
						</Offset>
					</Anchor>
				</Anchors>
			</Frame>
		</Frames>
	</Button>
	
	<Frame name="ALUF_PartyFrames" movable="true" inherits="SecureFrameTemplate, SecureHandlerBaseTemplate" parent="ArenaLiveUnitFrames">
		<Size>
			<AbsDimension x="306" y="1" />
		</Size>
		<Anchors>
			<Anchor point="CENTER" />
		</Anchors>
		<Frames>
			<Button name="$parentMover" inherits="ArenaLive_FrameMoverTemplate" />
			<Button name="ALUF_PartyPlayerFrame" inherits="ALUF_PartyMemberFrameTemplate">
				<Anchors>
					<Anchor point="TOPLEFT">
						<Offset>
							<AbsDimension x="10" y="-12" />
						</Offset>
					</Anchor>
				</Anchors>
			</Button>
			<Button name="ALUF_PartyFrame1" inherits="ALUF_PartyMemberFrameTemplate" id="1">
				<Anchors>
					<Anchor point="TOPLEFT">
						<Offset>
							<AbsDimension x="10" y="-12" />
						</Offset>
					</Anchor>
				</Anchors>
			</Button>
			<Button name="ALUF_PartyFrame2" inherits="ALUF_PartyMemberFrameTemplate" id="2">
				<Anchors>
					<Anchor point="TOPLEFT" relativeTo="ALUF_PartyFrame1" relativePoint="BOTTOMLEFT">
						<Offset>
							<AbsDimension x="0" y="-12" />
						</Offset>
					</Anchor>
				</Anchors>
			</Button>
			<Button name="ALUF_PartyFrame3" inherits="ALUF_PartyMemberFrameTemplate" id="3">
				<Anchors>
					<Anchor point="TOPLEFT" relativeTo="ALUF_PartyFrame2" relativePoint="BOTTOMLEFT">
						<Offset>
							<AbsDimension x="0" y="-12" />
						</Offset>
					</Anchor>
				</Anchors>
			</Button>
			<Button name="ALUF_PartyFrame4" inherits="ALUF_PartyMemberFrameTemplate" id="4">
				<Anchors>
					<Anchor point="TOPLEFT" relativeTo="ALUF_PartyFrame3" relativePoint="BOTTOMLEFT">
						<Offset>
							<AbsDimension x="0" y="-12" />
						</Offset>
					</Anchor>
				</Anchors>
			</Button>
		</Frames>
	</Frame>
	
	<Script File="PartyFrames.lua" />
</Ui>