<Ui xmlns="http://www.blizzard.com/wow/ui/" xmlns:xsi="http://www.w3.org/2001/XMLSchema-instance" xsi:schemaLocation="http://www.blizzard.com/wow/ui/
..\FrameXML\UI.xsd">

	<Button name="ALUF_PetFrame" frameStrata="LOW" toplevel="true" movable="true" inherits="SecureUnitButtonTemplate, SecureHandlerBaseTemplate"  parent="ArenaLiveUnitFrames">
		<Size>
			<AbsDimension x="158" y="69" />
		</Size>
		
		<Anchors>
			<Anchor point="TOPLEFT">
				<Offset>
					<AbsDimension x="19" y="-138" />
				</Offset>
			</Anchor>
		</Anchors>
		
		<Layers>
			<Layer level="BACKGROUND">
				<Texture name="$parentFlash" file="Interface\AddOns\ArenaLiveUnitFrames\Textures\PetFrameFlash" alphaMode="ADD" hidden="true">
					<Size>
						<AbsDimension x="158" y="59" />
					</Size>
					<Anchors>
						<Anchor point="TOPLEFT">
							<Offset>
								<AbsDimension x="-1" y="-8" />
							</Offset>
						</Anchor>
					</Anchors>
					<TexCoords left="0.1875" right="0.80859375" top="0.03125" bottom="0.953125"/>
				</Texture>
				<Texture name="$parentBackground">
					<Size>
						<AbsDimension x="145" y="46" />
					</Size>
					<Anchors>
						<Anchor point="TOPLEFT">
							<Offset>
								<AbsDimension x="5" y="-15" />
							</Offset>
						</Anchor>
					</Anchors>
					<Color r="0" g="0" b="0" a="0.5"/>
				</Texture>
			</Layer>
			<Layer level="ARTWORK">
				<Texture name="$parentAbsorbBar" inherits="ArenaLive_AbsorbBarTemplate" />
			</Layer>
			<Layer level="OVERLAY" textureSubLevel="1">
				<Texture name="$parentHealPredictionBar" inherits="ArenaLive_HealPredictionBar" />
			</Layer>
			<Layer level="OVERLAY" textureSubLevel="2">
				<Texture name="$parentAbsorbBarOverlay" inherits="ArenaLive_AbsorbBarOverlayTemplate" />
				<Texture name="$parentAbsorbBarFullHPIndicator" inherits="ArenaLive_AbsorbFullHPIndicator" />					
			</Layer>
		</Layers>
		<Frames>
			<!-- We need to nest the frame so many times because of the FrameLevel. -->
			<Frame setAllPoints="true">
				<Frames>
					<Frame setAllPoints="true">
						<Frames>
							<Frame setAllPoints="true">
								<Layers>
									<Layer level="BACKGROUND">
										<Texture name="$parentBorder" file="Interface\AddOns\ArenaLiveUnitFrames\Textures\PetFrame">
											<Size>
												<AbsDimension x="158" y="59" />
											</Size>
											<Anchors>
												<Anchor point="TOPLEFT">
													<Offset>
														<AbsDimension x="0" y="-10" />
													</Offset>
												</Anchor>
											</Anchors>
											<TexCoords left="0.1953125" right="0.8125" top="0.0625" bottom="0.984375"/>
										</Texture>
										<!-- TO DO: PLAYERVEHICLETEXTURE? -->
										<FontString name="$parentName" inherits="ArenaLiveFont_NameSmall" text="Shadowfiend">
											<Size>
												<!-- I don't define X here, because the width of the frame needs to be dynamic. -->
												<AbsDimension y="12" />
											</Size>
										
											<Anchors>
												<Anchor point="TOPLEFT">
													<Offset>
														<AbsDimension x="4" y="0" />
													</Offset>										
												</Anchor>
											</Anchors>
										</FontString>
										<FontString name="$parentHealthBarText" inherits="ArenaLiveFont_StatusBarTextSmall" text="test">
											<Size>
												<AbsDimension x="96" y="30" />
											</Size>
											<Anchors>
												<Anchor point="TOPLEFT">
													<Offset>
														<AbsDimension x="55" y="-15" />
													</Offset>
												</Anchor>
											</Anchors>
										</FontString>
										<FontString name="$parentPowerBarText" inherits="ArenaLiveFont_StatusBarTextSmall" text="test">
											<Size>
												<AbsDimension x="96" y="13" />
											</Size>
											<Anchors>
												<Anchor point="TOPLEFT">
													<Offset>
														<AbsDimension x="55" y="-48" />
													</Offset>
												</Anchor>
											</Anchors>
										</FontString>
									</Layer>
								</Layers>
							</Frame>
						</Frames>
					</Frame>
				</Frames>
			</Frame>
			<Button name="$parentMover" inherits="ArenaLive_FrameMoverTemplate" />
			<Frame name="$parentPortrait" inherits="ArenaLive_PortraitTemplate">
				<Size>
					<AbsDimension x="48" y="48" />
				</Size>
				<Anchors>
					<Anchor point="TOPLEFT">
						<Offset>
							<AbsDimension x="5" y="-13" />
						</Offset>
					</Anchor>
				</Anchors>
			</Frame>
			<Frame name="$parentPortraitOverlay" inherits="ArenaLive_CCIndicatorTemplate">
				<Size>
					<AbsDimension x="64" y="64" />
				</Size>
				`<Anchors>
					<Anchor point="CENTER" relativeTo="$parentPortrait" />
				</Anchors>
				<Scripts>
					<OnLoad>
						local frameLevel = self:GetFrameLevel() + 1;
						self:SetFrameLevel(frameLevel);
					</OnLoad>
				</Scripts>
			</Frame>
			<StatusBar name="$parentHealthBar">
				<Size>
					<AbsDimension x="96" y="30" />
				</Size>
				<Anchors>
					<Anchor point="TOPLEFT">
						<Offset>
							<AbsDimension x="55" y="-15" />
						</Offset>
					</Anchor>
				</Anchors>
				<BarTexture file="Interface\TargetingFrame\UI-StatusBar"/>
				<BarColor r="0" g="1.0" b="0"/>
			</StatusBar>
			<StatusBar name="$parentPowerBar">
				<Size>
					<AbsDimension x="96" y="13" />
				</Size>
				<Anchors>
					<Anchor point="TOPLEFT">
						<Offset>
							<AbsDimension x="55" y="-48" />
						</Offset>
					</Anchor>
				</Anchors>
				<BarTexture file="Interface\TargetingFrame\UI-StatusBar"/>
				<BarColor r="0" g="0" b="1.0"/>
			</StatusBar>
			<Frame name="$parentAuraFrame" inherits="ArenaLive_AuraFrameTemplate">
				<Size>
					<AbsDimension x="198" y="1" />
				</Size>
				<Anchors>
					<Anchor point="TOPLEFT" relativePoint="BOTTOMLEFT" >
						<Offset>
							<AbsDimension x="33" y="3" />
						</Offset>
					</Anchor>
				</Anchors>
			</Frame>
		</Frames>
	</Button>

	<Script file="PetFrame.lua"/>
</Ui>