<Ui xmlns="http://www.blizzard.com/wow/ui/" xmlns:xsi="http://www.w3.org/2001/XMLSchema-instance" xsi:schemaLocation="http://www.blizzard.com/wow/ui/..\FrameXML\UI.xsd">
 	<Script File="DontCast.lua"/>
 	<Frame name="DontCastUI" parent="UIParent" enablekeyboard="true" clampedToScreen="true" movable="true">
 		<Size>
			<AbsDimension x="300" y="150"/>
		</Size>
		<Scripts>
			<OnLoad>
				loadDontCast(self, SpellText, SpellIcon, CountdownText)
			</OnLoad>
		</Scripts>
		<Anchors>
			<Anchor point="CENTER">
			</Anchor>
		</Anchors>

		<Layers>
			<Layer level="ARTWORK">
				<Texture setAllPoints="true">
					<Color r="0.7" g="0.4" b="0.65" a="0" />
				</Texture>
				<FontString name="SpellText" font="Fonts\SKURRI.TTF" justifyH="LEFT" text="">
					<Color r="1" g="1" b="0.1" a="0.9" />
					<Size x="300" y="50"/>
					<Shadow>
          				<Color r="0.1" g="0.1" b="0.1" a="0.9"/>
          				<Offset x="2" y="-2"/>
        			</Shadow>
					<FontHeight>
				      	<AbsValue val="75"/>
				    </FontHeight>
					<Anchors>
						<Anchor point="LEFT">
							<Offset x="50" y="0" />
						</Anchor>
					</Anchors>
				</FontString>
			</Layer>
			<Layer level="ARTWORK">
				<Texture name="SpellIcon" urgency="5" file="Interface\ICONS\INV_Misc_QuestionMark">
					<Size x="45" y="45"/>
					<Anchors>
						<Anchor point="LEFT">
							<Offset x="0" y="0" />
						</Anchor>
					</Anchors>
				</Texture>
				<FontString name="CountdownText" font="Fonts\SKURRI.TTF" justifyH="CENTER" text="">
					<Color r="1" g="1" b=".1" a="0.85" />
					<Size x="45" y="45"/>
					<Shadow>
          				<Color r="0.1" g="0.1" b="0.1" a="0.9"/>
          				<Offset x="2" y="-2"/>
        			</Shadow>
					<FontHeight>
				      	<AbsValue val="40"/>
				    </FontHeight>
					<Anchors>
						<Anchor point="LEFT">
							<Offset x="0" y="0" />
						</Anchor>
					</Anchors>
				</FontString>
			</Layer>
		</Layers>

 	</Frame>
</Ui> 	