<Ui xmlns="http://www.blizzard.com/wow/ui" xmlns:xsi="http://www.w3.org/2001/XMLSchema-instance"
    xsi:schemaLocation="http://www.blizzard.com/wow/ui">


    <Button name="GHM_TabTemplate" virtual="true">
        <Size>
            <AbsDimension x="40" y="15"/>
        </Size>
        <Anchors>
            <Anchor point="BOTTOMLEFT">
                <Offset>
                    <AbsDimension x="0" y="2"/>
                </Offset>
            </Anchor>
        </Anchors>
        <Layers>
            <Layer level="BACKGROUND">
                <Texture name="$parentLeft" file="Interface\ChatFrame\ChatFrameTab-BGLeft" parentKey="leftTexture">
                    <Size>
                        <AbsDimension x="20" y="20"/>
                    </Size>
                    <Anchors>
                        <Anchor point="TOPLEFT" x="-4"/>
                    </Anchors>
                    <TexCoords left="0" right="1" top="1" bottom="0"/>
                </Texture>
                <Texture name="$parentMiddle" file="Interface\ChatFrame\ChatFrameTab-BGMid" horizTile="true"
                         parentKey="middleTexture">
                    <Size>
                        <AbsDimension x="44" y="20"/>
                    </Size>
                    <Anchors>
                        <Anchor point="LEFT" relativeTo="$parentLeft" relativePoint="RIGHT"/>
                    </Anchors>
                    <TexCoords left="0" right="1" top="1" bottom="0"/>
                </Texture>
                <Texture name="$parentRight" file="Interface\ChatFrame\ChatFrameTab-BGRight" parentKey="rightTexture">
                    <Size>
                        <AbsDimension x="20" y="20"/>
                    </Size>
                    <Anchors>
                        <Anchor point="LEFT" relativeTo="$parentMiddle" relativePoint="RIGHT"/>
                    </Anchors>
                    <TexCoords left="0" right="1" top="1" bottom="0"/>
                </Texture>
            </Layer>
            <Layer level="BORDER">
                <Texture name="$parentSelectedLeft" file="Interface\ChatFrame\ChatFrameTab-SelectedLeft" alphaMode="ADD"
                         parentKey="leftSelectedTexture">
                    <Size>
                        <AbsDimension x="16" y="16"/>
                    </Size>
                    <Anchors>
                        <Anchor point="TOPLEFT" relativeTo="$parentLeft" relativePoint="TOPLEFT"/>
                        <Anchor point="BOTTOMRIGHT" relativeTo="$parentLeft" relativePoint="BOTTOMRIGHT"/>
                    </Anchors>
                    <TexCoords left="0" right="1" top="1" bottom="0"/>
                </Texture>
                <Texture name="$parentSelectedMiddle" file="Interface\ChatFrame\ChatFrameTab-SelectedMid"
                         horizTile="true" alphaMode="ADD" parentKey="middleSelectedTexture">
                    <Size>
                        <AbsDimension x="44" y="16"/>
                    </Size>
                    <Anchors>
                        <Anchor point="TOPLEFT" relativeTo="$parentMiddle" relativePoint="TOPLEFT"/>
                        <Anchor point="BOTTOMRIGHT" relativeTo="$parentMiddle" relativePoint="BOTTOMRIGHT"/>
                    </Anchors>
                    <TexCoords left="0" right="1" top="1" bottom="0"/>
                </Texture>
                <Texture name="$parentSelectedRight" file="Interface\ChatFrame\ChatFrameTab-SelectedRight"
                         alphaMode="ADD" parentKey="rightSelectedTexture">
                    <Size>
                        <AbsDimension x="16" y="16"/>
                    </Size>
                    <Anchors>
                        <Anchor point="TOPLEFT" relativeTo="$parentRight" relativePoint="TOPLEFT"/>
                        <Anchor point="BOTTOMRIGHT" relativeTo="$parentRight" relativePoint="BOTTOMRIGHT"/>
                    </Anchors>
                    <TexCoords left="0" right="1" top="1" bottom="0"/>
                </Texture>
                <Texture name="$parentGlow" file="Interface\ChatFrame\ChatFrameTab-NewMessage" parentKey="glow"
                         alphaMode="ADD" hidden="true">
                    <Anchors>
                        <Anchor point="BOTTOMLEFT" x="8"/>
                        <Anchor point="BOTTOMRIGHT" x="-8"/>
                    </Anchors>
                    <TexCoords left="0" right="1" top="1" bottom="0"/>
                </Texture>
            </Layer>
            <Layer level="HIGHLIGHT">
                <Texture name="$parentHighlightLeft" file="Interface\ChatFrame\ChatFrameTab-HighlightLeft"
                         alphaMode="ADD" parentKey="leftHighlightTexture">
                    <Size>
                        <AbsDimension x="16" y="15"/>
                    </Size>
                    <Anchors>
                        <Anchor point="TOPLEFT" relativeTo="$parentLeft" relativePoint="TOPLEFT"/>
                        <Anchor point="BOTTOMRIGHT" relativeTo="$parentLeft" relativePoint="BOTTOMRIGHT"/>
                    </Anchors>
                    <TexCoords left="0" right="1" top="1" bottom="0"/>
                </Texture>
                <Texture name="$parentHighlightMiddle" file="Interface\ChatFrame\ChatFrameTab-HighlightMid"
                         horizTile="true" alphaMode="ADD" parentKey="middleHighlightTexture">
                    <Size>
                        <AbsDimension x="44" y="15"/>
                    </Size>
                    <Anchors>
                        <Anchor point="TOPLEFT" relativeTo="$parentMiddle" relativePoint="TOPLEFT"/>
                        <Anchor point="BOTTOMRIGHT" relativeTo="$parentMiddle" relativePoint="BOTTOMRIGHT"/>
                    </Anchors>
                    <TexCoords left="0" right="1" top="1" bottom="0"/>
                </Texture>
                <Texture name="$parentHighlightRight" file="Interface\ChatFrame\ChatFrameTab-HighlightRight"
                         alphaMode="ADD" parentKey="rightHighlightTexture">
                    <Size>
                        <AbsDimension x="16" y="15"/>
                    </Size>
                    <Anchors>
                        <Anchor point="TOPLEFT" relativeTo="$parentRight" relativePoint="TOPLEFT"/>
                        <Anchor point="BOTTOMRIGHT" relativeTo="$parentRight" relativePoint="BOTTOMRIGHT"/>
                    </Anchors>
                    <TexCoords left="0" right="1" top="1" bottom="0"/>
                </Texture>
            </Layer>
        </Layers>
        <Frames>

        </Frames>
        <Scripts>
            <OnSizeChanged>
                local width = self:GetWidth();
                local middleTexture = _G[self:GetName() .. "Middle"];
                middleTexture:SetWidth(width - 32);
            </OnSizeChanged>
        </Scripts>
        <ButtonText name="$parentText">
            <Size>
                <AbsDimension x="50" y="8"/>
            </Size>
            <Anchors>
                <Anchor point="CENTER" relativeTo="$parent" relativePoint="CENTER">
                    <Offset>
                        <AbsDimension x="0" y="2"/>
                    </Offset>
                </Anchor>
            </Anchors>
        </ButtonText>
        <NormalFont style="GHM_GameFontSmall"/>
    </Button>

</Ui>