<Ui xmlns="http://www.blizzard.com/wow/ui" xmlns:xsi="http://www.w3.org/2001/XMLSchema-instance"
    xsi:schemaLocation="http://www.blizzard.com/wow/ui">
    <Frame name="GHM_Color_Template" virtual="true">
        <Size>
            <AbsDimension x="140" y="40"/>
        </Size>
        <Frames>
			<Frame name="$parentText" inherits="GHM_TextLabel_Template">
                <Anchors>
                    <Anchor point="BOTTOMLEFT" relativePoint="TOPLEFT">
                        <Offset>
                            <AbsDimension x="0" y="-15"/>
                        </Offset>
                    </Anchor>
                </Anchors>
            </Frame>
            <Frame name="$parentArea">
                <Anchors>
                    <Anchor point="TOPLEFT" x="0" y="-10"/>
                    <Anchor point="BOTTOMRIGHT" x="0" y="0"/>
                </Anchors>
				<Backdrop bgFile="Interface\Tooltips\CHATBUBBLE-BACKGROUND" edgeFile="Interface\Tooltips\UI-Tooltip-Border" tile="true">
					<EdgeSize>
						<AbsValue val="16"/>
					</EdgeSize>
					<TileSize>
						<AbsValue val="16"/>
					</TileSize>
					<BackgroundInsets>
						<AbsInset left="4" right="4" top="4" bottom="4"/>
					</BackgroundInsets>
				</Backdrop>
				<Frames>
					<Button name="$parentButton" motionScriptsWhileDisabled="true" hidden="false">
						<Anchors>
							<Anchor point="TOPLEFT" x="5" y="-5"/>
							<Anchor point="BOTTOMRIGHT" x="-5" y="5"/>
						</Anchors>
						<Layers>
							<Layer level="ARTWORK">
								<Texture name="$parentColor">
									<Color r="1.0" g="1.0" b="1.0" a="1.0"/>
									<Anchors>
										<Anchor point="TOPLEFT"/>
										<Anchor point="BOTTOMRIGHT"/>
									</Anchors>
								</Texture>
							</Layer>
						</Layers>
					</Button>
				</Frames>
            </Frame>
        </Frames>
    </Frame>
</Ui>