<Ui xmlns="http://www.blizzard.com/wow/ui" xmlns:xsi="http://www.w3.org/2001/XMLSchema-instance"
    xsi:schemaLocation="http://www.blizzard.com/wow/ui">
    <Frame name="GHM_DynamicActionArea_Template" virtual="true">
        <Size>
            <AbsDimension x="500" y="300"/>
        </Size>
        <Frames>
            <ScrollFrame name="$parentScroll" inherits="GHM_ScrollFrameTemplate" hidden="false">
                <Anchors>
                    <Anchor point="TOP">
                        <Offset>
                            <AbsDimension x="0" y="-5"/>
                        </Offset>
                    </Anchor>
                    <Anchor point="BOTTOM">
                        <Offset>
                            <AbsDimension x="0" y="5"/>
                        </Offset>
                    </Anchor>
                    <Anchor point="LEFT">
                        <Offset>
                            <AbsDimension x="5" y="0"/>
                        </Offset>
                    </Anchor>
                    <Anchor point="RIGHT">
                        <Offset>
                            <AbsDimension x="-5" y="0"/>
                        </Offset>
                    </Anchor>

                </Anchors>
                <ScrollChild>
                    <Frame name="$parentChild">
                        <Anchors>
                            <Anchor point="TOPRIGHT">
                                <Offset>
                                    <AbsDimension x="0" y="0"/>
                                </Offset>
                            </Anchor>
                        </Anchors>
                    </Frame>
                </ScrollChild>
            </ScrollFrame>
        </Frames>
    </Frame>

    <Button name="GHM_ActionAreaPort_Template" virtual="true">
        <Size>
            <AbsDimension x="28" y="28"/>
        </Size>
        <NormalTexture name="$parentNormalTexture" file="Interface\Buttons\UI-CheckBox-Up"/>
        <PushedTexture file="Interface\Buttons\UI-CheckBox-Down"/>
        <HighlightTexture file="Interface\Buttons\UI-CheckBox-Highlight" alphaMode="ADD"/>
    </Button>
</Ui>