<Ui xmlns="http://www.blizzard.com/wow/ui" xmlns:xsi="http://www.w3.org/2001/XMLSchema-instance"
    xsi:schemaLocation="http://www.blizzard.com/wow/ui">
<Frame name="GHM_MultiPageEditField_Template" virtual="true">
	<Size>
		<AbsDimension x="384" y="400"/>
	</Size>
	<Frames>
		<Frame name="$parentText" inherits="GHM_TextLabel_Template">
			<Anchors>
				<Anchor point="TOPLEFT" relativePoint="TOPLEFT">
					<Offset>
						<AbsDimension x="0" y="0"/>
					</Offset>
				</Anchor>
			</Anchors>
		</Frame>
		<Frame name="$parentArea">
			<Anchors>
				<Anchor point="TOPLEFT">
					<Offset>
						<AbsDimension x="0" y="-18"/>
					</Offset>
				</Anchor>
				<Anchor point="BOTTOMRIGHT">
					<Offset>
						<AbsDimension x="0" y="0"/>
					</Offset>
				</Anchor>
			</Anchors>
			<Backdrop bgFile="Interface\Tooltips\ChatBubble-Background" edgeFile="Interface\Tooltips\UI-Tooltip-Border"
					  tile="true">
				<EdgeSize>
					<AbsValue val="16"/>
				</EdgeSize>
				<TileSize>
					<AbsValue val="16"/>
				</TileSize>
				<BackgroundInsets>
					<AbsInset left="5" right="5" top="5" bottom="5"/>
				</BackgroundInsets>
			</Backdrop>
			<Frames>
				<ScrollFrame name="$parentScroll" inherits="UIPanelScrollFrameTemplate">
<!-- 					<Size>
						<AbsDimension x="160" y="68"/>
					</Size> -->
					<Anchors>
						<Anchor point="TOPLEFT">
							<Offset>
								<AbsDimension x="10" y="-40"/>
							</Offset>
						</Anchor>
						<Anchor point="BOTTOMRIGHT">
							<Offset>
								<AbsDimension x="-28" y="42"/>
							</Offset>
						</Anchor>
					</Anchors>
					<Scripts>
						<OnMouseDown>
							_G[self:GetName().."Text"]:SetFocus();
						</OnMouseDown>
						<OnMouseUp>
							_G[self:GetName().."Text"]:SetFocus();
						</OnMouseUp>
					</Scripts>
					<ScrollChild>
						<EditBox name="$parentText" multiLine="true" autoFocus="false">
							<Size>
								<AbsDimension x="160" y="100"/>
							</Size>
							<Scripts>
								<OnLoad>
									self:SetScript("OnCursorChanged",function(self,arg1,arg2,arg3)
									local scrollBar = _G[self:GetParent():GetName().."ScrollBar"]
									local h = scrollBar:GetHeight();
									if (-arg2)-h-scrollBar:GetValue() > 22 then
									scrollBar:SetValue(-arg2+ (-3.0*arg3) -h);
									end
									if -3 > -arg2-scrollBar:GetValue() then
									scrollBar:SetValue(-arg2- 1.5*arg3);
									end
									end);
								</OnLoad>
								<OnEscapePressed>
									self:ClearFocus();
								</OnEscapePressed>
								<OnTextChanged>
									local f = self:GetParent():GetParent();
									if f and f.main then
									f.main.SetLabel(f.label,self:GetText());
									end
								</OnTextChanged>
								<OnCursorChanged>
								</OnCursorChanged>
							</Scripts>
							<FontString inherits="GameFontHighlight"/>
						</EditBox>
					</ScrollChild>
				</ScrollFrame>
				<Frame name = "$parentNavArea">
					<Anchors>
						<Anchor point="TOPLEFT" relativePoint="BOTTOMLEFT" relativeTo="$parentScroll">
							<Offset>
								<AbsDimension x="-4" y="-4"/>
							</Offset>
						</Anchor>
						<Anchor point="BOTTOMRIGHT" relativePoint="BOTTOMRIGHT" relativeTo="$parent">
							<Offset>
								<AbsDimension x="0" y="0"/>
							</Offset>
						</Anchor>
					</Anchors>
					<Frames>
						<Button name="$parentPreviousPage" inherits="UIPanelSquareButton" text="Previous Page">
							<Anchors>
								<Anchor point="TOPLEFT" relativePoint="TOPLEFT">
									<Offset>
										<AbsDimension x="0" y="0"/>
									</Offset>
								</Anchor>
							</Anchors>
							<Size>
								<AbsDimension x="32" y="32"/>
							</Size>
							<Scripts>
								<OnLoad>
									SquareButton_SetIcon(self, "LEFT")
								</OnLoad>
								<OnEnter>
										GameTooltip:SetOwner(self, "ANCHOR_LEFT");
										GameTooltip:ClearLines()
										GameTooltip:AddLine(PREVIOUS, 1, 0.8196079, 0);
										GameTooltip:Show()
								</OnEnter>
								<OnLeave>
										GameTooltip:Hide();
								</OnLeave>
							</Scripts>
						</Button>
						<Button name="$parentInsertBefore" inherits="UIPanelSquareButton" text="Insert After">
							<Anchors>
								<Anchor point="LEFT" relativePoint="RIGHT" relativeTo="$parentPreviousPage">
								</Anchor>
							</Anchors>
							<Size>
								<AbsDimension x="32" y="32"/>
							</Size>
							<Scripts>
								<OnLoad>
									self.icon:SetTexture("Interface\\Buttons\\UI-PlusMinus-Buttons")
									self.icon:SetTexCoord(0, 0.438,0, 0.438);
								</OnLoad>
								<OnEnter>
										local loc = GHI_Loc()
										GameTooltip:SetOwner(self, "ANCHOR_LEFT");
										GameTooltip:ClearLines()
										GameTooltip:AddLine(loc.INSERT_BEFORE, 1, 0.8196079, 0);
										GameTooltip:Show()
								</OnEnter>
								<OnLeave>
										GameTooltip:Hide();
								</OnLeave>
							</Scripts>
						</Button>			
						<Button name="$parentDelPage" inherits="UIPanelSquareButton" text="Delete Page">
							<Anchors>
								<Anchor point="TOPRIGHT" relativePoint="TOPRIGHT">
									<Offset>
										<AbsDimension x="-4" y="0"/>
									</Offset>
								</Anchor>
							</Anchors>
							<Size>
								<AbsDimension x="32" y="32"/>
							</Size>
							<Scripts>
								<OnLoad>
									SquareButton_SetIcon(self, "DELETE")
								</OnLoad>
								<OnEnter>
										local loc = GHI_Loc()
										GameTooltip:SetOwner(self, "ANCHOR_LEFT");
										GameTooltip:ClearLines()
										GameTooltip:AddLine(loc.DELETE_PAGE, 1, 0.8196079, 0);
										GameTooltip:Show()
								</OnEnter>
								<OnLeave>
										GameTooltip:Hide();
								</OnLeave>
							</Scripts>
						</Button>
						<Button name="$parentNextPage" inherits="UIPanelSquareButton" text="Next Page">
							<Anchors>
								<Anchor point="RIGHT" relativePoint="LEFT" relativeTo="$parentDelPage">
								<Offset>
										<AbsDimension x="-24" y=""/>
									</Offset>
								</Anchor>
							</Anchors>
							<Size>
								<AbsDimension x="32" y="32"/>
							</Size>
							<Scripts>
								<OnLoad>
									SquareButton_SetIcon(self, "RIGHT")
								</OnLoad>
								<OnEnter>
										GameTooltip:SetOwner(self, "ANCHOR_LEFT");
										GameTooltip:ClearLines()
										GameTooltip:AddLine(NEXT, 1, 0.8196079, 0);
										GameTooltip:Show()
								</OnEnter>
								<OnLeave>
										GameTooltip:Hide();
								</OnLeave>
							</Scripts>
						</Button>
						<Button name="$parentInsertAfter" inherits="UIPanelSquareButton" text="Insert After">
							<Anchors>
								<Anchor point="RIGHT" relativePoint="LEFT" relativeTo="$parentNextPage">
								</Anchor>
							</Anchors>
							<Size>
								<AbsDimension x="32" y="32"/>
							</Size>
							<Scripts>
								<OnLoad>
									self.icon:SetTexture("Interface\\Buttons\\UI-PlusMinus-Buttons")
									self.icon:SetTexCoord(0, 0.438,0, 0.438);
								</OnLoad>
								<OnEnter>
										local loc = GHI_Loc()
										GameTooltip:SetOwner(self, "ANCHOR_LEFT");
										GameTooltip:ClearLines()
										GameTooltip:AddLine(loc.INSERT_AFTER, 1, 0.8196079, 0);
										GameTooltip:Show()
								</OnEnter>
								<OnLeave>
										GameTooltip:Hide();
								</OnLeave>
							</Scripts>
						</Button>
						<Frame name="$parentPageNumberFrame">
							<Anchors>
								<Anchor point="TOPLEFT" relativeTo="$parentInsertBefore" relativePoint="TOPRIGHT"/>
								<Anchor point="BOTTOMRIGHT" relativeTo="$parentInsertAfter" relativePoint="BOTTOMLEFT"/>
							</Anchors>
							<Layers>
								<Layer>
									<FontString name="$parentCurrentPageNumber" justifyV="MIDDLE" justifyH="RIGHT" font="Fonts\FRIZQT__.TTF" text="1 ">
										<Anchors>
											<Anchor point="TOPRIGHT" relativePoint="TOP"/>
											<Anchor point="BOTTOMRIGHT" relativePoint="BOTTOM"/>
											<Anchot point="BOTTOMLEFT" relativePoint="BOTTOMLEFT"/>
										</Anchors>
										<FontHeight>
											<AbsValue val="11"/>
										</FontHeight>
										<Color r="1" g="0.8196079" b="0"/>
										<Shadow>
											<Color r="0" g="0" b="0"/>
											<Offset>
												<AbsDimension x="1" y="-1"/>
											</Offset>
										</Shadow>
									</FontString>
									<FontString name="$parentTotalPageNumber" justifyV="MIDDLE" justifyH="LEFT" font="Fonts\FRIZQT__.TTF" text="of 1">
										<Anchors>
											<Anchor point="TOPRIGHT" relativePoint="TOPRIGHT"/>
											<Anchor point="BOTTOMLEFT" relativePoint="BOTTOM"/>
										</Anchors>
										<FontHeight>
											<AbsValue val="11"/>
										</FontHeight>
										<Color r="1" g="0.8196079" b="0"/>
										<Shadow>
											<Color r="0" g="0" b="0"/>
											<Offset>
												<AbsDimension x="1" y="-1"/>
											</Offset>
										</Shadow>
									</FontString>
								</Layer>
							</Layers>
						</Frame>
					</Frames>
				</Frame>
			</Frames>
		</Frame>
		
	</Frames>
</Frame>

</Ui>