<Ui xmlns="http://www.blizzard.com/wow/ui" xmlns:xsi="http://www.w3.org/2001/XMLSchema-instance" xsi:schemaLocation="http://www.blizzard.com/wow/ui">

   <Frame name="GHM_CheckBox_Template" virtual="true">
       <Size>
           <AbsDimension x="200" y="30"/>
       </Size>
       <Frames>
           <Frame name="$parentArea">
               <Anchors>
                   <Anchor point="TOPLEFT" relativePoint="TOPLEFT">
                       <Offset>
                           <AbsDimension x="0" y="0"/>
                       </Offset>
                   </Anchor>
                   <Anchor point="BOTTOMRIGHT" relativePoint="BOTTOMRIGHT">
                       <Offset>
                           <AbsDimension x="0" y="0"/>
                       </Offset>
                   </Anchor>
               </Anchors>
               <Frames>
                   <CheckButton name="$parentCheckBox" inherits="OptionsCheckButtonTemplate" checked="false">
                       <Anchors>
                          <Anchor point="LEFT" relativePoint="LEFT">
                              <Offset>
                                  <AbsDimension x="0" y="0"/>
                              </Offset>
                          </Anchor>
                      </Anchors>
                       <FontString inherits="ChatFontNormal"></FontString>
                       <Frames>
                           <Frame name="$parentText" inherits="GHM_TextLabel_Template">
                               <Size>
                                   <AbsDimension x="160" y="30"/>
                               </Size>
                               <Anchors>
                                   <Anchor point="LEFT" relativePoint="RIGHT">
                                       <Offset>
                                           <AbsDimension x="0" y="0"/>
                                       </Offset>
                                   </Anchor>
                               </Anchors>
                           </Frame>
                       </Frames>
                   </CheckButton>
               </Frames>
           </Frame>
           <Frame name="$parentAlternativeText" inherits="GHM_TextLabel_Template" hidden="true">
               <Anchors>
                   <Anchor point="TOPLEFT" relativePoint="TOPLEFT">
                       <Offset>
                           <AbsDimension x="0" y="15"/>
                       </Offset>
                   </Anchor>
               </Anchors>
           </Frame>
       </Frames>
       <Script>
       </Script>
   </Frame>




</Ui>