<Ui xmlns="http://www.blizzard.com/wow/ui" xmlns:xsi="http://www.w3.org/2001/XMLSchema-instance"
    xsi:schemaLocation="http://www.blizzard.com/wow/ui">
	
	<Button name="GHM_ItemButtonTemplate" virtual="true">
		<Size>
			<AbsDimension x="147" y="41"/>
		</Size>
		<Layers>
			<Layer level="BACKGROUND">
				<Texture name="$parentIconTexture" parentKey="icon">
					<Size>
						<AbsDimension x="39" y="39"/>
					</Size>
					<Anchors>
						<Anchor point="TOPLEFT">
							<Offset>
								<AbsDimension x="0" y="0"/>
							</Offset>
						</Anchor>
					</Anchors>
				</Texture>
				<Texture name="$parentNameFrame" file="Interface\QuestFrame\UI-QuestItemNameFrame" >
					<Size>
						<AbsDimension x="128" y="64"/>
					</Size>
					<Anchors>
						<Anchor point="LEFT" relativeTo="$parentIconTexture" relativePoint="RIGHT">
							<Offset>
								<AbsDimension x="-10" y="0"/>
							</Offset>
						</Anchor>
					</Anchors>
				</Texture>
				<FontString name="$parentName" inherits="GameFontHighlight" justifyH="LEFT" parentKey="itemText" text="Item Name">
					<Size>
						<AbsDimension x="90" y="36"/>
					</Size>
					<Anchors>
						<Anchor point="LEFT" relativeTo="$parentNameFrame">
							<Offset>
								<AbsDimension x="15" y="0"/>
							</Offset>
						</Anchor>
					</Anchors>
				</FontString>
			</Layer>
			<Layer level="ARTWORK">
				<FontString name="$parentCount" inherits="NumberFontNormal" justifyH="RIGHT" parentKey="count">
					<Anchors>
						<Anchor point="BOTTOMRIGHT" relativeTo="$parentIconTexture">
							<Offset>
								<AbsDimension x="-1" y="1"/>
							</Offset>
						</Anchor>
					</Anchors>
				</FontString>
			</Layer>
		</Layers>

        <!--<CheckedTexture file="Interface\QUESTFRAME\UI-QuestItemHighlight" alphaMode="ADD">
			<TexCoords left="0.035" right="0.593" top="0.027" bottom="0.924"/>
			<Anchors>
				<Anchor point="TOPLEFT" relativePoint="TOPLEFT">
					<Offset>
						<AbsDimension x="0" y="0"/>
					</Offset>
				</Anchor>
			</Anchors>
		</CheckedTexture>-->
	</Button>


    <Frame name="GHM_ItemButtonSet_Template" virtual="true">
        <Size>
            <AbsDimension x="294" y="41"/>
        </Size>
        <Frames>
			<Frame name="$parentText" inherits="GHM_TextLabel_Template">
                <Anchors>
                    <Anchor point="BOTTOMLEFT" relativePoint="TOPLEFT">
                        <Offset>
                            <AbsDimension x="0" y="5"/>
                        </Offset>
                    </Anchor>
                </Anchors>
            </Frame>
            <Frame name="$parentArea">
                <Anchors>
                    <Anchor point="TOPLEFT" relativePoint="TOPLEFT">
                        <Offset>
                            <AbsDimension x="0" y="0"/>
                        </Offset>
                    </Anchor>
                    <Anchor point="BOTTOMRIGHT" relativePoint="BOTTOMRIGHT"/>
                </Anchors>
                <Frames>
					<Frame name="$parentItemHighlight" parentKey="highlight" hidden="true" topLevel="true">
						<Size>
							<AbsDimension x="256" y="64"/>
						</Size>
						<Anchors>
							<Anchor point="TOPLEFT"/>
						</Anchors>
						<Layers>
							<Layer level="BACKGROUND">
								<Texture file="Interface\QuestFrame\UI-QuestItemHighlight" alphaMode="ADD">
									<Size>
										<AbsDimension x="256" y="64"/>
									</Size>
									<Anchors>
										<Anchor point="TOPLEFT"/>
									</Anchors>
								</Texture>
							</Layer>
						</Layers>
						<Scripts>
							<OnLoad function="RaiseFrameLevel"/>
						</Scripts>
					</Frame>
                </Frames>
            </Frame>
        </Frames>
    </Frame>

</Ui>