<Ui xmlns="http://www.blizzard.com/wow/ui" xmlns:xsi="http://www.w3.org/2001/XMLSchema-instance"
    xsi:schemaLocation="http://www.blizzard.com/wow/ui">
    <Frame name="GHM_Position_Template" virtual="true">
        <Size>
            <AbsDimension x="130" y="115"/>
        </Size>
        <Layers>
            <Layer level="BACKGROUND">
                <FontString name="$parentLabel" inherits="GHM_TextLabel_Template" font="GameFontNormalSmall" text="" justifyH="RIGHT">
                    <Anchors>
                        <Anchor point="BOTTOMLEFT" relativePoint="TOPLEFT">
                            <Offset>
                                <AbsDimension x="0" y="0"/>
                            </Offset>
                        </Anchor>
                    </Anchors>
                    <FontHeight>
                        <AbsValue val="11"/>
                    </FontHeight>
                </FontString>
            </Layer>
        </Layers>
        <Frames>
            <Frame name="$parentArea">
                <Anchors>
                    <Anchor point="TOPLEFT" relativePoint="TOPLEFT"/>
                    <Anchor point="BOTTOMRIGHT" relativePoint="BOTTOMRIGHT"/>
                </Anchors>
                <Backdrop bgFile="Interface\Tooltips\ChatBubble-Background" edgeFile="Interface\Tooltips\UI-Tooltip-Border" tile="true">
                    <EdgeSize>
                        <AbsValue val="16"/>
                    </EdgeSize>
                    <TileSize>
                        <AbsValue val="16"/>
                    </TileSize>
                    <BackgroundInsets>
                        <AbsInset left="5" right="5" top="5" bottom="5"/>
                    </BackgroundInsets>
                </Backdrop>
                <Frames>

                    <Frame name="$parentX" inherits="GHM_EditBox_Template">
                        <Size>
                            <AbsDimension x="55" y="40"/>
                        </Size>
                        <Anchors>
                            <Anchor point="TOPLEFT" relativePoint="TOPLEFT">
                                <Offset>
                                    <AbsDimension x="10" y="0"/>
                                </Offset>
                            </Anchor>
                        </Anchors>
                        <Scripts>
                            <OnLoad>
                                local box = _G[self:GetName().."Box"];
                                box:SetTextureTheme("Tooltip");
                                box:SetWidth(self:GetWidth());
                                box.numbersOnly = true;

                                local OnEditBoxTextChanged = function(self)
                                    local text = self:GetText();
                                    local text2 = gsub(text, "||", "|");
                                    if text2 ~= text then
                                        self:SetText(text2);
                                        return
                                    end

                                    if self.numbersOnly then
                                        if text ~= self.oldText then
                                            local numberText = tonumber(text);
                                            if numberText ~= text then
                                                self:SetText(numberText or "");
                                                return
                                            end
                                        end
                                    end
                                end
                                box:SetScript("OnTextChanged", OnEditBoxTextChanged);

                                local text = _G[self:GetName().."TextLabel"];
                                text:SetText("X:");
                            </OnLoad>
                            <OnEscapePressed>
                                self:Clear();
                            </OnEscapePressed>
                        </Scripts>
                    </Frame>
                    <Frame name="$parentY" inherits="GHM_EditBox_Template">
                        <Size>
                            <AbsDimension x="55" y="40"/>
                        </Size>
                        <Anchors>
                            <Anchor point="TOPRIGHT" relativePoint="TOPRIGHT">
                                <Offset>
                                    <AbsDimension x="-10" y="0"/>
                                </Offset>
                            </Anchor>
                        </Anchors>
                        <Scripts>
                            <OnLoad>
                                local box = _G[self:GetName().."Box"];
                                box:SetTextureTheme("Tooltip");
                                box:SetWidth(self:GetWidth());
                                box.numbersOnly = true;

                                local OnEditBoxTextChanged = function(self)
                                    local text = self:GetText();
                                    local text2 = gsub(text, "||", "|");
                                    if text2 ~= text then
                                        self:SetText(text2);
                                        return
                                    end

                                    if self.numbersOnly then
                                        if text ~= self.oldText then
                                            local numberText = tonumber(text);
                                            if numberText ~= text then
                                                self:SetText(numberText or "");
                                                return
                                            end
                                        end
                                    end
                                end
                                box:SetScript("OnTextChanged", OnEditBoxTextChanged);

                                local text = _G[self:GetName().."TextLabel"];
                                text:SetText("Y:");
                            </OnLoad>
                            <OnEscapePressed>
                                self:Clear();
                            </OnEscapePressed>
                        </Scripts>
                    </Frame>

                    <Frame name="$parentWorld" >
                        <Size>
                            <AbsDimension x="110" y="40"/>
                        </Size>
                        <Anchors>
                            <Anchor point="TOP" relativePoint="TOP">
                                <Offset>
                                    <AbsDimension x="0" y="-45"/>
                                </Offset>
                            </Anchor>
                        </Anchors>
                        <Layers>
                            <Layer level="BACKGROUND">
                                <FontString name="$parentLabel" inherits="GameFontNormalSmall" text="" justifyH="RIGHT">
                                    <Anchors>
                                        <Anchor point="TOPLEFT" relativePoint="TOPLEFT">
                                            <Offset>
                                                <AbsDimension x="0" y="0"/>
                                            </Offset>
                                        </Anchor>
                                    </Anchors>
                                    <FontHeight>
                                        <AbsValue val="11"/>
                                    </FontHeight>
                                </FontString>
                            </Layer>
                        </Layers>
                        <Frames>
                            <Frame name="$parentDD" inherits="GHM_DD_Template">
                                <Anchors>
                                    <Anchor point="TOPRIGHT" relativePoint="TOPRIGHT">
                                        <Offset>
                                            <AbsDimension x="0" y="-10"/>
                                        </Offset>
                                    </Anchor>
                                </Anchors>
                                <Size>
                                    <AbsDimension x="110" y="28"/>
                                </Size>
                            </Frame>
                        </Frames>
                        <Scripts>
                            <OnLoad>
                                local text = _G[self:GetName().."Label"];
                                text:SetText("World:");

                                local dd = _G[self:GetName().."DD"];
                                local ddLabel = _G[self:GetName().."DDTextLabel"];
                                local t = {
                                    [1] = "Azeroth",
                                    [2] = "Outlands",
                                    [0] = "Other",
                                };

                                local selected = 1;
                                self.Select = function(index)
                                    selected = index;
                                    ddLabel:SetText(t[index]);
                                end
                                self.GetSelected = function()
                                    return selected;
                                end
                                local Select = self.Select;

                                UIDropDownMenu_Initialize(dd, function(self)
                                    local info;

                                    if type(t) == "table" then
                                        for i, planet in pairs(t) do
                                            info = {};
                                            info.text = planet;
                                            info.value = i;
                                            info.owner = self;
                                            info.notCheckable = true;
                                            info.func = function(self)
                                                Select(i);
                                            end;
                                            UIDropDownMenu_AddButton(info);
                                        end
                                    end
                                end);
                            </OnLoad>
                        </Scripts>
                    </Frame>
                    <Button name="$parentToCurrent" inherits="GHM_Button_Template">
                        <Size>
                            <AbsDimension x="120" y="25"/>
                        </Size>
                        <Anchors>
                            <Anchor point="BOTTOM" relativePoint="BOTTOM">
                                <Offset>
                                    <AbsDimension x="0" y="5"/>
                                </Offset>
                            </Anchor>
                        </Anchors>
                    </Button>
                </Frames>

            </Frame>
        </Frames>
    </Frame>
</Ui>