<Ui xmlns="http://www.blizzard.com/wow/ui" xmlns:xsi="http://www.w3.org/2001/XMLSchema-instance" xsi:schemaLocation="http://www.blizzard.com/wow/ui">
	<Frame name="GHM_Text_Template" virtual="true">
		<Size>
			<AbsDimension x="300" y="20"/>
		</Size>
		<Layers>
			<Layer>
				<FontString name="$parentLabel" text="" inherits="SystemFont_Med2">
					<Anchors>
						<Anchor point="TOPLEFT"/>
					</Anchors>
					<FontHeight>
						<AbsValue val="11"/>
					</FontHeight>
					<Color r="1" g="0.8196079" b="0"/>
					<Shadow>
						<Color r="0" g="0" b="0"/>
						<Offset>
							<AbsDimension x="1" y="-1"/>
						</Offset>
					</Shadow>
				</FontString>
			</Layer>
		</Layers>
		<Scripts>
			<OnLoad>
				self.UpdateTheme = function()
					if self.color == "yellow" then
						_G[self:GetName().."Label"]:SetTextColor(GHM_GetHeadTextColor())
					elseif self.color == "black" then
						_G[self:GetName().."Label"]:SetTextColor(0,0,0,1)
					else
						_G[self:GetName().."Label"]:SetTextColor(GHM_GetDetailsTextColor())
					end
				end
				GHM_AddThemedObject(self)
			</OnLoad>
		</Scripts>
	</Frame>
</Ui>