<Ui xmlns="http://www.blizzard.com/wow/ui" xmlns:xsi="http://www.w3.org/2001/XMLSchema-instance"
    xsi:schemaLocation="http://www.blizzard.com/wow/ui">

    <Frame name="GHM_Slider_Template" virtual="true">
        <Size>
            <AbsDimension x="140" y="46"/>
        </Size>
        <Frames>
            <Slider name="$parentSlider" minValue="1" maxValue="10" defaultValue="1" valueStep="1" orientation="Horizontal" virtual="true">
                <Anchors>
                    <Anchor point="TOPLEFT" relativePoint="TOPLEFT">
                        <Offset>
                            <AbsDimension x="0" y="-14"></AbsDimension>
                        </Offset>
                    </Anchor>
                    <Anchor point="BOTTOMRIGHT" relativePoint="BOTTOMRIGHT">
                        <Offset>
                            <AbsDimension x="0" y="14"></AbsDimension>
                        </Offset>
                    </Anchor>
                </Anchors>
                <Layers>
                    <Layer>
                        <FontString name="$parentValueLabel" justifyH="LEFT" font="Fonts\FRIZQT__.TTF" text="">
                            <Anchors>
                                <Anchor point="BOTTOMRIGHT" relativePoint="TOPRIGHT">
                                    <Offset>
                                        <AbsDimension x="-5" y="0"></AbsDimension>
                                    </Offset>
                                </Anchor>

                            </Anchors>
                            <FontHeight>
                                <AbsValue val="10"/>
                            </FontHeight>
                            <Color r="1" g="0.8196079" b="0"/>
                            <Shadow>
                                <Color r="0" g="0" b="0"/>
                                <Offset>
                                    <AbsDimension x="1" y="-1"/>
                                </Offset>
                            </Shadow>
                        </FontString>
                    </Layer>
                </Layers>
                <Backdrop bgFile="Interface\Buttons\UI-SliderBar-Background" edgeFile="Interface\Buttons\UI-SliderBar-Border"
                          tile="false">
                    <BackgroundInsets>
                        <AbsInset left="20" right="20" top="20" bottom="20"/>
                    </BackgroundInsets>
                    <TileSize>
                        <AbsValue val="8"/>
                    </TileSize>
                    <EdgeSize>
                        <AbsValue val="8"/>
                    </EdgeSize>
                </Backdrop>
                <HitRectInsets>
                    <AbsInset left="10" right="0" top="0" bottom="0"/>
                </HitRectInsets>
                <ThumbTexture name="$parentThumb" file="Interface\Buttons\UI-SliderBar-Button-Horizontal">
                    <Size>
                        <AbsDimension x="32" y="32"/>
                    </Size>
                </ThumbTexture>

            </Slider>
			<Frame name="$parentText" inherits="GHM_TextLabel_Template">
                <Anchors>
                    <Anchor point="BOTTOMLEFT" relativePoint="TOPLEFT" relativeTo="$parentSlider">
                        <Offset>
                            <AbsDimension x="0" y="-5"/>
                        </Offset>
                    </Anchor>
                </Anchors>
            </Frame>
        </Frames>
    </Frame>
</Ui>