<Ui xmlns="http://www.blizzard.com/wow/ui" xmlns:xsi="http://www.w3.org/2001/XMLSchema-instance"
    xsi:schemaLocation="http://www.blizzard.com/wow/ui">
	
    <Frame name="GHM_Logo_Template" virtual="true">
        <Size>
            <AbsDimension x="128" y="128"/>
        </Size>
        <Frames>
			<Frame name="$parentText" inherits="GHM_TextLabel_Template">
                <Anchors>
                    <Anchor point="TOPLEFT" relativePoint="TOPLEFT">
                        <Offset>
                            <AbsDimension x="0" y="5"/>
                        </Offset>
                    </Anchor>
                </Anchors>
            </Frame>
			<Frame name="$parentArea">
				<Anchors>
					<Anchor point="TOPLEFT" relativePoint="TOPLEFT" relativeTo="$parent"/>
					<Anchor point="BOTTOMRIGHT" relativePoint="BOTTOMRIGHT" />
				</Anchors>
				<Frames>
					<Frame name="$parentLogo">
						<Anchors>
							<Anchor point="TOP" relativePoint="TOP" x="0" y="8"/>
						</Anchors>
						<Size>
							<AbsDimension x="80" y="128"/>
						</Size>
						<Layers>
							<Layer level="BACKGROUND">
								<Texture name="$parentLeft" alphaMode="BLEND" parentKey="left">
									<Anchors>
										<Anchor point="TOPLEFT" relativeTo="$parent" relativePoint="TOPLEFT"/>
										<Anchor point="BOTTOMLEFT" relativeTo="$parent" relativePoint="BOTTOMLEFT"/>
										<Anchor point="TOPRIGHT" relativeTo="$parent" relativePoint="TOP"/>
										<Anchor point="BOTTOMRIGHT" relativeTo="$parent" relativePoint="BOTTOM"/>
									</Anchors>
									<TexCoords left="1" right="0.01" top="0" bottom="1"/>
								</Texture>
								<Texture name="$parentRight" alphaMode="BLEND" parentKey="right">
									<Anchors>
										<Anchor point="TOPRIGHT" relativeTo="$parent" relativePoint="TOPRIGHT"/>
										<Anchor point="BOTTOMRIGHT" relativeTo="$parent" relativePoint="BOTTOMRIGHT"/>
										<Anchor point="TOPLEFT" relativeTo="$parentLeft" relativePoint="TOPRIGHT"/>
										<Anchor point="BOTTOMLEFT" relativeTo="$parentLeft" relativePoint="BOTTOMRIGHT"/>
									</Anchors>
									<TexCoords left="0.01" right="1" top="0" bottom="1"/>
								</Texture>
							</Layer>
						</Layers>
					</Frame>
					<EditBox name="$parentBox" inherits="GHM_EditBox_Box_Template" numeric="true">
						<Anchors>
							<Anchor point="BOTTOMLEFT" relativePoint="BOTTOMLEFT" relativeTo="$parent" x="0" y="0"/>
							<Anchor point="BOTTOMRIGHT" relativePoint="BOTTOMRIGHT" relativeTo="$parent" x="0" y="0"/>
							<Anchor point="TOPRIGHT" relativePoint="BOTTOMRIGHT" relativeTo="$parent" x="0" y="24"/>
							<Anchor point="TOPLEFT" relativePoint="BOTTOMLEFT" relativeTo="$parent" x="0" y="24"/>
						</Anchors>
					</EditBox>
					<Slider name="$parentSlider" minValue="0" maxValue="195" defaultValue="0" valueStep="1" orientation="Horizontal">
						<Anchors>
							<Anchor point="BOTTOMLEFT" relativePoint="TOPLEFT"  relativeTo="$parentBox" x="0" y="-4"/>
							<Anchor point="BOTTOMRIGHT" relativePoint="TOPRIGHT"  relativeTo="$parentBox" x="0" y="-4"/>
						</Anchors>
						<Size>
							 <AbsDimension x="128" y="20"/>
						</Size>
						<Layers>
						</Layers>		
						
						<HitRectInsets>
							<AbsInset left="10" right="0" top="0" bottom="0"/>
						</HitRectInsets>
						<ThumbTexture name="$parentThumb" file="Interface\Buttons\UI-SliderBar-Button-Horizontal">
							<Size>
								<AbsDimension x="32" y="32"/>
							</Size>
						</ThumbTexture>
					</Slider>
					
				</Frames>
			</Frame>
        </Frames>
    </Frame>
</Ui>