<Ui xmlns="http://www.blizzard.com/wow/ui" xmlns:xsi="http://www.w3.org/2001/XMLSchema-instance"
    xsi:schemaLocation="http://www.blizzard.com/wow/ui">
    <Frame name="GHM_EditField_Template" virtual="true">
        <Size>
            <AbsDimension x="170" y="100"/>
        </Size>

        <Scripts>
            <OnLoad>
                local f = self;
                f.Force = function(data)
                if type(data) == "string" then
                _G[f:GetName().."ScrollText"]:SetText(data);
                end
                end
                f.Clear = function(self)

                _G[f:GetName().."ScrollText"]:SetText("");
                end
            </OnLoad>
        </Scripts>
        <Frames>
            <Frame name="$parentArea">
                <Anchors>
                    <Anchor point="TOPLEFT"  relativePoint="TOPLEFT">
                        <Offset>
                            <AbsDimension x="0" y="-18" />
                        </Offset>
                    </Anchor>
                    <Anchor point="BOTTOMRIGHT"  relativePoint="BOTTOMRIGHT">
                        <Offset>
                            <AbsDimension x="0" y="5" />
                        </Offset>
                    </Anchor>
                </Anchors>
                <Backdrop bgFile="Interface\Tooltips\ChatBubble-Background" edgeFile="Interface\Tooltips\UI-Tooltip-Border" tile="true">
                    <EdgeSize>
                        <AbsValue val="16"/>
                    </EdgeSize>
                    <TileSize>
                        <AbsValue val="16"/>
                    </TileSize>
                    <BackgroundInsets>
                        <AbsInset left="5" right="5" top="5" bottom="5"/>
                    </BackgroundInsets>
                </Backdrop>

                <Frames>
                    <ScrollFrame name="$parentScroll" inherits="UIPanelScrollFrameTemplate">
                        <Anchors>
                            <Anchor point="TOPLEFT"  relativePoint="TOPLEFT">
                                <Offset>
                                    <AbsDimension x="5" y="-5" />
                                </Offset>
                            </Anchor>
                            <Anchor point="BOTTOMRIGHT"  relativePoint="BOTTOMRIGHT">
                                <Offset>
                                    <AbsDimension x="-27" y="5" />
                                </Offset>
                            </Anchor>
                        </Anchors>
                        <Scripts>
                            <OnMouseDown>
                                _G[self:GetName().."Text"]:SetFocus();
                            </OnMouseDown>
                            <OnMouseUp>
                                _G[self:GetName().."Text"]:SetFocus();

                            </OnMouseUp>
                        </Scripts>
                        <ScrollChild>
                            <EditBox name="$parentText" letters="2048" multiLine="true" autoFocus="false">
                                <Size>
                                    <AbsDimension x="160" y="100"/>
                                </Size>
                                <Scripts>
                                    <OnLoad>
                                        self:SetScript("OnCursorChanged",function(self,arg1,arg2,arg3)
                                        local scrollBar = _G[self:GetParent():GetName().."ScrollBar"]
                                        local h = scrollBar:GetHeight();

                                        if (-arg2)-h-scrollBar:GetValue() > 22 then
                                        scrollBar:SetValue(-arg2+ (-3.0*arg3) -h);
                                        end
                                        if -3 > -arg2-scrollBar:GetValue() then
                                        scrollBar:SetValue(-arg2- 1.5*arg3);
                                        end
                                        end);
                                    </OnLoad>
                                    <OnEscapePressed>
                                        self:ClearFocus();
                                    </OnEscapePressed>
                                    <OnTextChanged>

                                        local f = self:GetParent():GetParent();
                                        if f and f.main then
                                        f.main.SetLabel(f.label,self:GetText());
                                        end
                                    </OnTextChanged>
                                    <OnCursorChanged>

                                    </OnCursorChanged>
                                </Scripts>
                                <FontString inherits="GameFontHighlight"/>
                            </EditBox>
                        </ScrollChild>
                    </ScrollFrame>
                </Frames>
            </Frame>

            <Frame name="$parentText" inherits="GHM_TextLabel_Template">
                <Anchors>
                    <Anchor point="BOTTOMLEFT" relativePoint="TOPLEFT">
                        <Offset>
                            <AbsDimension x="0" y="0"/>
                        </Offset>
                    </Anchor>
                </Anchors>
            </Frame>
        </Frames>
    </Frame>





</Ui>