<Ui xmlns="http://www.blizzard.com/wow/ui" xmlns:xsi="http://www.w3.org/2001/XMLSchema-instance"
    xsi:schemaLocation="http://www.blizzard.com/wow/ui">
    <Frame name="GHM_CodeField_Template" virtual="true">
        <Size>
            <AbsDimension x="170" y="80"/>
        </Size>
        <Frames>
            <Frame name="$parentArea">
                <Anchors>
                    <Anchor point="TOPLEFT">
                        <Offset>
                            <AbsDimension x="0" y="-18"/>
                        </Offset>
                    </Anchor>
                    <Anchor point="BOTTOMRIGHT">
                        <Offset>
                            <AbsDimension x="-0" y="0"/>
                        </Offset>
                    </Anchor>
                </Anchors>
                <Backdrop bgFile="Interface\Tooltips\ChatBubble-Background" edgeFile="Interface\Tooltips\UI-Tooltip-Border"
                          tile="true">
                    <EdgeSize>
                        <AbsValue val="16"/>
                    </EdgeSize>
                    <TileSize>
                        <AbsValue val="16"/>
                    </TileSize>
                    <BackgroundInsets>
                        <AbsInset left="5" right="5" top="5" bottom="5"/>
                    </BackgroundInsets>
                </Backdrop>
				<Frames>
                    <ScrollFrame name="$parentScroll" inherits="UIPanelScrollFrameTemplate">
                        <Size>
                            <AbsDimension x="160" y="68"/>
                        </Size>
                        <Anchors>
                            <Anchor point="TOPLEFT">
                                <Offset>
                                    <AbsDimension x="10" y="-40"/>
                                </Offset>
                            </Anchor>
                            <Anchor point="BOTTOMRIGHT">
                                <Offset>
                                    <AbsDimension x="-28" y="6"/>
                                </Offset>
                            </Anchor>
                        </Anchors>
                        <ScrollChild>
                            <EditBox name="$parentText" multiLine="true" autoFocus="false">
                                <Size>
                                    <AbsDimension x="160" y="100"/>
                                </Size>
                                <FontString inherits="GameFontHighlight"/>
                            </EditBox>
                        </ScrollChild>
                    </ScrollFrame>
                </Frames>
            </Frame>
			
            <Frame name="$parentText" inherits="GHM_TextLabel_Template">
                <Anchors>
                    <Anchor point="TOPLEFT" relativePoint="TOPLEFT">
                        <Offset>
                            <AbsDimension x="0" y="0"/>
                        </Offset>
                    </Anchor>
                </Anchors>
            </Frame>
		</Frames>
    </Frame>





</Ui>