<Ui xmlns="http://www.blizzard.com/wow/ui" xmlns:xsi="http://www.w3.org/2001/XMLSchema-instance"
    xsi:schemaLocation="http://www.blizzard.com/wow/ui">
    <Frame name="GHM_Color2_Template" virtual="true">
        <Size>
            <AbsDimension x="180" y="170"/>
        </Size>
        <Frames>
			<Frame name="$parentText" inherits="GHM_TextLabel_Template">
                <Anchors>
                    <Anchor point="TOPLEFT" relativePoint="TOPLEFT">
                        <Offset>
                            <AbsDimension x="0" y="0"/>
                        </Offset>
                    </Anchor>
                </Anchors>
            </Frame>
			<Frame name="$parentArea">
				   <Anchors>
					   <Anchor point="TOPLEFT" relativePoint="TOPLEFT">
						   <Offset>
							   <AbsDimension x="0" y="-18"/>
						   </Offset>
					   </Anchor>
					   <Anchor point="BOTTOMRIGHT" relativePoint="BOTTOMRIGHT">
						   <Offset>
							   <AbsDimension x="0" y="0"/>
						   </Offset>
					   </Anchor>
				   </Anchors>
				   <Frames>
						<ColorSelect name="$parentColorPicker">
							<Anchors>
								<Anchor point="TOPLEFT" relativePoint="TOPLEFT">
									<Offset>
										<AbsDimension x="0" y="0"/>
									</Offset>
								</Anchor>
							</Anchors>
							<Size x="156" y="96"/>
							<Layers>
								<Layer level="ARTWORK">
									<Texture name="$parentColorSwatch">
										<Size>
											<AbsDimension x="24" y="96"/>
										</Size>
										<Anchors>
											<Anchor point="TOPLEFT" relativePoint="TOPLEFT">
												<Offset>
													<AbsDimension x="0" y="0"/>
												</Offset>
											</Anchor>
										</Anchors>
									</Texture>
								</Layer>
							</Layers>
							<ColorWheelTexture name="$parentColorPickerWheel">
								<Size>
									<AbsDimension x="96" y="96"/>
								</Size>
								<Anchors>
									<Anchor point="TOPLEFT" relativePoint="TOPRIGHT" relativeTo="$parentColorSwatch">
										<Offset>
											<AbsDimension x="10" y="0"/>
										</Offset>
									</Anchor>
								</Anchors>
							</ColorWheelTexture>
							<ColorWheelThumbTexture file="Interface\Buttons\UI-ColorPicker-Buttons">
								<Size>
									<AbsDimension x="10" y="10"/>
								</Size>
								<TexCoords left="0" right="0.15625" top="0" bottom="0.625"/>
							</ColorWheelThumbTexture>
							<ColorValueTexture>
								<Size>
									<AbsDimension x="16" y="96"/>
								</Size>
								<Anchors>
									<Anchor point="TOPLEFT" relativeTo="$parentColorPickerWheel" relativePoint="TOPRIGHT">
										<Offset>
											<AbsDimension x="10" y="0"/>
										</Offset>
									</Anchor>
								</Anchors>
							</ColorValueTexture>
							<ColorValueThumbTexture file="Interface\Buttons\UI-ColorPicker-Buttons">
								<Size>
									<AbsDimension x="24" y="7"/>
								</Size>
								<TexCoords left="0.25" right="1.0" top="0" bottom="0.875"/>
							</ColorValueThumbTexture>
						</ColorSelect>
						<Slider name="$parentOpacitySlider" orientation="VERTICAL" minValue="0" maxValue="1" valueStep="0.01" defaultValue="1">
							<Size>
								<AbsDimension x="16" y="96"/>
							</Size>
							<Anchors>
								<Anchor point="TOPLEFT" relativeTo="$parentColorPicker" relativePoint="TOPRIGHT">
									<Offset>
										<AbsDimension x="10" y="0"/>
									</Offset>
								</Anchor>
							</Anchors>
							<Backdrop bgFile="Interface\Buttons\UI-SliderBar-Background" edgeFile="Interface\Buttons\UI-SliderBar-Border" tile="true">
								<EdgeSize>
									<AbsValue val="8"/>
								</EdgeSize>
								<TileSize>
									<AbsValue val="8"/>
								</TileSize>
								<BackgroundInsets>
									<AbsInset left="3" right="3" top="6" bottom="6"/>
								</BackgroundInsets>
							</Backdrop>
							<Layers>
								<Layer level="ARTWORK">
									<FontString name="$parentText" inherits="GameFontNormalSmall">
										<Anchors>
											<Anchor point="BOTTOM" relativePoint="TOP"/>
										</Anchors>
									</FontString>
									<FontString inherits="GameFontNormalHuge" text="+">
										<Anchors>
											<Anchor point="BOTTOMLEFT" relativePoint="BOTTOMRIGHT">
												<Offset>
													<AbsDimension x="8" y="3"/>
												</Offset>
											</Anchor>
										</Anchors>
										<Color r="1" g="1" b="1" />
									</FontString>
									<FontString inherits="GameFontNormalHuge" text="-">
										<Anchors>
											<Anchor point="TOPLEFT" relativePoint="TOPRIGHT">
												<Offset>
													<AbsDimension x="6" y="-3"/>
												</Offset>
											</Anchor>
										</Anchors>
										<Color r="1" g="1" b="1" />							
									</FontString>
								</Layer>
							</Layers>
							<ThumbTexture file="Interface\Buttons\UI-SliderBar-Button-Vertical">
								<Size>
									<AbsDimension x="32" y="32"/>
								</Size>
							</ThumbTexture>
						</Slider>
						<Frame name="$parentR" inherits="GHM_EditBox_Template">
							<Size>
								<AbsDimension x="55" y="40"/>
							</Size>
							<Anchors>
								<Anchor point="BOTTOMLEFT" relativePoint="BOTTOMLEFT">
									<Offset>
										<AbsDimension x="0" y="-2"/>
									</Offset>
								</Anchor>
							</Anchors>
							<Scripts>
								<OnLoad>
									local box = _G[self:GetName().."Box"];
									box:SetTextureTheme("Tooltip");
									box:SetWidth(self:GetWidth());
									box.numbersOnly = true;
			
									local OnEditBoxTextChanged = function(self)
									end
									box:SetScript("OnTextChanged", OnEditBoxTextChanged);
			
									local text = _G[self:GetName().."TextLabel"];
									text:SetText("R:");
									self:SetScript("OnEnter", function(self)
										GameTooltip:SetOwner(self)
										GameTooltip:SetText("Red Value, from 0 - 255")
									end)
									self:SetScript("OnLeave", function(self)
										GameTooltip:Hide()
									end)
									local textFrame = _G[self:GetName().."Text"];
									textFrame:SetWidth(text:GetStringWidth()+2)
								</OnLoad>
								<OnEscapePressed>
									self:Clear();
								</OnEscapePressed>
							</Scripts>
						</Frame>
						<Frame name="$parentG" inherits="GHM_EditBox_Template">
							<Size>
								<AbsDimension x="55" y="40"/>
							</Size>
							<Anchors>
								<Anchor point="LEFT" relativePoint="RIGHT" relativeTo="$parentR">
									<Offset>
										<AbsDimension x="2" y="0"/>
									</Offset>
								</Anchor>
							</Anchors>
							<Scripts>
								<OnLoad>
									local box = _G[self:GetName().."Box"];
									box:SetTextureTheme("Tooltip");
									box:SetWidth(self:GetWidth());
									box.numbersOnly = true;
			
									local OnEditBoxTextChanged = function(self)
									end
									box:SetScript("OnTextChanged", OnEditBoxTextChanged);
			
									local text = _G[self:GetName().."TextLabel"];
									text:SetText("G:");
									self:SetScript("OnEnter", function(self)
										GameTooltip:SetOwner(self)
										GameTooltip:SetText("Green Value, from 0 - 255")
									end)
									self:SetScript("OnLeave", function(self)
										GameTooltip:Hide()
									end)
									local textFrame = _G[self:GetName().."Text"];
									textFrame:SetWidth(text:GetStringWidth()+2)
								</OnLoad>
								<OnEscapePressed>
									self:Clear();
								</OnEscapePressed>
							</Scripts>
						</Frame>
						<Frame name="$parentB" inherits="GHM_EditBox_Template">
							<Size>
								<AbsDimension x="55" y="40"/>
							</Size>
							<Anchors>
								<Anchor point="LEFT" relativePoint="RIGHT" relativeTo="$parentG">
									<Offset>
										<AbsDimension x="2" y="0"/>
									</Offset>
								</Anchor>
							</Anchors>
							<Scripts>
								<OnLoad>
									local box = _G[self:GetName().."Box"];
									box:SetTextureTheme("Tooltip");
									box:SetWidth(self:GetWidth());
									box.numbersOnly = true;
			
									local OnEditBoxTextChanged = function(self)
									end
									box:SetScript("OnTextChanged", OnEditBoxTextChanged);
			
									local text = _G[self:GetName().."TextLabel"];
									text:SetText("B:");
									
									self:SetScript("OnEnter", function(self)
										GameTooltip:SetOwner(self)
										GameTooltip:SetText("Green Value, from 0 - 255")
									end)
									self:SetScript("OnLeave", function(self)
										GameTooltip:Hide()
									end)
									
									local textFrame = _G[self:GetName().."Text"];
									textFrame:SetWidth(text:GetStringWidth()+2)
								</OnLoad>
								<OnEscapePressed>
									self:Clear();
								</OnEscapePressed>
							</Scripts>
						</Frame>
						<Frame name="$parentA" inherits="GHM_EditBox_Template">
							<Size>
								<AbsDimension x="55" y="40"/>
							</Size>
							<Anchors>
								<Anchor point="LEFT" relativePoint="RIGHT" relativeTo="$parentB">
									<Offset>
										<AbsDimension x="2" y="0"/>
									</Offset>
								</Anchor>
							</Anchors>
							<Scripts>
								<OnLoad>
									local box = _G[self:GetName().."Box"];
									box:SetTextureTheme("Tooltip");
									box:SetWidth(self:GetWidth());
									box.numbersOnly = true;
			
									local OnEditBoxTextChanged = function(self)
									end
									box:SetScript("OnTextChanged", OnEditBoxTextChanged);
			
									local text = _G[self:GetName().."TextLabel"];
									text:SetText("A:");
									
									self:SetScript("OnEnter", function(self)
										GameTooltip:SetOwner(self)
										GameTooltip:SetText("Opacity, from 100 - 0")
									end)
									self:SetScript("OnLeave", function(self)
										GameTooltip:Hide()
									end)
									
									local textFrame = _G[self:GetName().."Text"];
									textFrame:SetWidth(text:GetStringWidth()+2)
								</OnLoad>
								<OnEscapePressed>
									self:Clear();
								</OnEscapePressed>
							</Scripts>
						</Frame>
					 </Frames>
			</Frame>
		</Frames>
    </Frame>
</Ui>