<!--

  Loading order is:
    * MapNotesTemplates.xml
      MapNotesEditFrame.xml
      MapNotesMiniNoteFrame.xml
      MapNotesOptionsFrame.xml
      MapNotesSendFrame.xml

  Contains the following:

    Definitions:
      MapNotes_FrameTemplate
      MapNotes_ButtonTemplate
      MapNotes_CancelButtonTemplate
      MapNotesLineTemplate

-->

<Ui xmlns="http://www.blizzard.com/wow/ui/"
    xmlns:xsi="http://www.w3.org/2001/XMLSchema-instance"
    xsi:schemaLocation="http://www.blizzard.com/wow/ui/ ..\FrameXML\UI.xsd">

  <Frame name="MapNotes_FrameTemplate"
      toplevel="true"
      movable="true"
      hidden="true"
      parent="WorldMapFrame"
      frameStrata="TOOLTIP"
      enableMouse="true"
      virtual="true">

    <Scripts>
      <OnMouseDown>
        if (button == "LeftButton") then
          self:StartMoving();
        end
      </OnMouseDown>
      <OnMouseUp>
        if (button == "LeftButton") then
          self:StopMovingOrSizing();
        end
      </OnMouseUp>
      <OnShow>          <!-- Telic_1 -->
        self:SetAlpha(1.0);     <!-- Telic_1 - caters for AddOns that can change the parent frame Alpha setting -->
      </OnShow>         <!-- Telic_1 -->
    </Scripts>

    <Backdrop bgFile="Interface\Tooltips\UI-Tooltip-Background" edgeFile="Interface\Tooltips\UI-Tooltip-Border" tile="true">
      <BackgroundInsets left="5" right="5" top="5" bottom="5" />
      <TileSize val="16" />
      <EdgeSize val="16" />
    </Backdrop>
    
  </Frame>

  <Button name="MapNotes_ButtonTemplate" inherits="UIPanelButtonTemplate" virtual="true">
    <Size x="185" y="21" />
    <Scripts>
      <OnShow>
        self:SetFrameLevel( self:GetParent():GetFrameLevel() + 1 );
      </OnShow>
    </Scripts>
  </Button>

  <Button name="MapNotes_CancelButtonTemplate" inherits="MapNotes_ButtonTemplate" virtual="true" text="MAPNOTES_CANCEL">
    <Scripts>
      <OnClick>
        PlaySound("igMainMenuOption");
        self:GetParent():Hide();
      </OnClick>
    </Scripts>
  </Button>

  <Texture name="MapNotesLineTemplate" hidden="true" virtual="true" />
  
</Ui>
