<!--

  Loading order is:
      MapNotesTemplates.xml
      MapNotesEditFrame.xml
      MapNotesMiniNoteFrame.xml
    * MapNotesOptionsFrame.xml
      MapNotesCoordinatesFrames.xml
      MapNotesSendFrame.xml

  Contains the following:

    Definitions:
      OptionsCheckboxTemplate (unused)

    Declarations:
      MapNotesOptionsFrame
        MapNotesButtonDeleteLandMarks
        MapNotesOptionsFrameCancel
        MapNotes_GhostTextBox
        
      MapNotesOptionsCheckbox0
      MapNotesOptionsCheckbox1
      MapNotesOptionsCheckbox2
      MapNotesOptionsCheckbox3
      MapNotesOptionsCheckbox4
      MapNotesOptionsCheckbox5
      MapNotesOptionsCheckbox6
      MapNotesOptionsCheckbox7
      MapNotesOptionsCheckbox8
      MapNotesOptionsCheckbox9
      
      MapNotesOptionsCheckbox10
      MapNotesOptionsCheckbox11
      MapNotesOptionsCheckbox12
      MapNotesOptionsCheckbox13
      MapNotesOptionsCheckbox14
      MapNotesOptionsCheckbox15
      MapNotesOptionsCheckbox16
      MapNotesOptionsCheckboxMapC
      MapNotesOptionsCheckboxMiniC
      MapNotesOptionsCheckboxLM
      
      MN_FrameSlider
      MN_IconSlider
      MN_AlphaSlider
      MN_CoordSlider
      

-->

<Ui xmlns="http://www.blizzard.com/wow/ui/"
    xmlns:xsi="http://www.w3.org/2001/XMLSchema-instance"
    xsi:schemaLocation="http://www.blizzard.com/wow/ui/ ..\FrameXML\UI.xsd">

  <!--
    This template is as yet unused. There must be a way to make the XML for the
    Options Frame a little tider and less long-winded!
  -->

  <CheckButton name="OptionsCheckboxTemplate" virtual="true">
    <Size x="20" y="20" />
    <Layers>
      <Layer level="ARTWORK">
        <FontString parentKey="text" inherits="GameFontNormalSmall" />
      </Layer>
    </Layers>
    <Scripts>
      <OnLoad>
        local parent = self:GetParent();
        parent.checkbox = parent.checkbox or {};
        parent.checkbox[self:GetID()] = self;
      </OnLoad>
      <OnClick>
        if self:GetChecked() then
          PlaySound("igMainMenuOptionCheckBoxOff");
          MapNotesOptionsCheckbox15:Enable();
          MapNotesOptionsCheckbox15Text:SetTextColor(NORMAL_FONT_COLOR.r, NORMAL_FONT_COLOR.g, NORMAL_FONT_COLOR.b);
        else
          PlaySound("igMainMenuOptionCheckBoxOn");
          MapNotesOptionsCheckbox15:Disable();
          MapNotesOptionsCheckbox15Text:SetTextColor(GRAY_FONT_COLOR.r, GRAY_FONT_COLOR.g, GRAY_FONT_COLOR.b);
        end
        MapNotes_WriteOptions();
        MapNotes_GhostTextBox:SetFocus(true);
      </OnClick>
      <OnShow>
        self:SetFrameLevel(MapNotesOptionsFrame:GetFrameLevel() + 2);
      </OnShow>
    </Scripts>
    
    <NormalTexture file="Interface\Buttons\UI-CheckBox-Up"/>
    <PushedTexture file="Interface\Buttons\UI-CheckBox-Down"/>
    <HighlightTexture file="Interface\Buttons\UI-CheckBox-Highlight" alphaMode="ADD"/>
    <CheckedTexture file="Interface\Buttons\UI-CheckBox-Check"/>
    <DisabledCheckedTexture file="Interface\Buttons\UI-CheckBox-Check-Disabled"/>
    
  </CheckButton>

  <!--
    The MapNotes option frame container. It contains 24 separate controls, defined later
  -->
  <Frame name="MapNotesOptionsFrame" inherits="MapNotes_FrameTemplate" frameStrata="TOOLTIP" parent="UIParent">

    <Size x="450" y="372"/>

    <Anchors>
      <Anchor point="CENTER" />
    </Anchors>

    <Layers>
      <Layer level="ARTWORK">
        <FontString inherits="GameFontGreenLarge" text="MAPNOTES_OPTIONS_MENU">
          <Anchors>
            <Anchor point="TOP" relativeTo="MapNotesOptionsFrame" x="0" y="-8"/>
          </Anchors>
        </FontString>
      </Layer>
    </Layers>
    
    <Scripts>
      <OnLoad>
        self:SetBackdropColor(0,0,0);
      </OnLoad>
      <OnShow>
        MapNotes_NormaliseScale(self);
        MapNotes_OpenOptionsFrame();
      </OnShow>
      <OnHide>
        self:SetParent("UIParent");
      </OnHide>
    </Scripts>
    
    <Frames>

      <Button name="MapNotesButtonDeleteLandMarks" inherits="MapNotes_ButtonTemplate" text="MAPNOTES_DELETELANDMARKS">
        <Anchors>
          <Anchor point="CENTER" relativePoint="BOTTOM" x="-103" y="30"/>
        </Anchors>
        <Scripts>
          <OnClick>
            PlaySound("igMainMenuOption");
            MapNotes_DeleteLandMarks();
            MapNotes_GhostTextBox:SetFocus(true);
          </OnClick>
        </Scripts>
      </Button>

      <Button name="$parentCancel" inherits="MapNotes_ButtonTemplate" text="CLOSE">
        <Anchors>
          <Anchor point="LEFT" relativePoint="RIGHT" relativeTo="MapNotesButtonDeleteLandMarks" x="20" y="0"/>
        </Anchors>
        <Scripts>
          <OnClick>
            PlaySound("igMainMenuOption");
            MapNotesOptionsFrame:Hide();
          </OnClick>
        </Scripts>
      </Button>

      <EditBox name="MapNotes_GhostTextBox" autoFocus="true" historyLines="0" letters="0" hidden="false">
        <Anchors>
          <Anchor point="TOPLEFT" />
        </Anchors>
        <Scripts>
          <OnEscapePressed>
            MapNotesOptionsFrame:Hide();
          </OnEscapePressed>
        </Scripts>
      </EditBox>

    </Frames>

  </Frame>

  <!--
    Checkboxes 0 ... 9 toggle the visibility of the ten different note icons
  -->

  <CheckButton name="MapNotesOptionsCheckbox0" id="0" parent="MapNotesOptionsFrame">
    <Size x="20" y="20"/>
    <Anchors>
      <Anchor point="TOPLEFT" x="50" y="-30"/>
    </Anchors>
    <Layers>
      <Layer level="ARTWORK">
        <Texture name="MapNotesOptionsIcon0Texture" file="Interface\AddOns\MapNotes\POIIcons\Icon0">
          <Size x="16" y="16"/>
          <Anchors>
            <Anchor point="LEFT" relativePoint="RIGHT" x="0" y="-1" />
          </Anchors>
        </Texture>
      </Layer>
    </Layers>
    <Scripts>
      <OnClick>
        if self:GetChecked() then
          PlaySound("igMainMenuOptionCheckBoxOff");
        else
          PlaySound("igMainMenuOptionCheckBoxOn");
        end
        MapNotes_WriteOptions();
        MapNotes_GhostTextBox:SetFocus(true);
      </OnClick>
      <OnShow>
        self:SetFrameLevel(self:GetParent():GetFrameLevel() + 2);
      </OnShow>
    </Scripts>
    <NormalTexture file="Interface\Buttons\UI-CheckBox-Up" />
    <PushedTexture file="Interface\Buttons\UI-CheckBox-Down" />
    <HighlightTexture file="Interface\Buttons\UI-CheckBox-Highlight" alphaMode="ADD" />
    <CheckedTexture file="Interface\Buttons\UI-CheckBox-Check" />
    <DisabledCheckedTexture file="Interface\Buttons\UI-CheckBox-Check-Disabled" />
  </CheckButton>

  <CheckButton name="MapNotesOptionsCheckbox1" id="1" parent="MapNotesOptionsFrame">
    <Size>
      <AbsDimension x="20" y="20"/>
    </Size>
    <Anchors>
      <Anchor point="LEFT" relativePoint="RIGHT" relativeTo="MapNotesOptionsCheckbox0">
        <Offset><AbsDimension x="60" y="0"/></Offset>
      </Anchor>
    </Anchors>
    <Layers>
      <Layer level="ARTWORK">
        <Texture name="MapNotesOptionsIcon1Texture" file="Interface\AddOns\MapNotes\POIIcons\Icon1">
          <Size>
            <AbsDimension x="16" y="16"/>
          </Size>
          <Anchors>
            <Anchor point="LEFT" relativePoint="RIGHT">
              <Offset><AbsDimension x="0" y="-1"/></Offset>
            </Anchor>
          </Anchors>
        </Texture>
      </Layer>
    </Layers>
    <Scripts>
      <OnClick>
        if self:GetChecked() then
          PlaySound("igMainMenuOptionCheckBoxOff");
        else
          PlaySound("igMainMenuOptionCheckBoxOn");
        end
        MapNotes_WriteOptions();
        MapNotes_GhostTextBox:SetFocus(true);
      </OnClick>
      <OnShow>
        self:SetFrameLevel( MapNotesOptionsFrame:GetFrameLevel() + 2 );
      </OnShow>
    </Scripts>
    <NormalTexture file="Interface\Buttons\UI-CheckBox-Up" />
    <PushedTexture file="Interface\Buttons\UI-CheckBox-Down" />
    <HighlightTexture file="Interface\Buttons\UI-CheckBox-Highlight" alphaMode="ADD" />
    <CheckedTexture file="Interface\Buttons\UI-CheckBox-Check" />
    <DisabledCheckedTexture file="Interface\Buttons\UI-CheckBox-Check-Disabled" />
  </CheckButton>

  <CheckButton name="MapNotesOptionsCheckbox2" id="2" parent="MapNotesOptionsFrame">
    <Size>
      <AbsDimension x="20" y="20"/>
    </Size>
    <Anchors>
      <Anchor point="LEFT" relativePoint="RIGHT" relativeTo="MapNotesOptionsCheckbox1">
        <Offset><AbsDimension x="60" y="0"/></Offset>
      </Anchor>
    </Anchors>
    <Layers>
      <Layer level="ARTWORK">
        <Texture name="MapNotesOptionsIcon2Texture" file="Interface\AddOns\MapNotes\POIIcons\Icon2">
          <Size>
            <AbsDimension x="16" y="16"/>
          </Size>
          <Anchors>
            <Anchor point="LEFT" relativePoint="RIGHT">
              <Offset><AbsDimension x="0" y="-1"/></Offset>
            </Anchor>
          </Anchors>
        </Texture>
      </Layer>
    </Layers>
    <Scripts>
      <OnClick>
        if self:GetChecked() then
          PlaySound("igMainMenuOptionCheckBoxOff");
        else
          PlaySound("igMainMenuOptionCheckBoxOn");
        end
        MapNotes_WriteOptions();
        MapNotes_GhostTextBox:SetFocus(true);
      </OnClick>
      <OnShow>
        self:SetFrameLevel( MapNotesOptionsFrame:GetFrameLevel() + 2 );
      </OnShow>
    </Scripts>
    <NormalTexture file="Interface\Buttons\UI-CheckBox-Up"/>
    <PushedTexture file="Interface\Buttons\UI-CheckBox-Down"/>
    <HighlightTexture file="Interface\Buttons\UI-CheckBox-Highlight" alphaMode="ADD"/>
    <CheckedTexture file="Interface\Buttons\UI-CheckBox-Check"/>
    <DisabledCheckedTexture file="Interface\Buttons\UI-CheckBox-Check-Disabled"/>
  </CheckButton>

  <CheckButton name="MapNotesOptionsCheckbox3" id="3" parent="MapNotesOptionsFrame">
    <Size>
      <AbsDimension x="20" y="20"/>
    </Size>
    <Anchors>
      <Anchor point="LEFT" relativePoint="RIGHT" relativeTo="MapNotesOptionsCheckbox2">
        <Offset><AbsDimension x="60" y="0"/></Offset>
      </Anchor>
    </Anchors>
    <Layers>
      <Layer level="ARTWORK">
        <Texture name="MapNotesOptionsIcon3Texture" file="Interface\AddOns\MapNotes\POIIcons\Icon3">
          <Size>
            <AbsDimension x="16" y="16"/>
          </Size>
          <Anchors>
            <Anchor point="LEFT" relativePoint="RIGHT">
              <Offset><AbsDimension x="0" y="-1"/></Offset>
            </Anchor>
          </Anchors>
        </Texture>
      </Layer>
    </Layers>
    <Scripts>
      <OnClick>
        if self:GetChecked() then
          PlaySound("igMainMenuOptionCheckBoxOff");
        else
          PlaySound("igMainMenuOptionCheckBoxOn");
        end
        MapNotes_WriteOptions();
        MapNotes_GhostTextBox:SetFocus(true);
      </OnClick>
      <OnShow>
        self:SetFrameLevel( MapNotesOptionsFrame:GetFrameLevel() + 2 );
      </OnShow>
    </Scripts>
    <NormalTexture file="Interface\Buttons\UI-CheckBox-Up"/>
    <PushedTexture file="Interface\Buttons\UI-CheckBox-Down"/>
    <HighlightTexture file="Interface\Buttons\UI-CheckBox-Highlight" alphaMode="ADD"/>
    <CheckedTexture file="Interface\Buttons\UI-CheckBox-Check"/>
    <DisabledCheckedTexture file="Interface\Buttons\UI-CheckBox-Check-Disabled"/>
  </CheckButton>

  <CheckButton name="MapNotesOptionsCheckbox4" id="4" parent="MapNotesOptionsFrame">
    <Size>
      <AbsDimension x="20" y="20"/>
    </Size>
    <Anchors>
      <Anchor point="LEFT" relativePoint="RIGHT" relativeTo="MapNotesOptionsCheckbox3">
        <Offset><AbsDimension x="60" y="0"/></Offset>
      </Anchor>
    </Anchors>
    <Layers>
      <Layer level="ARTWORK">
        <Texture name="MapNotesOptionsIcon4Texture" file="Interface\AddOns\MapNotes\POIIcons\Icon4">
          <Size>
            <AbsDimension x="16" y="16"/>
          </Size>
          <Anchors>
            <Anchor point="LEFT" relativePoint="RIGHT">
              <Offset><AbsDimension x="0" y="-1"/></Offset>
            </Anchor>
          </Anchors>
        </Texture>
      </Layer>
    </Layers>
    <Scripts>
      <OnClick>
        if self:GetChecked() then
          PlaySound("igMainMenuOptionCheckBoxOff");
        else
          PlaySound("igMainMenuOptionCheckBoxOn");
        end
        MapNotes_WriteOptions();
        MapNotes_GhostTextBox:SetFocus(true);
      </OnClick>
      <OnShow>
        self:SetFrameLevel( MapNotesOptionsFrame:GetFrameLevel() + 2 );
      </OnShow>
    </Scripts>
    <NormalTexture file="Interface\Buttons\UI-CheckBox-Up"/>
    <PushedTexture file="Interface\Buttons\UI-CheckBox-Down"/>
    <HighlightTexture file="Interface\Buttons\UI-CheckBox-Highlight" alphaMode="ADD"/>
    <CheckedTexture file="Interface\Buttons\UI-CheckBox-Check"/>
    <DisabledCheckedTexture file="Interface\Buttons\UI-CheckBox-Check-Disabled"/>
  </CheckButton>

  <CheckButton name="MapNotesOptionsCheckbox5" id="5" parent="MapNotesOptionsFrame">
    <Size>
      <AbsDimension x="20" y="20"/>
    </Size>
    <Anchors>
      <Anchor point="TOP" relativePoint="BOTTOM" relativeTo="MapNotesOptionsCheckbox0">
        <Offset><AbsDimension x="0" y="0"/></Offset>
      </Anchor>
    </Anchors>
    <Layers>
      <Layer level="ARTWORK">
        <Texture name="MapNotesOptionsIcon5Texture" file="Interface\AddOns\MapNotes\POIIcons\Icon5">
          <Size>
            <AbsDimension x="16" y="16"/>
          </Size>
          <Anchors>
            <Anchor point="LEFT" relativePoint="RIGHT">
              <Offset><AbsDimension x="0" y="-1"/></Offset>
            </Anchor>
          </Anchors>
        </Texture>
      </Layer>
    </Layers>
    <Scripts>
      <OnClick>
        if self:GetChecked() then
          PlaySound("igMainMenuOptionCheckBoxOff");
        else
          PlaySound("igMainMenuOptionCheckBoxOn");
        end
        MapNotes_WriteOptions();
        MapNotes_GhostTextBox:SetFocus(true);
      </OnClick>
      <OnShow>
        self:SetFrameLevel( MapNotesOptionsFrame:GetFrameLevel() + 2 );
      </OnShow>
    </Scripts>
    <NormalTexture file="Interface\Buttons\UI-CheckBox-Up"/>
    <PushedTexture file="Interface\Buttons\UI-CheckBox-Down"/>
    <HighlightTexture file="Interface\Buttons\UI-CheckBox-Highlight" alphaMode="ADD"/>
    <CheckedTexture file="Interface\Buttons\UI-CheckBox-Check"/>
    <DisabledCheckedTexture file="Interface\Buttons\UI-CheckBox-Check-Disabled"/>
  </CheckButton>

  <CheckButton name="MapNotesOptionsCheckbox6" id="6" parent="MapNotesOptionsFrame">
    <Size>
      <AbsDimension x="20" y="20"/>
    </Size>
    <Anchors>
      <Anchor point="LEFT" relativePoint="RIGHT" relativeTo="MapNotesOptionsCheckbox5">
        <Offset><AbsDimension x="60" y="0"/></Offset>
      </Anchor>
    </Anchors>
    <Layers>
      <Layer level="ARTWORK">
        <Texture name="MapNotesOptionsIcon6Texture" file="Interface\AddOns\MapNotes\POIIcons\Icon6">
          <Size>
            <AbsDimension x="16" y="16"/>
          </Size>
          <Anchors>
            <Anchor point="LEFT" relativePoint="RIGHT">
              <Offset><AbsDimension x="0" y="-1"/></Offset>
            </Anchor>
          </Anchors>
        </Texture>
      </Layer>
    </Layers>
    <Scripts>
      <OnClick>
        if self:GetChecked() then
          PlaySound("igMainMenuOptionCheckBoxOff");
        else
          PlaySound("igMainMenuOptionCheckBoxOn");
        end
        MapNotes_WriteOptions();
        MapNotes_GhostTextBox:SetFocus(true);
      </OnClick>
      <OnShow>
        self:SetFrameLevel( MapNotesOptionsFrame:GetFrameLevel() + 2 );
      </OnShow>
    </Scripts>
    <NormalTexture file="Interface\Buttons\UI-CheckBox-Up"/>
    <PushedTexture file="Interface\Buttons\UI-CheckBox-Down"/>
    <HighlightTexture file="Interface\Buttons\UI-CheckBox-Highlight" alphaMode="ADD"/>
    <CheckedTexture file="Interface\Buttons\UI-CheckBox-Check"/>
    <DisabledCheckedTexture file="Interface\Buttons\UI-CheckBox-Check-Disabled"/>
  </CheckButton>

  <CheckButton name="MapNotesOptionsCheckbox7" id="7" parent="MapNotesOptionsFrame">
    <Size>
      <AbsDimension x="20" y="20"/>
    </Size>
    <Anchors>
      <Anchor point="LEFT" relativePoint="RIGHT" relativeTo="MapNotesOptionsCheckbox6">
        <Offset><AbsDimension x="60" y="0"/></Offset>
      </Anchor>
    </Anchors>
    <Layers>
      <Layer level="ARTWORK">
        <Texture name="MapNotesOptionsIcon7Texture" file="Interface\AddOns\MapNotes\POIIcons\Icon7">
          <Size>
            <AbsDimension x="16" y="16"/>
          </Size>
          <Anchors>
            <Anchor point="LEFT" relativePoint="RIGHT">
              <Offset><AbsDimension x="0" y="-1"/></Offset>
            </Anchor>
          </Anchors>
        </Texture>
      </Layer>
    </Layers>
    <Scripts>
      <OnClick>
        if self:GetChecked() then
          PlaySound("igMainMenuOptionCheckBoxOff");
        else
          PlaySound("igMainMenuOptionCheckBoxOn");
        end
        MapNotes_WriteOptions();
        MapNotes_GhostTextBox:SetFocus(true);
      </OnClick>
      <OnShow>
        self:SetFrameLevel( MapNotesOptionsFrame:GetFrameLevel() + 2 );
      </OnShow>
    </Scripts>
    <NormalTexture file="Interface\Buttons\UI-CheckBox-Up"/>
    <PushedTexture file="Interface\Buttons\UI-CheckBox-Down"/>
    <HighlightTexture file="Interface\Buttons\UI-CheckBox-Highlight" alphaMode="ADD"/>
    <CheckedTexture file="Interface\Buttons\UI-CheckBox-Check"/>
    <DisabledCheckedTexture file="Interface\Buttons\UI-CheckBox-Check-Disabled"/>
  </CheckButton>

  <CheckButton name="MapNotesOptionsCheckbox8" id="8" parent="MapNotesOptionsFrame">
    <Size>
      <AbsDimension x="20" y="20"/>
    </Size>
    <Anchors>
      <Anchor point="LEFT" relativePoint="RIGHT" relativeTo="MapNotesOptionsCheckbox7">
        <Offset><AbsDimension x="60" y="0"/></Offset>
      </Anchor>
    </Anchors>
    <Layers>
      <Layer level="ARTWORK">
        <Texture name="MapNotesOptionsIcon8Texture" file="Interface\AddOns\MapNotes\POIIcons\Icon8">
          <Size>
            <AbsDimension x="16" y="16"/>
          </Size>
          <Anchors>
            <Anchor point="LEFT" relativePoint="RIGHT">
              <Offset><AbsDimension x="0" y="-1"/></Offset>
            </Anchor>
          </Anchors>
        </Texture>
      </Layer>
    </Layers>
    <Scripts>
      <OnClick>
        if self:GetChecked() then
          PlaySound("igMainMenuOptionCheckBoxOff");
        else
          PlaySound("igMainMenuOptionCheckBoxOn");
        end
        MapNotes_WriteOptions();
        MapNotes_GhostTextBox:SetFocus(true);
      </OnClick>
      <OnShow>
        self:SetFrameLevel( MapNotesOptionsFrame:GetFrameLevel() + 2 );
      </OnShow>
    </Scripts>
    <NormalTexture file="Interface\Buttons\UI-CheckBox-Up"/>
    <PushedTexture file="Interface\Buttons\UI-CheckBox-Down"/>
    <HighlightTexture file="Interface\Buttons\UI-CheckBox-Highlight" alphaMode="ADD"/>
    <CheckedTexture file="Interface\Buttons\UI-CheckBox-Check"/>
    <DisabledCheckedTexture file="Interface\Buttons\UI-CheckBox-Check-Disabled"/>
  </CheckButton>

  <CheckButton name="MapNotesOptionsCheckbox9" id="9" parent="MapNotesOptionsFrame">
    <Size>
      <AbsDimension x="20" y="20"/>
    </Size>
    <Anchors>
      <Anchor point="LEFT" relativePoint="RIGHT" relativeTo="MapNotesOptionsCheckbox8">
        <Offset><AbsDimension x="60" y="0"/></Offset>
      </Anchor>
    </Anchors>
    <Layers>
      <Layer level="ARTWORK">
        <Texture name="MapNotesOptionsIcon9Texture" file="Interface\AddOns\MapNotes\POIIcons\Icon9">
          <Size>
            <AbsDimension x="16" y="16"/>
          </Size>
          <Anchors>
            <Anchor point="LEFT" relativePoint="RIGHT">
              <Offset><AbsDimension x="0" y="-1"/></Offset>
            </Anchor>
          </Anchors>
        </Texture>
      </Layer>
    </Layers>
    <Scripts>
      <OnClick>
        if self:GetChecked() then
          PlaySound("igMainMenuOptionCheckBoxOff");
        else
          PlaySound("igMainMenuOptionCheckBoxOn");
        end
        MapNotes_WriteOptions();
        MapNotes_GhostTextBox:SetFocus(true);
      </OnClick>
      <OnShow>
        self:SetFrameLevel( MapNotesOptionsFrame:GetFrameLevel() + 2 );
      </OnShow>
    </Scripts>
    <NormalTexture file="Interface\Buttons\UI-CheckBox-Up"/>
    <PushedTexture file="Interface\Buttons\UI-CheckBox-Down"/>
    <HighlightTexture file="Interface\Buttons\UI-CheckBox-Highlight" alphaMode="ADD"/>
    <CheckedTexture file="Interface\Buttons\UI-CheckBox-Check"/>
    <DisabledCheckedTexture file="Interface\Buttons\UI-CheckBox-Check-Disabled"/>
  </CheckButton>
  
  <!--
    Checkbox 10 - Show notes created by your character
  -->
  <CheckButton name="MapNotesOptionsCheckbox10" id="10" parent="MapNotesOptionsFrame">
    <Size>
      <AbsDimension x="20" y="20"/>
    </Size>
    <Anchors>
      <Anchor point="TOPLEFT">
        <Offset><AbsDimension x="50" y="-78"/></Offset>
      </Anchor>
    </Anchors>
    <Layers>
      <Layer level="ARTWORK">
        <FontString name="$parentText" inherits="GameFontNormalSmall" text="MAPNOTES_OWNNOTES">
          <Anchors>
            <Anchor point="LEFT" relativePoint="RIGHT">
              <Offset><AbsDimension x="1" y="1"/></Offset>
            </Anchor>
          </Anchors>
        </FontString>
      </Layer>
    </Layers>
    <Scripts>
      <OnClick>
        if self:GetChecked() then
          PlaySound("igMainMenuOptionCheckBoxOff");
        else
          PlaySound("igMainMenuOptionCheckBoxOn");
        end
        MapNotes_WriteOptions();
        MapNotes_GhostTextBox:SetFocus(true);
      </OnClick>
      <OnShow>
        self:SetFrameLevel( MapNotesOptionsFrame:GetFrameLevel() + 2 );
      </OnShow>
    </Scripts>
    <NormalTexture file="Interface\Buttons\UI-CheckBox-Up"/>
    <PushedTexture file="Interface\Buttons\UI-CheckBox-Down"/>
    <HighlightTexture file="Interface\Buttons\UI-CheckBox-Highlight" alphaMode="ADD"/>
    <CheckedTexture file="Interface\Buttons\UI-CheckBox-Check"/>
    <DisabledCheckedTexture file="Interface\Buttons\UI-CheckBox-Check-Disabled"/>
  </CheckButton>
  
  <!--
    Checkbox 11 - Show notes received from other characters
  -->
  <CheckButton name="MapNotesOptionsCheckbox11" id="11" parent="MapNotesOptionsFrame">
    <Size>
      <AbsDimension x="20" y="20"/>
    </Size>
    <Anchors>
      <Anchor point="TOP" relativePoint="BOTTOM" relativeTo="MapNotesOptionsCheckbox10">
        <Offset><AbsDimension x="0" y="3"/></Offset>
      </Anchor>
    </Anchors>
    <Layers>
      <Layer level="ARTWORK">
        <FontString name="$parentText" inherits="GameFontNormalSmall" text="MAPNOTES_OTHERNOTES">
          <Anchors>
            <Anchor point="LEFT" relativePoint="RIGHT">
              <Offset><AbsDimension x="1" y="1"/></Offset>
            </Anchor>
          </Anchors>
        </FontString>
      </Layer>
    </Layers>
    <Scripts>
      <OnClick>
        if self:GetChecked() then
          PlaySound("igMainMenuOptionCheckBoxOff");
        else
          PlaySound("igMainMenuOptionCheckBoxOn");
        end
        MapNotes_WriteOptions();
        MapNotes_GhostTextBox:SetFocus(true);
      </OnClick>
      <OnShow>
        self:SetFrameLevel( MapNotesOptionsFrame:GetFrameLevel() + 2 );
      </OnShow>
    </Scripts>
    <NormalTexture file="Interface\Buttons\UI-CheckBox-Up"/>
    <PushedTexture file="Interface\Buttons\UI-CheckBox-Down"/>
    <HighlightTexture file="Interface\Buttons\UI-CheckBox-Highlight" alphaMode="ADD"/>
    <CheckedTexture file="Interface\Buttons\UI-CheckBox-Check"/>
    <DisabledCheckedTexture file="Interface\Buttons\UI-CheckBox-Check-Disabled"/>
  </CheckButton>
  
  <!--
    Checkbox 12 - Highlight last created note in red
  -->
  <CheckButton name="MapNotesOptionsCheckbox12" id="12" parent="MapNotesOptionsFrame">
    <Size>
      <AbsDimension x="20" y="20"/>
    </Size>
    <Anchors>
      <Anchor point="TOP" relativePoint="BOTTOM" relativeTo="MapNotesOptionsCheckbox11">
        <Offset><AbsDimension x="0" y="-1"/></Offset>
      </Anchor>
    </Anchors>
    <Layers>
      <Layer level="ARTWORK">
        <FontString name="$parentText" inherits="GameFontNormalSmall" text="MAPNOTES_HIGHLIGHT_LASTCREATED">
          <Anchors>
            <Anchor point="LEFT" relativePoint="RIGHT">
              <Offset><AbsDimension x="1" y="1"/></Offset>
            </Anchor>
          </Anchors>
        </FontString>
      </Layer>
    </Layers>
    <Scripts>
      <OnClick>
        if self:GetChecked() then
          PlaySound("igMainMenuOptionCheckBoxOff");
        else
          PlaySound("igMainMenuOptionCheckBoxOn");
        end
        MapNotes_WriteOptions();
        MapNotes_GhostTextBox:SetFocus(true);
      </OnClick>
      <OnShow>
        self:SetFrameLevel( MapNotesOptionsFrame:GetFrameLevel() + 2 );
      </OnShow>
    </Scripts>
    <NormalTexture file="Interface\Buttons\UI-CheckBox-Up"/>
    <PushedTexture file="Interface\Buttons\UI-CheckBox-Down"/>
    <HighlightTexture file="Interface\Buttons\UI-CheckBox-Highlight" alphaMode="ADD"/>
    <CheckedTexture file="Interface\Buttons\UI-CheckBox-Check"/>
    <DisabledCheckedTexture file="Interface\Buttons\UI-CheckBox-Check-Disabled"/>
  </CheckButton>

  <!--
    Checkbox 13 - Highlight note selected for MiniNote
  -->
  <CheckButton name="MapNotesOptionsCheckbox13" id="13" parent="MapNotesOptionsFrame">
    <Size>
      <AbsDimension x="20" y="20"/>
    </Size>
    <Anchors>
      <Anchor point="TOP" relativePoint="BOTTOM" relativeTo="MapNotesOptionsCheckbox12">
        <Offset><AbsDimension x="0" y="3"/></Offset>
      </Anchor>
    </Anchors>
    <Layers>
      <Layer level="ARTWORK">
        <FontString name="$parentText" inherits="GameFontNormalSmall" text="MAPNOTES_HIGHLIGHT_MININOTE">
          <Anchors>
            <Anchor point="LEFT" relativePoint="RIGHT">
              <Offset><AbsDimension x="1" y="1"/></Offset>
            </Anchor>
          </Anchors>
        </FontString>
      </Layer>
    </Layers>
    <Scripts>
      <OnClick>
        if self:GetChecked() then
          PlaySound("igMainMenuOptionCheckBoxOff");
        else
          PlaySound("igMainMenuOptionCheckBoxOn");
        end
        MapNotes_WriteOptions();
        MapNotes_GhostTextBox:SetFocus(true);
      </OnClick>
      <OnShow>
        self:SetFrameLevel( MapNotesOptionsFrame:GetFrameLevel() + 2 );
      </OnShow>
    </Scripts>
    <NormalTexture file="Interface\Buttons\UI-CheckBox-Up"/>
    <PushedTexture file="Interface\Buttons\UI-CheckBox-Down"/>
    <HighlightTexture file="Interface\Buttons\UI-CheckBox-Highlight" alphaMode="ADD"/>
    <CheckedTexture file="Interface\Buttons\UI-CheckBox-Check"/>
    <DisabledCheckedTexture file="Interface\Buttons\UI-CheckBox-Check-Disabled"/>
  </CheckButton>

  <!--
    Checkbox 14 - Accept incoming notes from other players
  -->
  <CheckButton name="MapNotesOptionsCheckbox14" id="14" parent="MapNotesOptionsFrame">
    <Size x="20" y="20" />
    <Anchors>
      <Anchor point="TOP" relativePoint="BOTTOM" relativeTo="MapNotesOptionsCheckbox13">
        <Offset><AbsDimension x="0" y="-1"/></Offset>
      </Anchor>
    </Anchors>
    <Layers>
      <Layer level="ARTWORK">
        <FontString name="$parentText" inherits="GameFontNormalSmall" text="MAPNOTES_ACCEPTINCOMING">
          <Anchors>
            <Anchor point="LEFT" relativePoint="RIGHT">
              <Offset><AbsDimension x="1" y="1"/></Offset>
            </Anchor>
          </Anchors>
        </FontString>
      </Layer>
    </Layers>
    <Scripts>
      <OnLoad>
        local parent = self:GetParent();
        parent.checkbox = parent.checkbox or {};
        parent.checkbox[self:GetID()] = self;
      </OnLoad>
      <OnClick>
        if self:GetChecked() then
          PlaySound("igMainMenuOptionCheckBoxOff");
          MapNotesOptionsCheckbox15:Enable();
          MapNotesOptionsCheckbox15Text:SetTextColor(NORMAL_FONT_COLOR.r, NORMAL_FONT_COLOR.g, NORMAL_FONT_COLOR.b);
        else
          PlaySound("igMainMenuOptionCheckBoxOn");
          MapNotesOptionsCheckbox15:Disable();
          MapNotesOptionsCheckbox15Text:SetTextColor(GRAY_FONT_COLOR.r, GRAY_FONT_COLOR.g, GRAY_FONT_COLOR.b);
        end
        MapNotes_WriteOptions();
        MapNotes_GhostTextBox:SetFocus(true);
      </OnClick>
      <OnShow>
        self:SetFrameLevel( MapNotesOptionsFrame:GetFrameLevel() + 2 );
      </OnShow>
    </Scripts>
    <NormalTexture file="Interface\Buttons\UI-CheckBox-Up"/>
    <PushedTexture file="Interface\Buttons\UI-CheckBox-Down"/>
    <HighlightTexture file="Interface\Buttons\UI-CheckBox-Highlight" alphaMode="ADD"/>
    <CheckedTexture file="Interface\Buttons\UI-CheckBox-Check"/>
    <DisabledCheckedTexture file="Interface\Buttons\UI-CheckBox-Check-Disabled"/>
  </CheckButton>

  <!--
    Checkbox 15 - Decline notes if they would leave less than 5 notes free **HIDDEN**
  -->
  <CheckButton name="MapNotesOptionsCheckbox15" hidden="true" id="15" parent="MapNotesOptionsFrame">
    <Size>
      <AbsDimension x="20" y="20"/>
    </Size>
    <Anchors>
      <Anchor point="TOP" relativePoint="BOTTOM" relativeTo="MapNotesOptionsCheckbox14">
        <Offset><AbsDimension x="20" y="3"/></Offset>
      </Anchor>
    </Anchors>
    <Layers>
      <Layer level="ARTWORK">
        <FontString name="$parentText" inherits="GameFontNormalSmall" text="MAPNOTES_INCOMING_CAP">
          <Anchors>
            <Anchor point="LEFT" relativePoint="RIGHT">
              <Offset><AbsDimension x="1" y="1"/></Offset>
            </Anchor>
          </Anchors>
        </FontString>
      </Layer>
    </Layers>
    <Scripts>
      <OnClick>
        if self:GetChecked() then
          PlaySound("igMainMenuOptionCheckBoxOff");
        else
          PlaySound("igMainMenuOptionCheckBoxOn");
        end
        MapNotes_WriteOptions();
        MapNotes_GhostTextBox:SetFocus(true);
      </OnClick>
      <OnShow>
        self:SetFrameLevel( MapNotesOptionsFrame:GetFrameLevel() + 2 );
      </OnShow>
    </Scripts>
    <NormalTexture file="Interface\Buttons\UI-CheckBox-Up"/>
    <PushedTexture file="Interface\Buttons\UI-CheckBox-Down"/>
    <HighlightTexture file="Interface\Buttons\UI-CheckBox-Highlight" alphaMode="ADD"/>
    <CheckedTexture file="Interface\Buttons\UI-CheckBox-Check"/>
    <DisabledCheckedTexture file="Interface\Buttons\UI-CheckBox-Check-Disabled"/>
  </CheckButton>

  <!--
    Checkbox 16 - Automatically set party notes as MiniNote
  -->
  <CheckButton name="MapNotesOptionsCheckbox16" id="16" parent="MapNotesOptionsFrame">
    <Size>
      <AbsDimension x="20" y="20"/>
    </Size>
    <Anchors>
      <Anchor point="TOP" relativePoint="BOTTOM" relativeTo="MapNotesOptionsCheckbox14">
        <Offset><AbsDimension x="0" y="-1"/></Offset>
      </Anchor>
    </Anchors>
    <Layers>
      <Layer level="ARTWORK">
        <FontString name="$parentText" inherits="GameFontNormalSmall" text="MAPNOTES_AUTOPARTYASMININOTE">
          <Anchors>
            <Anchor point="LEFT" relativePoint="RIGHT">
              <Offset><AbsDimension x="1" y="1"/></Offset>
            </Anchor>
          </Anchors>
        </FontString>
      </Layer>
    </Layers>
    <Scripts>
      <OnClick>
        if self:GetChecked() then
          PlaySound("igMainMenuOptionCheckBoxOff");
        else
          PlaySound("igMainMenuOptionCheckBoxOn");
        end
        MapNotes_WriteOptions();
        MapNotes_GhostTextBox:SetFocus(true);
      </OnClick>
      <OnShow>
        self:SetFrameLevel( MapNotesOptionsFrame:GetFrameLevel() + 2 );
      </OnShow>
    </Scripts>
    <NormalTexture file="Interface\Buttons\UI-CheckBox-Up"/>
    <PushedTexture file="Interface\Buttons\UI-CheckBox-Down"/>
    <HighlightTexture file="Interface\Buttons\UI-CheckBox-Highlight" alphaMode="ADD"/>
    <CheckedTexture file="Interface\Buttons\UI-CheckBox-Check"/>
    <DisabledCheckedTexture file="Interface\Buttons\UI-CheckBox-Check-Disabled"/>
  </CheckButton>

  <!--
    Checkbox MapC - World Map Coordinates
  -->
  <CheckButton name="MapNotesOptionsCheckboxMapC" id="17" parent="MapNotesOptionsFrame">
    <Size>
      <AbsDimension x="20" y="20"/>
    </Size>
    <Anchors>
      <Anchor point="TOP" relativePoint="BOTTOM" relativeTo="MapNotesOptionsCheckbox16">
        <Offset><AbsDimension x="0" y="-1"/></Offset>
      </Anchor>
    </Anchors>
    <Layers>
      <Layer level="ARTWORK">
        <FontString name="$parentText" inherits="GameFontNormalSmall" text="MAPNOTES_MAP_COORDS">
          <Anchors>
            <Anchor point="LEFT" relativePoint="RIGHT">
              <Offset>
                <AbsDimension x="1" y="1"/>
              </Offset>
            </Anchor>
          </Anchors>
        </FontString>
      </Layer>
    </Layers>
    <Scripts>
      <OnClick>
        if self:GetChecked() then
          PlaySound("igMainMenuOptionCheckBoxOff");
          MapNotes_Options.mapC = true;
          MN_SetCoordsPos();
        else
          PlaySound("igMainMenuOptionCheckBoxOn");
          MapNotes_Options.mapC = false;
          MN_SetCoordsPos();
        end
        MapNotes_GhostTextBox:SetFocus(true);
      </OnClick>
      <OnShow>
        self:SetFrameLevel( MapNotesOptionsFrame:GetFrameLevel() + 2 );
      </OnShow>
    </Scripts>
    <NormalTexture file="Interface\Buttons\UI-CheckBox-Up"/>
    <PushedTexture file="Interface\Buttons\UI-CheckBox-Down"/>
    <HighlightTexture file="Interface\Buttons\UI-CheckBox-Highlight" alphaMode="ADD"/>
    <CheckedTexture file="Interface\Buttons\UI-CheckBox-Check"/>
    <DisabledCheckedTexture file="Interface\Buttons\UI-CheckBox-Check-Disabled"/>
  </CheckButton>

  <!--
    Checkbox MiniC - Minimap Coordinates
  -->
  <CheckButton name="MapNotesOptionsCheckboxMiniC" id="18" parent="MapNotesOptionsFrame">
    <Size>
      <AbsDimension x="20" y="20"/>
    </Size>
    <Anchors>
      <Anchor point="LEFT" relativePoint="RIGHT" relativeTo="MapNotesOptionsCheckboxMapC">
        <Offset>
          <AbsDimension x="150" y="0"/>
        </Offset>
      </Anchor>
    </Anchors>
    <Layers>
      <Layer level="ARTWORK">
        <FontString name="$parentText" inherits="GameFontNormalSmall" text="MAPNOTES_MINIMAP_COORDS">
          <Anchors>
            <Anchor point="LEFT" relativePoint="RIGHT">
              <Offset>
                <AbsDimension x="1" y="1"/>
              </Offset>
            </Anchor>
          </Anchors>
        </FontString>
      </Layer>
    </Layers>
    <Scripts>
      <OnClick>
        if self:GetChecked() then
          PlaySound("igMainMenuOptionCheckBoxOff");
          MN_MinimapCoordsFrame:Show();
          MapNotes_Options.miniC = true;
        else
          PlaySound("igMainMenuOptionCheckBoxOn");
          MN_MinimapCoordsFrame:Hide();
          MapNotes_Options.miniC = false;
        end
        MapNotes_GhostTextBox:SetFocus(true);
      </OnClick>
      <OnShow>
        self:SetFrameLevel( MapNotesOptionsFrame:GetFrameLevel() + 2 );
      </OnShow>
    </Scripts>
    <NormalTexture file="Interface\Buttons\UI-CheckBox-Up"/>
    <PushedTexture file="Interface\Buttons\UI-CheckBox-Down"/>
    <HighlightTexture file="Interface\Buttons\UI-CheckBox-Highlight" alphaMode="ADD"/>
    <CheckedTexture file="Interface\Buttons\UI-CheckBox-Check"/>
    <DisabledCheckedTexture file="Interface\Buttons\UI-CheckBox-Check-Disabled"/>
  </CheckButton>

  <!--
    Checkbox LM - Auto-MapNote landmarks
  -->
  <CheckButton name="MapNotesOptionsCheckboxLM" id="19" parent="MapNotesOptionsFrame">
    <Size>
      <AbsDimension x="20" y="20"/>
    </Size>
    <Anchors>
      <Anchor point="TOP" relativePoint="BOTTOM" relativeTo="MapNotesOptionsCheckboxMapC">
        <Offset><AbsDimension x="0" y="-1"/></Offset>
      </Anchor>
    </Anchors>
    <Layers>
      <Layer level="ARTWORK">
        <FontString name="$parentText" inherits="GameFontNormalSmall" text="MAPNOTES_LANDMARKS_CHECK">
          <Anchors>
            <Anchor point="LEFT" relativePoint="RIGHT">
              <Offset>
                <AbsDimension x="1" y="1"/>
              </Offset>
            </Anchor>
          </Anchors>
        </FontString>
      </Layer>
    </Layers>
    <Scripts>
      <OnClick>
        if self:GetChecked() then
          PlaySound("igMainMenuOptionCheckBoxOff");
          MapNotes_Options.landMarks = true;
          MapNotes_IterateLandMarks(true);
        else
          PlaySound("igMainMenuOptionCheckBoxOn");
          MapNotes_Options.landMarks = false;
        end
        MapNotes_GhostTextBox:SetFocus(true);
      </OnClick>
      <OnEnter>
        GameTooltip:SetOwner(self, "ANCHOR_CURSOR");
        <!-- GameTooltip:SetText(MAPNOTES_MAGELLAN); -->
        GameTooltip:Show();
        GameTooltip:SetFrameLevel( self:GetFrameLevel() + 1 );
      </OnEnter>
      <OnLeave>
        GameTooltip:Hide();
      </OnLeave>
      <OnShow>
        self:SetFrameLevel( MapNotesOptionsFrame:GetFrameLevel() + 2 );
      </OnShow>
    </Scripts>
    <NormalTexture file="Interface\Buttons\UI-CheckBox-Up"/>
    <PushedTexture file="Interface\Buttons\UI-CheckBox-Down"/>
    <HighlightTexture file="Interface\Buttons\UI-CheckBox-Highlight" alphaMode="ADD"/>
    <CheckedTexture file="Interface\Buttons\UI-CheckBox-Check"/>
    <DisabledCheckedTexture file="Interface\Buttons\UI-CheckBox-Check-Disabled"/>
  </CheckButton>

  <!--
    The Frame Size slider - sets the proportional size for all MapNotes frames
  -->
  <Slider name="MN_FrameSlider" hidden="false" inherits="OptionsSliderTemplate" parent="MapNotesOptionsFrame">
    <Size>
      <AbsDimension x="165" y="18"/>
    </Size>
    <Anchors>
      <Anchor point="TOPLEFT" relativePoint="BOTTOMLEFT" relativeTo="MapNotesOptionsCheckboxLM">
        <Offset><AbsDimension x="0" y="-16"/></Offset>
      </Anchor>
    </Anchors>
    <Layers>
      <Layer level="ARTWORK">
        <FontString name="MN_FrameSliderValue" inherits="GameFontGreenSmall">
          <Anchors>
            <Anchor point="LEFT" relativePoint="RIGHT" relativeTo="MN_FrameSliderText">
              <Offset>
                <AbsDimension x="2" y="0" />
              </Offset>
            </Anchor>
          </Anchors>
        </FontString>
      </Layer>
    </Layers>
    <Scripts>
      <OnLoad>
        MN_FrameSliderText:SetPoint("BOTTOM", "MN_FrameSlider", "TOP", -10, 0);
        MN_FrameSliderText:SetText(MAPNOTES_CHAT_COMMAND_SCALE);
        self:SetMinMaxValues(50, 150);
        self:SetValueStep(5);
        self:EnableMouseWheel(true);
      </OnLoad>
      <OnMouseUp>
        MapNotes_ScaleFrames();
      </OnMouseUp>
      <OnMouseWheel function="MapNotes_Slider_OnMouseWheel" />
      <OnValueChanged>
        MapNotes_Options.nFactor = MN_FrameSlider:GetValue();
        MN_FrameSliderValue:SetText(MapNotes_Options.nFactor .. "%" );
      </OnValueChanged>
      <OnShow>
        self:SetFrameLevel( self:GetParent():GetFrameLevel() + 2 );
        if (MapNotes_Options.nFactor) then
          MN_FrameSlider:SetValue(MapNotes_Options.nFactor);
        end
      </OnShow>
    </Scripts>
  </Slider>

  <!--
    The Icon Size slider - sets the size of World Map notes in pixels
  -->
  <Slider name="MN_IconSlider" hidden="false" inherits="OptionsSliderTemplate" parent="MapNotesOptionsFrame">
    <Size>
      <AbsDimension x="165" y="18"/>
    </Size>
    <Anchors>
      <Anchor point="LEFT" relativePoint="RIGHT" relativeTo="MN_FrameSlider">
        <Offset><AbsDimension x="21" y="0"/></Offset>
      </Anchor>
    </Anchors>
    <Layers>
      <Layer level="ARTWORK">
        <FontString name="MN_IconSliderValue" inherits="GameFontGreenSmall">
          <Anchors>
            <Anchor point="LEFT" relativePoint="RIGHT" relativeTo="MN_IconSliderText">
              <Offset>
                <AbsDimension x="2" y="0" />
              </Offset>
            </Anchor>
          </Anchors>
        </FontString>
      </Layer>
    </Layers>
    <Scripts>
      <OnLoad>
        MN_IconSliderText:SetPoint("BOTTOM", "MN_IconSlider", "TOP", -10, 0);
        MN_IconSliderText:SetText(MAPNOTES_CHAT_COMMAND_ISCALE);
        self:SetMinMaxValues(8,48);
        self:SetValueStep(1);
				self:EnableMouseWheel(true);
      </OnLoad>
      <OnMouseUp>
        MapNotes_WorldMapButton_OnUpdate();
      </OnMouseUp>
      <OnMouseWheel function="MapNotes_Slider_OnMouseWheel" />
      <OnValueChanged>
        MapNotes_Options.iFactor = MN_IconSlider:GetValue();
        MN_IconSliderValue:SetText( MN_IconSlider:GetValue() );
        MapNotes_WorldMapButton_OnUpdate();
      </OnValueChanged>
      <OnShow>
        self:SetFrameLevel( self:GetParent():GetFrameLevel() + 2 );
      </OnShow>
    </Scripts>
  </Slider>

  <!--
    The Icon Size slider - sets the transparency of World Map notes - 100% is opaque
  -->
  <Slider name="MN_AlphaSlider" hidden="false" inherits="OptionsSliderTemplate" parent="MapNotesOptionsFrame">
    <Size>
      <AbsDimension x="165" y="18"/>
    </Size>
    <Anchors>
      <Anchor point="TOPLEFT" relativePoint="BOTTOMLEFT" relativeTo="MN_IconSlider">
        <Offset><AbsDimension x="0" y="-24"/></Offset>
      </Anchor>
    </Anchors>
    <Layers>
      <Layer level="ARTWORK">
        <FontString name="MN_AlphaSliderValue" inherits="GameFontGreenSmall">
          <Anchors>
            <Anchor point="LEFT" relativePoint="RIGHT" relativeTo="MN_AlphaSliderText">
              <Offset>
                <AbsDimension x="2" y="0" />
              </Offset>
            </Anchor>
          </Anchors>
        </FontString>
      </Layer>
    </Layers>
    <Scripts>
      <OnLoad>
        MN_AlphaSliderText:SetPoint("BOTTOM", "MN_AlphaSlider", "TOP", -10, 0);
        MN_AlphaSliderText:SetText(MAPNOTES_CHAT_COMMAND_ICONALPHA);
        self:SetMinMaxValues(0,100);
        self:SetValueStep(5);
        self:EnableMouseWheel(true);
      </OnLoad>
      <OnMouseUp>
        MapNotes_WorldMapButton_OnUpdate();
      </OnMouseUp>
      <OnMouseWheel function="MapNotes_Slider_OnMouseWheel" />
      <OnValueChanged>
        local alphaPercent = MN_AlphaSlider:GetValue();
        MN_AlphaSliderValue:SetText(alphaPercent .. "%" );
        MapNotes_Options.aFactor = alphaPercent;
        MapNotes_WorldMapButton_OnUpdate();
      </OnValueChanged>
      <OnShow>
        self:SetFrameLevel(self:GetParent():GetFrameLevel() + 2);
      </OnShow>
    </Scripts>
  </Slider>

  <Slider name="MN_CoordSlider" hidden="false" inherits="OptionsSliderTemplate" parent="MapNotesOptionsFrame">
    <Size>
      <AbsDimension x="165" y="18"/>
    </Size>
    <Anchors>
      <Anchor point="TOPLEFT" relativePoint="BOTTOMLEFT" relativeTo="MN_FrameSlider">
        <Offset><AbsDimension x="0" y="-24"/></Offset>
      </Anchor>
    </Anchors>
    <Layers>
      <Layer level="ARTWORK">
        <FontString name="MN_CoordSliderValue" inherits="GameFontGreenSmall">
          <Anchors>
            <Anchor point="LEFT" relativePoint="RIGHT" relativeTo="MN_CoordSliderText">
              <Offset>
                <AbsDimension x="2" y="0" />
              </Offset>
            </Anchor>
          </Anchors>
        </FontString>
      </Layer>
    </Layers>
    <Scripts>
      <OnLoad>
        MN_CoordSliderText:SetPoint("BOTTOM", "MN_CoordSlider", "TOP", -10, 0);
        MN_CoordSliderText:SetText(MN_CODEC_FMT);
        self:SetMinMaxValues(0,3);
        self:SetValueStep(1);
        self:EnableMouseWheel(true);
      </OnLoad>
      <OnMouseWheel function="MapNotes_Slider_OnMouseWheel" />
      <OnValueChanged>
        MapNotes_Options.coordF = math.floor( MN_CoordSlider:GetValue() * 10 ) / 10;
        MN_COORD_F = MapNotes_Options.coordF;
        MN_CoordSliderValue:SetText( MN_CoordSlider:GetValue() );
        MN_CoordsSizingText:SetText(format(MN_COORD_FS[MN_COORD_F], 100, 100));
      </OnValueChanged>
      <OnShow>
        self:SetValue( MN_COORD_F );
        self:SetFrameLevel( self:GetParent():GetFrameLevel() + 2 );
      </OnShow>
    </Scripts>
  </Slider>

</Ui>
