<Ui xmlns="http://www.blizzard.com/wow/ui/" 
                   xmlns:xsi="http://www.w3.org/2001/XMLSchema-instance" 
                   xsi:schemaLocation="http://www.blizzard.com/wow/ui/ 
                   ..\..\FrameXML\UI.xsd">

	<Script File="PortraitHealth.lua"/>
		<Frame name="PortraitHealth" parent="TargetFrame">
			<Anchors>
				<Anchor point="TOPLEFT">
					<Offset>
						<AbsDimension x="135" y="-20" />
					</Offset>
				</Anchor>
			</Anchors>
			<Size>
				<AbsDimension x="50" y="50" />
			</Size>
			<Layers>
				<Layer level="OVERLAY">
					<FontString name="$parent_Health" inherits="SystemFont_Shadow_Large_Outline" text="" justifyV="CENTER" justifyH="CENTER">
						<Size>
							<AbsDimension x="0" y="10" />
						</Size>
						<Anchors>
							<Anchor point="CENTER" />
						</Anchors>
						<Color r="1" g="1" b="1" a="1" />
					</FontString>
				</Layer>
			</Layers>
			<Scripts>
				<OnLoad>
					self:RegisterEvent("UNIT_HEALTH");
					self:RegisterEvent("PLAYER_TARGET_CHANGED");
					self:RegisterEvent("PLAYER_ENTERING_WORLD");
					DisplayClass();
				</OnLoad>
				<OnEvent>
					HealthPercentage();
				</OnEvent>
			</Scripts>	
		</Frame>
</Ui>