<Ui xmlns="http://www.blizzard.com/wow/ui/" xmlns:xsi="http://www.w3.org/2001/XMLSchema-instance" xsi:schemaLocation="http://www.blizzard.com/wow/ui/
..\FrameXML\UI.xsd">

<Script file="modules\general\GridLayoutsEditor.lua"/>
<Script file="modules\general\GridExportImport.lua"/>
<Script file="modules\general\GridTestIndicators.lua"/>
<Script file="modules\general\GridTestLayout.lua"/>
<Script file="modules\general\GridFrame.lua"/>
<Script file="modules\general\GridLayout.lua"/>
<Script file="modules\general\GridLayouts.lua"/>
<Script file="modules\general\GridTextFormat.lua"/>
<Script file="modules\general\GridBlink.lua"/>
<Script file="modules\general\GridHideBlizzardFrames.lua"/>
<Script file="modules\general\GridLoadOnDemand.lua"/>
<Script file="modules\general\GridProfile.lua"/>
<Script file="modules\general\GridDebug.lua"/>
<Script file="modules\general\GridAbout.lua"/>

<Script file="modules\statuses\Status.lua"/>
<Script file="modules\statuses\StatusAura.lua"/>
<Script file="modules\statuses\StatusAuraNew.lua"/>
<Script file="modules\statuses\StatusAuraNewSpells.lua"/>
<Script file="modules\statuses\StatusAuraNewPredictor.lua"/>
<Script file="modules\statuses\StatusBanzai.lua"/>
<Script file="modules\statuses\StatusColor.lua"/>
<Script file="modules\statuses\StatusColorNew.lua"/>
<Script file="modules\statuses\StatusDirection.lua"/>
<Script file="modules\statuses\StatusHealth.lua"/>
<Script file="modules\statuses\StatusMana.lua"/>
<Script file="modules\statuses\StatusName.lua"/>
<Script file="modules\statuses\StatusRaidIcon.lua"/>
<Script file="modules\statuses\StatusRange.lua"/>
<Script file="modules\statuses\StatusReadyCheck.lua"/>
<Script file="modules\statuses\StatusRole.lua"/>
<Script file="modules\statuses\StatusShields.lua"/>
<Script file="modules\statuses\StatusShieldsBoss.lua"/>
<Script file="modules\statuses\StatusThreat.lua"/>
<Script file="modules\statuses\StatusMisc.lua"/>

<Script file="modules\indicators\Indicator.lua"/>
<Script file="modules\indicators\NewIndicator.lua"/>
<Script file="modules\indicators\TypeIndicator.lua"/>
<Script file="modules\indicators\StatusesIndicator.lua"/>
<Script file="modules\indicators\IndicatorAlpha.lua"/>
<Script file="modules\indicators\IndicatorBar.lua"/>
<Script file="modules\indicators\IndicatorBorder.lua"/>
<Script file="modules\indicators\IndicatorIcon.lua"/>
<Script file="modules\indicators\IndicatorSquare.lua"/>
<Script file="modules\indicators\IndicatorText.lua"/>

</Ui>
