<Ui xmlns="http://www.blizzard.com/wow/ui/" xmlns:xsi="http://www.w3.org/2001/XMLSchema-instance" xsi:schemaLocation="http://www.blizzard.com/wow/ui/
..\FrameXML\UI.xsd">
	<Script file="Core.lua"/>
	
	<Script file="Addon.lua"/>
	<Script file="UIPanel.lua"/>
	<Script file="AceDBControls.lua"/>
	<Script file="Button.lua"/>
	<Script file="Dropdown.lua"/>
	<Script file="Editbox.lua"/>
	<Script file="OptionsFrame.lua"/>
	<Script file="ScrollFrame.lua"/>
	<Script file="Slider.lua"/>
</Ui>