<ui xmlns="http://www.blizzard.com/wow/ui/" xmlns:xsi="http://www.w3.org/2001/XMLSchema-instance"
xsi:schemaLocation="http://www.blizzard.com/wow/ui/
..\FrameXML\UI.xsd">

  <script file="Libs\LibStub\LibStub.lua" />
  <include file="Libs\CallbackHandler-1.0\CallbackHandler-1.0.xml" />
  <include file="Libs\LibChatHandler-1.0\lib.xml" />

  <include file="Libs\AceAddon-3.0\AceAddon-3.0.xml" />
  <include file="Libs\AceEvent-3.0\AceEvent-3.0.xml" />
  <include file="Libs\AceDB-3.0\AceDB-3.0.xml" />
  <include file="Libs\AceDBOptions-3.0\AceDBOptions-3.0.xml" />
  <include file="Libs\AceLocale-3.0\AceLocale-3.0.xml" />
  <include file="Libs\AceConsole-3.0\AceConsole-3.0.xml" />
  <include file="Libs\AceGUI-3.0\AceGUI-3.0.xml" />
  <include file="Libs\AceConfig-3.0\AceConfig-3.0.xml" />
  <include file="Libs\AceComm-3.0\AceComm-3.0.xml" />

  <script file="Libs\LibWho-2.0\LibWho-2.0.lua" />
  
  <script file="Libs\LibDataBroker-1.1\LibDataBroker-1.1.lua" />
  <script file="Libs\LibDBIcon-1.0\LibDBIcon-1.0.lua" />

</ui>
