<Ui xmlns="http://www.blizzard.com/wow/ui/" xmlns:xsi="http://www.w3.org/2001/XMLSchema-instance" xsi:schemaLocation="http://www.blizzard.com/wow/ui/ ..\FrameXML\UI.xsd">

	<Script file="TitanItemCount.lua" />

	<Frame parent="UIParent">
		<Frames>
			<Button name="TitanPanelItmCButton" inherits="TitanPanelComboTemplate" frameStrata="FULLSCREEN" toplevel="true">
				<Scripts>
					<OnLoad>
						TitanPanelItmCButton_OnLoad(self);
						TitanPanelButton_OnLoad(self);
					</OnLoad>
               <OnUpdate>
                  TitanPanelItmCButton_OnUpdate(self, elapsed);
               </OnUpdate>
					<OnShow>
						TitanPanelItmCButton_OnShow();
						TitanPanelButton_OnShow(self);
					</OnShow>
					<OnHide>
					   TitanPanelItmCButton_OnHide();
					</OnHide>
					<OnEvent>
						TitanPanelItmCButton_OnEvent(self, event, ...);
					</OnEvent>
					<OnClick>
						TitanPanelItmCButton_OnClick(self, button);
						TitanPanelButton_OnClick(self, button);
					</OnClick>
				</Scripts>
			</Button>
		</Frames>
	</Frame>			

</Ui>