<!--
Jamba - Jafula's Awesome Multi-Boxer Assistant
Copyright 2008 - 2014 Michael "Jafula" Miller
Released under the MIT license.
http://jafula.com/jamba/
-->

<Ui xmlns:xsi="http://www.w3.org/2001/XMLSchema-instance" xmlns:xsd="http://www.w3.org/2001/XMLSchema" xsi:schemaLocation="http://www.blizzard.com/wow/ui/..\FrameXML\UI.xsd" xmlns="http://www.blizzard.com/wow/ui/">
	<Include file="Libs\LibStub\LibStub.lua" />
	<Include file="Libs\CallbackHandler-1.0\CallbackHandler-1.0.xml" />
	<Include file="Libs\AceAddon-3.0\AceAddon-3.0.xml" />
	<Include file="Libs\AceGUI-3.0\AceGUI-3.0.xml" />
	<Include file="Libs\AceConfig-3.0\AceConfig-3.0.xml" />
	<Include file="Libs\AceConsole-3.0\AceConsole-3.0.xml" />
	<Include file="Libs\AceDB-3.0\AceDB-3.0.xml" />
	<Include file="Libs\AceDBOptions-3.0\AceDBOptions-3.0.xml" />
	<Include file="Libs\AceEvent-3.0\AceEvent-3.0.xml" />
	<Include file="Libs\AceLocale-3.0\AceLocale-3.0.xml" />
	<Include file="Libs\AceTimer-3.0\AceTimer-3.0.xml" />
	<Include file="Libs\AceComm-3.0\AceComm-3.0.xml" />
	<Include file="Libs\AceHook-3.0\AceHook-3.0.xml" />
	<Include file="Libs\AceSerializer-3.0\AceSerializer-3.0.xml" />
	<Include file="Libs\LibSharedMedia-3.0\lib.xml" />
	<Include file="Libs\AceGUI-3.0-SharedMediaWidgets\widget.xml" />
	<Include file="Libs\LibBagUtils-1.0\LibBagUtils-1.0.xml" />
	<Include file="Libs\LibGratuity-3.0\lib.xml" />
	<Include file="Libs\LibBabble-Class-3.0\lib.xml" />
	<Include file="Libs\LibBabble-Inventory-3.0\lib.xml" />
	<Include file="Libs\LibDeformat-3.0\lib.xml" />
	<Include file="LibItemUtilsJamba-1.0.lua" />
	<Include file="LibActionButtonJamba-1.0.lua" />
	<Include file="Libs\LibRangeCheck-2.0\LibRangeCheck-2.0.lua" />
	<Include file="Libs\UTF8\utf8data.lua" />
	<Include file="Libs\UTF8\utf8.lua" />
	<Include file="AceGUIContainer-JambaWindow.lua" />
	<Include file="AceGUIContainer-JambaTreeGroup.lua" />
	<Include file="AceGUIWidget-JambaNormalLabel.lua" />
	<Include file="AceGUIWidget-JambaContinueLabel.lua" />
	<Include file="AceGUIWidget-JambaKeybinding.lua" />
</Ui>