<Ui xmlns="http://www.blizzard.com/wow/ui/" xmlns:xsi="http://www.w3.org/2001/XMLSchema-instance" xsi:schemaLocation="http://www.blizzard.com/wow/ui/
..\FrameXML\UI.xsd">
	<Script file="localization.lua"/>
	<Script file="TitanRecap.lua"/>
	<Frame parent="UIParent">
		<Frames>
			<Button name="TitanPanelRecapButton" inherits="TitanPanelComboTemplate" frameStrata="FULLSCREEN" toplevel="true">
				<Scripts>
					<OnLoad>
						TitanPanelRecapButton_OnLoad(self);
						TitanPanelButton_OnLoad(self);
					</OnLoad>
					<OnMouseUp>
						TitanPanelRecap_OnMouseUp(self, button);
					</OnMouseUp>
				</Scripts>
			</Button>
		</Frames>
	</Frame>	
</Ui>
