<Ui xmlns="http://www.blizzard.com/wow/ui/" xmlns:xsi="http://www.w3.org/2001/XMLSchema-instance" xsi:schemaLocation="http://www.blizzard.com/wow/ui/
..\..\FrameXML\UI.xsd">
	<Frame name="PetTrackerProgressBar" virtual="true">
		<Size x="212" y="14"/>
		<Layers>
			<Layer level="BACKGROUND">
				<Texture>
					<Anchors>
						<Anchor point="TOPLEFT"/>
						<Anchor point="BOTTOMRIGHT"/>
					</Anchors>
					<Color r="0" g="0" b="0" a=".4"/>
				</Texture>
			</Layer>
		</Layers>
		
		<Frames>
			<Frame parentKey="Overlay" setallpoints="true">
				<Layers>
					<Layer level="BORDER">
						<Texture parentKey="BorderLeft" file="Interface\AchievementFrame\UI-Achievement-ProgressBar-Border">
						    <Size x="16" y="0"/>
						    <Anchors>
						    	<Anchor point="TOPLEFT" x="-6" y="5"/>
						    	<Anchor point="BOTTOMLEFT" x="-6" y="-5"/>
						    </Anchors>
						    <TexCoords left="0" right="0.0625" top="0" bottom="0.75"/>
						</Texture>
						<Texture parentKey="BorderRight" file="Interface\AchievementFrame\UI-Achievement-ProgressBar-Border">
						    <Size x="16" y="0"/>
						    <Anchors>
						    	<Anchor point="TOPRIGHT" x="6" y="5"/>
						    	<Anchor point="BOTTOMRIGHT" x="6" y="-5"/>
						    </Anchors>
						    <TexCoords left="0.812" right="0.8745" top="0" bottom="0.75"/>
						</Texture>
						<Texture parentKey="BorderCenter" file="Interface\AchievementFrame\UI-Achievement-ProgressBar-Border">
						    <Size x="16"/>
						    <Anchors>
						    	<Anchor point="TOPLEFT" relativeKey="$parent.BorderLeft" relativePoint="TOPRIGHT"/>
						    	<Anchor point="BOTTOMRIGHT" relativeKey="$parent.BorderRight" relativePoint="BOTTOMLEFT"/>
						    </Anchors>
						    <TexCoords left="0.0625" right="0.812" top="0" bottom="0.75"/>
						</Texture>
					</Layer>
					
					<Layer level="OVERLAY">
						<FontString parentKey="Text" inherits="GameFontHighlightSmall" justifyV="TOP">
						    <Size x="0" y="0"/>
						    <Anchors>
						    	<Anchor point="CENTER" x="0" y="0"/>
						    </Anchors>
						</FontString>			
					</Layer>
				</Layers>
			</Frame>
		</Frames>
	</Frame>
</Ui>