<Ui xmlns="http://www.blizzard.com/wow/ui/" xmlns:xsi="http://www.w3.org/2001/XMLSchema-instance" xsi:schemaLocation="http://www.blizzard.com/wow/ui/
..\FrameXML\UI.xsd">
	<Script file="Perl_Config_Player_Buff.lua"/>


	<Frame name="Perl_Config_Player_Buff_Frame" frameStrata="DIALOG" hidden="true" enableMouse="true">
		<Size>
			<AbsDimension x="600" y="380"/>
		</Size>
		<Anchors>
			<Anchor point="TOPLEFT" relativePoint="TOPLEFT" relativeTo="Perl_Config_Frame">
				<Offset>
					<AbsDimension x="0" y="-120"/>
				</Offset>
			</Anchor>
		</Anchors>
		<Layers>
			<Layer level="ARTWORK">
				<Texture name="Perl_Config_Player_Buff_Header" file="Interface\DialogFrame\UI-DialogBox-Header">
					<Size>
						<AbsDimension x="256" y="64"/>
					</Size>
					<Anchors>
						<Anchor point="TOP">
							<Offset>
								<AbsDimension x="0" y="12"/>
							</Offset>
						</Anchor>
					</Anchors>
				</Texture>
				<FontString inherits="GameFontNormal" text="PERL_LOCALIZED_CONFIG_PLAYERBUFF">
					<Anchors>
						<Anchor point="TOP" relativeTo="Perl_Config_Player_Buff_Header">
							<Offset>
								<AbsDimension x="0" y="-14"/>
							</Offset>
						</Anchor>
					</Anchors>
				</FontString>

				<FontString name="$parent_Misc_Text" inherits="GameFontNormal" text="PERL_LOCALIZED_CONFIG_MISC">
					<Anchors>
						<Anchor point="LEFT" relativePoint="TOPLEFT">
							<Offset>
								<AbsDimension x="20" y="-30"/>
							</Offset>
						</Anchor>
					</Anchors>
				</FontString>

				<FontString name="$parent_Horizontal_Spacing_Text" inherits="GameFontNormal" text="PERL_LOCALIZED_CONFIG_PLAYERBUFF_HORIZONTAL_SPACING">
					<Anchors>
						<Anchor point="LEFT" relativePoint="TOPLEFT">
							<Offset>
								<AbsDimension x="20" y="-270"/>
							</Offset>
						</Anchor>
					</Anchors>
				</FontString>

				<FontString name="$parent_Scaling_Text" inherits="GameFontNormal" text="PERL_LOCALIZED_CONFIG_SCALING">
					<Anchors>
						<Anchor point="LEFT" relativePoint="TOPLEFT">
							<Offset>
								<AbsDimension x="20" y="-325"/>
							</Offset>
						</Anchor>
					</Anchors>
				</FontString>
			</Layer>
		</Layers>

		<Frames>
			<CheckButton name="$parent_CheckButton1" inherits="UICheckButtonTemplate" id="1">
				<Size>
					<AbsDimension x="20" y="20"/>
				</Size>
				<Anchors>
					<Anchor point="TOPLEFT" relativePoint="TOPLEFT" relativeTo="$parent_Misc_Text">
						<Offset>
							<AbsDimension x="20" y="-20"/>
						</Offset>
					</Anchor>
				</Anchors>
				<Scripts>
					<OnLoad>
						_G[self:GetName().."Text"]:SetText(PERL_LOCALIZED_CONFIG_PLAYERBUFF_ENABLE);
					</OnLoad>
					<OnClick>
						Perl_Config_Player_Buff_ShowBuffs_Update();
					</OnClick>
				</Scripts>
			</CheckButton>

			<CheckButton name="$parent_CheckButton2" inherits="UICheckButtonTemplate" id="2">
				<Size>
					<AbsDimension x="20" y="20"/>
				</Size>
				<Anchors>
					<Anchor point="TOPLEFT" relativePoint="TOPLEFT" relativeTo="$parent_CheckButton1" >
						<Offset>
							<AbsDimension x="20" y="-20"/>
						</Offset>
					</Anchor>
				</Anchors>
				<Scripts>
					<OnLoad>
						_G[self:GetName().."Text"]:SetText(PERL_LOCALIZED_CONFIG_PLAYERBUFF_WARNING);
					</OnLoad>
					<OnClick>
						Perl_Config_Player_Buff_Alerts_Update();
					</OnClick>
				</Scripts>
			</CheckButton>

			<CheckButton name="$parent_CheckButton4" inherits="UICheckButtonTemplate" id="4">
				<Size>
					<AbsDimension x="20" y="20"/>
				</Size>
				<Anchors>
					<Anchor point="TOPLEFT" relativePoint="TOPLEFT" relativeTo="$parent_CheckButton2" >
						<Offset>
							<AbsDimension x="0" y="-20"/>
						</Offset>
					</Anchor>
				</Anchors>
				<Scripts>
					<OnLoad>
						_G[self:GetName().."Text"]:SetText(PERL_LOCALIZED_CONFIG_PLAYERBUFF_HIDESECONDS);
					</OnLoad>
					<OnClick>
						Perl_Config_Player_Buff_Hide_Seconds_Update();
					</OnClick>
				</Scripts>
			</CheckButton>

			<Slider name="$parent_Slider1" inherits="OptionsSliderTemplate" minValue="1" maxValue="149" valueStep="1">
				<Size>
					<AbsDimension x="200" y="15"/>
				</Size>
				<Anchors>
					<Anchor point="TOPLEFT" relativePoint="TOPLEFT" relativeTo="$parent_Scaling_Text">
						<Offset>
							<AbsDimension x="20" y="-20"/>
						</Offset>
					</Anchor>
				</Anchors>
				<Scripts>
					<OnValueChanged>
						_G[self:GetName().."Text"]:SetText(_G[self:GetName()]:GetValue());
						Perl_Config_Player_Buff_Set_Scale(_G[self:GetName()]:GetValue());
					</OnValueChanged>
				</Scripts>
			</Slider>

			<CheckButton name="$parent_CheckButton3" inherits="UICheckButtonTemplate" id="3">
				<Size>
					<AbsDimension x="20" y="20"/>
				</Size>
				<Anchors>
					<Anchor point="TOPLEFT" relativePoint="TOPRIGHT" relativeTo="$parent_Slider1">
						<Offset>
							<AbsDimension x="20" y="0"/>
						</Offset>
					</Anchor>
				</Anchors>
				<Scripts>
					<OnLoad>
						_G[self:GetName().."Text"]:SetText(PERL_LOCALIZED_CONFIG_SCALING_SET_CURRENT);
					</OnLoad>
					<OnClick>
						Perl_Config_Player_Buff_Set_Scale();
					</OnClick>
				</Scripts>
			</CheckButton>

			<Slider name="$parent_Slider2" inherits="OptionsSliderTemplate" minValue="0" maxValue="100" valueStep="1">
				<Size>
					<AbsDimension x="200" y="15"/>
				</Size>
				<Anchors>
					<Anchor point="TOPLEFT" relativePoint="TOPLEFT" relativeTo="$parent_Horizontal_Spacing_Text">
						<Offset>
							<AbsDimension x="20" y="-20"/>
						</Offset>
					</Anchor>
				</Anchors>
				<Scripts>
					<OnValueChanged>
						_G[self:GetName().."Text"]:SetText(_G[self:GetName()]:GetValue());
						Perl_Config_Player_Buff_Set_Horizontal_Spacing(_G[self:GetName()]:GetValue());
					</OnValueChanged>
				</Scripts>
			</Slider>
		</Frames>

	</Frame>
</Ui>
