<Ui xmlns="http://www.blizzard.com/wow/ui/" xmlns:xsi="http://www.w3.org/2001/XMLSchema-instance" xsi:schemaLocation="http://www.blizzard.com/wow/ui/
..\FrameXML\UI.xsd">
	<Script file="Perl_Config_Target_Target.lua"/>


	<Frame name="Perl_Config_Target_Target_Frame" frameStrata="DIALOG" hidden="true" enableMouse="true">
		<Size>
			<AbsDimension x="600" y="380"/>
		</Size>
		<Anchors>
			<Anchor point="TOPLEFT" relativePoint="TOPLEFT" relativeTo="Perl_Config_Frame">
				<Offset>
					<AbsDimension x="0" y="-120"/>
				</Offset>
			</Anchor>
		</Anchors>
		<Layers>
			<Layer level="ARTWORK">
				<Texture name="Perl_Config_Target_Target_Header" file="Interface\DialogFrame\UI-DialogBox-Header">
					<Size>
						<AbsDimension x="256" y="64"/>
					</Size>
					<Anchors>
						<Anchor point="TOP">
							<Offset>
								<AbsDimension x="0" y="12"/>
							</Offset>
						</Anchor>
					</Anchors>
				</Texture>
				<FontString inherits="GameFontNormal" text="PERL_LOCALIZED_CONFIG_TARGETTARGET">
					<Anchors>
						<Anchor point="TOP" relativeTo="Perl_Config_Target_Target_Header">
							<Offset>
								<AbsDimension x="0" y="-14"/>
							</Offset>
						</Anchor>
					</Anchors>
				</FontString>

				<FontString name="$parent_Main_Text" inherits="GameFontNormal" text="PERL_LOCALIZED_CONFIG_TARGETTARGET_MAIN">
					<Anchors>
						<Anchor point="LEFT" relativePoint="TOPLEFT">
							<Offset>
								<AbsDimension x="20" y="-30"/>
							</Offset>
						</Anchor>
					</Anchors>
				</FontString>

				<FontString name="$parent_ToT_Text" inherits="GameFontNormal" text="PERL_LOCALIZED_CONFIG_TARGETTARGET_ALERT_MODE">
					<Anchors>
						<Anchor point="LEFT" relativePoint="TOPLEFT">
							<Offset>
								<AbsDimension x="20" y="-100"/>
							</Offset>
						</Anchor>
					</Anchors>
				</FontString>

				<FontString name="$parent_Misc_Text" inherits="GameFontNormal" text="PERL_LOCALIZED_CONFIG_MISC">
					<Anchors>
						<Anchor point="LEFT" relativePoint="TOPLEFT">
							<Offset>
								<AbsDimension x="20" y="-190"/>
							</Offset>
						</Anchor>
					</Anchors>
				</FontString>

				<FontString name="$parent_Alert_Text" inherits="GameFontNormal" text="PERL_LOCALIZED_CONFIG_TARGETTARGET_ALERT_SIZE">
					<Anchors>
						<Anchor point="LEFT" relativePoint="TOPLEFT">
							<Offset>
								<AbsDimension x="175" y="-100"/>
							</Offset>
						</Anchor>
					</Anchors>
				</FontString>

				<FontString name="$parent_Transparency_Text" inherits="GameFontNormal" text="PERL_LOCALIZED_CONFIG_TRANSPARENCY">
					<Anchors>
						<Anchor point="LEFT" relativePoint="TOPLEFT">
							<Offset>
								<AbsDimension x="350" y="-30"/>
							</Offset>
						</Anchor>
					</Anchors>
				</FontString>

				<FontString name="$parent_Scaling_Text" inherits="GameFontNormal" text="PERL_LOCALIZED_CONFIG_SCALING">
					<Anchors>
						<Anchor point="LEFT" relativePoint="TOPLEFT">
							<Offset>
								<AbsDimension x="20" y="-325"/>
							</Offset>
						</Anchor>
					</Anchors>
				</FontString>
			</Layer>
		</Layers>

		<Frames>
			<CheckButton name="$parent_CheckButton1" inherits="UICheckButtonTemplate" id="1">
				<Size>
					<AbsDimension x="20" y="20"/>
				</Size>
				<Anchors>
					<Anchor point="TOPLEFT" relativePoint="TOPLEFT" relativeTo="$parent_Main_Text">
						<Offset>
							<AbsDimension x="20" y="-20"/>
						</Offset>
					</Anchor>
				</Anchors>
				<Scripts>
					<OnLoad>
						_G[self:GetName().."Text"]:SetText(PERL_LOCALIZED_CONFIG_TARGETTARGET_ENABLE_TOT);
					</OnLoad>
					<OnClick>
						Perl_Config_Target_Target_ToT_Update();
					</OnClick>
				</Scripts>
			</CheckButton>

			<CheckButton name="$parent_CheckButton2" inherits="UICheckButtonTemplate" id="2">
				<Size>
					<AbsDimension x="20" y="20"/>
				</Size>
				<Anchors>
					<Anchor point="TOPLEFT" relativePoint="TOPLEFT" relativeTo="$parent_CheckButton1">
						<Offset>
							<AbsDimension x="0" y="-20"/>
						</Offset>
					</Anchor>
				</Anchors>
				<Scripts>
					<OnLoad>
						_G[self:GetName().."Text"]:SetText(PERL_LOCALIZED_CONFIG_TARGETTARGET_ENABLE_TOTOT);
					</OnLoad>
					<OnClick>
						Perl_Config_Target_Target_ToToT_Update();
					</OnClick>
				</Scripts>
			</CheckButton>

			<CheckButton name="$parent_CheckButton7" inherits="UICheckButtonTemplate" id="7">
				<Size>
					<AbsDimension x="20" y="20"/>
				</Size>
				<Anchors>
					<Anchor point="TOPLEFT" relativePoint="TOPLEFT" relativeTo="$parent_Misc_Text">
						<Offset>
							<AbsDimension x="20" y="-20"/>
						</Offset>
					</Anchor>
				</Anchors>
				<Scripts>
					<OnLoad>
						_G[self:GetName().."Text"]:SetText(PERL_LOCALIZED_CONFIG_TARGETTARGET_AUDIO_ALERT_ON_AGRO);
					</OnLoad>
					<OnClick>
						Perl_Config_Target_Target_Sound_Update();
					</OnClick>
				</Scripts>
			</CheckButton>

			<CheckButton name="$parent_CheckButton21" inherits="UICheckButtonTemplate" id="21">
				<Size>
					<AbsDimension x="20" y="20"/>
				</Size>
				<Anchors>
					<Anchor point="TOPLEFT" relativePoint="TOPLEFT" relativeTo="$parent_CheckButton7">
						<Offset>
							<AbsDimension x="0" y="-20"/>
						</Offset>
					</Anchor>
				</Anchors>
				<Scripts>
					<OnLoad>
						_G[self:GetName().."Text"]:SetText(PERL_LOCALIZED_CONFIG_TARGETTARGET_SHOW_FRIENDLY_HEALTH);
					</OnLoad>
					<OnClick>
						Perl_Config_Target_Target_Show_Friendly_Health_Update();
					</OnClick>
				</Scripts>
			</CheckButton>

			<CheckButton name="$parent_CheckButton16" inherits="UICheckButtonTemplate" id="16">
				<Size>
					<AbsDimension x="20" y="20"/>
				</Size>
				<Anchors>
					<Anchor point="TOPLEFT" relativePoint="TOPLEFT" relativeTo="$parent_CheckButton21">
						<Offset>
							<AbsDimension x="0" y="-20"/>
						</Offset>
					</Anchor>
				</Anchors>
				<Scripts>
					<OnLoad>
						_G[self:GetName().."Text"]:SetText(PERL_LOCALIZED_CONFIG_HIDE_POWER_BARS);
					</OnLoad>
					<OnClick>
						Perl_Config_Target_Target_Hide_Power_Bars_Update();
					</OnClick>
				</Scripts>
			</CheckButton>

			<CheckButton name="$parent_CheckButton20" inherits="UICheckButtonTemplate" id="20">
				<Size>
					<AbsDimension x="20" y="20"/>
				</Size>
				<Anchors>
					<Anchor point="TOPLEFT" relativePoint="TOPLEFT" relativeTo="$parent_CheckButton16">
						<Offset>
							<AbsDimension x="0" y="-20"/>
						</Offset>
					</Anchor>
				</Anchors>
				<Scripts>
					<OnLoad>
						_G[self:GetName().."Text"]:SetText(PERL_LOCALIZED_CONFIG_CLASS_COLORED_NAMES);
					</OnLoad>
					<OnClick>
						Perl_Config_Target_Target_Class_Colored_Names_Update();
					</OnClick>
				</Scripts>
			</CheckButton>

			<CheckButton name="$parent_CheckButton5" inherits="UICheckButtonTemplate" id="5">
				<Size>
					<AbsDimension x="20" y="20"/>
				</Size>
				<Anchors>
					<Anchor point="TOPLEFT" relativePoint="TOPLEFT" relativeTo="$parent_CheckButton20">
						<Offset>
							<AbsDimension x="0" y="-20"/>
						</Offset>
					</Anchor>
				</Anchors>
				<Scripts>
					<OnLoad>
						_G[self:GetName().."Text"]:SetText(PERL_LOCALIZED_CONFIG_TARGETTARGET_LOCK);
					</OnLoad>
					<OnClick>
						Perl_Config_Target_Target_Lock_Update();
					</OnClick>
				</Scripts>
			</CheckButton>

			<CheckButton name="$parent_CheckButton14" inherits="UICheckButtonTemplate" id="14">
				<Size>
					<AbsDimension x="20" y="20"/>
				</Size>
				<Anchors>
					<Anchor point="TOPLEFT" relativePoint="TOPLEFT" relativeTo="$parent_Misc_Text">
						<Offset>
							<AbsDimension x="200" y="-20"/>
						</Offset>
					</Anchor>
				</Anchors>
				<Scripts>
					<OnLoad>
						_G[self:GetName().."Text"]:SetText(PERL_LOCALIZED_CONFIG_TARGETTARGET_SHOW_TOT_BUFFS);
					</OnLoad>
					<OnClick>
						Perl_Config_Target_Target_Buff_Update();
					</OnClick>
				</Scripts>
			</CheckButton>

			<CheckButton name="$parent_CheckButton17" inherits="UICheckButtonTemplate" id="17">
				<Size>
					<AbsDimension x="20" y="20"/>
				</Size>
				<Anchors>
					<Anchor point="TOPLEFT" relativePoint="TOPLEFT" relativeTo="$parent_CheckButton14">
						<Offset>
							<AbsDimension x="0" y="-20"/>
						</Offset>
					</Anchor>
				</Anchors>
				<Scripts>
					<OnLoad>
						_G[self:GetName().."Text"]:SetText(PERL_LOCALIZED_CONFIG_TARGETTARGET_SHOW_TOT_DEBUFFS);
					</OnLoad>
					<OnClick>
						Perl_Config_Target_Target_Debuff_Update();
					</OnClick>
				</Scripts>
			</CheckButton>

			<CheckButton name="$parent_CheckButton15" inherits="UICheckButtonTemplate" id="15">
				<Size>
					<AbsDimension x="20" y="20"/>
				</Size>
				<Anchors>
					<Anchor point="TOPLEFT" relativePoint="TOPLEFT" relativeTo="$parent_CheckButton17">
						<Offset>
							<AbsDimension x="0" y="-20"/>
						</Offset>
					</Anchor>
				</Anchors>
				<Scripts>
					<OnLoad>
						_G[self:GetName().."Text"]:SetText(PERL_LOCALIZED_CONFIG_TARGETTARGET_SHOW_TOTOT_BUFFS);
					</OnLoad>
					<OnClick>
						Perl_Config_Target_Target_Target_Buff_Update();
					</OnClick>
				</Scripts>
			</CheckButton>

			<CheckButton name="$parent_CheckButton18" inherits="UICheckButtonTemplate" id="18">
				<Size>
					<AbsDimension x="20" y="20"/>
				</Size>
				<Anchors>
					<Anchor point="TOPLEFT" relativePoint="TOPLEFT" relativeTo="$parent_CheckButton15">
						<Offset>
							<AbsDimension x="0" y="-20"/>
						</Offset>
					</Anchor>
				</Anchors>
				<Scripts>
					<OnLoad>
						_G[self:GetName().."Text"]:SetText(PERL_LOCALIZED_CONFIG_TARGETTARGET_SHOW_TOTOT_DEBUFFS);
					</OnLoad>
					<OnClick>
						Perl_Config_Target_Target_Target_Debuff_Update();
					</OnClick>
				</Scripts>
			</CheckButton>

			<CheckButton name="$parent_CheckButton19" inherits="UICheckButtonTemplate" id="19">
				<Size>
					<AbsDimension x="20" y="20"/>
				</Size>
				<Anchors>
					<Anchor point="TOPLEFT" relativePoint="TOPLEFT" relativeTo="$parent_Misc_Text">
						<Offset>
							<AbsDimension x="350" y="-20"/>
						</Offset>
					</Anchor>
				</Anchors>
				<Scripts>
					<OnLoad>
						_G[self:GetName().."Text"]:SetText(PERL_LOCALIZED_CONFIG_CLASS_BUFF);
					</OnLoad>
					<OnClick>
						Perl_Config_Target_Target_Class_Buffs_Update();
					</OnClick>
				</Scripts>
			</CheckButton>

			<CheckButton name="$parent_CheckButton22" inherits="UICheckButtonTemplate" id="22">
				<Size>
					<AbsDimension x="20" y="20"/>
				</Size>
				<Anchors>
					<Anchor point="TOPLEFT" relativePoint="TOPLEFT" relativeTo="$parent_CheckButton19">
						<Offset>
							<AbsDimension x="0" y="-20"/>
						</Offset>
					</Anchor>
				</Anchors>
				<Scripts>
					<OnLoad>
						_G[self:GetName().."Text"]:SetText(PERL_LOCALIZED_CONFIG_CLASS_DEBUFF);
					</OnLoad>
					<OnClick>
						Perl_Config_Target_Target_Class_Debuffs_Update();
					</OnClick>
				</Scripts>
			</CheckButton>

			<CheckButton name="$parent_CheckButton23" inherits="UICheckButtonTemplate" id="23">
				<Size>
					<AbsDimension x="20" y="20"/>
				</Size>
				<Anchors>
					<Anchor point="TOPLEFT" relativePoint="TOPLEFT" relativeTo="$parent_CheckButton22">
						<Offset>
							<AbsDimension x="0" y="-20"/>
						</Offset>
					</Anchor>
				</Anchors>
				<Scripts>
					<OnLoad>
						_G[self:GetName().."Text"]:SetText(PERL_LOCALIZED_CONFIG_MY_DEBUFFS);
					</OnLoad>
					<OnClick>
						Perl_Config_Target_Target_Only_Self_Debuffs_Update();
					</OnClick>
				</Scripts>
			</CheckButton>

			<Slider name="$parent_Slider1" inherits="OptionsSliderTemplate" minValue="1" maxValue="149" valueStep="1">
				<Size>
					<AbsDimension x="200" y="15"/>
				</Size>
				<Anchors>
					<Anchor point="TOPLEFT" relativePoint="TOPLEFT" relativeTo="$parent_Scaling_Text">
						<Offset>
							<AbsDimension x="20" y="-20"/>
						</Offset>
					</Anchor>
				</Anchors>
				<Scripts>
					<OnValueChanged>
						_G[self:GetName().."Text"]:SetText(_G[self:GetName()]:GetValue());
						Perl_Config_Target_Target_Set_Scale(_G[self:GetName()]:GetValue());
					</OnValueChanged>
				</Scripts>
			</Slider>

			<CheckButton name="$parent_CheckButton6" inherits="UICheckButtonTemplate" id="6">
				<Size>
					<AbsDimension x="20" y="20"/>
				</Size>
				<Anchors>
					<Anchor point="TOPLEFT" relativePoint="TOPRIGHT" relativeTo="$parent_Slider1">
						<Offset>
							<AbsDimension x="20" y="0"/>
						</Offset>
					</Anchor>
				</Anchors>
				<Scripts>
					<OnLoad>
						_G[self:GetName().."Text"]:SetText(PERL_LOCALIZED_CONFIG_SCALING_SET_CURRENT);
					</OnLoad>
					<OnClick>
						Perl_Config_Target_Target_Set_Scale();
					</OnClick>
				</Scripts>
			</CheckButton>

			<Slider name="$parent_Slider2" inherits="OptionsSliderTemplate" minValue="0" maxValue="100" valueStep="1">
				<Size>
					<AbsDimension x="200" y="15"/>
				</Size>
				<Anchors>
					<Anchor point="TOPLEFT" relativePoint="TOPLEFT" relativeTo="$parent_Transparency_Text">
						<Offset>
							<AbsDimension x="20" y="-20"/>
						</Offset>
					</Anchor>
				</Anchors>
				<Scripts>
					<OnValueChanged>
						_G[self:GetName().."Text"]:SetText(_G[self:GetName()]:GetValue());
						Perl_Config_Target_Target_Set_Transparency(_G[self:GetName()]:GetValue());
					</OnValueChanged>
				</Scripts>
			</Slider>

			<CheckButton name="$parent_CheckButton8" inherits="UICheckButtonTemplate" id="8">
				<Size>
					<AbsDimension x="20" y="20"/>
				</Size>
				<Anchors>
					<Anchor point="TOPLEFT" relativePoint="TOPLEFT" relativeTo="$parent_ToT_Text">
						<Offset>
							<AbsDimension x="20" y="-20"/>
						</Offset>
					</Anchor>
				</Anchors>
				<Scripts>
					<OnLoad>
						_G[self:GetName().."Text"]:SetText(PERL_LOCALIZED_CONFIG_TARGETTARGET_DPS_MODE);
					</OnLoad>
					<OnClick>
						Perl_Config_Target_Target_Frame_CheckButton9:SetChecked(nil);	<!-- We need to uncheck Button 9 -->
						Perl_Config_Target_Target_Frame_CheckButton10:SetChecked(nil);	<!-- We need to uncheck Button 10 -->
						Perl_Config_Target_Target_Mode_Update();
					</OnClick>
				</Scripts>
			</CheckButton>

			<CheckButton name="$parent_CheckButton9" inherits="UICheckButtonTemplate" id="9">
				<Size>
					<AbsDimension x="20" y="20"/>
				</Size>
				<Anchors>
					<Anchor point="TOPLEFT" relativePoint="TOPLEFT" relativeTo="$parent_CheckButton8" >
						<Offset>
							<AbsDimension x="0" y="-20"/>
						</Offset>
					</Anchor>
				</Anchors>
				<Scripts>
					<OnLoad>
						_G[self:GetName().."Text"]:SetText(PERL_LOCALIZED_CONFIG_TARGETTARGET_TANK_MODE);
					</OnLoad>
					<OnClick>
						Perl_Config_Target_Target_Frame_CheckButton8:SetChecked(nil);	<!-- We need to uncheck Button 8 -->
						Perl_Config_Target_Target_Frame_CheckButton10:SetChecked(nil);	<!-- We need to uncheck Button 10 -->
						Perl_Config_Target_Target_Mode_Update();
					</OnClick>
				</Scripts>
			</CheckButton>

			<CheckButton name="$parent_CheckButton10" inherits="UICheckButtonTemplate" id="10">
				<Size>
					<AbsDimension x="20" y="20"/>
				</Size>
				<Anchors>
					<Anchor point="TOPLEFT" relativePoint="TOPLEFT" relativeTo="$parent_CheckButton9">
						<Offset>
							<AbsDimension x="0" y="-20"/>
						</Offset>
					</Anchor>
				</Anchors>
				<Scripts>
					<OnLoad>
						_G[self:GetName().."Text"]:SetText(PERL_LOCALIZED_CONFIG_TARGETTARGET_HEALER_MODE);
					</OnLoad>
					<OnClick>
						Perl_Config_Target_Target_Frame_CheckButton8:SetChecked(nil);	<!-- We need to uncheck Button 8 -->
						Perl_Config_Target_Target_Frame_CheckButton9:SetChecked(nil);	<!-- We need to uncheck Button 9 -->
						Perl_Config_Target_Target_Mode_Update();
					</OnClick>
				</Scripts>
			</CheckButton>

			<CheckButton name="$parent_CheckButton11" inherits="UICheckButtonTemplate" id="11">
				<Size>
					<AbsDimension x="20" y="20"/>
				</Size>
				<Anchors>
					<Anchor point="TOPLEFT" relativePoint="TOPLEFT" relativeTo="$parent_Alert_Text">
						<Offset>
							<AbsDimension x="20" y="-20"/>
						</Offset>
					</Anchor>
				</Anchors>
				<Scripts>
					<OnLoad>
						_G[self:GetName().."Text"]:SetText(PERL_LOCALIZED_CONFIG_TARGETTARGET_SMALL_TEXT);
					</OnLoad>
					<OnClick>
						Perl_Config_Target_Target_Frame_CheckButton12:SetChecked(nil);	<!-- We need to uncheck Button 12 -->
						Perl_Config_Target_Target_Frame_CheckButton13:SetChecked(nil);	<!-- We need to uncheck Button 13 -->
						Perl_Config_Target_Target_Alert_Size_Update();
					</OnClick>
				</Scripts>
			</CheckButton>

			<CheckButton name="$parent_CheckButton12" inherits="UICheckButtonTemplate" id="12">
				<Size>
					<AbsDimension x="20" y="20"/>
				</Size>
				<Anchors>
					<Anchor point="TOPLEFT" relativePoint="TOPLEFT" relativeTo="$parent_CheckButton11">
						<Offset>
							<AbsDimension x="0" y="-20"/>
						</Offset>
					</Anchor>
				</Anchors>
				<Scripts>
					<OnLoad>
						_G[self:GetName().."Text"]:SetText(PERL_LOCALIZED_CONFIG_TARGETTARGET_LARGE_TEXT);
					</OnLoad>
					<OnClick>
						Perl_Config_Target_Target_Frame_CheckButton11:SetChecked(nil);	<!-- We need to uncheck Button 11 -->
						Perl_Config_Target_Target_Frame_CheckButton13:SetChecked(nil);	<!-- We need to uncheck Button 13 -->
						Perl_Config_Target_Target_Alert_Size_Update();
					</OnClick>
				</Scripts>
			</CheckButton>

			<CheckButton name="$parent_CheckButton13" inherits="UICheckButtonTemplate" id="13">
				<Size>
					<AbsDimension x="20" y="20"/>
				</Size>
				<Anchors>
					<Anchor point="TOPLEFT" relativePoint="TOPLEFT" relativeTo="$parent_CheckButton12">
						<Offset>
							<AbsDimension x="0" y="-20"/>
						</Offset>
					</Anchor>
				</Anchors>
				<Scripts>
					<OnLoad>
						_G[self:GetName().."Text"]:SetText(PERL_LOCALIZED_CONFIG_TARGETTARGET_NO_TEXT);
					</OnLoad>
					<OnClick>
						Perl_Config_Target_Target_Frame_CheckButton11:SetChecked(nil);	<!-- We need to uncheck Button 11 -->
						Perl_Config_Target_Target_Frame_CheckButton12:SetChecked(nil);	<!-- We need to uncheck Button 12 -->
						Perl_Config_Target_Target_Alert_Size_Update();
					</OnClick>
				</Scripts>
			</CheckButton>

			<Button name="$parent_Button1" inherits="UIPanelButtonTemplate" text="PERL_LOCALIZED_CONFIG_TARGETTARGET_RIGHT_OF_TARGET_FRAME">
				<Size>
					<AbsDimension x="170" y="22"/>
				</Size>
				<Anchors>
					<Anchor point="TOPLEFT" relativePoint="TOPLEFT" relativeTo="$parent_Transparency_Text">
						<Offset>
							<AbsDimension x="0" y="-100"/>
						</Offset>
					</Anchor>
				</Anchors>
				<Scripts>
					<OnClick>
						Perl_Target_Target_Allign(1);
						DEFAULT_CHAT_FRAME:AddMessage(PERL_LOCALIZED_CONFIG_TARGETTARGET_RIGHT_OUTPUT);
					</OnClick>
				</Scripts>
			</Button>

			<Button name="$parent_Button2" inherits="UIPanelButtonTemplate" text="PERL_LOCALIZED_CONFIG_TARGETTARGET_TOP_OF_TARGET_FRAME">
				<Size>
					<AbsDimension x="170" y="22"/>
				</Size>
				<Anchors>
					<Anchor point="TOPLEFT" relativePoint="TOPLEFT" relativeTo="$parent_Button1">
						<Offset>
							<AbsDimension x="0" y="-30"/>
						</Offset>
					</Anchor>
				</Anchors>
				<Scripts>
					<OnClick>
						Perl_Target_Target_Allign(2);
						DEFAULT_CHAT_FRAME:AddMessage(PERL_LOCALIZED_CONFIG_TARGETTARGET_TOP_OUTPUT);
					</OnClick>
				</Scripts>
			</Button>
		</Frames>

	</Frame>
</Ui>
