﻿<Ui xmlns="http://www.blizzard.com/wow/ui/" xmlns:xsi="http://www.w3.org/2001/XMLSchema-instance" xsi:schemaLocation="http://www.blizzard.com/wow/ui/
..\FrameXML\UI.xsd">
	<Script file="TitanCamDist.lua"/>
	<Frame parent="UIParent">
		<Frames>
			<Button name="TitanPanelCamDistButton" inherits="TitanPanelComboTemplate" frameStrata="FULLSCREEN" toplevel="true">
				<Scripts>
					<OnLoad>
						TitanPanelCamDistButton_OnLoad(self);
						TitanPanelButton_OnLoad(self);
					</OnLoad>
                    <OnEvent>
						TitanPanelCamDistButton_OnEvent(self, event, ...);
					</OnEvent>
                    <OnClick>
						TitanPanelCamDistButton_OnClick(self, button);
						TitanPanelButton_OnClick(self, button);
					</OnClick>
                    <OnShow>
					TitanPanelCamDistButton_OnShow();
					TitanPanelButton_OnShow(self);
					</OnShow>
                    <OnHide>
					TitanPanelCamDistButton_OnHide();
					</OnHide>
				</Scripts>
			</Button>
		</Frames>
	</Frame>		
</Ui>