<Ui xmlns="http://www.blizzard.com/wow/ui/" xmlns:xsi="http://www.w3.org/2001/XMLSchema-instance" xsi:schemaLocation="http://www.blizzard.com/wow/ui/">
<!--	<Script file="FusionHUD.lua"/> !-->

	<Button name="FusionHUDMinimapButtonFrame" frameStrata="MEDIUM" parent="Minimap" enableMouse="true" movable="true">
		<Size>
			<AbsDimension x="33" y="33"/>
		</Size>
		<Anchors>
			<Anchor point="CENTER" relativeTo="Minimap" relativePoint="RIGHT"/>
		</Anchors>
		<Layers>
			<Layer level="BACKGROUND">
				<Texture name="FusionHUDMinimapButtonIcon" file="Interface\AddOns\FusionHUD\Graphics\FusionHUDMinimapButton">
					<Size>
						<AbsDimension x="21" y="21"/>
					</Size>
					<Anchors>
						<Anchor point="TOPLEFT">
							<Offset>
								<AbsDimension x="7" y="-6"/>
							</Offset>
						</Anchor>
					</Anchors>
					<TexCoords left="0.075" right="0.925" top="0.075" bottom="0.925"/>
				</Texture>
			</Layer>
			<Layer level="OVERLAY">
				<Texture file="Interface\Minimap\MiniMap-TrackingBorder">
					<Size>
						<AbsDimension x="56" y="56"/>
					</Size>
					<Anchors>
						<Anchor point="TOPLEFT"/>
					</Anchors>
				</Texture>
			</Layer>
		</Layers>
		<HighlightTexture alphaMode="ADD" file="Interface\Minimap\UI-Minimap-ZoomButton-Highlight"/>
		<Scripts>
			<OnLoad>
				self:RegisterForClicks("LeftButtonUp", "RightButtonUp")
				self:RegisterForDrag("LeftButton")
				self:SetClampedToScreen(true)
			</OnLoad>
			<OnEnter>
				if (not self.dragging) then
					FusionHUD:MinimapButtonOnEnter()
				end
			</OnEnter>
			<OnLeave>
				FusionHUD:MinimapButtonOnLeave(self)
			</OnLeave>
			<OnMouseDown>
				FusionHUDMinimapButtonIcon:SetTexCoord(0,1,0,1)
			</OnMouseDown>
			<OnMouseUp>
				FusionHUDMinimapButtonIcon:SetTexCoord(.075,.925,.075,.925)
			</OnMouseUp>
			<OnDragStart>
				if (InCombatLockdown()) then
					return
				else
					self.dragging = true;
					GameTooltip:Hide();
					self:StartMoving();
				end
			</OnDragStart>
			<OnDragStop>
				self.dragging = false
				FusionHUD:MinimapButtonOnEnter(self)
				FusionHUDMinimapButtonIcon:SetTexCoord(.075,.925,.075,.925)
				self:StopMovingOrSizing();
			</OnDragStop>
			<OnClick>
				FusionHUDMinimapButtonIcon:SetTexCoord(.075,.925,.075,.925)
				InterfaceOptionsFrame_OpenToCategory(FusionHUD.optionsFrame)
			</OnClick>
		</Scripts>
	</Button>

</Ui>