<Ui xmlns="http://www.blizzard.com/wow/ui/" xmlns:xsi="http://www.w3.org/2001/XMLSchema-instance" xsi:schemaLocation="http://www.blizzard.com/wow/ui/"> 

    <Button name="AutoInviteSlotTemplate" virtual="true" movable="true" enableMouse="true">
        <Size>
            <AbsDimension x="156" y="14"/>
        </Size>
        <Layers>
            <Layer level="ARTWORK">
                <FontString name="$parentTextLabelGroup" inherits="GameFontNormalSmall" justifyH="LEFT">
                    <Size>
                        <AbsDimension x="10" y="8"/>
                    </Size>
                    <Anchors>
                        <Anchor point="LEFT">
                            <Offset>
                                <AbsDimension x="1" y="1"/>
                            </Offset>
                        </Anchor>
                    </Anchors>
                </FontString>
                <FontString name="$parentTextLabelName" inherits="GameFontNormalSmall" justifyH="LEFT">
                    <Size>
                        <AbsDimension x="60" y="8"/>
                    </Size>
                    <Anchors>
                        <Anchor point="LEFT" relativeTo="$parentTextLabelGroup" relativePoint="RIGHT">
                            <Offset>
                                <AbsDimension x="1" y="1"/>
                            </Offset>
                        </Anchor>
                    </Anchors>
                </FontString>
                <FontString name="$parentTextLabelRealm" inherits="GameFontNormalSmall" justifyH="LEFT" hidden="true">
                </FontString>
                <FontString name="$parentTextLabelLevel" inherits="GameFontNormalSmall" justifyH="LEFT">
                    <Size>
                        <AbsDimension x="22" y="8"/>
                    </Size>
                    <Anchors>
                        <Anchor point="LEFT" relativeTo="$parentTextLabelName" relativePoint="RIGHT">
                            <Offset>
                                <AbsDimension x="5" y="0"/>
                            </Offset>
                        </Anchor>
                    </Anchors>
                </FontString>
                <FontString name="$parentTextLabelClass" inherits="GameFontNormalSmall" justifyH="LEFT">
                    <Size>
                        <AbsDimension x="50" y="8"/>
                    </Size>
                    <Anchors>
                        <Anchor point="LEFT">
                            <Offset>
                                <AbsDimension x="110" y="1"/>
                            </Offset>
                        </Anchor>
                    </Anchors>
                </FontString>

            </Layer>
            <Layer level="BACKGROUND">
                <FontString name="$parentTextLabelBackground" inherits="GameFontDarkGraySmall" text="EMPTY">
                    <Anchors>
                        <Anchor point="CENTER">
                            <Offset>
                                <AbsDimension x="0" y="0"/>
                            </Offset>
                        </Anchor>
                    </Anchors>
                </FontString>
            </Layer>
        </Layers>
        <HighlightTexture file="Interface\RaidFrame\UI-RaidFrame-GroupButton" alphaMode="ADD">
            <TexCoords left="0" right="0.6406" top="0.468" bottom="0.906"/>
        </HighlightTexture>
        <Scripts>
            <OnLoad>
                self:RegisterForClicks("LeftButtonUp", "RightButtonUp", "MiddleButtonUp");
            </OnLoad>
            <OnClick>
                self.updateTooltip=nil;
                GameTooltip:Hide();
                ResetCursor();
                autoInvite:completeListClick(self,button);
                autoInvite:playerButton_OnEnter(self,false);
            </OnClick>
            <OnEnter>
                autoInvite:playerButton_OnEnter(self,true);
            </OnEnter>
            <OnLeave>
                self.updateTooltip=nil;
                GameTooltip:Hide();
                ResetCursor();
            </OnLeave>
        </Scripts>
    </Button>

    <Button name="AutoInviteSmallSlotTemplate" virtual="true" movable="true" enableMouse="true">
        <Size>
            <AbsDimension x="126" y="14"/>
        </Size>
        <Layers>
            <Layer level="ARTWORK">
                <FontString name="$parentTextLabelGroup" inherits="GameFontNormalSmall" justifyH="LEFT">
                    <Size>
                        <AbsDimension x="10" y="8"/>
                    </Size>
                    <Anchors>
                        <Anchor point="LEFT">
                            <Offset>
                                <AbsDimension x="1" y="1"/>
                            </Offset>
                        </Anchor>
                    </Anchors>
                </FontString>
                <FontString name="$parentTextLabelName" inherits="GameFontNormalSmall" justifyH="LEFT">
                    <Size>
                        <AbsDimension x="90" y="8"/>
                    </Size>
                    <Anchors>
                        <Anchor point="LEFT" relativeTo="$parentTextLabelGroup" relativePoint="RIGHT">
                            <Offset>
                                <AbsDimension x="1" y="1"/>
                            </Offset>
                        </Anchor>
                    </Anchors>
                </FontString>
                <FontString name="$parentTextLabelRealm" inherits="GameFontNormalSmall" justifyH="LEFT" hidden="true">
                </FontString>
                <FontString name="$parentTextLabelLevel" inherits="GameFontNormalSmall" justifyH="LEFT">
                    <Size>
                        <AbsDimension x="22" y="8"/>
                    </Size>
                    <Anchors>
                        <Anchor point="LEFT" relativeTo="$parentTextLabelName" relativePoint="RIGHT">
                            <Offset>
                                <AbsDimension x="5" y="0"/>
                            </Offset>
                        </Anchor>
                    </Anchors>
                </FontString>
            </Layer>
            <Layer level="BACKGROUND">
                <FontString name="$parentTextLabelBackground" inherits="GameFontDarkGraySmall" text="EMPTY">
                    <Anchors>
                        <Anchor point="CENTER">
                            <Offset>
                                <AbsDimension x="0" y="0"/>
                            </Offset>
                        </Anchor>
                    </Anchors>
                </FontString>
            </Layer>
        </Layers>
        <HighlightTexture file="Interface\RaidFrame\UI-RaidFrame-GroupButton" alphaMode="ADD">
            <TexCoords left="0" right="0.6406" top="0.468" bottom="0.906"/>
        </HighlightTexture>
        <Scripts>
            <OnLoad>
                self:RegisterForClicks("LeftButtonUp", "RightButtonUp", "MiddleButtonUp");
            </OnLoad>
            <OnClick>
                self.updateTooltip=nil;
                GameTooltip:Hide();
                ResetCursor();
                autoInvite:completeListClick(self,button);
                autoInvite:playerButton_OnEnter(self, false);
            </OnClick>
            <OnEnter>
                autoInvite:playerButton_OnEnter(self, false);
            </OnEnter>
            <OnLeave>
                self.updateTooltip=nil;
                GameTooltip:Hide();
                ResetCursor();
            </OnLeave>
        </Scripts>
    </Button>

    <Frame name="autoInviteDropDown" inherits="UIDropDownMenuTemplate" hidden="true" virtual="true">
        <Size>
            <AbsDimension x="10" y="10"/>
        </Size>
        <Anchors>
            <Anchor point="TOPRIGHT" relativePoint="BOTTOMLEFT">
                <Offset>
                    <AbsDimension x="0" y="0"/>
                </Offset>
            </Anchor>
        </Anchors>
        <Scripts>
            <OnLoad>
                autoInvite:dropDownCLASS_OnLoad(self);
            </OnLoad>
        </Scripts>
    </Frame>

    <Frame name="AutoInviteSelectBoxBigTemplate" virtual="true">
        <Size>
            <AbsDimension x="162" y="80"/>
        </Size>
        <Layers>
            <Layer level="BACKGROUND">
                <FontString name="$parentLabel" inherits="GameFontNormalSmall">
                    <Anchors>
                        <Anchor point="TOP">
                            <Offset>
                                <AbsDimension x="0" y="10"/>
                            </Offset>
                        </Anchor>
                    </Anchors>
                </FontString>
                <Texture file="Interface\Addons\autoInvite\images\UI-RaidFrame-GroupOutLineTop" name="$parentPart1">
                    <Size>
                        <AbsDimension x="162" y="80"/>
                    </Size>
                    <Anchors>
                        <Anchor point="TOPRIGHT"/>
                    </Anchors>
                    <TexCoords left="0" right="0.6640625" top="0" bottom="0.625"/>
                </Texture>
                <Texture file="Interface\Addons\autoInvite\images\UI-RaidFrame-GroupOutLineMiddle" name="$parentPart2">
                    <Size>
                        <AbsDimension x="162" y="80"/>
                    </Size>
                    <Anchors>
                        <Anchor point="TOPRIGHT" relativeTo="$parentPart1" relativePoint="BOTTOMRIGHT">
                            <Offset>
                                <AbsDimension x="0" y="3"/>
                            </Offset>
                        </Anchor>
                    </Anchors>
                    <TexCoords left="0" right="0.6640625" top="0" bottom="0.625"/>
                </Texture>
                <Texture file="Interface\Addons\autoInvite\images\UI-RaidFrame-GroupOutLineMiddle" name="$parentPart3">
                    <Size>
                        <AbsDimension x="162" y="80"/>
                    </Size>
                    <Anchors>
                        <Anchor point="TOPRIGHT" relativeTo="$parentPart2" relativePoint="BOTTOMRIGHT">
                            <Offset>
                                <AbsDimension x="0" y="3"/>
                            </Offset>
                        </Anchor>
                    </Anchors>
                    <TexCoords left="0" right="0.6640625" top="0" bottom="0.625"/>
                </Texture>
                <Texture file="Interface\Addons\autoInvite\images\UI-RaidFrame-GroupOutLineBottom" name="$parentPart4">
                    <Size>
                        <AbsDimension x="162" y="80"/>
                    </Size>
                    <Anchors>
                        <Anchor point="TOPRIGHT" relativeTo="$parentPart3" relativePoint="BOTTOMRIGHT">
                            <Offset>
                                <AbsDimension x="0" y="3"/>
                            </Offset>
                        </Anchor>
                    </Anchors>
                    <TexCoords left="0" right="0.6640625" top="0" bottom="0.625"/>
                </Texture>

            </Layer>
            <Layer>
                <FontString name="$parentCheckButtonSortComepleteListText" inherits="GameFontNormal" text="AUTO_INVITE_SORT">
                    <Anchors>
                        <Anchor point="TOPLEFT">
                            <Offset>
                                <AbsDimension x="105" y="-318"/>
                            </Offset>
                        </Anchor>
                    </Anchors>
                </FontString>
                <FontString name="$parentCheckButtonLockComepleteListText" inherits="GameFontNormal" text="AUTO_INVITE_LOCK">
                    <Anchors>
                        <Anchor point="TOPLEFT">
                            <Offset>
                                <AbsDimension x="145" y="-344"/>
                            </Offset>
                        </Anchor>
                    </Anchors>
                </FontString>
            </Layer>
        </Layers>
        <Frames>
            <Button name="$parentSlot01" inherits="AutoInviteSlotTemplate" id="1">
                <Anchors>
                    <Anchor point="TOPLEFT">
                        <Offset>
                            <AbsDimension x="3" y="-3"/>
                        </Offset>
                    </Anchor>
                </Anchors>
            </Button>
            <ScrollFrame name="$parentScrollFrame" inherits="FauxScrollFrameTemplate">
                <Size>
                    <AbsDimension x="160" y="330"/>
                </Size>
                <Anchors>
                    <Anchor point="TOPRIGHT" relativeTo="$parentSlot01">
                        <Offset>
                            <AbsDimension x="0" y="10"/>
                        </Offset>
                    </Anchor>
                </Anchors>
                <Layers>
                    <Layer level="ARTWORK">
<!--
                        <Texture name="$parentScrollBarTop" file="Interface\PaperDollInfoFrame\UI-Character-ScrollBar">
                            <Size>
                                <AbsDimension x="31" y="246"/>
                            </Size>
                            <Anchors>
                                <Anchor point="TOPLEFT" relativePoint="TOPRIGHT">
                                    <Offset>
                                        <AbsDimension x="0" y="5"/>
                                    </Offset>
                                </Anchor>
                            </Anchors>
                            <TexCoords left="0" right="0.484375" top="0" bottom="1.0"/>
                        </Texture>
                        <Texture file="Interface\PaperDollInfoFrame\UI-Character-ScrollBar">
                            <Size>
                                <AbsDimension x="31" y="106"/>
                            </Size>
                            <Anchors>
                                <Anchor point="BOTTOMLEFT" relativePoint="BOTTOMRIGHT">
                                    <Offset>
                                        <AbsDimension x="0" y="-2"/>
                                    </Offset>
                                </Anchor>
                            </Anchors>
                            <TexCoords left="0.515625" right="1.0" top="0" bottom="0.4140625"/>
                        </Texture>
-->
                    </Layer>
                </Layers>
                <Scripts>
                    <OnVerticalScroll>
                                 FauxScrollFrame_OnVerticalScroll(self, offset, 20, autoInvite.completeList_Update);
                    </OnVerticalScroll>
                    <OnShow>
                                 autoInvite:countMembersInGroup();
                    </OnShow>
                </Scripts>
            </ScrollFrame>
            <Button name="$parentSlot02" inherits="AutoInviteSlotTemplate">
                <Anchors>
                    <Anchor point="TOPLEFT" relativeTo="$parentSlot01" relativePoint="BOTTOMLEFT">
                        <Offset>
                            <AbsDimension x="0" y="-1"/>
                        </Offset>
                    </Anchor>
                </Anchors>
            </Button>
            <Button name="$parentSlot03" inherits="AutoInviteSlotTemplate">
                <Anchors>
                    <Anchor point="TOPLEFT" relativeTo="$parentSlot02" relativePoint="BOTTOMLEFT">
                        <Offset>
                            <AbsDimension x="0" y="-1"/>
                        </Offset>
                    </Anchor>
                </Anchors>
            </Button>
            <Button name="$parentSlot04" inherits="AutoInviteSlotTemplate">
                <Anchors>
                    <Anchor point="TOPLEFT" relativeTo="$parentSlot03" relativePoint="BOTTOMLEFT">
                        <Offset>
                            <AbsDimension x="0" y="-1"/>
                        </Offset>
                    </Anchor>
                </Anchors>
            </Button>
            <Button name="$parentSlot05" inherits="AutoInviteSlotTemplate">
                <Anchors>
                    <Anchor point="TOPLEFT" relativeTo="$parentSlot04" relativePoint="BOTTOMLEFT">
                        <Offset>
                            <AbsDimension x="0" y="-1"/>
                        </Offset>
                    </Anchor>
                </Anchors>
            </Button>
            <Button name="$parentSlot06" inherits="AutoInviteSlotTemplate">
                <Anchors>
                    <Anchor point="TOPLEFT" relativeTo="$parentSlot05" relativePoint="BOTTOMLEFT">
                        <Offset>
                            <AbsDimension x="0" y="-3"/>
                        </Offset>
                    </Anchor>
                </Anchors>
            </Button>
            <Button name="$parentSlot07" inherits="AutoInviteSlotTemplate">
                <Anchors>
                    <Anchor point="TOPLEFT" relativeTo="$parentSlot06" relativePoint="BOTTOMLEFT">
                        <Offset>
                            <AbsDimension x="0" y="-1"/>
                        </Offset>
                    </Anchor>
                </Anchors>
            </Button>
            <Button name="$parentSlot08" inherits="AutoInviteSlotTemplate">
                <Anchors>
                    <Anchor point="TOPLEFT" relativeTo="$parentSlot07" relativePoint="BOTTOMLEFT">
                        <Offset>
                            <AbsDimension x="0" y="-1"/>
                        </Offset>
                    </Anchor>
                </Anchors>
            </Button>
            <Button name="$parentSlot09" inherits="AutoInviteSlotTemplate">
                <Anchors>
                    <Anchor point="TOPLEFT" relativeTo="$parentSlot08" relativePoint="BOTTOMLEFT">
                        <Offset>
                            <AbsDimension x="0" y="-1"/>
                        </Offset>
                    </Anchor>
                </Anchors>
            </Button>
            <Button name="$parentSlot10" inherits="AutoInviteSlotTemplate">
                <Anchors>
                    <Anchor point="TOPLEFT" relativeTo="$parentSlot09" relativePoint="BOTTOMLEFT">
                        <Offset>
                            <AbsDimension x="0" y="-1"/>
                        </Offset>
                    </Anchor>
                </Anchors>
            </Button>
            <Button name="$parentSlot11" inherits="AutoInviteSlotTemplate">
                <Anchors>
                    <Anchor point="TOPLEFT" relativeTo="$parentSlot10" relativePoint="BOTTOMLEFT">
                        <Offset>
                            <AbsDimension x="0" y="-3"/>
                        </Offset>
                    </Anchor>
                </Anchors>
            </Button>
            <Button name="$parentSlot12" inherits="AutoInviteSlotTemplate">
                <Anchors>
                    <Anchor point="TOPLEFT" relativeTo="$parentSlot11" relativePoint="BOTTOMLEFT">
                        <Offset>
                            <AbsDimension x="0" y="-1"/>
                        </Offset>
                    </Anchor>
                </Anchors>
            </Button>
            <Button name="$parentSlot13" inherits="AutoInviteSlotTemplate">
                <Anchors>
                    <Anchor point="TOPLEFT" relativeTo="$parentSlot12" relativePoint="BOTTOMLEFT">
                        <Offset>
                            <AbsDimension x="0" y="-1"/>
                        </Offset>
                    </Anchor>
                </Anchors>
            </Button>
            <Button name="$parentSlot14" inherits="AutoInviteSlotTemplate">
                <Anchors>
                    <Anchor point="TOPLEFT" relativeTo="$parentSlot13" relativePoint="BOTTOMLEFT">
                        <Offset>
                            <AbsDimension x="0" y="-1"/>
                        </Offset>
                    </Anchor>
                </Anchors>
            </Button>
            <Button name="$parentSlot15" inherits="AutoInviteSlotTemplate">
                <Anchors>
                    <Anchor point="TOPLEFT" relativeTo="$parentSlot14" relativePoint="BOTTOMLEFT">
                        <Offset>
                            <AbsDimension x="0" y="-1"/>
                        </Offset>
                    </Anchor>
                </Anchors>
            </Button>
            <Button name="$parentSlot16" inherits="AutoInviteSlotTemplate">
                <Anchors>
                    <Anchor point="TOPLEFT" relativeTo="$parentSlot15" relativePoint="BOTTOMLEFT">
                        <Offset>
                            <AbsDimension x="0" y="-1"/>
                        </Offset>
                    </Anchor>
                </Anchors>
            </Button>
            <Button name="$parentSlot17" inherits="AutoInviteSlotTemplate">
                <Anchors>
                    <Anchor point="TOPLEFT" relativeTo="$parentSlot16" relativePoint="BOTTOMLEFT">
                        <Offset>
                            <AbsDimension x="0" y="-3"/>
                        </Offset>
                    </Anchor>
                </Anchors>
            </Button>
            <Button name="$parentSlot18" inherits="AutoInviteSlotTemplate">
                <Anchors>
                    <Anchor point="TOPLEFT" relativeTo="$parentSlot17" relativePoint="BOTTOMLEFT">
                        <Offset>
                            <AbsDimension x="0" y="-1"/>
                        </Offset>
                    </Anchor>
                </Anchors>
            </Button>
            <Button name="$parentSlot19" inherits="AutoInviteSlotTemplate">
                <Anchors>
                    <Anchor point="TOPLEFT" relativeTo="$parentSlot18" relativePoint="BOTTOMLEFT">
                        <Offset>
                            <AbsDimension x="0" y="-1"/>
                        </Offset>
                    </Anchor>
                </Anchors>
            </Button>
            <Button name="$parentSlot20" inherits="AutoInviteSlotTemplate">
                <Anchors>
                    <Anchor point="TOPLEFT" relativeTo="$parentSlot19" relativePoint="BOTTOMLEFT">
                        <Offset>
                            <AbsDimension x="0" y="-1"/>
                        </Offset>
                    </Anchor>
                </Anchors>
            </Button>
            <Button name="$parentAdd" inherits="OptionsButtonTemplate" text="AUTO_INVITE_ADD">
                <Size>
                    <AbsDimension x="45" y="23"/>
                </Size>
                <Anchors>
                    <Anchor point="TOPLEFT" relativeTo="$parentSlot20" relativePoint="BOTTOMLEFT">
                        <Offset>
                            <AbsDimension x="0" y="-5"/>
                        </Offset>
                    </Anchor>
                </Anchors>
                <Scripts>
                    <OnClick>
                        if(UnitCanCooperate("player","target")) then
                          autoInvite:completeAdd(self,UnitName("target"));
                          autoInvite:completeList_Update(self);
                         else
                           autoInviteAddPlayerFrame:Show(self);
                         end
                    </OnClick>
                    <OnEnter>
                        autoInvite:displayTooltip(self,AUTO_INVITE_ADD_DESC_HEADER, AUTO_INVITE_ADD_DESC_BODY);
                    </OnEnter>
                    <OnLeave>
                        autoInvite:hideTooltip(self);
                    </OnLeave>
                </Scripts>
            </Button>
            <CheckButton name="$parentCheckButtonSortCompleteList" inherits="OptionsCheckButtonTemplate" checked="true">
                <Anchors>
                    <Anchor point="TOPLEFT" relativeTo="$parentAdd" relativePoint="TOPRIGHT">
                        <Offset>
                            <AbsDimension x="10" y="3" />
                        </Offset>
                    </Anchor>
                </Anchors>
                <Scripts>
                    <OnClick>autoInvite:sortCompleteListOnClick(self);</OnClick>
                    <OnEnter>
                        autoInvite:displayTooltip(self,AUTO_INVITE_SORT_DESC_HEADER, AUTO_INVITE_SORT_DESC_BODY);
                    </OnEnter>
                    <OnLeave>
                        autoInvite:hideTooltip(self);
                    </OnLeave>
                </Scripts>
            </CheckButton>

            <EditBox name="$parentEditBoxFilterCompleteList" inherits="AutoInviteEditBoxTemplate">
                <Size>
                    <AbsDimension x="100" y="32"/>
                </Size>
                <Anchors>
                    <Anchor point="TOPLEFT" relativeTo="$parentAdd" relativePoint="BOTTOMLEFT" >
                        <Offset>
                            <AbsDimension x="5" y="5"/>
                        </Offset>
                    </Anchor>
                </Anchors>
                <Scripts>
                    <OnLoad>
                    </OnLoad>
                    <OnEnter>
                        autoInvite:displayTooltip(self,AUTO_INVITE_FILTER_COMPLETELIST_HEADER, AUTO_INVITE_FILTER_COMPLETELIST_BODY);
                    </OnEnter>
                    <OnLeave>
                        autoInvite:hideTooltip(self);
                    </OnLeave>
                         <OnTextChanged>
                              autoInvite:filterCompleteList(self:GetText());
                         </OnTextChanged>
                         <!--OnEscapePressed>
                              self:SetText("");
                              self:ClearFocus();
                         </OnEscapePressed-->
                </Scripts>
            </EditBox>

            <CheckButton name="$parentCheckButtonLockCompleteList" inherits="OptionsCheckButtonTemplate" checked="true">
                <Anchors>
                    <Anchor point="TOPLEFT" relativeTo="$parentEditBoxFilterCompleteList" relativePoint="TOPRIGHT">
                        <Offset>
                            <AbsDimension x="10" y="-4" />
                        </Offset>
                    </Anchor>
                </Anchors>
                <Scripts>
                    <OnClick>autoInvite:lockCompleteListOnClick(self);</OnClick>
                    <OnEnter>
                        autoInvite:displayTooltip(self,AUTO_INVITE_LOCK_DESC_HEADER, AUTO_INVITE_LOCK_DESC_BODY);
                    </OnEnter>
                    <OnLeave>
                        autoInvite:hideTooltip(self);
                    </OnLeave>
                </Scripts>
            </CheckButton>

            <Button name="$parentButtonGuild" inherits="OptionsButtonTemplate" text="AUTO_INVITE_LOAD_GUILD">
                <Anchors>
                    <Anchor point="TOPLEFT" relativeTo="$parentEditBoxFilterCompleteList" relativePoint="BOTTOMLEFT">
                        <Offset>
                            <AbsDimension x="-5" y="0"/>
                        </Offset>
                    </Anchor>
                </Anchors>
                <Scripts>
                    <OnClick>
                        autoInvite:importGuildMembers(self);
                    </OnClick>
                    <OnEnter>
                        autoInvite:displayTooltip(self,AUTO_INVITE_LOAD_GUILD_DESC_HEADER,AUTO_INVITE_LOAD_GUILD_DESC_BODY);
                    </OnEnter>
                    <OnLeave>
                        autoInvite:hideTooltip(self);
                    </OnLeave>
                </Scripts>
            </Button>
            <Button name="$parentGetState" inherits="OptionsButtonTemplate" text="AUTO_INVITE_GET_STATE">
                <Anchors>
                    <Anchor point="TOPLEFT" relativeTo="$parentButtonGuild" relativePoint="TOPRIGHT">
                        <Offset>
                            <AbsDimension x="0" y="0"/>
                        </Offset>
                    </Anchor>
                </Anchors>
                <Scripts>
                    <OnClick>
                        autoInvite:checkOnlineOfflineState(self);
                    </OnClick>
                    <OnEnter>
                        autoInvite:displayTooltip(self,AUTO_INVITE_GET_STATE_DESC_HEADER, AUTO_INVITE_GET_STATE_DESC_BODY);
                    </OnEnter>
                    <OnLeave>
                        autoInvite:hideTooltip(self);
                    </OnLeave>
                </Scripts>
            </Button>
        </Frames>
        <Scripts>
            <OnLoad>
                _G[self:GetName().."Label"]:SetText("bla");
            </OnLoad>
        </Scripts>

    </Frame>

    <Frame name="AutoInviteSelectBoxSmallTemplate" virtual="true">
        <Size>
            <AbsDimension x="132" y="80"/>
        </Size>
        <Layers>
            <Layer level="BACKGROUND">
                <FontString name="$parentLabel" inherits="GameFontNormalSmall">
                    <Anchors>
                        <Anchor point="TOP">
                            <Offset>
                                <AbsDimension x="0" y="10"/>
                            </Offset>
                        </Anchor>
                    </Anchors>
                </FontString>
                <Texture file="Interface\Addons\autoInvite\images\UI-RaidFrame-GroupOutLineTop" name="$parentPart1">
                    <Size>
                        <AbsDimension x="132" y="80"/>
                    </Size>
                    <Anchors>
                        <Anchor point="TOPRIGHT"/>
                    </Anchors>
                    <TexCoords left="0" right="0.6640625" top="0" bottom="0.625"/>
                </Texture>
                <Texture file="Interface\Addons\autoInvite\images\UI-RaidFrame-GroupOutLineBottom" name="$parentPart2">
                    <Size>
                        <AbsDimension x="132" y="80"/>
                    </Size>
                    <Anchors>
                        <Anchor point="TOPRIGHT" relativeTo="$parentPart1" relativePoint="BOTTOMRIGHT">
                            <Offset>
                                <AbsDimension x="0" y="3"/>
                            </Offset>
                        </Anchor>
                    </Anchors>
                    <TexCoords left="0" right="0.6640625" top="0" bottom="0.625"/>
                </Texture>

            </Layer>
        </Layers>
        <Frames>
            <Button name="$parentSlot01" inherits="AutoInviteSmallSlotTemplate">
                <Anchors>
                    <Anchor point="TOPLEFT">
                        <Offset>
                            <AbsDimension x="3" y="-3"/>
                        </Offset>
                    </Anchor>
                </Anchors>
            </Button>
            <Button name="$parentSlot02" inherits="AutoInviteSmallSlotTemplate">
                <Anchors>
                    <Anchor point="TOPLEFT" relativeTo="$parentSlot01" relativePoint="BOTTOMLEFT">
                        <Offset>
                            <AbsDimension x="0" y="-1"/>
                        </Offset>
                    </Anchor>
                </Anchors>
            </Button>
            <Button name="$parentSlot03" inherits="AutoInviteSmallSlotTemplate">
                <Anchors>
                    <Anchor point="TOPLEFT" relativeTo="$parentSlot02" relativePoint="BOTTOMLEFT">
                        <Offset>
                            <AbsDimension x="0" y="-1"/>
                        </Offset>
                    </Anchor>
                </Anchors>
            </Button>
            <Button name="$parentSlot04" inherits="AutoInviteSmallSlotTemplate">
                <Anchors>
                    <Anchor point="TOPLEFT" relativeTo="$parentSlot03" relativePoint="BOTTOMLEFT">
                        <Offset>
                            <AbsDimension x="0" y="-1"/>
                        </Offset>
                    </Anchor>
                </Anchors>
            </Button>
            <Button name="$parentSlot05" inherits="AutoInviteSmallSlotTemplate">
                <Anchors>
                    <Anchor point="TOPLEFT" relativeTo="$parentSlot04" relativePoint="BOTTOMLEFT">
                        <Offset>
                            <AbsDimension x="0" y="-1"/>
                        </Offset>
                    </Anchor>
                </Anchors>
            </Button>
            <Button name="$parentSlot06" inherits="AutoInviteSmallSlotTemplate">
                <Anchors>
                    <Anchor point="TOPLEFT" relativeTo="$parentSlot05" relativePoint="BOTTOMLEFT">
                        <Offset>
                            <AbsDimension x="0" y="-3"/>
                        </Offset>
                    </Anchor>
                </Anchors>
            </Button>
            <Button name="$parentSlot07" inherits="AutoInviteSmallSlotTemplate">
                <Anchors>
                    <Anchor point="TOPLEFT" relativeTo="$parentSlot06" relativePoint="BOTTOMLEFT">
                        <Offset>
                            <AbsDimension x="0" y="-1"/>
                        </Offset>
                    </Anchor>
                </Anchors>
            </Button>
            <Button name="$parentSlot08" inherits="AutoInviteSmallSlotTemplate">
                <Anchors>
                    <Anchor point="TOPLEFT" relativeTo="$parentSlot07" relativePoint="BOTTOMLEFT">
                        <Offset>
                            <AbsDimension x="0" y="-1"/>
                        </Offset>
                    </Anchor>
                </Anchors>
            </Button>
            <Button name="$parentSlot09" inherits="AutoInviteSmallSlotTemplate">
                <Anchors>
                    <Anchor point="TOPLEFT" relativeTo="$parentSlot08" relativePoint="BOTTOMLEFT">
                        <Offset>
                            <AbsDimension x="0" y="-1"/>
                        </Offset>
                    </Anchor>
                </Anchors>
            </Button>
            <Button name="$parentSlot10" inherits="AutoInviteSmallSlotTemplate">
                <Anchors>
                    <Anchor point="TOPLEFT" relativeTo="$parentSlot09" relativePoint="BOTTOMLEFT">
                        <Offset>
                            <AbsDimension x="0" y="-1"/>
                        </Offset>
                    </Anchor>
                </Anchors>
            </Button>
<!--
            <Button name="$parentAdd" inherits="OptionsButtonTemplate" text="Add">
                <Size>
                    <AbsDimension x="50" y="23"/>
                </Size>
                <Anchors>
                    <Anchor point="TOPLEFT" relativeTo="$parentSlot10" relativePoint="BOTTOMLEFT">
                        <Offset>
                            <AbsDimension x="10" y="-5"/>
                        </Offset>
                    </Anchor>
                </Anchors>
            </Button>
            <Button name="$parentRemove" inherits="OptionsButtonTemplate" text="Del">
                <Size>
                    <AbsDimension x="50" y="23"/>
                </Size>
                <Anchors>
                    <Anchor point="TOPLEFT" relativeTo="$parentAdd" relativePoint="TOPRIGHT">
                        <Offset>
                            <AbsDimension x="0" y="0"/>
                        </Offset>
                    </Anchor>
                </Anchors>
            </Button>
-->
        </Frames>
        <Scripts>
            <OnLoad>
                _G[self:GetName().."Label"]:SetText("1");
            </OnLoad>
        </Scripts>

    </Frame>

    <!-- Define some buttons for the Load-Save scroll frame -->
    <Button name="LoadSaveDetailTemplate" virtual="true">
            <Size>
                <AbsDimension x="230" y="20" />
        </Size>
        <Layers>
                <Layer level="BORDER">
                    <FontString name="$parent_Index" inherits="GameFontHighlight" wraponspaces="flase" justifyH="LEFT" hidden="true">
                        <Size>
                            <AbsDimension x="1" y="14"/>
                    </Size>
                    <Anchors>
                            <Anchor point="TOPLEFT" />
                    </Anchors>
                 </FontString>
                    <FontString name="$parent_Description" inherits="GameFontHighlight" wraponspaces="flase" justifyH="LEFT" text="Text">
                        <Size>
                            <AbsDimension x="145" y="14"/>
                    </Size>
                    <Anchors>
                            <Anchor point="TOPLEFT" relativeTo="$parent_Index" relativePoint="TOPRIGHT"/>
                    </Anchors>
                </FontString>
                    <FontString name="$parent_Dummy" inherits="GameFontHighlight" wraponspaces="flase" justifyH="LEFT" text="Text">
                        <Size>
                            <AbsDimension x="145" y="14"/>
                    </Size>
                    <Anchors>
                            <Anchor point="TOPLEFT" relativeTo="$parent_Description" relativePoint="TOPRIGHT"/>
                    </Anchors>
                </FontString>
            </Layer>
        </Layers>
        <Frames>
            <Button name="$parent_LoadButton" inherits="OptionsButtonTemplate" text="AUTO_INVITE_LOAD">
                    <Size>
                        <AbsDimension x="40" y="18" />
                </Size>
                <Anchors>
                    <Anchor point="TOPLEFT" relativeTo="$parent_Dummy" relativePoint="TOPRIGHT"/>
                </Anchors>
                <Scripts>
                    <OnClick> autoInvite:loadSaveFrameLoadButton_OnClick(self); </OnClick>
                    <OnEnter>
                        autoInvite:displayTooltip(self,AUTO_INVITE_LOAD_DESC_HEADER, AUTO_INVITE_LOAD_DESC_BODY);
                    </OnEnter>
                    <OnLeave>
                        autoInvite:hideTooltip(self);
                    </OnLeave>
                </Scripts>
            </Button>
            <Button name="$parent_WriteButton" inherits="OptionsButtonTemplate" text="AUTO_INVITE_SAVE">
                    <Size>
                        <AbsDimension x="40" y="18" />
                </Size>
                <Anchors>
                    <Anchor point="TOPLEFT" relativeTo="$parent_LoadButton" relativePoint="TOPRIGHT">
                           <Offset>
                                   <AbsDimension x="15" y="0" />
                           </Offset>
                    </Anchor>
                </Anchors>
                <Scripts>
                    <OnClick> autoInvite:loadSaveFrameWriteButton_OnClick(self); </OnClick>
                    <OnEnter>
                        autoInvite:displayTooltip(self,AUTO_INVITE_SAVE_DESC_HEADER, AUTO_INVITE_SAVE_DESC_BODY);
                    </OnEnter>
                    <OnLeave>
                        autoInvite:hideTooltip(self);
                    </OnLeave>
                </Scripts>
            </Button>
            <Button name="$parent_DelButton" inherits="OptionsButtonTemplate" text="AUTO_INVITE_DEL">
                    <Size>
                        <AbsDimension x="40" y="18" />
                </Size>
                <Anchors>
                    <Anchor point="TOPLEFT" relativeTo="$parent_WriteButton" relativePoint="TOPRIGHT">
                           <Offset>
                                   <AbsDimension x="15" y="0" />
                           </Offset>
                    </Anchor>
                </Anchors>
                <Scripts>
                    <OnClick> autoInvite:loadSaveFrameDelButton_OnClick(self); </OnClick>
                    <OnEnter>
                        autoInvite:displayTooltip(self,AUTO_INVITE_DEL_DESC_HEADER, AUTO_INVITE_DEL_DESC_BODY);
                    </OnEnter>
                    <OnLeave>
                        autoInvite:hideTooltip(self);
                    </OnLeave>
                </Scripts>
            </Button>
        </Frames>

    </Button>


    <Frame name="AutoInvite_TooltipBackdropTemplate" hidden="false" frameStrata="BACKGROUND" virtual="true">
        <Backdrop bgFile="Interface\AddOns\DiscordLibrary\PlainBackdrop" edgeFile="Interface\Tooltips\UI-Tooltip-Border" tile="true">
            <EdgeSize>
                <AbsValue val="16"/>
            </EdgeSize>
            <TileSize>
                <AbsValue val="16"/>
            </TileSize>
            <BackgroundInsets>
                <AbsInset left="5" right="5" top="5" bottom="5"/>
            </BackgroundInsets>
        </Backdrop>
    </Frame>

    <EditBox name="AutoInviteEditBoxTemplate" letters="1000" autoFocus="false" inherits="InputBoxTemplate" virtual="true" frameStrata="HIGH">
        <Scripts>
            <!--OnEscapePressed>
                if (self.prevvalue) then
                   self:SetText(self.prevvalue);
                else
                   self:SetText("");
                end
                self:ClearFocus();
            </OnEscapePressed-->
        </Scripts>
        <Layers>
            <Layer level="ARTWORK">
                <FontString name="$parentLabel" inherits="GameFontNormal">
<!--                    <Color r="1.0" g="1.0" b="1.0"/> -->
                    <Anchors>
                        <Anchor point="BOTTOMLEFT" relativePoint="TOPLEFT">
                            <Offset><AbsDimension x="-2" y="0"/></Offset>
                        </Anchor>
                    </Anchors>
                </FontString>
            </Layer>
        </Layers>
    </EditBox>


    <ScrollFrame name="AutoInviteMultiLineEditboxTemplate" inherits="UIPanelScrollFrameTemplate" frameStrata="HIGH" virtual="true">
        <Size><AbsDimension x="337" y="310"/></Size>
        <Layers>
            <Layer level="ARTWORK">
                <FontString name="$parentLabel" inherits="GameFontNormal" text="">
                    <Anchors>
                        <Anchor point="BOTTOMLEFT" relativePoint="TOPLEFT">
                            <Offset>
                                <AbsDimension x="-2" y="10" />
                            </Offset>
                        </Anchor>
                    </Anchors>
                </FontString>
            </Layer>
        </Layers>
        <Frames>
            <Frame name="$parent_Background" inherits="AutoInvite_TooltipBackdropTemplate" frameStrata="MEDIUM">
                <Size><AbsDimension x="10" y="10"/></Size>
                <Anchors>
                    <Anchor point="TOPLEFT">
                        <Offset><AbsDimension x="-7" y="7"/></Offset>
                    </Anchor>
                    <Anchor point="BOTTOMRIGHT">
                        <Offset><AbsDimension x="28" y="-6"/></Offset>
                    </Anchor>
                </Anchors>
                <Layers>
                    <Layer level="OVERLAY">
                        <Texture>
                            <Size><AbsDimension x="2" y="200"/></Size>
                            <Color r=".4" g="0" b="0"/>
                            <Anchors>
                                <Anchor point="TOPRIGHT">
                                    <Offset><AbsDimension x="-24" y="-4"/></Offset>
                                </Anchor>
                                <Anchor point="BOTTOMRIGHT">
                                    <Offset><AbsDimension x="-22" y="4"/></Offset>
                                </Anchor>
                            </Anchors>
                        </Texture>
                        <Texture>
                            <Size><AbsDimension x="20" y="2"/></Size>
                            <Color r=".4" g="0" b="0"/>
                            <Anchors>
                                <Anchor point="TOPRIGHT">
                                    <Offset><AbsDimension x="-4" y="-23"/></Offset>
                                </Anchor>
                            </Anchors>
                        </Texture>
                        <Texture>
                            <Size><AbsDimension x="20" y="2"/></Size>
                            <Color r=".4" g="0" b="0"/>
                            <Anchors>
                                <Anchor point="BOTTOMRIGHT">
                                    <Offset><AbsDimension x="-4" y="23"/></Offset>
                                </Anchor>
                            </Anchors>
                        </Texture>
                    </Layer>
                </Layers>
                <Scripts>
                    <OnLoad>
                        self:SetBackdropColor(0, 0, 0);
                        self:SetBackdropBorderColor(1, 0, 0);
                    </OnLoad>
                </Scripts>
            </Frame>
            <Button name="$parent_FocusButton" frameStrata="HIGH">
                <Size><AbsDimension x="337" y="510"/></Size>
                <Anchors>
                    <Anchor point="TOPLEFT"/>
                    <Anchor point="BOTTOMRIGHT"/>
                </Anchors>
                <Scripts>
                    <OnLoad>
                        self:SetFrameLevel(self:GetParent():GetFrameLevel() + 1);
                    </OnLoad>
                    <OnClick>
                        _G[self:GetParent():GetName().."Text"]:SetFocus();
                        self:Hide();
                    </OnClick>
                </Scripts>
            </Button>
        </Frames>
        <ScrollChild>
            <EditBox name="$parentText" multiLine="true" letters="50000" autoFocus="false" enableMouse="true" frameStrata="HIGH">
                <Size><AbsDimension x="337" y="510"/></Size>
                <Scripts>
                    <OnLoad>
                        self:SetHeight(self:GetParent():GetHeight());
                        self:SetWidth(self:GetParent():GetWidth());
                    </OnLoad>
                    <OnTextChanged>
                        local scrollBar = _G[self:GetParent():GetName().."ScrollBar"]
                        self:GetParent():UpdateScrollChildRect();
                        local min, max = scrollBar:GetMinMaxValues();
                        if ( max > 0 and (self.max ~= max) ) then
                           self.max = max;
                           scrollBar:SetValue(max);
                        end
                        if (self:GetParent().textChanged) then
                           self:GetParent().textChanged();
                        end
                    </OnTextChanged>
                    <!--OnEscapePressed>
                        self:ClearFocus();
                        _G[self:GetParent():GetName().."_FocusButton"]:Show();
                    </OnEscapePressed-->
                    <OnHide>
                        _G[self:GetParent():GetName().."_FocusButton"]:Show();
                    </OnHide>
                </Scripts>
                <FontString inherits="GameFontNormal">
<!--                    <Color r="1" g="1" b="1"/>
                    <FontHeight>
                        <AbsValue val="12"/>
                    </FontHeight>-->
                </FontString>
            </EditBox>
        </ScrollChild>
    </ScrollFrame>
    
</Ui>