<Ui xmlns="http://www.blizzard.com/wow/ui/" xmlns:xsi="http://www.w3.org/2001/XMLSchema-instance" xsi:schemaLocation="http://www.blizzard.com/wow/ui/
..\FrameXML\UI.xsd">
	<CheckButton name="ExtraButtonTemplate" inherits="AlternateButtonTemplate" virtual="true">
		<Attributes>
			<Attribute name="saveentries" value="ExtraBar_ButtonEntries"/>
			<Attribute name="savesettings" value="ExtraBar_ButtonSettings"/>
		</Attributes>
	</CheckButton>
	<Frame name="ExtraBarTemplate" inherits="SecureHandlerBaseTemplate, SecureHandlerShowHideTemplate" toplevel="true" frameStrata="LOW" virtual="true" hidden="false">
		<Size>
			<AbsDimension x="68" y="68"/>
		</Size>
		<Layers>
			<Layer level="ARTWORK">
				<FontString name="$parentNumber" inherits="GameFontGreenSmall" justifyH="LEFT" justifyV="TOP">
					<Anchors>
						<Anchor point="TOPLEFT">
							<Offset>
								<AbsDimension x="0" y="0"/>
							</Offset>
						</Anchor>
					</Anchors>
				</FontString>
				<FontString name="$parentConfigNumber" inherits="GameFontGreenSmall" justifyH="LEFT" justifyV="TOP">
					<Anchors>
						<Anchor point="TOPLEFT">
							<Offset>
								<AbsDimension x="0" y="0"/>
							</Offset>
						</Anchor>
					</Anchors>
				</FontString>
			</Layer>
		</Layers>
		<Frames>
			<CheckButton name="$parentButton1" inherits="ExtraButtonTemplate" id="0">
				<Anchors>
					<Anchor point="TOPLEFT" relativeTo="$parent" relativePoint="TOPLEFT">
						<Offset>
							<AbsDimension x="16" y="-16"/>
						</Offset>
					</Anchor>
				</Anchors>
			</CheckButton>
			<CheckButton name="$parentButton2" inherits="ExtraButtonTemplate" id="0">
				<Anchors>
					<Anchor point="LEFT" relativeTo="$parentButton1" relativePoint="RIGHT">
						<Offset>
							<AbsDimension x="6" y="0"/>
						</Offset>
					</Anchor>
				</Anchors>
			</CheckButton>
			<CheckButton name="$parentButton3" inherits="ExtraButtonTemplate" id="0">
				<Anchors>
					<Anchor point="LEFT" relativeTo="$parentButton2" relativePoint="RIGHT">
						<Offset>
							<AbsDimension x="6" y="0"/>
						</Offset>
					</Anchor>
				</Anchors>
			</CheckButton>
			<CheckButton name="$parentButton4" inherits="ExtraButtonTemplate" id="0">
				<Anchors>
					<Anchor point="LEFT" relativeTo="$parentButton3" relativePoint="RIGHT">
						<Offset>
							<AbsDimension x="6" y="0"/>
						</Offset>
					</Anchor>
				</Anchors>
			</CheckButton>
			<CheckButton name="$parentButton5" inherits="ExtraButtonTemplate" id="0">
				<Anchors>
					<Anchor point="LEFT" relativeTo="$parentButton4" relativePoint="RIGHT">
						<Offset>
							<AbsDimension x="6" y="0"/>
						</Offset>
					</Anchor>
				</Anchors>
			</CheckButton>
			<CheckButton name="$parentButton6" inherits="ExtraButtonTemplate" id="0">
				<Anchors>
					<Anchor point="LEFT" relativeTo="$parentButton5" relativePoint="RIGHT">
						<Offset>
							<AbsDimension x="6" y="0"/>
						</Offset>
					</Anchor>
				</Anchors>
			</CheckButton>
			<CheckButton name="$parentButton7" inherits="ExtraButtonTemplate" id="0">
				<Anchors>
					<Anchor point="LEFT" relativeTo="$parentButton6" relativePoint="RIGHT">
						<Offset>
							<AbsDimension x="6" y="0"/>
						</Offset>
					</Anchor>
				</Anchors>
			</CheckButton>
			<CheckButton name="$parentButton8" inherits="ExtraButtonTemplate" id="0">
				<Anchors>
					<Anchor point="LEFT" relativeTo="$parentButton7" relativePoint="RIGHT">
						<Offset>
							<AbsDimension x="6" y="0"/>
						</Offset>
					</Anchor>
				</Anchors>
			</CheckButton>
			<CheckButton name="$parentButton9" inherits="ExtraButtonTemplate" id="0">
				<Anchors>
					<Anchor point="LEFT" relativeTo="$parentButton8" relativePoint="RIGHT">
						<Offset>
							<AbsDimension x="6" y="0"/>
						</Offset>
					</Anchor>
				</Anchors>
			</CheckButton>
			<CheckButton name="$parentButton10" inherits="ExtraButtonTemplate" id="0">
				<Anchors>
					<Anchor point="LEFT" relativeTo="$parentButton9" relativePoint="RIGHT">
						<Offset>
							<AbsDimension x="6" y="0"/>
						</Offset>
					</Anchor>
				</Anchors>
			</CheckButton>
			<CheckButton name="$parentButton11" inherits="ExtraButtonTemplate" id="0">
				<Anchors>
					<Anchor point="LEFT" relativeTo="$parentButton10" relativePoint="RIGHT">
						<Offset>
							<AbsDimension x="6" y="0"/>
						</Offset>
					</Anchor>
				</Anchors>
			</CheckButton>
			<CheckButton name="$parentButton12" inherits="ExtraButtonTemplate" id="0">
				<Anchors>
					<Anchor point="LEFT" relativeTo="$parentButton11" relativePoint="RIGHT">
						<Offset>
							<AbsDimension x="6" y="0"/>
						</Offset>
					</Anchor>
				</Anchors>
			</CheckButton>
		</Frames>
	</Frame>
	<Frame name="ExtraBar1" inherits="ExtraBarTemplate" parent="UIParent">
		<Anchors>
			<Anchor point="BOTTOMRIGHT" relativePoint="BOTTOMRIGHT">
				<Offset>
					<AbsDimension x="-620" y="90"/>
				</Offset>
			</Anchor>
		</Anchors>
	</Frame>
		<Frame name="ExtraBar2" inherits="ExtraBarTemplate" parent="UIParent">
		<Anchors>
			<Anchor point="BOTTOMRIGHT" relativePoint="BOTTOMRIGHT">
				<Offset>
					<AbsDimension x="-620" y="160"/>
				</Offset>
			</Anchor>
		</Anchors>
	</Frame>
		<Frame name="ExtraBar3" inherits="ExtraBarTemplate" parent="UIParent">
		<Anchors>
			<Anchor point="BOTTOMRIGHT" relativePoint="BOTTOMRIGHT">
				<Offset>
					<AbsDimension x="-620" y="230"/>
				</Offset>
			</Anchor>
		</Anchors>
	</Frame>
		<Frame name="ExtraBar4" inherits="ExtraBarTemplate" parent="UIParent">
		<Anchors>
			<Anchor point="BOTTOMRIGHT" relativePoint="BOTTOMRIGHT">
				<Offset>
					<AbsDimension x="-620" y="300"/>
				</Offset>
			</Anchor>
		</Anchors>
	</Frame>
</Ui>
