﻿<Ui xmlns="http://www.blizzard.com/wow/ui/">
	<Script file="Others.lua"/>
	<Script file="Achievement.lua"/>
	<Script file="AlertFrames.lua"/>
	<Script file="Archeology.lua"/>
	<Script file="Auction.lua"/>
	<Script file="BarberShop.lua"/>
	<Script file="Binding.lua"/>
	<Script file="BlackMarket.lua"/>
	<Script file="BonusRoll.lua"/>
	<Script file="Bubbles.lua"/>
	<Script file="Calendar.lua"/>
	<Script file="Character.lua"/>
	<Script file="ChatConfig.lua"/>
	<Script file="Container.lua"/>
	<Script file="DebugTools.lua"/>
	<Script file="DressUp.lua"/>
	<Script file="FrameStack.lua"/>
	<Script file="Friends.lua"/>
	<Script file="Glyph.lua"/>
	<Script file="GMSurvey.lua"/>
	<Script file="Gossip.lua"/>
	<Script file="Greeting.lua"/>
	<Script file="Guild.lua"/>
	<Script file="GuildBank.lua"/>
	<Script file="GuildControl.lua"/>
	<Script file="GuildRegistrar.lua"/>
	<Script file="Help.lua"/>
	<Script file="Inspect.lua"/>
	<Script file="Interface.lua"/>
	<Script file="ItemAlteration.lua"/>
	<Script file="ItemSocketing.lua"/>
	<Script file="ItemText.lua"/>
	<Script file="ItemUpgrade.lua"/>
	<Script file="Journal.lua"/>
	<Script file="LFG.lua"/>
	<Script file="LFR.lua"/>
	<Script file="Loot.lua"/>
	<Script file="LossOfControl.lua"/>
	<Script file="MacClient.lua"/>
	<Script file="Macro.lua"/>
	<Script file="Mail.lua"/>
	<Script file="Merchant.lua"/>
	<Script file="MinimapButtons.lua"/>
	<Script file="MissingLoot.lua"/>
	<Script file="Options.lua"/>
	<Script file="Petition.lua"/>
	<Script file="PetJournal.lua"/>
	<Script file="PetStable.lua"/>
	<Script file="ProductChoice.lua"/>
	<Script file="PvE.lua"/>
	<Script file="PvP.lua"/>
	<Script file="Quest.lua"/>
	<Script file="QuestLog.lua"/>
	<Script file="Raid.lua"/>
	<Script file="RaidInfo.lua"/>
	<Script file="Reforging.lua"/>
	<Script file="SpellBook.lua"/>
	<Script file="Tabard.lua"/>
	<Script file="Talent.lua"/>
	<Script file="Taxi.lua"/>
	<Script file="TimeManager.lua"/>
	<Script file="Trade.lua"/>
	<Script file="TradeSkill.lua"/>
	<Script file="Trainer.lua"/>
	<Script file="Tutorial.lua"/>
	<Script file="VoidStorage.lua"/>
	<Script file="WorldMap.lua"/>
	<Script file="WorldState.lua"/>
</Ui>