<Ui>
	<Button name="TradeSkillDW_ItemButtonTemplate" inherits="QuestItemTemplate" virtual="true">
		<Scripts>
			<OnEnter>
				TradeSkillDW_QueueItemButtonEnter(self, self:GetID());
			</OnEnter>
			<OnLeave>
				GameTooltip:Hide();
				ResetCursor();
			</OnLeave>
			<OnUpdate>
				CursorOnUpdate(self, elapsed);
			</OnUpdate>
			<OnClick>
				TradeSkillDW_QueueReagentClick(self:GetID());
			</OnClick>
		</Scripts>
	</Button>

	<Frame name="TradeSkillDW_QueueTemplate" inherits="ButtonFrameTemplate" hidden="true" toplevel="false " parent="UIParent" enableMouse="true" virtual="true">
		<Frames>
			<ScrollFrame name="$parentDetailScrollFrame" inherits="UIPanelScrollFrameTemplate">
				<Size>
					<AbsDimension x="297" y="177"/>
				</Size>
				<Anchors>
					<Anchor point="BOTTOMLEFT">
						<Offset>
							<AbsDimension x="7" y="30"/>
						</Offset>
					</Anchor>
				</Anchors>
				<Layers>
					<Layer level="BACKGROUND">
						<Texture name="$parentTop" urgency="5" file="Interface\ClassTrainerFrame\UI-ClassTrainer-ScrollBar">
							<Size>
								<AbsDimension x="30" y="123"/>
							</Size>
							<Anchors>
								<Anchor point="TOPLEFT" relativePoint="TOPRIGHT">
									<Offset>
										<AbsDimension x="-2" y="5"/>
									</Offset>
								</Anchor>
							</Anchors>
							<TexCoords left="0" right="0.46875" top="0" bottom="0.9609375"/>
						</Texture>
						<Texture name="$parentBottom" urgency="5" file="Interface\ClassTrainerFrame\UI-ClassTrainer-ScrollBar">
							<Size>
								<AbsDimension x="30" y="123"/>
							</Size>
							<Anchors>
								<Anchor point="BOTTOMLEFT" relativePoint="BOTTOMRIGHT">
									<Offset>
										<AbsDimension x="-2" y="-1"/>
									</Offset>
								</Anchor>
							</Anchors>
							<TexCoords left="0.53125" right="1.0" top="0.03125" bottom="1.0"/>
						</Texture>
					</Layer>
				</Layers>
				<Scripts>
					<OnLoad>
						ScrollFrame_OnLoad(self);
						self.scrollBarHideable = 1;
					</OnLoad>
				</Scripts>
				<ScrollChild>
					<Frame name="$parentChildFrame">
						<Size>
							<AbsDimension x="297" y="150"/>
						</Size>
						<Layers>
							<Layer level="BACKGROUND">
								<FontString name="$parentName" inherits="GameFontNormal" text="Skill Name" justifyH="LEFT">
									<Size>
										<AbsDimension x="244" y="0"/>
									</Size>
									<Anchors>
										<Anchor point="TOPLEFT">
											<Offset>
												<AbsDimension x="50" y="-5"/>
											</Offset>
										</Anchor>
									</Anchors>
								</FontString>
								<FontString name="$parentRequirementLabel" inherits="GameFontHighlightSmall" text="REQUIRES_LABEL">
									<Anchors>
										<Anchor point="TOPLEFT" relativeTo="$parentName" relativePoint="BOTTOMLEFT">
											<Offset>
												<AbsDimension x="0" y="0"/>
											</Offset>
										</Anchor>
									</Anchors>
								</FontString>
								<FontString name="$parentRequirementText" inherits="GameFontHighlightSmall" justifyV="TOP" justifyH="LEFT">
									<Size>
										<AbsDimension x="180" y="0"/>
									</Size>
									<Anchors>
										<Anchor point="TOPLEFT" relativeTo="$parentRequirementLabel" relativePoint="TOPRIGHT" >
											<Offset>
												<AbsDimension x="4" y="0"/>
											</Offset>
										</Anchor>
									</Anchors>
								</FontString>
								<FontString name="$parentCooldown" inherits="GameFontRedSmall">
									<Anchors>
										<Anchor point="TOPLEFT" relativeTo="$parentRequirementLabel" relativePoint="BOTTOMLEFT">
											<Offset>
												<AbsDimension x="0" y="0"/>
											</Offset>
										</Anchor>
									</Anchors>
								</FontString>
								<Texture name="$parentHeaderLeft" urgency="5" file="Interface\ClassTrainerFrame\UI-ClassTrainer-DetailHeaderLeft">
									<Size>
										<AbsDimension x="256" y="64"/>
									</Size>
									<Anchors>
										<Anchor point="TOPLEFT">
											<Offset>
												<AbsDimension x="0" y="3"/>
											</Offset>
										</Anchor>
									</Anchors>
								</Texture>
								<Texture urgency="5" file="Interface\ClassTrainerFrame\UI-ClassTrainer-DetailHeaderRight">
									<Size>
										<AbsDimension x="64" y="64"/>
									</Size>
									<Anchors>
										<Anchor point="TOPLEFT" relativeTo="$parentHeaderLeft" relativePoint="TOPRIGHT">
											<Offset>
												<AbsDimension x="0" y="0"/>
											</Offset>
										</Anchor>
									</Anchors>
								</Texture>
								<FontString name="$parentDescription" inherits="GameFontHighlightSmall" justifyH="LEFT">
									<Size>
										<AbsDimension x="290" y="0"/>
									</Size>
									<Anchors>
										<Anchor point="TOPLEFT">
											<Offset>
												<AbsDimension x="5" y="-50"/>
											</Offset>
										</Anchor>
									</Anchors>
								</FontString>
								<FontString name="$parentReagentLabel" inherits="GameFontNormalSmall" text="SPELL_REAGENTS">
									<Anchors>
										<Anchor point="TOPLEFT" relativeTo="$parentDescription" relativePoint="BOTTOMLEFT">
											<Offset>
												<AbsDimension x="0" y="-10"/>
											</Offset>
										</Anchor>
									</Anchors>
								</FontString>
							</Layer>
						</Layers>
						<Frames>
							<Button name="$parentIcon">
								<Size>
									<AbsDimension x="37" y="37"/>
								</Size>
								<Anchors>
									<Anchor point="TOPLEFT">
										<Offset>
											<AbsDimension x="8" y="-3"/>
										</Offset>
									</Anchor>
								</Anchors>
								<Layers>
									<Layer level="ARTWORK">
										<FontString name="$parentCount" inherits="NumberFontNormal" justifyH="RIGHT" hidden="false" parentKey="countText">
											<Anchors>
												<Anchor point="BOTTOMRIGHT">
													<Offset>
														<AbsDimension x="-5" y="2"/>
													</Offset>
												</Anchor>
											</Anchors>
										</FontString>
									</Layer>
								</Layers>
								<Scripts>
									<OnLoad>
										self.hasItem = 1;
									</OnLoad>
									<OnEnter function="TradeSkillDW_QueueButtonEnter"/>
									<OnLeave function="GameTooltip_HideResetCursor"/>
									<OnUpdate>
										if ( GameTooltip:IsOwned(self) ) then
											TradeSkillDW_QueueButtonEnter(self);
										end
										CursorOnUpdate(self);
									</OnUpdate>
								</Scripts>
							</Button>
							<Button name="$parentReagent1" inherits="TradeSkillDW_ItemButtonTemplate" id="1">
								<Anchors>
									<Anchor point="TOPLEFT" relativeTo="$parentReagentLabel" relativePoint="BOTTOMLEFT">
										<Offset>
											<AbsDimension x="-2" y="-3"/>
										</Offset>
									</Anchor>
								</Anchors>
							</Button>
							<Button name="$parentReagent2" inherits="TradeSkillDW_ItemButtonTemplate" id="2">
								<Anchors>
									<Anchor point="LEFT" relativeTo="$parentReagent1" relativePoint="RIGHT">
										<Offset>
											<AbsDimension x="0" y="0"/>
										</Offset>
									</Anchor>
								</Anchors>
							</Button>
							<Button name="$parentReagent3" inherits="TradeSkillDW_ItemButtonTemplate" id="3">
								<Anchors>
									<Anchor point="TOPLEFT" relativeTo="$parentReagent1" relativePoint="BOTTOMLEFT">
										<Offset>
											<AbsDimension x="0" y="-2"/>
										</Offset>
									</Anchor>
								</Anchors>
							</Button>
							<Button name="$parentReagent4" inherits="TradeSkillDW_ItemButtonTemplate" id="4">
								<Anchors>
									<Anchor point="LEFT" relativeTo="$parentReagent3" relativePoint="RIGHT">
										<Offset>
											<AbsDimension x="0" y="0"/>
										</Offset>
									</Anchor>
								</Anchors>
							</Button>
							<Button name="$parentReagent5" inherits="TradeSkillDW_ItemButtonTemplate" id="5">
								<Anchors>
									<Anchor point="TOPLEFT" relativeTo="$parentReagent3" relativePoint="BOTTOMLEFT">
										<Offset>
											<AbsDimension x="0" y="-2"/>
										</Offset>
									</Anchor>
								</Anchors>
							</Button>
							<Button name="$parentReagent6" inherits="TradeSkillDW_ItemButtonTemplate" id="6">
								<Anchors>
									<Anchor point="LEFT" relativeTo="$parentReagent5" relativePoint="RIGHT">
										<Offset>
											<AbsDimension x="0" y="0"/>
										</Offset>
									</Anchor>
								</Anchors>
							</Button>
							<Button name="$parentReagent7" inherits="TradeSkillDW_ItemButtonTemplate" id="7">
								<Anchors>
									<Anchor point="TOPLEFT" relativeTo="$parentReagent6" relativePoint="BOTTOMLEFT">
										<Offset>
											<AbsDimension x="0" y="-2"/>
										</Offset>
									</Anchor>
								</Anchors>
							</Button>
							<Button name="$parentReagent8" inherits="TradeSkillDW_ItemButtonTemplate" id="8">
								<Anchors>
									<Anchor point="LEFT" relativeTo="$parentReagent7" relativePoint="RIGHT">
										<Offset>
											<AbsDimension x="0" y="0"/>
										</Offset>
									</Anchor>
								</Anchors>
							</Button>
						</Frames>
					</Frame>
				</ScrollChild>
			</ScrollFrame>

			<Frame name="$parentHighlightFrame" hidden="true">
				<Size>
					<AbsDimension x="293" y="16"/>
				</Size>
				<Anchors>
					<Anchor point="TOPLEFT"/>
				</Anchors>
				<Layers>
					<Layer level="ARTWORK">
						<Texture name="$parentHighlight" urgency="5" file="Interface\Buttons\UI-Listbox-Highlight2"/>
					</Layer>
				</Layers>
			</Frame>
			<ScrollFrame name="$parentScrollFrame" inherits="FauxScrollFrameTemplate">
				<Anchors>
					<Anchor point="TOPLEFT" relativeTo="$parent" relativePoint="TOPLEFT">
						<Offset>
							<AbsDimension x="5" y="-66"/>
						</Offset>
					</Anchor>
					<Anchor point="BOTTOMRIGHT" relativeTo="$parentDetailScrollFrame" relativePoint="TOPRIGHT">
						<Offset>
							<AbsDimension x="0" y="12"/>
						</Offset>
					</Anchor>
				</Anchors>
				<Scripts>
					<OnVerticalScroll>
						TradeSkillDWQueue_VerticalScroll(self, offset)
					</OnVerticalScroll>
					<!--OnShow>
						TradeSkillDWQueue_OnShow(self)
					</OnShow-->
				</Scripts>
			</ScrollFrame>

			<Button name="$parentDo" inherits="MagicButtonTemplate" text="Do" parentKey="DoButton">
				<Size>
					<AbsDimension x="80" y="22"/>
				</Size>
				<Anchors>
					<Anchor point="BOTTOMLEFT"/>
				</Anchors>
				<Scripts>
					<OnClick>
						TradeSkillDWQueue_DoClick(self)
					</OnClick>
				</Scripts>
			</Button>
			<Button name="$parentUp" inherits="MagicButtonTemplate" text="Up" parentKey="UpButton">
				<Size>
					<AbsDimension x="60" y="22"/>
				</Size>
				<Anchors>
					<Anchor point="LEFT" relativeTo="$parentDo" relativePoint="RIGHT">
						<Offset>
							<AbsDimension x="10" y="0"/>
						</Offset>
					</Anchor>
				</Anchors>
				<Scripts>
					<OnClick function="TradeSkillDWQueue_UpClick"/>
				</Scripts>
			</Button>
			<Button name="$parentDown" inherits="MagicButtonTemplate" text="Down" parentKey="DownButton">
				<Size>
					<AbsDimension x="60" y="22"/>
				</Size>
				<Anchors>
					<Anchor point="LEFT" relativeTo="$parentUp" relativePoint="RIGHT">
						<Offset>
							<AbsDimension x="0" y="0"/>
						</Offset>
					</Anchor>
				</Anchors>
				<Scripts>
					<OnClick function="TradeSkillDWQueue_DownClick"/>
				</Scripts>
			</Button>
			<Button name="$parentClear" inherits="MagicButtonTemplate" text="Clear" parentKey="ClearButton">
				<Size>
					<AbsDimension x="80" y="22"/>
				</Size>
				<Anchors>
					<Anchor point="BOTTOMRIGHT"/>
				</Anchors>
				<Scripts>
					<OnClick function="TradeSkillDWQueue_ClearClick"/>
				</Scripts>
			</Button>
		</Frames>
		<Layers>
			<Layer>
				<FontString name="$parentTitle" inherits="GameFontNormal" text="Queue">
					<Anchors>
						<Anchor point="TOP">
							<Offset x="0" y="-4"/>
						</Anchor>
					</Anchors>
					<Size x="0" y="0"/>
				</FontString>
			</Layer>
			<Layer level="OVERLAY">
				<Texture name="$parentHorizontalBarLeft" urgency="5" file="Interface\ClassTrainerFrame\UI-ClassTrainer-HorizontalBar">
					<Size>
						<AbsDimension x="256" y="16"/>
					</Size>
					<Anchors>
						<Anchor point="BOTTOMLEFT" relativeTo="$parentDetailScrollFrame" relativePoint="TOPLEFT">
							<Offset>
								<AbsDimension x="-2" y="-2"/>
							</Offset>
						</Anchor>
						<Anchor point="RIGHT">
							<Offset>
								<AbsDimension x="-80" y="0"/>
							</Offset>
						</Anchor>
					</Anchors>
					<TexCoords left="0" right="1.0" top="0" bottom="0.25"/>
				</Texture>
				<Texture urgency="5" file="Interface\ClassTrainerFrame\UI-ClassTrainer-HorizontalBar">
					<Size>
						<AbsDimension x="75" y="16"/>
					</Size>
					<Anchors>
						<Anchor point="LEFT" relativeTo="$parentHorizontalBarLeft" relativePoint="RIGHT">
							<Offset>
								<AbsDimension x="0" y="0"/>
							</Offset>
						</Anchor>
					</Anchors>
					<TexCoords left="0" right="0.29296875" top="0.25" bottom="0.5"/>
				</Texture>
			</Layer>
		</Layers>
	</Frame>
	
	<Button name="TradeSkillDW_QueueButtonTemplate" hidden="true" virtual="true">
		<Size>
			<AbsDimension x="293" y="16"/>
		</Size>
		<Scripts>
			<OnClick>
				TradeSkillDW_QueueButtonClick(self)
			</OnClick>
		</Scripts>
		<ButtonText name="$parentText">
			<Size x="270" y="13"/>
			<Anchors>
				<Anchor point="LEFT">
					<Offset>
						<AbsDimension x="3" y="1"/>
					</Offset>
				</Anchor>
			</Anchors>
		</ButtonText>
		<NormalFont style="GameFontNormalLeft"/>
		<HighlightFont style="GameFontHighlightLeft"/>
		<DisabledFont style="GameFontDisableLeft"/>
		<Frames>
			<Button name="$parentRemove">
				<Size>
					<AbsDimension x="14" y="14"/>
				</Size>
				<Anchors>
					<Anchor point="TOPRIGHT">
						<Offset>
							<AbsDimension x="-1" y="-1"/>
						</Offset>
					</Anchor>
				</Anchors>
				<Scripts>
					<OnClick>
						TradeSkillDWQueue_RemoveClick(self)
					</OnClick>
				</Scripts>
				<NormalTexture urgency="5" file="Interface\Buttons\UI-MinusButton-UP">
					<Size>
						<AbsDimension x="14" y="14"/>
					</Size>
					<Anchors>
						<Anchor point="LEFT">
							<Offset>
								<AbsDimension x="1" y="0"/>
							</Offset>
						</Anchor>
					</Anchors>
				</NormalTexture>
				<HighlightTexture name="$parentHighlight" file="Interface\Buttons\UI-PlusButton-Hilight" alphaMode="ADD">
					<Size>
						<AbsDimension x="14" y="14"/>
					</Size>
					<Anchors>
						<Anchor point="LEFT">
							<Offset>
								<AbsDimension x="1" y="0"/>
							</Offset>
						</Anchor>
					</Anchors>
				</HighlightTexture>
			</Button>
		</Frames>
		<Layers>
			<Layer level="OVERLAY">
				<FontString name="$parentCount" inherits="GameFontNormal">
					<Size x="0" y="13"/>
					<Anchors>
						<Anchor point="RIGHT" >
							<Offset x="-50" y="0"/>
						</Anchor>
					</Anchors>
				</FontString>
			</Layer>
			<Layer level="OVERLAY">
				<FontString name="$parentAvailCount" inherits="GameFontNormal">
					<Size x="0" y="13"/>
					<Anchors>
						<Anchor point="RIGHT" >
							<Offset x="-20" y="0"/>
						</Anchor>
					</Anchors>
				</FontString>
			</Layer>
		</Layers>
	</Button>
</Ui>