<Ui xmlns="http://www.blizzard.com/wow/ui" xmlns:xsi="http://www.w3.org/2001/XMLSchema-instance">
  <Frame name="OptiTaunt" parent="Minimap">
    <Size>
      <AbsDimension x="14" y="14" />
    </Size>
    <Anchors>
      <Anchor point="RIGHT" relativeTo="Minimap">
        <Offset>
          <AbsDimension x="0" y="0" />
        </Offset>
      </Anchor>
    </Anchors>
    <TitleRegion setAllPoints="true" />
    <Frames>
      <Button name="Minimapbutton" frameStrata="LOW">
        <Size>
          <AbsDimension x="14" y="14" />
        </Size>
        <Anchors>
          <Anchor point="TOPLEFT">
            <Offset>
              <AbsDimension x="0" y="0" />
            </Offset>
          </Anchor>
        </Anchors>
        <Scripts>
          <OnClick>AceLibrary("Dewdrop-2.0"):Open('OptiTaunt', 'children', function()
						AceLibrary("Dewdrop-2.0"):FeedAceOptionsTable(OptiTaunt.options)
					end);</OnClick>
        </Scripts>
        <NormalTexture file="Interface\Icons\Spell_Nature_Reincarnation" />
        <ButtonText name="$parentText">
          <FontHeight>
            <AbsValue val="14" />
          </FontHeight>
          <Color r="1" g="0" b="0" />
        </ButtonText>
        <NormalFont style="GameFontNormal" />
        <HighlightFont style="GameFontHighlight" />
        <DisabledFont style="GameFontDisable" />
        <PushedTextOffset x="0" y="0" />
      </Button>
    </Frames>
  </Frame>
</Ui>