<Ui xmlns="http://www.blizzard.com/wow/ui/" xmlns:xsi="http://www.w3.org/2001/XMLSchema-instance" xsi:schemaLocation="http://www.blizzard.com/wow/ui/
..\FrameXML\UI.xsd">
	<Script file="DB.lua"/>
	<Script file="UnitTracker.lua"/>
	<Frame name="StormEarthAndFireFrameTemplate" hidden="true" movable="true" virtual="true">
		<Size>
			<AbsDimension x="200" y="32"/>
		</Size>
		<Backdrop bgFile="Interface\Tooltips\UI-Tooltip-Background" edgeFile="Interface\Tooltips\UI-Tooltip-Border" tile="true">
			<EdgeSize>
				<AbsValue val="16"/>
			</EdgeSize>
			<TileSize>
				<AbsValue val="16"/>
			</TileSize>
			<BackgroundInsets>
				<AbsInset left="5" right="5" top="5" bottom="5"/>
			</BackgroundInsets>
		</Backdrop>
		<Layers>
			<Layer level="BACKGROUND" textureSubLevel="1">
				<Texture name="$parentIcon" parentKey="icon">
					<Size>
						<AbsDimension x="28" y="28"/>
					</Size>
					<Anchors>
						<Anchor point="LEFT">
							<Offset><AbsDimension x="2" y="0"/></Offset>
						</Anchor>
					</Anchors>
				</Texture>
			</Layer>
			<Layer level="OVERLAY">
				<FontString name="$parentLabel" justifyH="LEFT" justifyV="MIDDLE" inherits="GameFontNormalSmall" parentKey="label">
					<Anchors>
						<Anchor point="TOP"/>
						<Anchor point="BOTTOM">
							<Offset><AbsDimension x="0" y="10"/></Offset>
						</Anchor>
						<Anchor point="LEFT" relativeTo="$parentIcon" relativePoint="RIGHT">
							<Offset><AbsDimension x="5" y="0"/></Offset>
						</Anchor>
					</Anchors>
				</FontString>
				<Texture file="Interface\TargetingFrame\UI-RaidTargetingIcons" name="$parentRaidIcon" parentKey="raidIcon" hidden="true">
					<Size>
						<AbsDimension x="20" y="20"/>
					</Size>
					<Anchors>
						<Anchor point="RIGHT" relativeTo="$parent" relativePoint="LEFT">
							<Offset><AbsDimension x="-2" y="0"/></Offset>
						</Anchor>
					</Anchors>
				</Texture>
				<Texture name="$parentIconBorder" file="Interface\Buttons\UI-ActionButton-Border" hidden="true" alphaMode="ADD" parentKey="iconBorder">
					<Size>
						<AbsDimension x="48" y="48"/>
					</Size>
					<Anchors>
						<Anchor point="CENTER" relativeTo="$parentIcon" relativePoint="CENTER"/>
					</Anchors>
				</Texture>
			</Layer>
		</Layers>
		<Frames>
			<StatusBar name="$parentHealthBar" parentKey="healthBar" useParentLevel="true">
				<Size>
					<AbsDimension x="0" y="8"/>
				</Size>
				<Anchors>
					<Anchor point="RIGHT">
						<Offset>
							<AbsDimension x="-10" y="0"/>
						</Offset>
					</Anchor>
					<Anchor point="LEFT" relativeTo="$parentIcon" relativePoint="RIGHT">
						<Offset>
							<AbsDimension x="5" y="0"/>
						</Offset>
					</Anchor>
					<Anchor point="BOTTOM">
						<Offset>
							<AbsDimension x="0" y="6"/>
						</Offset>
					</Anchor>
				</Anchors>
				<BarTexture file="Interface\TargetingFrame\UI-StatusBar"/>
				<Layers>
					<Layer level="OVERLAY">
						<FontString name="$parentLabel" justifyH="CENTER" justifyV="MIDDLE" inherits="GameFontNormalSmall" parentKey="label">
							<Anchors>
								<Anchor point="TOPLEFT">
									<Offset>
										<AbsDimension x="0" y="5"/>
									</Offset>
								</Anchor>
								<Anchor point="BOTTOMRIGHT">
									<Offset>
										<AbsDimension x="0" y="-5"/>
									</Offset>
								</Anchor>
							</Anchors>
						</FontString>
					</Layer>
				</Layers>
				<Scripts>
					<OnLoad>
						local name, size, flags = self.label:GetFont()
						if size > 9 then
							self.label:SetFont(name, 9, flags)
						end
					</OnLoad>
				</Scripts>
			</StatusBar>
		</Frames>
		<Scripts>
			<OnLoad>
				self:SetParent(UIParent)
				function self:ResetBackdropColor()
					self:SetBackdropColor(TOOLTIP_DEFAULT_BACKGROUND_COLOR.r, TOOLTIP_DEFAULT_BACKGROUND_COLOR.g, TOOLTIP_DEFAULT_BACKGROUND_COLOR.b)
				end
				function self.raidIcon:SetDim(b)
					if b then
						self:SetVertexColor(0.5, 0.5, 0.5)
					else
						self:SetVertexColor(1.0, 1.0, 1.0)
					end
				end
			</OnLoad>
			<OnShow>
				self:SetBackdropBorderColor(TOOLTIP_DEFAULT_COLOR.r, TOOLTIP_DEFAULT_COLOR.g, TOOLTIP_DEFAULT_COLOR.b)
				self:ResetBackdropColor()
			</OnShow>
		</Scripts>
	</Frame>
	<Frame name="StormEarthAndFireAnchor" movable="true" clampedToScreen="true">
		<Size>
			<AbsDimension x="6" y="6"/>
		</Size>
		<Anchors>
			<Anchor point="CENTER"/>
		</Anchors>
		<Layers>
			<Layer level="ARTWORK">
				<Texture file="Interface\MINIMAP\OBJECTICONS">
					<Anchors>
						<Anchor point="TOPLEFT"/>
						<Anchor point="BOTTOMRIGHT"/>
					</Anchors>
					<TexCoords left="0.2734375" right="0.3515625" top="0.0234375" bottom="0.09765625"/>
				</Texture>
			</Layer>
		</Layers>
		<Scripts>
			<OnLoad>
				self:RegisterForDrag("LeftButton")
			</OnLoad>
			<OnDragStart>
				self:StartMoving()
			</OnDragStart>
			<OnDragStop>
				self:StopMovingOrSizing()
			</OnDragStop>
		</Scripts>
	</Frame>
	<Frame name="StormEarthAndFireFrame1" hidden="true" inherits="StormEarthAndFireFrameTemplate"/>
	<Frame name="StormEarthAndFireFrame2" hidden="true" inherits="StormEarthAndFireFrameTemplate"/>
	<Script file="Core.lua"/>
	<Script file="Config.lua"/>
</Ui>
