<Ui xmlns="http://www.blizzard.com/wow/ui/">
    <!--@no-lib-strip@-->
    <Script file="libs\LibStub\LibStub.lua"/>
    <Include file="libs\CallbackHandler-1.0\CallbackHandler-1.0.xml"/>
    <Include file="libs\LibStormEarthAndFire-1.0\LibStormEarthAndFire-1.0.xml"/>
    <Include file="libs\LibSharedMedia-3.0\lib.xml"/>
    <Include file="libs\AceGUI-3.0\AceGUI-3.0.xml"/>
    <Include file="libs\AceGUI-3.0-SharedMediaWidgets\widget.xml"/>
    <Include file="libs\AceConfig-3.0\AceConfig-3.0.xml"/>
    <Include file="libs\AceTimer-3.0\AceTimer-3.0.xml"/>
    <!--@end-no-lib-strip@-->
</Ui>
