<Ui xmlns="http://www.blizzard.com/wow/ui/" xmlns:xsi="http://www.w3.org/2001/XMLSchema-instance" xsi:schemaLocation="http://www.blizzard.com/wow/ui/..\..\FrameXML\UI.xsd">
	<Script file="HealerManaGer.lua"/>
	<Button name="HealerManaGerButtonTemplate" virtual="true">
		<Size>
			<AbsDimension x="50" y="20"/>
		</Size>
		<Layers>
			<Layer level="BACKGROUND">
				<Texture name="$parentBackground" file="Interface\AchievementFrame\UI-Achievement-Category-Background" parentKey="background">
					<Size x="170" y="32"/>
					<Anchors>
						<Anchor point="TOPLEFT"/>
						<Anchor point="TOPRIGHT"/>
					</Anchors>
					<TexCoords left="0" right="0.6640625" top="0" bottom="1"/>
				</Texture>
			</Layer>
			<Layer level="ARTWORK">
				<FontString name="$parentLabel" text="" inherits="GameFontNormalLeftBottom" wordwrap="false" parentKey="label">
					<Anchors>
						<Anchor point="CENTER">
							<Offset x="0" y="-2"/>
						</Anchor>

					</Anchors>					
				</FontString>
			</Layer>
		</Layers>
		<HighlightTexture file="Interface\AchievementFrame\UI-Achievement-Category-Highlight" alphaMode="ADD" parentKey="highlight">
			<Anchors>
				<Anchor point="TOPLEFT">
					<Offset x="0" y="0"/>
				</Anchor>
				<Anchor point="BOTTOMRIGHT">
					<Offset x="-1" y="-10"/>
				</Anchor>
			</Anchors>
			<TexCoords left="0" right="0.6640625" top="0" bottom="1"/>
		</HighlightTexture>
	</Button>
	<Button name="HealerManaGerMinimapButton" toplevel="true" parent="UIParent" inherits="HealerManaGerButtonTemplate" movable="true" enableMouse="true" frameStrata="MEDIUM" framelevel="3">
		<Size>
			<AbsDimension x="50" y="20"/>
		</Size>
		<Anchors>	
			<Anchor point="BOTTOMLEFT" relativePoint="BOTTOMLEFT">
				<Offset>
					<AbsDimension x="0" y="0"/>
				</Offset>
			</Anchor>
		</Anchors>
		<Frames>
			<Frame name="HealerManaGer_DropDownMenu" id="1">
			</Frame>
		</Frames>		
		<Scripts>
			<OnLoad>
				self:RegisterForDrag("LeftButton");
				self:RegisterForClicks("LeftButtonDown", "RightButtonDown");			
				HealerManaGerMinimapButton_OnLoad(self);
			</OnLoad>
			<OnDragStart>
				self:StartMoving();
			</OnDragStart>
			<OnDragStop>
				self:StopMovingOrSizing();
			</OnDragStop>
			<OnEnter>
				HealerManaGerMinimapButton_OnEnter(self);
			</OnEnter>
			<OnLeave>
				HealerManaGerMinimapButton_OnLeave(self);
			</OnLeave>
			<OnClick>
				HealerManaGerMinimapButton_OnClick(self, button);
			</OnClick>
		</Scripts>
	</Button>
	<Frame name="HealerManaGerFrame" toplevel="true" parent="UIParent" frameStrata="MEDIUM" hidden="true" resizable="true" enableMouse="true" clampedToScreen="true" movable="true">
		<Size>
			<AbsDimension x="300" y="40"/>
		</Size>
		<Anchors>	
			<Anchor point="CENTER" relativePoint="CENTER">
				<Offset>
					<AbsDimension x="0" y="0"/>
				</Offset>
			</Anchor>
		</Anchors>
		<Backdrop edgeFile="Interface\BUTTONS\WHITE8X8" bgFile="Interface\Buttons\White8x8" tile="true">
			<EdgeSize>
				<AbsValue val="2"/>
			</EdgeSize>
			<TileSize>
				<AbsValue val="8"/>
			</TileSize>
			<BackgroundInsets>
				<AbsInset left="1" right="1" top="1" bottom="1"/>
			</BackgroundInsets>
		</Backdrop>	
		<Scripts>
			<OnLoad>
				self:SetBackdropBorderColor(0,0,0,0.8);
				self:SetBackdropColor(0,0,0,0.8);
				self:RegisterForDrag("LeftButton");
				HealerManaGerFrame_OnLoad(self);
			</OnLoad>
			<OnDragStart>
				self:StartMoving();
			</OnDragStart>
			<OnDragStop>
				self:StopMovingOrSizing();
			</OnDragStop>
			<OnEvent>
				HealerManaGerFrame_OnEvent(self, event, ...);
			</OnEvent>
			<OnUpdate>
				HealerManaGerFrame_OnUpdate(self, elapsed);
			</OnUpdate>
		</Scripts>
	</Frame>
</Ui>
