<Ui xmlns="http://www.blizzard.com/wow/ui/"
    xmlns:xsi="http://www.w3.org/2001/XMLSchema-instance"
    xsi:schemaLocation="http://www.blizzard.com/wow/ui/..\FrameXML\UI.xsd">
    <Frame name="MrTargetRaidFrameTemplate" toplevel="true" frameStrata="MEDIUM" virtual="true" hidden="true">
        <Anchors>
            <Anchor point="TOPLEFT" relativeTo="CompactRaidFrameManager" relativePoint="TOPRIGHT" x="10" y="0"/>
        </Anchors>
        <Frames>
            <Button name="$parentSkullIcon" frameStrata="MEDIUM" parentKey="skullIcon" hidden="false">
                <Size x="18" y="16"/>
                <Anchors>
                    <Anchor point="TOPLEFT" relativeTo="$parent" relativePoint="TOPRIGHT" x="-15" y="4"/>
                </Anchors>
                <Layers>
                    <Layer level="ARTWORK">
                        <Texture name="$parentIcon" parentKey="icon" setAllPoints="true" file="Interface\TargetingFrame\UI-TargetingFrame-Skull"/>
                        <!-- <Texture name="$parentCross" parentKey="cross" setAllPoints="true" file="Spells\Target"/> -->
                    </Layer>
                </Layers>
            </Button>
            <Button name="$parentTargetIcon" frameStrata="LOW" parentKey="targetIcon" hidden="true">
                <Size x="30" y="30"/>
                <Anchors>
                    <Anchor point="TOPLEFT" relativeTo="$parent" relativePoint="TOPRIGHT" x="0" y="0"/>
                </Anchors>
                <Layers>
                    <Layer level="ARTWORK">
                        <Texture name="$parentIcon" parentKey="icon" setAllPoints="true" file="Interface\Minimap\Tracking\Target"/>
                    </Layer>
                </Layers>
            </Button>
            <Button name="$parentAssistIcon" frameStrata="MEDIUM" parentKey="assistIcon" hidden="true">
                <Size x="24" y="24"/>
                <Anchors>
                    <Anchor point="TOPLEFT" relativeTo="$parentTargetIcon" relativePoint="TOPLEFT" x="0" y="0"/>
                </Anchors>
                <Layers>
                    <Layer level="ARTWORK">
                        <Texture name="$parentIcon" parentKey="icon" setAllPoints="true" file="Interface\GroupFrame\UI-Group-LeaderIcon"/>
                    </Layer>
                </Layers>
            </Button>
            <Frame name="$parentBorderFrame" frameStrata="LOW" parentKey="borderFrame" setAllPoints="true">
                <Layers>
                    <Layer level="ARTWORK">
                        <Texture name="$parentTopLeft" file="Interface\RaidFrame\RaidBorder-UpperLeft">
                            <Size x="32" y="32"/>
                            <Anchors>
                                <Anchor point="TOPLEFT" x="-5" y="0"/>
                            </Anchors>
                        </Texture>
                        <Texture name="$parentTopRight" file="Interface\RaidFrame\RaidBorder-UpperRight">
                            <Size x="32" y="32"/>
                            <Anchors>
                                <Anchor point="TOPRIGHT"/>
                            </Anchors>
                        </Texture>
                        <Texture name="$parentBottomLeft" file="Interface\RaidFrame\RaidBorder-BottomLeft">
                            <Size x="32" y="32"/>
                            <Anchors>
                                <Anchor point="BOTTOMLEFT" x="-5" y="0"/>
                            </Anchors>
                        </Texture>
                        <Texture name="$parentBottomRight" file="Interface\RaidFrame\RaidBorder-BottomRight">
                            <Size x="32" y="32"/>
                            <Anchors>
                                <Anchor point="BOTTOMRIGHT"/>
                            </Anchors>
                        </Texture>
                        <Texture name="$parentTop" file="Interface\RaidFrame\RaidBorder-UpperMiddle" horizTile="true">
                            <Size x="0" y="16"/>
                            <Anchors>
                                <Anchor point="TOPLEFT" relativeTo="$parentTopLeft" relativePoint="TOPRIGHT" x="0" y="1"/>
                                <Anchor point="TOPRIGHT" relativeTo="$parentTopRight" relativePoint="TOPLEFT" x="0" y="1"/>
                            </Anchors>
                        </Texture>
                        <Texture name="$parentBottom" file="Interface\RaidFrame\RaidBorder-BottomMiddle" horizTile="true">
                            <Size x="0" y="16"/>
                            <Anchors>
                                <Anchor point="BOTTOMLEFT" relativeTo="$parentBottomLeft" relativePoint="BOTTOMRIGHT" x="0" y="-4"/>
                                <Anchor point="BOTTOMRIGHT" relativeTo="$parentBottomRight" relativePoint="BOTTOMLEFT" x="0" y="-4"/>
                            </Anchors>
                        </Texture>
                        <Texture name="$parentLeft" file="Interface\RaidFrame\RaidBorder-Left" vertTile="true">
                            <Size x="16" y="0"/>
                            <Anchors>
                                <Anchor point="TOPLEFT" relativeTo="$parentTopLeft" relativePoint="BOTTOMLEFT" x="-1" y="0"/>
                                <Anchor point="BOTTOMLEFT" relativeTo="$parentBottomLeft" relativePoint="TOPLEFT" x="-1" y="0"/>
                            </Anchors>
                        </Texture>
                        <Texture name="$parentRight" file="Interface\RaidFrame\RaidBorder-Right" vertTile="true">
                            <Size x="16" y="0"/>
                            <Anchors>
                                <Anchor point="TOPRIGHT" relativeTo="$parentTopRight" relativePoint="BOTTOMRIGHT" x="2" y="0"/>
                                <Anchor point="BOTTOMRIGHT" relativeTo="$parentBottomRight" relativePoint="TOPRIGHT" x="2" y="0"/>
                            </Anchors>
                        </Texture>
                    </Layer>
                </Layers>
            </Frame>
        </Frames>
        <Scripts>
            <OnDragStart> self:StartMoving(); </OnDragStart>
            <OnDragStop> self:StopMovingOrSizing(); </OnDragStop>
        </Scripts>
    </Frame>
</Ui>