<Ui xmlns="http://www.blizzard.com/wow/ui/" xmlns:xsi="http://www.w3.org/2001/XMLSchema-instance" xsi:schemaLocation="http://www.blizzard.com/wow/ui/
..\FrameXML\UI.xsd">

<Include file="Blackwing\locales.xml"/>
<Include file="Blackwing\modules.xml"/>

<Include file="Bastion\locales.xml"/>
<Include file="Bastion\modules.xml"/>

<Include file="Throne\locales.xml"/>
<Include file="Throne\modules.xml"/>

<Include file="Baradin\locales.xml"/>
<Include file="Baradin\modules.xml"/>

<Include file="Firelands\locales.xml"/>
<Include file="Firelands\modules.xml"/>

<Include file="DragonSoul\locales.xml"/>
<Include file="DragonSoul\modules.xml"/>

</Ui>

