<Ui xmlns="http://www.blizzard.com/wow/ui/" xmlns:xsi="http://www.w3.org/2001/XMLSchema-instance" xsi:schemaLocation="http://www.blizzard.com/wow/ui/
..\FrameXML\UI.xsd">
 	<Frame name="DCoords" movable="true" enableMouse="true" parent="UIParent"> 
    <!--<FrameSkin skinid="f15d4970-d66d-444e-bb2d-1ad102c87fed" frameid="f15d4971-d66d-444e-bb2d-1ad102c87fed" />-->
    <Size>
      <AbsDimension x="360" y="28" />
    </Size>
    <Anchors>
      <Anchor point="TOPLEFT" relativeTo="UIParent">
        <Offset>
          <AbsDimension x="0" y="0" />
        </Offset>
      </Anchor>
    </Anchors>
    <Backdrop bgFile="Interface\Buttons\UI-SliderBar-Background" edgeFile="Interface\Buttons\UI-SliderBar-Border" tile="true">
      <BackgroundInsets>
        <AbsInset left="3" right="3" top="6" bottom="6" />
      </BackgroundInsets>
      <TileSize>
        <AbsValue val="8" />
      </TileSize>
      <EdgeSize>
        <AbsValue val="8" />
      </EdgeSize>
    </Backdrop>
    <Frames>
      <Frame name="DCoordsLocationTextFrame">
        <!--<FrameSkin skinid="dcb143e1-a4ab-4e7c-b934-1efa40101d21" frameid="2d508885-59c2-4f83-ae10-27aaad48391b" />-->
        <Size>
          <AbsDimension x="360" y="21" />
        </Size>
        <Anchors>
          <Anchor point="TOPLEFT">
            <Offset>
              <AbsDimension x="3" y="-3" />
            </Offset>
          </Anchor>
        </Anchors>
        <Layers>
          <Layer level="OVERLAY">
            <FontString name="DCoordsLocationText" font="Fonts\FRIZQT__.TTF" text="DCoords created by Darcey.Lloyd@gmail.com - To update please visit www.curse.com">
              <Anchors>
                <Anchor point="TOPLEFT" />
                <Anchor point="BOTTOMRIGHT" />
              </Anchors>
              <FontHeight>
                <AbsValue val="11" />
              </FontHeight>
              
              <Color r="1" g="1" b="1" a="1" />
            </FontString>
          </Layer>
        </Layers>
        <Scripts>
          <OnMouseDown>
          		handleMouseDown(self, button);
          </OnMouseDown>
          <OnMouseUp>handleMouseUp(self, button)</OnMouseUp>
          <OnUpdateBak>--handleOnUpdate(self, elapsed);</OnUpdateBak>
          <OnEvent>handleOnEvent(self, event, ...);</OnEvent>
          
          	<OnLoad>handleOnLoad(self);</OnLoad>
        </Scripts>
      </Frame>
    </Frames>
  </Frame>
</Ui>