<Ui xmlns="http://www.blizzard.com/wow/ui/" xmlns:xsi="http://www.w3.org/2001/XMLSchema-instance" xsi:schemaLocation="http://www.blizzard.com/wow/ui/ ..\..\FrameXML\UI.xsd">
  <Frame name="DCoordsMenu" hidden="true" movable="true" enableMouse="true" parent="UIParent"> 
    <Size>
      <AbsDimension x="640" y="300" />
    </Size>
    <Anchors>
      <Anchor point="LEFT" relativeTo="UIParent">
        <Offset>
          <AbsDimension x="0" y="0" />
        </Offset>
      </Anchor>
    </Anchors>
    <TitleRegion setAllPoints="true" />
    <Backdrop bgFile="Interface\DialogFrame\UI-DialogBox-Background" edgeFile="Interface\DialogFrame\UI-DialogBox-Border" tile="true">
      <BackgroundInsets>
        <AbsInset left="11" right="12" top="12" bottom="11" />
      </BackgroundInsets>
      <TileSize>
        <AbsValue val="32" />
      </TileSize>
      <EdgeSize>
        <AbsValue val="32" />
      </EdgeSize>
    </Backdrop>

		<Frames>

    	<!-- ######################################################################## -->      
      <Button name="CloseButton" inherits="OptionsButtonTemplate" text="CLOSE MENU">
			<Anchors>
				<Anchor point="BOTTOMLEFT">
					<Offset>
						<AbsDimension x="15" y="16"/>
					</Offset>
				</Anchor>
			</Anchors>
			<Scripts>
				<OnClick> handleCloseButtonClick(); </OnClick>
			</Scripts>
			</Button>
      <!-- ######################################################################## -->


		</Frames>

  </Frame>
</Ui>