<Ui xsi:schemaLocation="http://www.blizzard.com/wow/ui/ ..\FrameXML\UI.xsd">
  <Script file="libs\LibStub\LibStub.lua"/>
  <Include file="libs\CallbackHandler-1.0\CallbackHandler-1.0.xml"/>
  <Include file="libs\AceAddon-3.0\AceAddon-3.0.xml"/>
  <Include file="libs\AceConsole-3.0\AceConsole-3.0.xml"/>
  <Include file="libs\AceGui-3.0\AceGui-3.0.xml"/>
  <Include file="libs\AceConfig-3.0\AceConfig-3.0.xml"/>
  <Include file="libs\AceDB-3.0\AceDB-3.0.xml"/>
  <Include file="libs\AceDBOptions-3.0\AceDBOptions-3.0.xml"/>
  <Include file="libs\AceEvent-3.0\AceEvent-3.0.xml"/>
  <Include file="libs\AceTimer-3.0\AceTimer-3.0.xml"/>
  <Include file="libs\AceLocale-3.0\AceLocale-3.0.xml"/>
  <Script file="libs\LibDataBroker-1.1\LibDataBroker-1.1.lua"/>
  <Script file="libs\LibQTip-1.0\LibQTip-1.0.lua"/>
  <Include file="libs\LibDBIcon-1.0\LibDBIcon-1.0.lua"/>
  <Include file="libs\LibSharedMedia-3.0\lib.xml"/>
  <Include file="libs\AceGUI-3.0-SharedMediaWidgets\widget.xml"/>
</Ui>
